mtllib materials.mtl
o Photo_pad_0
usemtl pad_small
v -5.241935 0.629032 2.096774
vt 0.500000 0.500000
vn 0.000000 1.000000 0.000000
v -4.071237 0.581952 2.096774
vt 0.583333 0.500000
vn 0.651867 -0.753685 -0.083834
v -4.081252 0.598971 1.943967
vt 0.582620 0.510877
vn 0.646915 -0.747256 -0.152019
f 1/1/1 2/2/2 3/3/3
v -5.241935 0.629032 2.096774
vt 0.500000 0.500000
vn 0.000000 1.000000 0.000000
v -4.081252 0.598971 1.943967
vt 0.582620 0.510877
vn 0.646915 -0.747256 -0.152019
v -4.111127 0.608956 1.793775
vt 0.580494 0.521568
vn 0.636742 -0.746500 -0.193125
f 4/4/4 5/5/5 6/6/6
v -5.241935 0.629032 2.096774
vt 0.500000 0.500000
vn 0.000000 1.000000 0.000000
v -4.111127 0.608956 1.793775
vt 0.580494 0.521568
vn 0.636742 -0.746500 -0.193125
v -4.160351 0.607781 1.648767
vt 0.576990 0.531890
vn 0.626335 -0.746478 -0.224668
f 7/7/7 8/8/8 9/9/9
v -5.241935 0.629032 2.096774
vt 0.500000 0.500000
vn 0.000000 1.000000 0.000000
v -4.160351 0.607781 1.648767
vt 0.576990 0.531890
vn 0.626335 -0.746478 -0.224668
v -4.228081 0.595930 1.511425
vt 0.572169 0.541667
vn 0.607585 -0.747926 -0.267296
f 10/10/10 11/11/11 12/12/12
v -5.241935 0.629032 2.096774
vt 0.500000 0.500000
vn 0.000000 1.000000 0.000000
v -4.228081 0.595930 1.511425
vt 0.572169 0.541667
vn 0.607585 -0.747926 -0.267296
v -4.313157 0.578303 1.384098
vt 0.566113 0.550730
vn 0.565913 -0.755901 -0.329177
f 13/13/13 14/14/14 15/15/15
v -5.241935 0.629032 2.096774
vt 0.500000 0.500000
vn 0.000000 1.000000 0.000000
v -4.313157 0.578303 1.384098
vt 0.566113 0.550730
vn 0.565913 -0.755901 -0.329177
v -4.414126 0.562183 1.268965
vt 0.558926 0.558926
vn 0.492777 -0.769158 -0.406898
f 16/16/16 17/17/17 18/18/18
v -5.241935 0.629032 2.096774
vt 0.500000 0.500000
vn 0.000000 1.000000 0.000000
v -4.414126 0.562183 1.268965
vt 0.558926 0.558926
vn 0.492777 -0.769158 -0.406898
v -4.529259 0.554234 1.167996
vt 0.550730 0.566113
vn 0.391504 -0.777907 -0.491513
f 19/19/19 20/20/20 21/21/21
v -5.241935 0.629032 2.096774
vt 0.500000 0.500000
vn 0.000000 1.000000 0.000000
v -4.529259 0.554234 1.167996
vt 0.550730 0.566113
vn 0.391504 -0.777907 -0.491513
v -4.656586 0.557740 1.082919
vt 0.541667 0.572169
vn 0.278443 -0.773861 -0.568867
f 22/22/22 23/23/23 24/24/24
v -5.241935 0.629032 2.096774
vt 0.500000 0.500000
vn 0.000000 1.000000 0.000000
v -4.656586 0.557740 1.082919
vt 0.541667 0.572169
vn 0.278443 -0.773861 -0.568867
v -4.793928 0.571253 1.015189
vt 0.531890 0.576990
vn 0.174151 -0.760980 -0.624965
f 25/25/25 26/26/26 27/27/27
v -5.241935 0.629032 2.096774
vt 0.500000 0.500000
vn 0.000000 1.000000 0.000000
v -4.793928 0.571253 1.015189
vt 0.531890 0.576990
vn 0.174151 -0.760980 -0.624965
v -4.938936 0.589188 0.965966
vt 0.521568 0.580494
vn 0.091911 -0.750175 -0.654820
f 28/28/28 29/29/29 30/30/30
v -5.241935 0.629032 2.096774
vt 0.500000 0.500000
vn 0.000000 1.000000 0.000000
v -4.938936 0.589188 0.965966
vt 0.521568 0.580494
vn 0.091911 -0.750175 -0.654820
v -5.089128 0.604132 0.936091
vt 0.510877 0.582620
vn 0.036057 -0.746579 -0.664319
f 31/31/31 32/32/32 33/33/33
v -5.241935 0.629032 2.096774
vt 0.500000 0.500000
vn 0.000000 1.000000 0.000000
v -5.089128 0.604132 0.936091
vt 0.510877 0.582620
vn 0.036057 -0.746579 -0.664319
v -5.241935 0.609909 0.926075
vt 0.500000 0.583333
vn 0.000000 -0.746554 -0.665325
f 34/34/34 35/35/35 36/36/36
v -5.241935 0.629032 2.096774
vt 0.500000 0.500000
vn 0.000000 1.000000 0.000000
v -5.241935 0.609909 0.926075
vt 0.500000 0.583333
vn 0.000000 -0.746554 -0.665325
v -5.394742 0.604132 0.936091
vt 0.489123 0.582620
vn -0.036057 -0.746579 -0.664319
f 37/37/37 38/38/38 39/39/39
v -5.241935 0.629032 2.096774
vt 0.500000 0.500000
vn 0.000000 1.000000 0.000000
v -5.394742 0.604132 0.936091
vt 0.489123 0.582620
vn -0.036057 -0.746579 -0.664319
v -5.544935 0.589188 0.965966
vt 0.478432 0.580494
vn -0.091912 -0.750175 -0.654820
f 40/40/40 41/41/41 42/42/42
v -5.241935 0.629032 2.096774
vt 0.500000 0.500000
vn 0.000000 1.000000 0.000000
v -5.544935 0.589188 0.965966
vt 0.478432 0.580494
vn -0.091912 -0.750175 -0.654820
v -5.689943 0.571253 1.015189
vt 0.468110 0.576990
vn -0.174151 -0.760980 -0.624965
f 43/43/43 44/44/44 45/45/45
v -5.241935 0.629032 2.096774
vt 0.500000 0.500000
vn 0.000000 1.000000 0.000000
v -5.689943 0.571253 1.015189
vt 0.468110 0.576990
vn -0.174151 -0.760980 -0.624965
v -5.827285 0.557740 1.082919
vt 0.458333 0.572169
vn -0.278443 -0.773861 -0.568867
f 46/46/46 47/47/47 48/48/48
v -5.241935 0.629032 2.096774
vt 0.500000 0.500000
vn 0.000000 1.000000 0.000000
v -5.827285 0.557740 1.082919
vt 0.458333 0.572169
vn -0.278443 -0.773861 -0.568867
v -5.954612 0.554234 1.167996
vt 0.449270 0.566113
vn -0.391504 -0.777907 -0.491514
f 49/49/49 50/50/50 51/51/51
v -5.241935 0.629032 2.096774
vt 0.500000 0.500000
vn 0.000000 1.000000 0.000000
v -5.954612 0.554234 1.167996
vt 0.449270 0.566113
vn -0.391504 -0.777907 -0.491514
v -6.069745 0.562183 1.268965
vt 0.441074 0.558926
vn -0.492778 -0.769158 -0.406898
f 52/52/52 53/53/53 54/54/54
v -5.241935 0.629032 2.096774
vt 0.500000 0.500000
vn 0.000000 1.000000 0.000000
v -6.069745 0.562183 1.268965
vt 0.441074 0.558926
vn -0.492778 -0.769158 -0.406898
v -6.170714 0.578303 1.384098
vt 0.433887 0.550730
vn -0.565913 -0.755900 -0.329177
f 55/55/55 56/56/56 57/57/57
v -5.241935 0.629032 2.096774
vt 0.500000 0.500000
vn 0.000000 1.000000 0.000000
v -6.170714 0.578303 1.384098
vt 0.433887 0.550730
vn -0.565913 -0.755900 -0.329177
v -6.255790 0.595930 1.511425
vt 0.427831 0.541667
vn -0.607581 -0.747929 -0.267295
f 58/58/58 59/59/59 60/60/60
v -5.241935 0.629032 2.096774
vt 0.500000 0.500000
vn 0.000000 1.000000 0.000000
v -6.255790 0.595930 1.511425
vt 0.427831 0.541667
vn -0.607581 -0.747929 -0.267295
v -6.323520 0.607781 1.648767
vt 0.423010 0.531890
vn -0.626342 -0.746470 -0.224672
f 61/61/61 62/62/62 63/63/63
v -5.241935 0.629032 2.096774
vt 0.500000 0.500000
vn 0.000000 1.000000 0.000000
v -6.323520 0.607781 1.648767
vt 0.423010 0.531890
vn -0.626342 -0.746470 -0.224672
v -6.372744 0.608956 1.793775
vt 0.419506 0.521568
vn -0.636737 -0.746504 -0.193123
f 64/64/64 65/65/65 66/66/66
v -5.241935 0.629032 2.096774
vt 0.500000 0.500000
vn 0.000000 1.000000 0.000000
v -6.372744 0.608956 1.793775
vt 0.419506 0.521568
vn -0.636737 -0.746504 -0.193123
v -6.402619 0.598971 1.943967
vt 0.417380 0.510877
vn -0.646920 -0.747252 -0.152018
f 67/67/67 68/68/68 69/69/69
v -5.241935 0.629032 2.096774
vt 0.500000 0.500000
vn 0.000000 1.000000 0.000000
v -6.402619 0.598971 1.943967
vt 0.417380 0.510877
vn -0.646920 -0.747252 -0.152018
v -6.412634 0.581952 2.096774
vt 0.416667 0.500000
vn -0.651857 -0.753694 -0.083834
f 70/70/70 71/71/71 72/72/72
v -5.241935 0.629032 2.096774
vt 0.500000 0.500000
vn 0.000000 1.000000 0.000000
v -6.412634 0.581952 2.096774
vt 0.416667 0.500000
vn -0.651857 -0.753694 -0.083834
v -6.402619 0.564933 2.249581
vt 0.417380 0.489123
vn -0.642066 -0.766480 0.016123
f 73/73/73 74/74/74 75/75/75
v -5.241935 0.629032 2.096774
vt 0.500000 0.500000
vn 0.000000 1.000000 0.000000
v -6.402619 0.564933 2.249581
vt 0.417380 0.489123
vn -0.642066 -0.766480 0.016123
v -6.372744 0.554948 2.399773
vt 0.419506 0.478432
vn -0.613425 -0.777060 0.141028
f 76/76/76 77/77/77 78/78/78
v -5.241935 0.629032 2.096774
vt 0.500000 0.500000
vn 0.000000 1.000000 0.000000
v -6.372744 0.554948 2.399773
vt 0.419506 0.478432
vn -0.613425 -0.777060 0.141028
v -6.323520 0.556123 2.544781
vt 0.423010 0.468110
vn -0.569543 -0.775688 0.271899
f 79/79/79 80/80/80 81/81/81
v -5.241935 0.629032 2.096774
vt 0.500000 0.500000
vn 0.000000 1.000000 0.000000
v -6.323520 0.556123 2.544781
vt 0.423010 0.468110
vn -0.569543 -0.775688 0.271899
v -6.255790 0.567973 2.682124
vt 0.427831 0.458333
vn -0.518564 -0.763717 0.384484
f 82/82/82 83/83/83 84/84/84
v -5.241935 0.629032 2.096774
vt 0.500000 0.500000
vn 0.000000 1.000000 0.000000
v -6.255790 0.567973 2.682124
vt 0.427831 0.458333
vn -0.518564 -0.763717 0.384484
v -6.170714 0.585601 2.809451
vt 0.433887 0.449270
vn -0.468502 -0.751780 0.464040
f 85/85/85 86/86/86 87/87/87
v -5.241935 0.629032 2.096774
vt 0.500000 0.500000
vn 0.000000 1.000000 0.000000
v -6.170714 0.585601 2.809451
vt 0.433887 0.449270
vn -0.468502 -0.751780 0.464040
v -6.069745 0.601721 2.924583
vt 0.441074 0.441074
vn -0.426573 -0.746817 0.510195
f 88/88/88 89/89/89 90/90/90
v -5.241935 0.629032 2.096774
vt 0.500000 0.500000
vn 0.000000 1.000000 0.000000
v -6.069745 0.601721 2.924583
vt 0.441074 0.441074
vn -0.426573 -0.746817 0.510195
v -5.954612 0.609670 3.025552
vt 0.449270 0.433887
vn -0.396275 -0.746540 0.534456
f 91/91/91 92/92/92 93/93/93
v -5.241935 0.629032 2.096774
vt 0.500000 0.500000
vn 0.000000 1.000000 0.000000
v -5.954612 0.609670 3.025552
vt 0.449270 0.433887
vn -0.396275 -0.746540 0.534456
v -5.827285 0.606163 3.110629
vt 0.458333 0.427831
vn -0.368343 -0.746480 0.554158
f 94/94/94 95/95/95 96/96/96
v -5.241935 0.629032 2.096774
vt 0.500000 0.500000
vn 0.000000 1.000000 0.000000
v -5.827285 0.606163 3.110629
vt 0.458333 0.427831
vn -0.368343 -0.746480 0.554158
v -5.689943 0.592651 3.178359
vt 0.468110 0.423010
vn -0.323134 -0.748904 0.578556
f 97/97/97 98/98/98 99/99/99
v -5.241935 0.629032 2.096774
vt 0.500000 0.500000
vn 0.000000 1.000000 0.000000
v -5.689943 0.592651 3.178359
vt 0.468110 0.423010
vn -0.323134 -0.748904 0.578556
v -5.544935 0.574716 3.227582
vt 0.478432 0.419506
vn -0.246109 -0.758340 0.603615
f 100/100/100 101/101/101 102/102/102
v -5.241935 0.629032 2.096774
vt 0.500000 0.500000
vn 0.000000 1.000000 0.000000
v -5.544935 0.574716 3.227582
vt 0.478432 0.419506
vn -0.246109 -0.758340 0.603615
v -5.394742 0.559772 3.257458
vt 0.489123 0.417380
vn -0.134801 -0.771654 0.621593
f 103/103/103 104/104/104 105/105/105
v -5.241935 0.629032 2.096774
vt 0.500000 0.500000
vn 0.000000 1.000000 0.000000
v -5.394742 0.559772 3.257458
vt 0.489123 0.417380
vn -0.134801 -0.771654 0.621593
v -5.241935 0.553995 3.267473
vt 0.500000 0.416667
vn 0.000000 -0.778190 0.628028
f 106/106/106 107/107/107 108/108/108
v -5.241935 0.629032 2.096774
vt 0.500000 0.500000
vn 0.000000 1.000000 0.000000
v -5.241935 0.553995 3.267473
vt 0.500000 0.416667
vn 0.000000 -0.778190 0.628028
v -5.089128 0.559772 3.257458
vt 0.510877 0.417380
vn 0.134801 -0.771654 0.621593
f 109/109/109 110/110/110 111/111/111
v -5.241935 0.629032 2.096774
vt 0.500000 0.500000
vn 0.000000 1.000000 0.000000
v -5.089128 0.559772 3.257458
vt 0.510877 0.417380
vn 0.134801 -0.771654 0.621593
v -4.938936 0.574716 3.227582
vt 0.521568 0.419506
vn 0.246109 -0.758341 0.603614
f 112/112/112 113/113/113 114/114/114
v -5.241935 0.629032 2.096774
vt 0.500000 0.500000
vn 0.000000 1.000000 0.000000
v -4.938936 0.574716 3.227582
vt 0.521568 0.419506
vn 0.246109 -0.758341 0.603614
v -4.793928 0.592651 3.178359
vt 0.531890 0.423010
vn 0.323135 -0.748904 0.578556
f 115/115/115 116/116/116 117/117/117
v -5.241935 0.629032 2.096774
vt 0.500000 0.500000
vn 0.000000 1.000000 0.000000
v -4.793928 0.592651 3.178359
vt 0.531890 0.423010
vn 0.323135 -0.748904 0.578556
v -4.656586 0.606163 3.110629
vt 0.541667 0.427831
vn 0.368343 -0.746479 0.554159
f 118/118/118 119/119/119 120/120/120
v -5.241935 0.629032 2.096774
vt 0.500000 0.500000
vn 0.000000 1.000000 0.000000
v -4.656586 0.606163 3.110629
vt 0.541667 0.427831
vn 0.368343 -0.746479 0.554159
v -4.529259 0.609670 3.025552
vt 0.550730 0.433887
vn 0.396275 -0.746541 0.534456
f 121/121/121 122/122/122 123/123/123
v -5.241935 0.629032 2.096774
vt 0.500000 0.500000
vn 0.000000 1.000000 0.000000
v -4.529259 0.609670 3.025552
vt 0.550730 0.433887
vn 0.396275 -0.746541 0.534456
v -4.414126 0.601721 2.924583
vt 0.558926 0.441074
vn 0.426572 -0.746817 0.510196
f 124/124/124 125/125/125 126/126/126
v -5.241935 0.629032 2.096774
vt 0.500000 0.500000
vn 0.000000 1.000000 0.000000
v -4.414126 0.601721 2.924583
vt 0.558926 0.441074
vn 0.426572 -0.746817 0.510196
v -4.313157 0.585601 2.809451
vt 0.566113 0.449270
vn 0.468501 -0.751780 0.464040
f 127/127/127 128/128/128 129/129/129
v -5.241935 0.629032 2.096774
vt 0.500000 0.500000
vn 0.000000 1.000000 0.000000
v -4.313157 0.585601 2.809451
vt 0.566113 0.449270
vn 0.468501 -0.751780 0.464040
v -4.228081 0.567973 2.682124
vt 0.572169 0.458333
vn 0.518568 -0.763713 0.384486
f 130/130/130 131/131/131 132/132/132
v -5.241935 0.629032 2.096774
vt 0.500000 0.500000
vn 0.000000 1.000000 0.000000
v -4.228081 0.567973 2.682124
vt 0.572169 0.458333
vn 0.518568 -0.763713 0.384486
v -4.160351 0.556123 2.544781
vt 0.576990 0.468110
vn 0.569535 -0.775695 0.271896
f 133/133/133 134/134/134 135/135/135
v -5.241935 0.629032 2.096774
vt 0.500000 0.500000
vn 0.000000 1.000000 0.000000
v -4.160351 0.556123 2.544781
vt 0.576990 0.468110
vn 0.569535 -0.775695 0.271896
v -4.111127 0.554948 2.399773
vt 0.580494 0.478432
vn 0.613429 -0.777056 0.141029
f 136/136/136 137/137/137 138/138/138
v -5.241935 0.629032 2.096774
vt 0.500000 0.500000
vn 0.000000 1.000000 0.000000
v -4.111127 0.554948 2.399773
vt 0.580494 0.478432
vn 0.613429 -0.777056 0.141029
v -4.081252 0.564933 2.249581
vt 0.582620 0.489123
vn 0.642062 -0.766484 0.016121
f 139/139/139 140/140/140 141/141/141
v -5.241935 0.629032 2.096774
vt 0.500000 0.500000
vn 0.000000 1.000000 0.000000
v -4.081252 0.564933 2.249581
vt 0.582620 0.489123
vn 0.642062 -0.766484 0.016121
v -4.071237 0.581952 2.096774
vt 0.583333 0.500000
vn 0.651867 -0.753685 -0.083834
f 142/142/142 143/143/143 144/144/144
v -4.071237 0.581952 2.096774
vt 0.583333 0.500000
vn 0.651867 -0.753685 -0.083834
v -4.081252 0.598971 1.943967
vt 0.582620 0.510877
vn 0.646915 -0.747256 -0.152019
v -2.920568 0.653363 1.791160
vt 0.665241 0.521754
vn 0.062340 -0.993356 -0.096730
f 145/145/145 146/146/146 147/147/147
v -4.071237 0.581952 2.096774
vt 0.583333 0.500000
vn 0.651867 -0.753685 -0.083834
v -2.920568 0.653363 1.791160
vt 0.665241 0.521754
vn 0.062340 -0.993356 -0.096730
v -2.900538 0.619325 2.096774
vt 0.666667 0.500000
vn 0.059895 -0.992072 -0.110477
f 148/148/148 149/149/149 150/150/150
v -4.081252 0.598971 1.943967
vt 0.582620 0.510877
vn 0.646915 -0.747256 -0.152019
v -4.111127 0.608956 1.793775
vt 0.580494 0.521568
vn 0.636742 -0.746500 -0.193125
v -2.980319 0.673334 1.490776
vt 0.660988 0.543137
vn 0.072894 -0.996123 -0.049244
f 151/151/151 152/152/152 153/153/153
v -4.081252 0.598971 1.943967
vt 0.582620 0.510877
vn 0.646915 -0.747256 -0.152019
v -2.980319 0.673334 1.490776
vt 0.660988 0.543137
vn 0.072894 -0.996123 -0.049244
v -2.920568 0.653363 1.791160
vt 0.665241 0.521754
vn 0.062340 -0.993356 -0.096730
f 154/154/154 155/155/155 156/156/156
v -4.111127 0.608956 1.793775
vt 0.580494 0.521568
vn 0.636742 -0.746500 -0.193125
v -4.160351 0.607781 1.648767
vt 0.576990 0.531890
vn 0.626335 -0.746478 -0.224668
v -3.078766 0.670983 1.200760
vt 0.653980 0.563781
vn 0.092102 -0.995719 0.007766
f 157/157/157 158/158/158 159/159/159
v -4.111127 0.608956 1.793775
vt 0.580494 0.521568
vn 0.636742 -0.746500 -0.193125
v -3.078766 0.670983 1.200760
vt 0.653980 0.563781
vn 0.092102 -0.995719 0.007766
v -2.980319 0.673334 1.490776
vt 0.660988 0.543137
vn 0.072894 -0.996123 -0.049244
f 160/160/160 161/161/161 162/162/162
v -4.160351 0.607781 1.648767
vt 0.576990 0.531890
vn 0.626335 -0.746478 -0.224668
v -4.228081 0.595930 1.511425
vt 0.572169 0.541667
vn 0.607585 -0.747926 -0.267296
v -3.214225 0.647282 0.926075
vt 0.644338 0.583333
vn 0.110067 -0.992811 0.047025
f 163/163/163 164/164/164 165/165/165
v -4.160351 0.607781 1.648767
vt 0.576990 0.531890
vn 0.626335 -0.746478 -0.224668
v -3.214225 0.647282 0.926075
vt 0.644338 0.583333
vn 0.110067 -0.992811 0.047025
v -3.078766 0.670983 1.200760
vt 0.653980 0.563781
vn 0.092102 -0.995719 0.007766
f 166/166/166 167/167/167 168/168/168
v -4.228081 0.595930 1.511425
vt 0.572169 0.541667
vn 0.607585 -0.747926 -0.267296
v -4.313157 0.578303 1.384098
vt 0.566113 0.550730
vn 0.565913 -0.755901 -0.329177
v -3.384380 0.612027 0.671422
vt 0.632226 0.601460
vn 0.111764 -0.992356 0.052323
f 169/169/169 170/170/170 171/171/171
v -4.228081 0.595930 1.511425
vt 0.572169 0.541667
vn 0.607585 -0.747926 -0.267296
v -3.384380 0.612027 0.671422
vt 0.632226 0.601460
vn 0.111764 -0.992356 0.052323
v -3.214225 0.647282 0.926075
vt 0.644338 0.583333
vn 0.110067 -0.992811 0.047025
f 172/172/172 173/173/173 174/174/174
v -4.313157 0.578303 1.384098
vt 0.566113 0.550730
vn 0.565913 -0.755901 -0.329177
v -4.414126 0.562183 1.268965
vt 0.558926 0.558926
vn 0.492777 -0.769158 -0.406898
v -3.586317 0.579788 0.441156
vt 0.617851 0.617851
vn 0.086010 -0.995987 0.024762
f 175/175/175 176/176/176 177/177/177
v -4.313157 0.578303 1.384098
vt 0.566113 0.550730
vn 0.565913 -0.755901 -0.329177
v -3.586317 0.579788 0.441156
vt 0.617851 0.617851
vn 0.086010 -0.995987 0.024762
v -3.384380 0.612027 0.671422
vt 0.632226 0.601460
vn 0.111764 -0.992356 0.052323
f 178/178/178 179/179/179 180/180/180
v -4.414126 0.562183 1.268965
vt 0.558926 0.558926
vn 0.492777 -0.769158 -0.406898
v -4.529259 0.554234 1.167996
vt 0.550730 0.566113
vn 0.391504 -0.777907 -0.491513
v -3.816583 0.563889 0.239218
vt 0.601460 0.632226
vn 0.033820 -0.999222 -0.020269
f 181/181/181 182/182/182 183/183/183
v -4.414126 0.562183 1.268965
vt 0.558926 0.558926
vn 0.492777 -0.769158 -0.406898
v -3.816583 0.563889 0.239218
vt 0.601460 0.632226
vn 0.033820 -0.999222 -0.020269
v -3.586317 0.579788 0.441156
vt 0.617851 0.617851
vn 0.086010 -0.995987 0.024762
f 184/184/184 185/185/185 186/186/186
v -4.529259 0.554234 1.167996
vt 0.550730 0.566113
vn 0.391504 -0.777907 -0.491513
v -4.656586 0.557740 1.082919
vt 0.541667 0.572169
vn 0.278443 -0.773861 -0.568867
v -4.071237 0.570902 0.069064
vt 0.583333 0.644338
vn -0.028225 -0.997676 -0.062019
f 187/187/187 188/188/188 189/189/189
v -4.529259 0.554234 1.167996
vt 0.550730 0.566113
vn 0.391504 -0.777907 -0.491513
v -4.071237 0.570902 0.069064
vt 0.583333 0.644338
vn -0.028225 -0.997676 -0.062019
v -3.816583 0.563889 0.239218
vt 0.601460 0.632226
vn 0.033820 -0.999222 -0.020269
f 190/190/190 191/191/191 192/192/192
v -4.656586 0.557740 1.082919
vt 0.541667 0.572169
vn 0.278443 -0.773861 -0.568867
v -4.793928 0.571253 1.015189
vt 0.531890 0.576990
vn 0.174151 -0.760980 -0.624965
v -4.345921 0.597928 -0.066395
vt 0.563781 0.653980
vn -0.074904 -0.993465 -0.086115
f 193/193/193 194/194/194 195/195/195
v -4.656586 0.557740 1.082919
vt 0.541667 0.572169
vn 0.278443 -0.773861 -0.568867
v -4.345921 0.597928 -0.066395
vt 0.563781 0.653980
vn -0.074904 -0.993465 -0.086115
v -4.071237 0.570902 0.069064
vt 0.583333 0.644338
vn -0.028225 -0.997676 -0.062019
f 196/196/196 197/197/197 198/198/198
v -4.793928 0.571253 1.015189
vt 0.531890 0.576990
vn 0.174151 -0.760980 -0.624965
v -4.938936 0.589188 0.965966
vt 0.521568 0.580494
vn 0.091911 -0.750175 -0.654820
v -4.635937 0.633797 -0.164842
vt 0.543137 0.660988
vn -0.086002 -0.992093 -0.091408
f 199/199/199 200/200/200 201/201/201
v -4.793928 0.571253 1.015189
vt 0.531890 0.576990
vn 0.174151 -0.760980 -0.624965
v -4.635937 0.633797 -0.164842
vt 0.543137 0.660988
vn -0.086002 -0.992093 -0.091408
v -4.345921 0.597928 -0.066395
vt 0.563781 0.653980
vn -0.074904 -0.993465 -0.086115
f 202/202/202 203/203/203 204/204/204
v -4.938936 0.589188 0.965966
vt 0.521568 0.580494
vn 0.091911 -0.750175 -0.654820
v -5.089128 0.604132 0.936091
vt 0.510877 0.582620
vn 0.036057 -0.746579 -0.664319
v -4.936322 0.663685 -0.224593
vt 0.521754 0.665241
vn -0.056540 -0.994599 -0.087044
f 205/205/205 206/206/206 207/207/207
v -4.938936 0.589188 0.965966
vt 0.521568 0.580494
vn 0.091911 -0.750175 -0.654820
v -4.936322 0.663685 -0.224593
vt 0.521754 0.665241
vn -0.056540 -0.994599 -0.087044
v -4.635937 0.633797 -0.164842
vt 0.543137 0.660988
vn -0.086002 -0.992093 -0.091408
f 208/208/208 209/209/209 210/210/210
v -5.089128 0.604132 0.936091
vt 0.510877 0.582620
vn 0.036057 -0.746579 -0.664319
v -5.241935 0.609909 0.926075
vt 0.500000 0.583333
vn 0.000000 -0.746554 -0.665325
v -5.241935 0.675239 -0.244624
vt 0.500000 0.666667
vn 0.000000 -0.996466 -0.083998
f 211/211/211 212/212/212 213/213/213
v -5.089128 0.604132 0.936091
vt 0.510877 0.582620
vn 0.036057 -0.746579 -0.664319
v -5.241935 0.675239 -0.244624
vt 0.500000 0.666667
vn 0.000000 -0.996466 -0.083998
v -4.936322 0.663685 -0.224593
vt 0.521754 0.665241
vn -0.056540 -0.994599 -0.087044
f 214/214/214 215/215/215 216/216/216
v -5.241935 0.609909 0.926075
vt 0.500000 0.583333
vn 0.000000 -0.746554 -0.665325
v -5.394742 0.604132 0.936091
vt 0.489123 0.582620
vn -0.036057 -0.746579 -0.664319
v -5.547549 0.663685 -0.224593
vt 0.478246 0.665241
vn 0.056540 -0.994599 -0.087044
f 217/217/217 218/218/218 219/219/219
v -5.241935 0.609909 0.926075
vt 0.500000 0.583333
vn 0.000000 -0.746554 -0.665325
v -5.547549 0.663685 -0.224593
vt 0.478246 0.665241
vn 0.056540 -0.994599 -0.087044
v -5.241935 0.675239 -0.244624
vt 0.500000 0.666667
vn 0.000000 -0.996466 -0.083998
f 220/220/220 221/221/221 222/222/222
v -5.394742 0.604132 0.936091
vt 0.489123 0.582620
vn -0.036057 -0.746579 -0.664319
v -5.544935 0.589188 0.965966
vt 0.478432 0.580494
vn -0.091912 -0.750175 -0.654820
v -5.847934 0.633797 -0.164842
vt 0.456863 0.660988
vn 0.086002 -0.992093 -0.091408
f 223/223/223 224/224/224 225/225/225
v -5.394742 0.604132 0.936091
vt 0.489123 0.582620
vn -0.036057 -0.746579 -0.664319
v -5.847934 0.633797 -0.164842
vt 0.456863 0.660988
vn 0.086002 -0.992093 -0.091408
v -5.547549 0.663685 -0.224593
vt 0.478246 0.665241
vn 0.056540 -0.994599 -0.087044
f 226/226/226 227/227/227 228/228/228
v -5.544935 0.589188 0.965966
vt 0.478432 0.580494
vn -0.091912 -0.750175 -0.654820
v -5.689943 0.571253 1.015189
vt 0.468110 0.576990
vn -0.174151 -0.760980 -0.624965
v -6.137949 0.597928 -0.066395
vt 0.436219 0.653980
vn 0.074904 -0.993465 -0.086115
f 229/229/229 230/230/230 231/231/231
v -5.544935 0.589188 0.965966
vt 0.478432 0.580494
vn -0.091912 -0.750175 -0.654820
v -6.137949 0.597928 -0.066395
vt 0.436219 0.653980
vn 0.074904 -0.993465 -0.086115
v -5.847934 0.633797 -0.164842
vt 0.456863 0.660988
vn 0.086002 -0.992093 -0.091408
f 232/232/232 233/233/233 234/234/234
v -5.689943 0.571253 1.015189
vt 0.468110 0.576990
vn -0.174151 -0.760980 -0.624965
v -5.827285 0.557740 1.082919
vt 0.458333 0.572169
vn -0.278443 -0.773861 -0.568867
v -6.412634 0.570902 0.069064
vt 0.416667 0.644338
vn 0.028225 -0.997676 -0.062019
f 235/235/235 236/236/236 237/237/237
v -5.689943 0.571253 1.015189
vt 0.468110 0.576990
vn -0.174151 -0.760980 -0.624965
v -6.412634 0.570902 0.069064
vt 0.416667 0.644338
vn 0.028225 -0.997676 -0.062019
v -6.137949 0.597928 -0.066395
vt 0.436219 0.653980
vn 0.074904 -0.993465 -0.086115
f 238/238/238 239/239/239 240/240/240
v -5.827285 0.557740 1.082919
vt 0.458333 0.572169
vn -0.278443 -0.773861 -0.568867
v -5.954612 0.554234 1.167996
vt 0.449270 0.566113
vn -0.391504 -0.777907 -0.491514
v -6.667288 0.563889 0.239218
vt 0.398540 0.632226
vn -0.033820 -0.999222 -0.020269
f 241/241/241 242/242/242 243/243/243
v -5.827285 0.557740 1.082919
vt 0.458333 0.572169
vn -0.278443 -0.773861 -0.568867
v -6.667288 0.563889 0.239218
vt 0.398540 0.632226
vn -0.033820 -0.999222 -0.020269
v -6.412634 0.570902 0.069064
vt 0.416667 0.644338
vn 0.028225 -0.997676 -0.062019
f 244/244/244 245/245/245 246/246/246
v -5.954612 0.554234 1.167996
vt 0.449270 0.566113
vn -0.391504 -0.777907 -0.491514
v -6.069745 0.562183 1.268965
vt 0.441074 0.558926
vn -0.492778 -0.769158 -0.406898
v -6.897554 0.579788 0.441156
vt 0.382149 0.617851
vn -0.086009 -0.995987 0.024762
f 247/247/247 248/248/248 249/249/249
v -5.954612 0.554234 1.167996
vt 0.449270 0.566113
vn -0.391504 -0.777907 -0.491514
v -6.897554 0.579788 0.441156
vt 0.382149 0.617851
vn -0.086009 -0.995987 0.024762
v -6.667288 0.563889 0.239218
vt 0.398540 0.632226
vn -0.033820 -0.999222 -0.020269
f 250/250/250 251/251/251 252/252/252
v -6.069745 0.562183 1.268965
vt 0.441074 0.558926
vn -0.492778 -0.769158 -0.406898
v -6.170714 0.578303 1.384098
vt 0.433887 0.550730
vn -0.565913 -0.755900 -0.329177
v -7.099491 0.612027 0.671422
vt 0.367774 0.601460
vn -0.111764 -0.992356 0.052323
f 253/253/253 254/254/254 255/255/255
v -6.069745 0.562183 1.268965
vt 0.441074 0.558926
vn -0.492778 -0.769158 -0.406898
v -7.099491 0.612027 0.671422
vt 0.367774 0.601460
vn -0.111764 -0.992356 0.052323
v -6.897554 0.579788 0.441156
vt 0.382149 0.617851
vn -0.086009 -0.995987 0.024762
f 256/256/256 257/257/257 258/258/258
v -6.170714 0.578303 1.384098
vt 0.433887 0.550730
vn -0.565913 -0.755900 -0.329177
v -6.255790 0.595930 1.511425
vt 0.427831 0.541667
vn -0.607581 -0.747929 -0.267295
v -7.269646 0.647282 0.926075
vt 0.355662 0.583333
vn -0.110067 -0.992811 0.047025
f 259/259/259 260/260/260 261/261/261
v -6.170714 0.578303 1.384098
vt 0.433887 0.550730
vn -0.565913 -0.755900 -0.329177
v -7.269646 0.647282 0.926075
vt 0.355662 0.583333
vn -0.110067 -0.992811 0.047025
v -7.099491 0.612027 0.671422
vt 0.367774 0.601460
vn -0.111764 -0.992356 0.052323
f 262/262/262 263/263/263 264/264/264
v -6.255790 0.595930 1.511425
vt 0.427831 0.541667
vn -0.607581 -0.747929 -0.267295
v -6.323520 0.607781 1.648767
vt 0.423010 0.531890
vn -0.626342 -0.746470 -0.224672
v -7.405105 0.670983 1.200760
vt 0.346020 0.563781
vn -0.092102 -0.995719 0.007766
f 265/265/265 266/266/266 267/267/267
v -6.255790 0.595930 1.511425
vt 0.427831 0.541667
vn -0.607581 -0.747929 -0.267295
v -7.405105 0.670983 1.200760
vt 0.346020 0.563781
vn -0.092102 -0.995719 0.007766
v -7.269646 0.647282 0.926075
vt 0.355662 0.583333
vn -0.110067 -0.992811 0.047025
f 268/268/268 269/269/269 270/270/270
v -6.323520 0.607781 1.648767
vt 0.423010 0.531890
vn -0.626342 -0.746470 -0.224672
v -6.372744 0.608956 1.793775
vt 0.419506 0.521568
vn -0.636737 -0.746504 -0.193123
v -7.503552 0.673334 1.490776
vt 0.339012 0.543137
vn -0.072894 -0.996123 -0.049244
f 271/271/271 272/272/272 273/273/273
v -6.323520 0.607781 1.648767
vt 0.423010 0.531890
vn -0.626342 -0.746470 -0.224672
v -7.503552 0.673334 1.490776
vt 0.339012 0.543137
vn -0.072894 -0.996123 -0.049244
v -7.405105 0.670983 1.200760
vt 0.346020 0.563781
vn -0.092102 -0.995719 0.007766
f 274/274/274 275/275/275 276/276/276
v -6.372744 0.608956 1.793775
vt 0.419506 0.521568
vn -0.636737 -0.746504 -0.193123
v -6.402619 0.598971 1.943967
vt 0.417380 0.510877
vn -0.646920 -0.747252 -0.152018
v -7.563302 0.653363 1.791160
vt 0.334759 0.521754
vn -0.062340 -0.993356 -0.096730
f 277/277/277 278/278/278 279/279/279
v -6.372744 0.608956 1.793775
vt 0.419506 0.521568
vn -0.636737 -0.746504 -0.193123
v -7.563302 0.653363 1.791160
vt 0.334759 0.521754
vn -0.062340 -0.993356 -0.096730
v -7.503552 0.673334 1.490776
vt 0.339012 0.543137
vn -0.072894 -0.996123 -0.049244
f 280/280/280 281/281/281 282/282/282
v -6.402619 0.598971 1.943967
vt 0.417380 0.510877
vn -0.646920 -0.747252 -0.152018
v -6.412634 0.581952 2.096774
vt 0.416667 0.500000
vn -0.651857 -0.753694 -0.083834
v -7.583333 0.619325 2.096774
vt 0.333333 0.500000
vn -0.059895 -0.992072 -0.110477
f 283/283/283 284/284/284 285/285/285
v -6.402619 0.598971 1.943967
vt 0.417380 0.510877
vn -0.646920 -0.747252 -0.152018
v -7.583333 0.619325 2.096774
vt 0.333333 0.500000
vn -0.059895 -0.992072 -0.110477
v -7.563302 0.653363 1.791160
vt 0.334759 0.521754
vn -0.062340 -0.993356 -0.096730
f 286/286/286 287/287/287 288/288/288
v -6.412634 0.581952 2.096774
vt 0.416667 0.500000
vn -0.651857 -0.753694 -0.083834
v -6.402619 0.564933 2.249581
vt 0.417380 0.489123
vn -0.642066 -0.766480 0.016123
v -7.563302 0.585287 2.402388
vt 0.334759 0.478246
vn -0.056679 -0.995091 -0.081120
f 289/289/289 290/290/290 291/291/291
v -6.412634 0.581952 2.096774
vt 0.416667 0.500000
vn -0.651857 -0.753694 -0.083834
v -7.563302 0.585287 2.402388
vt 0.334759 0.478246
vn -0.056679 -0.995091 -0.081120
v -7.583333 0.619325 2.096774
vt 0.333333 0.500000
vn -0.059895 -0.992072 -0.110477
f 292/292/292 293/293/293 294/294/294
v -6.402619 0.564933 2.249581
vt 0.417380 0.489123
vn -0.642066 -0.766480 0.016123
v -6.372744 0.554948 2.399773
vt 0.419506 0.478432
vn -0.613425 -0.777060 0.141028
v -7.503552 0.565316 2.702772
vt 0.339012 0.456863
vn -0.043431 -0.998892 -0.018106
f 295/295/295 296/296/296 297/297/297
v -6.402619 0.564933 2.249581
vt 0.417380 0.489123
vn -0.642066 -0.766480 0.016123
v -7.503552 0.565316 2.702772
vt 0.339012 0.456863
vn -0.043431 -0.998892 -0.018106
v -7.563302 0.585287 2.402388
vt 0.334759 0.478246
vn -0.056679 -0.995091 -0.081120
f 298/298/298 299/299/299 300/300/300
v -6.372744 0.554948 2.399773
vt 0.419506 0.478432
vn -0.613425 -0.777060 0.141028
v -6.323520 0.556123 2.544781
vt 0.423010 0.468110
vn -0.569543 -0.775688 0.271899
v -7.405105 0.567667 2.992788
vt 0.346020 0.436219
vn -0.019085 -0.998366 0.053868
f 301/301/301 302/302/302 303/303/303
v -6.372744 0.554948 2.399773
vt 0.419506 0.478432
vn -0.613425 -0.777060 0.141028
v -7.405105 0.567667 2.992788
vt 0.346020 0.436219
vn -0.019085 -0.998366 0.053868
v -7.503552 0.565316 2.702772
vt 0.339012 0.456863
vn -0.043431 -0.998892 -0.018106
f 304/304/304 305/305/305 306/306/306
v -6.323520 0.556123 2.544781
vt 0.423010 0.468110
vn -0.569543 -0.775688 0.271899
v -6.255790 0.567973 2.682124
vt 0.427831 0.458333
vn -0.518564 -0.763717 0.384484
v -7.269646 0.591368 3.267473
vt 0.355662 0.416667
vn 0.006207 -0.994234 0.107049
f 307/307/307 308/308/308 309/309/309
v -6.323520 0.556123 2.544781
vt 0.423010 0.468110
vn -0.569543 -0.775688 0.271899
v -7.269646 0.591368 3.267473
vt 0.355662 0.416667
vn 0.006207 -0.994234 0.107049
v -7.405105 0.567667 2.992788
vt 0.346020 0.436219
vn -0.019085 -0.998366 0.053868
f 310/310/310 311/311/311 312/312/312
v -6.255790 0.567973 2.682124
vt 0.427831 0.458333
vn -0.518564 -0.763717 0.384484
v -6.170714 0.585601 2.809451
vt 0.433887 0.449270
vn -0.468502 -0.751780 0.464040
v -7.099491 0.626623 3.522127
vt 0.367774 0.398540
vn 0.016710 -0.991986 0.125240
f 313/313/313 314/314/314 315/315/315
v -6.255790 0.567973 2.682124
vt 0.427831 0.458333
vn -0.518564 -0.763717 0.384484
v -7.099491 0.626623 3.522127
vt 0.367774 0.398540
vn 0.016710 -0.991986 0.125240
v -7.269646 0.591368 3.267473
vt 0.355662 0.416667
vn 0.006207 -0.994234 0.107049
f 316/316/316 317/317/317 318/318/318
v -6.170714 0.585601 2.809451
vt 0.433887 0.449270
vn -0.468502 -0.751780 0.464040
v -6.069745 0.601721 2.924583
vt 0.441074 0.441074
vn -0.426573 -0.746817 0.510195
v -6.897554 0.658862 3.752392
vt 0.382149 0.382149
vn 0.001024 -0.993968 0.109661
f 319/319/319 320/320/320 321/321/321
v -6.170714 0.585601 2.809451
vt 0.433887 0.449270
vn -0.468502 -0.751780 0.464040
v -6.897554 0.658862 3.752392
vt 0.382149 0.382149
vn 0.001024 -0.993968 0.109661
v -7.099491 0.626623 3.522127
vt 0.367774 0.398540
vn 0.016710 -0.991986 0.125240
f 322/322/322 323/323/323 324/324/324
v -6.069745 0.601721 2.924583
vt 0.441074 0.441074
vn -0.426573 -0.746817 0.510195
v -5.954612 0.609670 3.025552
vt 0.449270 0.433887
vn -0.396275 -0.746540 0.534456
v -6.667288 0.674761 3.954330
vt 0.398540 0.367774
vn -0.039521 -0.996379 0.075285
f 325/325/325 326/326/326 327/327/327
v -6.069745 0.601721 2.924583
vt 0.441074 0.441074
vn -0.426573 -0.746817 0.510195
v -6.667288 0.674761 3.954330
vt 0.398540 0.367774
vn -0.039521 -0.996379 0.075285
v -6.897554 0.658862 3.752392
vt 0.382149 0.382149
vn 0.001024 -0.993968 0.109661
f 328/328/328 329/329/329 330/330/330
v -5.954612 0.609670 3.025552
vt 0.449270 0.433887
vn -0.396275 -0.746540 0.534456
v -5.827285 0.606163 3.110629
vt 0.458333 0.427831
vn -0.368343 -0.746480 0.554158
v -6.412634 0.667748 4.124484
vt 0.416667 0.355662
vn -0.088328 -0.995198 0.042186
f 331/331/331 332/332/332 333/333/333
v -5.954612 0.609670 3.025552
vt 0.449270 0.433887
vn -0.396275 -0.746540 0.534456
v -6.412634 0.667748 4.124484
vt 0.416667 0.355662
vn -0.088328 -0.995198 0.042186
v -6.667288 0.674761 3.954330
vt 0.398540 0.367774
vn -0.039521 -0.996379 0.075285
f 334/334/334 335/335/335 336/336/336
v -5.827285 0.606163 3.110629
vt 0.458333 0.427831
vn -0.368343 -0.746480 0.554158
v -5.689943 0.592651 3.178359
vt 0.468110 0.423010
vn -0.323134 -0.748904 0.578556
v -6.137949 0.640722 4.259944
vt 0.436219 0.346020
vn -0.120743 -0.992377 0.024664
f 337/337/337 338/338/338 339/339/339
v -5.827285 0.606163 3.110629
vt 0.458333 0.427831
vn -0.368343 -0.746480 0.554158
v -6.137949 0.640722 4.259944
vt 0.436219 0.346020
vn -0.120743 -0.992377 0.024664
v -6.412634 0.667748 4.124484
vt 0.416667 0.355662
vn -0.088328 -0.995198 0.042186
f 340/340/340 341/341/341 342/342/342
v -5.689943 0.592651 3.178359
vt 0.468110 0.423010
vn -0.323134 -0.748904 0.578556
v -5.544935 0.574716 3.227582
vt 0.478432 0.419506
vn -0.246109 -0.758340 0.603615
v -5.847934 0.604853 4.358391
vt 0.456863 0.339012
vn -0.117047 -0.992828 0.024335
f 343/343/343 344/344/344 345/345/345
v -5.689943 0.592651 3.178359
vt 0.468110 0.423010
vn -0.323134 -0.748904 0.578556
v -5.847934 0.604853 4.358391
vt 0.456863 0.339012
vn -0.117047 -0.992828 0.024335
v -6.137949 0.640722 4.259944
vt 0.436219 0.346020
vn -0.120743 -0.992377 0.024664
f 346/346/346 347/347/347 348/348/348
v -5.544935 0.574716 3.227582
vt 0.478432 0.419506
vn -0.246109 -0.758340 0.603615
v -5.394742 0.559772 3.257458
vt 0.489123 0.417380
vn -0.134801 -0.771654 0.621593
v -5.547549 0.574965 4.418141
vt 0.478246 0.334759
vn -0.072289 -0.996866 0.032134
f 349/349/349 350/350/350 351/351/351
v -5.544935 0.574716 3.227582
vt 0.478432 0.419506
vn -0.246109 -0.758340 0.603615
v -5.547549 0.574965 4.418141
vt 0.478246 0.334759
vn -0.072289 -0.996866 0.032134
v -5.847934 0.604853 4.358391
vt 0.456863 0.339012
vn -0.117047 -0.992828 0.024335
f 352/352/352 353/353/353 354/354/354
v -5.394742 0.559772 3.257458
vt 0.489123 0.417380
vn -0.134801 -0.771654 0.621593
v -5.241935 0.553995 3.267473
vt 0.500000 0.416667
vn 0.000000 -0.778190 0.628028
v -5.241935 0.563411 4.438172
vt 0.500000 0.333333
vn 0.000000 -0.999335 0.036469
f 355/355/355 356/356/356 357/357/357
v -5.394742 0.559772 3.257458
vt 0.489123 0.417380
vn -0.134801 -0.771654 0.621593
v -5.241935 0.563411 4.438172
vt 0.500000 0.333333
vn 0.000000 -0.999335 0.036469
v -5.547549 0.574965 4.418141
vt 0.478246 0.334759
vn -0.072289 -0.996866 0.032134
f 358/358/358 359/359/359 360/360/360
v -5.241935 0.553995 3.267473
vt 0.500000 0.416667
vn 0.000000 -0.778190 0.628028
v -5.089128 0.559772 3.257458
vt 0.510877 0.417380
vn 0.134801 -0.771654 0.621593
v -4.936322 0.574965 4.418141
vt 0.521754 0.334759
vn 0.072289 -0.996866 0.032134
f 361/361/361 362/362/362 363/363/363
v -5.241935 0.553995 3.267473
vt 0.500000 0.416667
vn 0.000000 -0.778190 0.628028
v -4.936322 0.574965 4.418141
vt 0.521754 0.334759
vn 0.072289 -0.996866 0.032134
v -5.241935 0.563411 4.438172
vt 0.500000 0.333333
vn 0.000000 -0.999335 0.036469
f 364/364/364 365/365/365 366/366/366
v -5.089128 0.559772 3.257458
vt 0.510877 0.417380
vn 0.134801 -0.771654 0.621593
v -4.938936 0.574716 3.227582
vt 0.521568 0.419506
vn 0.246109 -0.758341 0.603614
v -4.635937 0.604853 4.358391
vt 0.543137 0.339012
vn 0.117047 -0.992828 0.024335
f 367/367/367 368/368/368 369/369/369
v -5.089128 0.559772 3.257458
vt 0.510877 0.417380
vn 0.134801 -0.771654 0.621593
v -4.635937 0.604853 4.358391
vt 0.543137 0.339012
vn 0.117047 -0.992828 0.024335
v -4.936322 0.574965 4.418141
vt 0.521754 0.334759
vn 0.072289 -0.996866 0.032134
f 370/370/370 371/371/371 372/372/372
v -4.938936 0.574716 3.227582
vt 0.521568 0.419506
vn 0.246109 -0.758341 0.603614
v -4.793928 0.592651 3.178359
vt 0.531890 0.423010
vn 0.323135 -0.748904 0.578556
v -4.345921 0.640722 4.259944
vt 0.563781 0.346020
vn 0.120743 -0.992377 0.024664
f 373/373/373 374/374/374 375/375/375
v -4.938936 0.574716 3.227582
vt 0.521568 0.419506
vn 0.246109 -0.758341 0.603614
v -4.345921 0.640722 4.259944
vt 0.563781 0.346020
vn 0.120743 -0.992377 0.024664
v -4.635937 0.604853 4.358391
vt 0.543137 0.339012
vn 0.117047 -0.992828 0.024335
f 376/376/376 377/377/377 378/378/378
v -4.793928 0.592651 3.178359
vt 0.531890 0.423010
vn 0.323135 -0.748904 0.578556
v -4.656586 0.606163 3.110629
vt 0.541667 0.427831
vn 0.368343 -0.746479 0.554159
v -4.071237 0.667748 4.124484
vt 0.583333 0.355662
vn 0.088328 -0.995198 0.042187
f 379/379/379 380/380/380 381/381/381
v -4.793928 0.592651 3.178359
vt 0.531890 0.423010
vn 0.323135 -0.748904 0.578556
v -4.071237 0.667748 4.124484
vt 0.583333 0.355662
vn 0.088328 -0.995198 0.042187
v -4.345921 0.640722 4.259944
vt 0.563781 0.346020
vn 0.120743 -0.992377 0.024664
f 382/382/382 383/383/383 384/384/384
v -4.656586 0.606163 3.110629
vt 0.541667 0.427831
vn 0.368343 -0.746479 0.554159
v -4.529259 0.609670 3.025552
vt 0.550730 0.433887
vn 0.396275 -0.746541 0.534456
v -3.816583 0.674761 3.954330
vt 0.601460 0.367774
vn 0.039521 -0.996379 0.075285
f 385/385/385 386/386/386 387/387/387
v -4.656586 0.606163 3.110629
vt 0.541667 0.427831
vn 0.368343 -0.746479 0.554159
v -3.816583 0.674761 3.954330
vt 0.601460 0.367774
vn 0.039521 -0.996379 0.075285
v -4.071237 0.667748 4.124484
vt 0.583333 0.355662
vn 0.088328 -0.995198 0.042187
f 388/388/388 389/389/389 390/390/390
v -4.529259 0.609670 3.025552
vt 0.550730 0.433887
vn 0.396275 -0.746541 0.534456
v -4.414126 0.601721 2.924583
vt 0.558926 0.441074
vn 0.426572 -0.746817 0.510196
v -3.586317 0.658862 3.752392
vt 0.617851 0.382149
vn -0.001024 -0.993969 0.109661
f 391/391/391 392/392/392 393/393/393
v -4.529259 0.609670 3.025552
vt 0.550730 0.433887
vn 0.396275 -0.746541 0.534456
v -3.586317 0.658862 3.752392
vt 0.617851 0.382149
vn -0.001024 -0.993969 0.109661
v -3.816583 0.674761 3.954330
vt 0.601460 0.367774
vn 0.039521 -0.996379 0.075285
f 394/394/394 395/395/395 396/396/396
v -4.414126 0.601721 2.924583
vt 0.558926 0.441074
vn 0.426572 -0.746817 0.510196
v -4.313157 0.585601 2.809451
vt 0.566113 0.449270
vn 0.468501 -0.751780 0.464040
v -3.384380 0.626623 3.522127
vt 0.632226 0.398540
vn -0.016710 -0.991986 0.125240
f 397/397/397 398/398/398 399/399/399
v -4.414126 0.601721 2.924583
vt 0.558926 0.441074
vn 0.426572 -0.746817 0.510196
v -3.384380 0.626623 3.522127
vt 0.632226 0.398540
vn -0.016710 -0.991986 0.125240
v -3.586317 0.658862 3.752392
vt 0.617851 0.382149
vn -0.001024 -0.993969 0.109661
f 400/400/400 401/401/401 402/402/402
v -4.313157 0.585601 2.809451
vt 0.566113 0.449270
vn 0.468501 -0.751780 0.464040
v -4.228081 0.567973 2.682124
vt 0.572169 0.458333
vn 0.518568 -0.763713 0.384486
v -3.214225 0.591368 3.267473
vt 0.644338 0.416667
vn -0.006207 -0.994234 0.107049
f 403/403/403 404/404/404 405/405/405
v -4.313157 0.585601 2.809451
vt 0.566113 0.449270
vn 0.468501 -0.751780 0.464040
v -3.214225 0.591368 3.267473
vt 0.644338 0.416667
vn -0.006207 -0.994234 0.107049
v -3.384380 0.626623 3.522127
vt 0.632226 0.398540
vn -0.016710 -0.991986 0.125240
f 406/406/406 407/407/407 408/408/408
v -4.228081 0.567973 2.682124
vt 0.572169 0.458333
vn 0.518568 -0.763713 0.384486
v -4.160351 0.556123 2.544781
vt 0.576990 0.468110
vn 0.569535 -0.775695 0.271896
v -3.078766 0.567667 2.992788
vt 0.653980 0.436219
vn 0.019085 -0.998366 0.053868
f 409/409/409 410/410/410 411/411/411
v -4.228081 0.567973 2.682124
vt 0.572169 0.458333
vn 0.518568 -0.763713 0.384486
v -3.078766 0.567667 2.992788
vt 0.653980 0.436219
vn 0.019085 -0.998366 0.053868
v -3.214225 0.591368 3.267473
vt 0.644338 0.416667
vn -0.006207 -0.994234 0.107049
f 412/412/412 413/413/413 414/414/414
v -4.160351 0.556123 2.544781
vt 0.576990 0.468110
vn 0.569535 -0.775695 0.271896
v -4.111127 0.554948 2.399773
vt 0.580494 0.478432
vn 0.613429 -0.777056 0.141029
v -2.980319 0.565316 2.702772
vt 0.660988 0.456863
vn 0.043431 -0.998892 -0.018106
f 415/415/415 416/416/416 417/417/417
v -4.160351 0.556123 2.544781
vt 0.576990 0.468110
vn 0.569535 -0.775695 0.271896
v -2.980319 0.565316 2.702772
vt 0.660988 0.456863
vn 0.043431 -0.998892 -0.018106
v -3.078766 0.567667 2.992788
vt 0.653980 0.436219
vn 0.019085 -0.998366 0.053868
f 418/418/418 419/419/419 420/420/420
v -4.111127 0.554948 2.399773
vt 0.580494 0.478432
vn 0.613429 -0.777056 0.141029
v -4.081252 0.564933 2.249581
vt 0.582620 0.489123
vn 0.642062 -0.766484 0.016121
v -2.920568 0.585287 2.402388
vt 0.665241 0.478246
vn 0.056679 -0.995091 -0.081120
f 421/421/421 422/422/422 423/423/423
v -4.111127 0.554948 2.399773
vt 0.580494 0.478432
vn 0.613429 -0.777056 0.141029
v -2.920568 0.585287 2.402388
vt 0.665241 0.478246
vn 0.056679 -0.995091 -0.081120
v -2.980319 0.565316 2.702772
vt 0.660988 0.456863
vn 0.043431 -0.998892 -0.018106
f 424/424/424 425/425/425 426/426/426
v -4.081252 0.564933 2.249581
vt 0.582620 0.489123
vn 0.642062 -0.766484 0.016121
v -4.071237 0.581952 2.096774
vt 0.583333 0.500000
vn 0.651867 -0.753685 -0.083834
v -2.900538 0.619325 2.096774
vt 0.666667 0.500000
vn 0.059895 -0.992072 -0.110477
f 427/427/427 428/428/428 429/429/429
v -4.081252 0.564933 2.249581
vt 0.582620 0.489123
vn 0.642062 -0.766484 0.016121
v -2.900538 0.619325 2.096774
vt 0.666667 0.500000
vn 0.059895 -0.992072 -0.110477
v -2.920568 0.585287 2.402388
vt 0.665241 0.478246
vn 0.056679 -0.995091 -0.081120
f 430/430/430 431/431/431 432/432/432
v -2.900538 0.619325 2.096774
vt 0.666667 0.500000
vn 0.059895 -0.992072 -0.110477
v -2.920568 0.653363 1.791160
vt 0.665241 0.521754
vn 0.062340 -0.993356 -0.096730
v -1.759885 0.771824 1.638354
vt 0.747861 0.532632
vn 0.129179 -0.986059 -0.104880
f 433/433/433 434/434/434 435/435/435
v -2.900538 0.619325 2.096774
vt 0.666667 0.500000
vn 0.059895 -0.992072 -0.110477
v -1.759885 0.771824 1.638354
vt 0.747861 0.532632
vn 0.129179 -0.986059 -0.104880
v -1.729839 0.720766 2.096774
vt 0.750000 0.500000
vn 0.127332 -0.985771 -0.109737
f 436/436/436 437/437/437 438/438/438
v -2.920568 0.653363 1.791160
vt 0.665241 0.521754
vn 0.062340 -0.993356 -0.096730
v -2.980319 0.673334 1.490776
vt 0.660988 0.543137
vn 0.072894 -0.996123 -0.049244
v -1.849510 0.801779 1.187777
vt 0.741481 0.564705
vn 0.138046 -0.988193 -0.066472
f 439/439/439 440/440/440 441/441/441
v -2.920568 0.653363 1.791160
vt 0.665241 0.521754
vn 0.062340 -0.993356 -0.096730
v -1.849510 0.801779 1.187777
vt 0.741481 0.564705
vn 0.138046 -0.988193 -0.066472
v -1.759885 0.771824 1.638354
vt 0.747861 0.532632
vn 0.129179 -0.986059 -0.104880
f 442/442/442 443/443/443 444/444/444
v -2.980319 0.673334 1.490776
vt 0.660988 0.543137
vn 0.072894 -0.996123 -0.049244
v -3.078766 0.670983 1.200760
vt 0.653980 0.563781
vn 0.092102 -0.995719 0.007766
v -1.997181 0.798253 0.752753
vt 0.730970 0.595671
vn 0.154227 -0.987866 -0.018320
f 445/445/445 446/446/446 447/447/447
v -2.980319 0.673334 1.490776
vt 0.660988 0.543137
vn 0.072894 -0.996123 -0.049244
v -1.997181 0.798253 0.752753
vt 0.730970 0.595671
vn 0.154227 -0.987866 -0.018320
v -1.849510 0.801779 1.187777
vt 0.741481 0.564705
vn 0.138046 -0.988193 -0.066472
f 448/448/448 449/449/449 450/450/450
v -3.078766 0.670983 1.200760
vt 0.653980 0.563781
vn 0.092102 -0.995719 0.007766
v -3.214225 0.647282 0.926075
vt 0.644338 0.583333
vn 0.110067 -0.992811 0.047025
v -2.200371 0.762702 0.340726
vt 0.716506 0.625000
vn 0.168032 -0.985699 0.012761
f 451/451/451 452/452/452 453/453/453
v -3.078766 0.670983 1.200760
vt 0.653980 0.563781
vn 0.092102 -0.995719 0.007766
v -2.200371 0.762702 0.340726
vt 0.716506 0.625000
vn 0.168032 -0.985699 0.012761
v -1.997181 0.798253 0.752753
vt 0.730970 0.595671
vn 0.154227 -0.987866 -0.018320
f 454/454/454 455/455/455 456/456/456
v -3.214225 0.647282 0.926075
vt 0.644338 0.583333
vn 0.110067 -0.992811 0.047025
v -3.384380 0.612027 0.671422
vt 0.632226 0.601460
vn 0.111764 -0.992356 0.052323
v -2.455602 0.709819 -0.041255
vt 0.698338 0.652190
vn 0.164873 -0.986257 0.010664
f 457/457/457 458/458/458 459/459/459
v -3.214225 0.647282 0.926075
vt 0.644338 0.583333
vn 0.110067 -0.992811 0.047025
v -2.455602 0.709819 -0.041255
vt 0.698338 0.652190
vn 0.164873 -0.986257 0.010664
v -2.200371 0.762702 0.340726
vt 0.716506 0.625000
vn 0.168032 -0.985699 0.012761
f 460/460/460 461/461/461 462/462/462
v -3.384380 0.612027 0.671422
vt 0.632226 0.601460
vn 0.111764 -0.992356 0.052323
v -3.586317 0.579788 0.441156
vt 0.617851 0.617851
vn 0.086010 -0.995987 0.024762
v -2.758508 0.661460 -0.386653
vt 0.676777 0.676777
vn 0.133683 -0.990744 -0.023579
f 463/463/463 464/464/464 465/465/465
v -3.384380 0.612027 0.671422
vt 0.632226 0.601460
vn 0.111764 -0.992356 0.052323
v -2.758508 0.661460 -0.386653
vt 0.676777 0.676777
vn 0.133683 -0.990744 -0.023579
v -2.455602 0.709819 -0.041255
vt 0.698338 0.652190
vn 0.164873 -0.986257 0.010664
f 466/466/466 467/467/467 468/468/468
v -3.586317 0.579788 0.441156
vt 0.617851 0.617851
vn 0.086010 -0.995987 0.024762
v -3.816583 0.563889 0.239218
vt 0.601460 0.632226
vn 0.033820 -0.999222 -0.020269
v -3.103906 0.637613 -0.689559
vt 0.652190 0.698338
vn 0.075258 -0.994384 -0.074409
f 469/469/469 470/470/470 471/471/471
v -3.586317 0.579788 0.441156
vt 0.617851 0.617851
vn 0.086010 -0.995987 0.024762
v -3.103906 0.637613 -0.689559
vt 0.652190 0.698338
vn 0.075258 -0.994384 -0.074409
v -2.758508 0.661460 -0.386653
vt 0.676777 0.676777
vn 0.133683 -0.990744 -0.023579
f 472/472/472 473/473/473 474/474/474
v -3.816583 0.563889 0.239218
vt 0.601460 0.632226
vn 0.033820 -0.999222 -0.020269
v -4.071237 0.570902 0.069064
vt 0.583333 0.644338
vn -0.028225 -0.997676 -0.062019
v -3.485887 0.648132 -0.944791
vt 0.625000 0.716506
vn 0.006080 -0.992660 -0.120785
f 475/475/475 476/476/476 477/477/477
v -3.816583 0.563889 0.239218
vt 0.601460 0.632226
vn 0.033820 -0.999222 -0.020269
v -3.485887 0.648132 -0.944791
vt 0.625000 0.716506
vn 0.006080 -0.992660 -0.120785
v -3.103906 0.637613 -0.689559
vt 0.652190 0.698338
vn 0.075258 -0.994384 -0.074409
f 478/478/478 479/479/479 480/480/480
v -4.071237 0.570902 0.069064
vt 0.583333 0.644338
vn -0.028225 -0.997676 -0.062019
v -4.345921 0.597928 -0.066395
vt 0.563781 0.653980
vn -0.074904 -0.993465 -0.086115
v -3.897914 0.688670 -1.147980
vt 0.595671 0.730970
vn -0.048423 -0.987748 -0.148358
f 481/481/481 482/482/482 483/483/483
v -4.071237 0.570902 0.069064
vt 0.583333 0.644338
vn -0.028225 -0.997676 -0.062019
v -3.897914 0.688670 -1.147980
vt 0.595671 0.730970
vn -0.048423 -0.987748 -0.148358
v -3.485887 0.648132 -0.944791
vt 0.625000 0.716506
vn 0.006080 -0.992660 -0.120785
f 484/484/484 485/485/485 486/486/486
v -4.345921 0.597928 -0.066395
vt 0.563781 0.653980
vn -0.074904 -0.993465 -0.086115
v -4.635937 0.633797 -0.164842
vt 0.543137 0.660988
vn -0.086002 -0.992093 -0.091408
v -4.332938 0.742474 -1.295651
vt 0.564705 0.741481
vn -0.067850 -0.985380 -0.156280
f 487/487/487 488/488/488 489/489/489
v -4.345921 0.597928 -0.066395
vt 0.563781 0.653980
vn -0.074904 -0.993465 -0.086115
v -4.332938 0.742474 -1.295651
vt 0.564705 0.741481
vn -0.067850 -0.985380 -0.156280
v -3.897914 0.688670 -1.147980
vt 0.595671 0.730970
vn -0.048423 -0.987748 -0.148358
f 490/490/490 491/491/491 492/492/492
v -4.635937 0.633797 -0.164842
vt 0.543137 0.660988
vn -0.086002 -0.992093 -0.091408
v -4.936322 0.663685 -0.224593
vt 0.521754 0.665241
vn -0.056540 -0.994599 -0.087044
v -4.783515 0.787305 -1.385276
vt 0.532632 0.747861
vn -0.047245 -0.986979 -0.153752
f 493/493/493 494/494/494 495/495/495
v -4.635937 0.633797 -0.164842
vt 0.543137 0.660988
vn -0.086002 -0.992093 -0.091408
v -4.783515 0.787305 -1.385276
vt 0.532632 0.747861
vn -0.047245 -0.986979 -0.153752
v -4.332938 0.742474 -1.295651
vt 0.564705 0.741481
vn -0.067850 -0.985380 -0.156280
f 496/496/496 497/497/497 498/498/498
v -4.936322 0.663685 -0.224593
vt 0.521754 0.665241
vn -0.056540 -0.994599 -0.087044
v -5.241935 0.675239 -0.244624
vt 0.500000 0.666667
vn 0.000000 -0.996466 -0.083998
v -5.241935 0.804637 -1.415323
vt 0.500000 0.750000
vn 0.000000 -0.988473 -0.151398
f 499/499/499 500/500/500 501/501/501
v -4.936322 0.663685 -0.224593
vt 0.521754 0.665241
vn -0.056540 -0.994599 -0.087044
v -5.241935 0.804637 -1.415323
vt 0.500000 0.750000
vn 0.000000 -0.988473 -0.151398
v -4.783515 0.787305 -1.385276
vt 0.532632 0.747861
vn -0.047245 -0.986979 -0.153752
f 502/502/502 503/503/503 504/504/504
v -5.241935 0.675239 -0.244624
vt 0.500000 0.666667
vn 0.000000 -0.996466 -0.083998
v -5.547549 0.663685 -0.224593
vt 0.478246 0.665241
vn 0.056540 -0.994599 -0.087044
v -5.700356 0.787305 -1.385276
vt 0.467368 0.747861
vn 0.047245 -0.986979 -0.153752
f 505/505/505 506/506/506 507/507/507
v -5.241935 0.675239 -0.244624
vt 0.500000 0.666667
vn 0.000000 -0.996466 -0.083998
v -5.700356 0.787305 -1.385276
vt 0.467368 0.747861
vn 0.047245 -0.986979 -0.153752
v -5.241935 0.804637 -1.415323
vt 0.500000 0.750000
vn 0.000000 -0.988473 -0.151398
f 508/508/508 509/509/509 510/510/510
v -5.547549 0.663685 -0.224593
vt 0.478246 0.665241
vn 0.056540 -0.994599 -0.087044
v -5.847934 0.633797 -0.164842
vt 0.456863 0.660988
vn 0.086002 -0.992093 -0.091408
v -6.150933 0.742474 -1.295651
vt 0.435295 0.741481
vn 0.067850 -0.985379 -0.156281
f 511/511/511 512/512/512 513/513/513
v -5.547549 0.663685 -0.224593
vt 0.478246 0.665241
vn 0.056540 -0.994599 -0.087044
v -6.150933 0.742474 -1.295651
vt 0.435295 0.741481
vn 0.067850 -0.985379 -0.156281
v -5.700356 0.787305 -1.385276
vt 0.467368 0.747861
vn 0.047245 -0.986979 -0.153752
f 514/514/514 515/515/515 516/516/516
v -5.847934 0.633797 -0.164842
vt 0.456863 0.660988
vn 0.086002 -0.992093 -0.091408
v -6.137949 0.597928 -0.066395
vt 0.436219 0.653980
vn 0.074904 -0.993465 -0.086115
v -6.585957 0.688670 -1.147980
vt 0.404329 0.730970
vn 0.048423 -0.987748 -0.148358
f 517/517/517 518/518/518 519/519/519
v -5.847934 0.633797 -0.164842
vt 0.456863 0.660988
vn 0.086002 -0.992093 -0.091408
v -6.585957 0.688670 -1.147980
vt 0.404329 0.730970
vn 0.048423 -0.987748 -0.148358
v -6.150933 0.742474 -1.295651
vt 0.435295 0.741481
vn 0.067850 -0.985379 -0.156281
f 520/520/520 521/521/521 522/522/522
v -6.137949 0.597928 -0.066395
vt 0.436219 0.653980
vn 0.074904 -0.993465 -0.086115
v -6.412634 0.570902 0.069064
vt 0.416667 0.644338
vn 0.028225 -0.997676 -0.062019
v -6.997984 0.648132 -0.944791
vt 0.375000 0.716506
vn -0.006080 -0.992660 -0.120785
f 523/523/523 524/524/524 525/525/525
v -6.137949 0.597928 -0.066395
vt 0.436219 0.653980
vn 0.074904 -0.993465 -0.086115
v -6.997984 0.648132 -0.944791
vt 0.375000 0.716506
vn -0.006080 -0.992660 -0.120785
v -6.585957 0.688670 -1.147980
vt 0.404329 0.730970
vn 0.048423 -0.987748 -0.148358
f 526/526/526 527/527/527 528/528/528
v -6.412634 0.570902 0.069064
vt 0.416667 0.644338
vn 0.028225 -0.997676 -0.062019
v -6.667288 0.563889 0.239218
vt 0.398540 0.632226
vn -0.033820 -0.999222 -0.020269
v -7.379965 0.637613 -0.689559
vt 0.347810 0.698338
vn -0.075258 -0.994384 -0.074409
f 529/529/529 530/530/530 531/531/531
v -6.412634 0.570902 0.069064
vt 0.416667 0.644338
vn 0.028225 -0.997676 -0.062019
v -7.379965 0.637613 -0.689559
vt 0.347810 0.698338
vn -0.075258 -0.994384 -0.074409
v -6.997984 0.648132 -0.944791
vt 0.375000 0.716506
vn -0.006080 -0.992660 -0.120785
f 532/532/532 533/533/533 534/534/534
v -6.667288 0.563889 0.239218
vt 0.398540 0.632226
vn -0.033820 -0.999222 -0.020269
v -6.897554 0.579788 0.441156
vt 0.382149 0.617851
vn -0.086009 -0.995987 0.024762
v -7.725363 0.661460 -0.386653
vt 0.323223 0.676777
vn -0.133683 -0.990744 -0.023579
f 535/535/535 536/536/536 537/537/537
v -6.667288 0.563889 0.239218
vt 0.398540 0.632226
vn -0.033820 -0.999222 -0.020269
v -7.725363 0.661460 -0.386653
vt 0.323223 0.676777
vn -0.133683 -0.990744 -0.023579
v -7.379965 0.637613 -0.689559
vt 0.347810 0.698338
vn -0.075258 -0.994384 -0.074409
f 538/538/538 539/539/539 540/540/540
v -6.897554 0.579788 0.441156
vt 0.382149 0.617851
vn -0.086009 -0.995987 0.024762
v -7.099491 0.612027 0.671422
vt 0.367774 0.601460
vn -0.111764 -0.992356 0.052323
v -8.028269 0.709819 -0.041255
vt 0.301662 0.652190
vn -0.164873 -0.986257 0.010664
f 541/541/541 542/542/542 543/543/543
v -6.897554 0.579788 0.441156
vt 0.382149 0.617851
vn -0.086009 -0.995987 0.024762
v -8.028269 0.709819 -0.041255
vt 0.301662 0.652190
vn -0.164873 -0.986257 0.010664
v -7.725363 0.661460 -0.386653
vt 0.323223 0.676777
vn -0.133683 -0.990744 -0.023579
f 544/544/544 545/545/545 546/546/546
v -7.099491 0.612027 0.671422
vt 0.367774 0.601460
vn -0.111764 -0.992356 0.052323
v -7.269646 0.647282 0.926075
vt 0.355662 0.583333
vn -0.110067 -0.992811 0.047025
v -8.283500 0.762702 0.340726
vt 0.283494 0.625000
vn -0.168032 -0.985699 0.012761
f 547/547/547 548/548/548 549/549/549
v -7.099491 0.612027 0.671422
vt 0.367774 0.601460
vn -0.111764 -0.992356 0.052323
v -8.283500 0.762702 0.340726
vt 0.283494 0.625000
vn -0.168032 -0.985699 0.012761
v -8.028269 0.709819 -0.041255
vt 0.301662 0.652190
vn -0.164873 -0.986257 0.010664
f 550/550/550 551/551/551 552/552/552
v -7.269646 0.647282 0.926075
vt 0.355662 0.583333
vn -0.110067 -0.992811 0.047025
v -7.405105 0.670983 1.200760
vt 0.346020 0.563781
vn -0.092102 -0.995719 0.007766
v -8.486690 0.798253 0.752753
vt 0.269030 0.595671
vn -0.154227 -0.987866 -0.018320
f 553/553/553 554/554/554 555/555/555
v -7.269646 0.647282 0.926075
vt 0.355662 0.583333
vn -0.110067 -0.992811 0.047025
v -8.486690 0.798253 0.752753
vt 0.269030 0.595671
vn -0.154227 -0.987866 -0.018320
v -8.283500 0.762702 0.340726
vt 0.283494 0.625000
vn -0.168032 -0.985699 0.012761
f 556/556/556 557/557/557 558/558/558
v -7.405105 0.670983 1.200760
vt 0.346020 0.563781
vn -0.092102 -0.995719 0.007766
v -7.503552 0.673334 1.490776
vt 0.339012 0.543137
vn -0.072894 -0.996123 -0.049244
v -8.634360 0.801779 1.187777
vt 0.258519 0.564705
vn -0.138046 -0.988193 -0.066472
f 559/559/559 560/560/560 561/561/561
v -7.405105 0.670983 1.200760
vt 0.346020 0.563781
vn -0.092102 -0.995719 0.007766
v -8.634360 0.801779 1.187777
vt 0.258519 0.564705
vn -0.138046 -0.988193 -0.066472
v -8.486690 0.798253 0.752753
vt 0.269030 0.595671
vn -0.154227 -0.987866 -0.018320
f 562/562/562 563/563/563 564/564/564
v -7.503552 0.673334 1.490776
vt 0.339012 0.543137
vn -0.072894 -0.996123 -0.049244
v -7.563302 0.653363 1.791160
vt 0.334759 0.521754
vn -0.062340 -0.993356 -0.096730
v -8.723986 0.771824 1.638354
vt 0.252139 0.532632
vn -0.129179 -0.986059 -0.104880
f 565/565/565 566/566/566 567/567/567
v -7.503552 0.673334 1.490776
vt 0.339012 0.543137
vn -0.072894 -0.996123 -0.049244
v -8.723986 0.771824 1.638354
vt 0.252139 0.532632
vn -0.129179 -0.986059 -0.104880
v -8.634360 0.801779 1.187777
vt 0.258519 0.564705
vn -0.138046 -0.988193 -0.066472
f 568/568/568 569/569/569 570/570/570
v -7.563302 0.653363 1.791160
vt 0.334759 0.521754
vn -0.062340 -0.993356 -0.096730
v -7.583333 0.619325 2.096774
vt 0.333333 0.500000
vn -0.059895 -0.992072 -0.110477
v -8.754033 0.720766 2.096774
vt 0.250000 0.500000
vn -0.127332 -0.985771 -0.109737
f 571/571/571 572/572/572 573/573/573
v -7.563302 0.653363 1.791160
vt 0.334759 0.521754
vn -0.062340 -0.993356 -0.096730
v -8.754033 0.720766 2.096774
vt 0.250000 0.500000
vn -0.127332 -0.985771 -0.109737
v -8.723986 0.771824 1.638354
vt 0.252139 0.532632
vn -0.129179 -0.986059 -0.104880
f 574/574/574 575/575/575 576/576/576
v -7.583333 0.619325 2.096774
vt 0.333333 0.500000
vn -0.059895 -0.992072 -0.110477
v -7.563302 0.585287 2.402388
vt 0.334759 0.478246
vn -0.056679 -0.995091 -0.081120
v -8.723986 0.669709 2.555195
vt 0.252139 0.467368
vn -0.123837 -0.989706 -0.071737
f 577/577/577 578/578/578 579/579/579
v -7.583333 0.619325 2.096774
vt 0.333333 0.500000
vn -0.059895 -0.992072 -0.110477
v -8.723986 0.669709 2.555195
vt 0.252139 0.467368
vn -0.123837 -0.989706 -0.071737
v -8.754033 0.720766 2.096774
vt 0.250000 0.500000
vn -0.127332 -0.985771 -0.109737
f 580/580/580 581/581/581 582/582/582
v -7.563302 0.585287 2.402388
vt 0.334759 0.478246
vn -0.056679 -0.995091 -0.081120
v -7.503552 0.565316 2.702772
vt 0.339012 0.456863
vn -0.043431 -0.998892 -0.018106
v -8.634360 0.639753 3.005772
vt 0.258519 0.435295
vn -0.109216 -0.994018 -0.000307
f 583/583/583 584/584/584 585/585/585
v -7.563302 0.585287 2.402388
vt 0.334759 0.478246
vn -0.056679 -0.995091 -0.081120
v -8.634360 0.639753 3.005772
vt 0.258519 0.435295
vn -0.109216 -0.994018 -0.000307
v -8.723986 0.669709 2.555195
vt 0.252139 0.467368
vn -0.123837 -0.989706 -0.071737
f 586/586/586 587/587/587 588/588/588
v -7.503552 0.565316 2.702772
vt 0.339012 0.456863
vn -0.043431 -0.998892 -0.018106
v -7.405105 0.567667 2.992788
vt 0.346020 0.436219
vn -0.019085 -0.998366 0.053868
v -8.486690 0.643279 3.440795
vt 0.269030 0.404329
vn -0.082101 -0.993432 0.079702
f 589/589/589 590/590/590 591/591/591
v -7.503552 0.565316 2.702772
vt 0.339012 0.456863
vn -0.043431 -0.998892 -0.018106
v -8.486690 0.643279 3.440795
vt 0.269030 0.404329
vn -0.082101 -0.993432 0.079702
v -8.634360 0.639753 3.005772
vt 0.258519 0.435295
vn -0.109216 -0.994018 -0.000307
f 592/592/592 593/593/593 594/594/594
v -7.405105 0.567667 2.992788
vt 0.346020 0.436219
vn -0.019085 -0.998366 0.053868
v -7.269646 0.591368 3.267473
vt 0.355662 0.416667
vn 0.006207 -0.994234 0.107049
v -8.283500 0.678831 3.852823
vt 0.283494 0.375000
vn -0.052739 -0.988690 0.140395
f 595/595/595 596/596/596 597/597/597
v -7.405105 0.567667 2.992788
vt 0.346020 0.436219
vn -0.019085 -0.998366 0.053868
v -8.283500 0.678831 3.852823
vt 0.283494 0.375000
vn -0.052739 -0.988690 0.140395
v -8.486690 0.643279 3.440795
vt 0.269030 0.404329
vn -0.082101 -0.993432 0.079702
f 598/598/598 599/599/599 600/600/600
v -7.269646 0.591368 3.267473
vt 0.355662 0.416667
vn 0.006207 -0.994234 0.107049
v -7.099491 0.626623 3.522127
vt 0.367774 0.398540
vn 0.016710 -0.991986 0.125240
v -8.028269 0.731713 4.234803
vt 0.301662 0.347810
vn -0.037211 -0.985478 0.165673
f 601/601/601 602/602/602 603/603/603
v -7.269646 0.591368 3.267473
vt 0.355662 0.416667
vn 0.006207 -0.994234 0.107049
v -8.028269 0.731713 4.234803
vt 0.301662 0.347810
vn -0.037211 -0.985478 0.165673
v -8.283500 0.678831 3.852823
vt 0.283494 0.375000
vn -0.052739 -0.988690 0.140395
f 604/604/604 605/605/605 606/606/606
v -7.099491 0.626623 3.522127
vt 0.367774 0.398540
vn 0.016710 -0.991986 0.125240
v -6.897554 0.658862 3.752392
vt 0.382149 0.382149
vn 0.001024 -0.993968 0.109661
v -7.725363 0.780072 4.580202
vt 0.323223 0.323223
vn -0.047003 -0.986501 0.156864
f 607/607/607 608/608/608 609/609/609
v -7.099491 0.626623 3.522127
vt 0.367774 0.398540
vn 0.016710 -0.991986 0.125240
v -7.725363 0.780072 4.580202
vt 0.323223 0.323223
vn -0.047003 -0.986501 0.156864
v -8.028269 0.731713 4.234803
vt 0.301662 0.347810
vn -0.037211 -0.985478 0.165673
f 610/610/610 611/611/611 612/612/612
v -6.897554 0.658862 3.752392
vt 0.382149 0.382149
vn 0.001024 -0.993968 0.109661
v -6.667288 0.674761 3.954330
vt 0.398540 0.367774
vn -0.039521 -0.996379 0.075285
v -7.379965 0.803920 4.883108
vt 0.347810 0.301662
vn -0.080639 -0.988401 0.128687
f 613/613/613 614/614/614 615/615/615
v -6.897554 0.658862 3.752392
vt 0.382149 0.382149
vn 0.001024 -0.993968 0.109661
v -7.379965 0.803920 4.883108
vt 0.347810 0.301662
vn -0.080639 -0.988401 0.128687
v -7.725363 0.780072 4.580202
vt 0.323223 0.323223
vn -0.047003 -0.986501 0.156864
f 616/616/616 617/617/617 618/618/618
v -6.667288 0.674761 3.954330
vt 0.398540 0.367774
vn -0.039521 -0.996379 0.075285
v -6.412634 0.667748 4.124484
vt 0.416667 0.355662
vn -0.088328 -0.995198 0.042186
v -6.997984 0.793401 5.138339
vt 0.375000 0.283494
vn -0.121644 -0.987449 0.100737
f 619/619/619 620/620/620 621/621/621
v -6.667288 0.674761 3.954330
vt 0.398540 0.367774
vn -0.039521 -0.996379 0.075285
v -6.997984 0.793401 5.138339
vt 0.375000 0.283494
vn -0.121644 -0.987449 0.100737
v -7.379965 0.803920 4.883108
vt 0.347810 0.301662
vn -0.080639 -0.988401 0.128687
f 622/622/622 623/623/623 624/624/624
v -6.412634 0.667748 4.124484
vt 0.416667 0.355662
vn -0.088328 -0.995198 0.042186
v -6.137949 0.640722 4.259944
vt 0.436219 0.346020
vn -0.120743 -0.992377 0.024664
v -6.585957 0.752862 5.341528
vt 0.404329 0.269030
vn -0.145844 -0.985461 0.087155
f 625/625/625 626/626/626 627/627/627
v -6.412634 0.667748 4.124484
vt 0.416667 0.355662
vn -0.088328 -0.995198 0.042186
v -6.585957 0.752862 5.341528
vt 0.404329 0.269030
vn -0.145844 -0.985461 0.087155
v -6.997984 0.793401 5.138339
vt 0.375000 0.283494
vn -0.121644 -0.987449 0.100737
f 628/628/628 629/629/629 630/630/630
v -6.137949 0.640722 4.259944
vt 0.436219 0.346020
vn -0.120743 -0.992377 0.024664
v -5.847934 0.604853 4.358391
vt 0.456863 0.339012
vn -0.117047 -0.992828 0.024335
v -6.150933 0.699059 5.489199
vt 0.435295 0.258519
vn -0.133869 -0.986924 0.089773
f 631/631/631 632/632/632 633/633/633
v -6.137949 0.640722 4.259944
vt 0.436219 0.346020
vn -0.120743 -0.992377 0.024664
v -6.150933 0.699059 5.489199
vt 0.435295 0.258519
vn -0.133869 -0.986924 0.089773
v -6.585957 0.752862 5.341528
vt 0.404329 0.269030
vn -0.145844 -0.985461 0.087155
f 634/634/634 635/635/635 636/636/636
v -5.847934 0.604853 4.358391
vt 0.456863 0.339012
vn -0.117047 -0.992828 0.024335
v -5.547549 0.574965 4.418141
vt 0.478246 0.334759
vn -0.072289 -0.996866 0.032134
v -5.700356 0.654227 5.578824
vt 0.467368 0.252139
vn -0.080763 -0.991747 0.099578
f 637/637/637 638/638/638 639/639/639
v -5.847934 0.604853 4.358391
vt 0.456863 0.339012
vn -0.117047 -0.992828 0.024335
v -5.700356 0.654227 5.578824
vt 0.467368 0.252139
vn -0.080763 -0.991747 0.099578
v -6.150933 0.699059 5.489199
vt 0.435295 0.258519
vn -0.133869 -0.986924 0.089773
f 640/640/640 641/641/641 642/642/642
v -5.547549 0.574965 4.418141
vt 0.478246 0.334759
vn -0.072289 -0.996866 0.032134
v -5.241935 0.563411 4.438172
vt 0.500000 0.333333
vn 0.000000 -0.999335 0.036469
v -5.241935 0.636895 5.608871
vt 0.500000 0.250000
vn 0.000000 -0.994508 0.104657
f 643/643/643 644/644/644 645/645/645
v -5.547549 0.574965 4.418141
vt 0.478246 0.334759
vn -0.072289 -0.996866 0.032134
v -5.241935 0.636895 5.608871
vt 0.500000 0.250000
vn 0.000000 -0.994508 0.104657
v -5.700356 0.654227 5.578824
vt 0.467368 0.252139
vn -0.080763 -0.991747 0.099578
f 646/646/646 647/647/647 648/648/648
v -5.241935 0.563411 4.438172
vt 0.500000 0.333333
vn 0.000000 -0.999335 0.036469
v -4.936322 0.574965 4.418141
vt 0.521754 0.334759
vn 0.072289 -0.996866 0.032134
v -4.783515 0.654227 5.578824
vt 0.532632 0.252139
vn 0.080763 -0.991747 0.099578
f 649/649/649 650/650/650 651/651/651
v -5.241935 0.563411 4.438172
vt 0.500000 0.333333
vn 0.000000 -0.999335 0.036469
v -4.783515 0.654227 5.578824
vt 0.532632 0.252139
vn 0.080763 -0.991747 0.099578
v -5.241935 0.636895 5.608871
vt 0.500000 0.250000
vn 0.000000 -0.994508 0.104657
f 652/652/652 653/653/653 654/654/654
v -4.936322 0.574965 4.418141
vt 0.521754 0.334759
vn 0.072289 -0.996866 0.032134
v -4.635937 0.604853 4.358391
vt 0.543137 0.339012
vn 0.117047 -0.992828 0.024335
v -4.332938 0.699059 5.489199
vt 0.564705 0.258519
vn 0.133869 -0.986924 0.089773
f 655/655/655 656/656/656 657/657/657
v -4.936322 0.574965 4.418141
vt 0.521754 0.334759
vn 0.072289 -0.996866 0.032134
v -4.332938 0.699059 5.489199
vt 0.564705 0.258519
vn 0.133869 -0.986924 0.089773
v -4.783515 0.654227 5.578824
vt 0.532632 0.252139
vn 0.080763 -0.991747 0.099578
f 658/658/658 659/659/659 660/660/660
v -4.635937 0.604853 4.358391
vt 0.543137 0.339012
vn 0.117047 -0.992828 0.024335
v -4.345921 0.640722 4.259944
vt 0.563781 0.346020
vn 0.120743 -0.992377 0.024664
v -3.897914 0.752862 5.341528
vt 0.595671 0.269030
vn 0.145844 -0.985461 0.087155
f 661/661/661 662/662/662 663/663/663
v -4.635937 0.604853 4.358391
vt 0.543137 0.339012
vn 0.117047 -0.992828 0.024335
v -3.897914 0.752862 5.341528
vt 0.595671 0.269030
vn 0.145844 -0.985461 0.087155
v -4.332938 0.699059 5.489199
vt 0.564705 0.258519
vn 0.133869 -0.986924 0.089773
f 664/664/664 665/665/665 666/666/666
v -4.345921 0.640722 4.259944
vt 0.563781 0.346020
vn 0.120743 -0.992377 0.024664
v -4.071237 0.667748 4.124484
vt 0.583333 0.355662
vn 0.088328 -0.995198 0.042187
v -3.485887 0.793401 5.138339
vt 0.625000 0.283494
vn 0.121644 -0.987449 0.100737
f 667/667/667 668/668/668 669/669/669
v -4.345921 0.640722 4.259944
vt 0.563781 0.346020
vn 0.120743 -0.992377 0.024664
v -3.485887 0.793401 5.138339
vt 0.625000 0.283494
vn 0.121644 -0.987449 0.100737
v -3.897914 0.752862 5.341528
vt 0.595671 0.269030
vn 0.145844 -0.985461 0.087155
f 670/670/670 671/671/671 672/672/672
v -4.071237 0.667748 4.124484
vt 0.583333 0.355662
vn 0.088328 -0.995198 0.042187
v -3.816583 0.674761 3.954330
vt 0.601460 0.367774
vn 0.039521 -0.996379 0.075285
v -3.103906 0.803920 4.883108
vt 0.652190 0.301662
vn 0.080639 -0.988401 0.128687
f 673/673/673 674/674/674 675/675/675
v -4.071237 0.667748 4.124484
vt 0.583333 0.355662
vn 0.088328 -0.995198 0.042187
v -3.103906 0.803920 4.883108
vt 0.652190 0.301662
vn 0.080639 -0.988401 0.128687
v -3.485887 0.793401 5.138339
vt 0.625000 0.283494
vn 0.121644 -0.987449 0.100737
f 676/676/676 677/677/677 678/678/678
v -3.816583 0.674761 3.954330
vt 0.601460 0.367774
vn 0.039521 -0.996379 0.075285
v -3.586317 0.658862 3.752392
vt 0.617851 0.382149
vn -0.001024 -0.993969 0.109661
v -2.758508 0.780072 4.580202
vt 0.676777 0.323223
vn 0.047003 -0.986501 0.156864
f 679/679/679 680/680/680 681/681/681
v -3.816583 0.674761 3.954330
vt 0.601460 0.367774
vn 0.039521 -0.996379 0.075285
v -2.758508 0.780072 4.580202
vt 0.676777 0.323223
vn 0.047003 -0.986501 0.156864
v -3.103906 0.803920 4.883108
vt 0.652190 0.301662
vn 0.080639 -0.988401 0.128687
f 682/682/682 683/683/683 684/684/684
v -3.586317 0.658862 3.752392
vt 0.617851 0.382149
vn -0.001024 -0.993969 0.109661
v -3.384380 0.626623 3.522127
vt 0.632226 0.398540
vn -0.016710 -0.991986 0.125240
v -2.455602 0.731713 4.234803
vt 0.698338 0.347810
vn 0.037211 -0.985479 0.165673
f 685/685/685 686/686/686 687/687/687
v -3.586317 0.658862 3.752392
vt 0.617851 0.382149
vn -0.001024 -0.993969 0.109661
v -2.455602 0.731713 4.234803
vt 0.698338 0.347810
vn 0.037211 -0.985479 0.165673
v -2.758508 0.780072 4.580202
vt 0.676777 0.323223
vn 0.047003 -0.986501 0.156864
f 688/688/688 689/689/689 690/690/690
v -3.384380 0.626623 3.522127
vt 0.632226 0.398540
vn -0.016710 -0.991986 0.125240
v -3.214225 0.591368 3.267473
vt 0.644338 0.416667
vn -0.006207 -0.994234 0.107049
v -2.200371 0.678831 3.852823
vt 0.716506 0.375000
vn 0.052739 -0.988690 0.140394
f 691/691/691 692/692/692 693/693/693
v -3.384380 0.626623 3.522127
vt 0.632226 0.398540
vn -0.016710 -0.991986 0.125240
v -2.200371 0.678831 3.852823
vt 0.716506 0.375000
vn 0.052739 -0.988690 0.140394
v -2.455602 0.731713 4.234803
vt 0.698338 0.347810
vn 0.037211 -0.985479 0.165673
f 694/694/694 695/695/695 696/696/696
v -3.214225 0.591368 3.267473
vt 0.644338 0.416667
vn -0.006207 -0.994234 0.107049
v -3.078766 0.567667 2.992788
vt 0.653980 0.436219
vn 0.019085 -0.998366 0.053868
v -1.997181 0.643279 3.440795
vt 0.730970 0.404329
vn 0.082101 -0.993432 0.079702
f 697/697/697 698/698/698 699/699/699
v -3.214225 0.591368 3.267473
vt 0.644338 0.416667
vn -0.006207 -0.994234 0.107049
v -1.997181 0.643279 3.440795
vt 0.730970 0.404329
vn 0.082101 -0.993432 0.079702
v -2.200371 0.678831 3.852823
vt 0.716506 0.375000
vn 0.052739 -0.988690 0.140394
f 700/700/700 701/701/701 702/702/702
v -3.078766 0.567667 2.992788
vt 0.653980 0.436219
vn 0.019085 -0.998366 0.053868
v -2.980319 0.565316 2.702772
vt 0.660988 0.456863
vn 0.043431 -0.998892 -0.018106
v -1.849510 0.639753 3.005772
vt 0.741481 0.435295
vn 0.109216 -0.994018 -0.000307
f 703/703/703 704/704/704 705/705/705
v -3.078766 0.567667 2.992788
vt 0.653980 0.436219
vn 0.019085 -0.998366 0.053868
v -1.849510 0.639753 3.005772
vt 0.741481 0.435295
vn 0.109216 -0.994018 -0.000307
v -1.997181 0.643279 3.440795
vt 0.730970 0.404329
vn 0.082101 -0.993432 0.079702
f 706/706/706 707/707/707 708/708/708
v -2.980319 0.565316 2.702772
vt 0.660988 0.456863
vn 0.043431 -0.998892 -0.018106
v -2.920568 0.585287 2.402388
vt 0.665241 0.478246
vn 0.056679 -0.995091 -0.081120
v -1.759885 0.669709 2.555195
vt 0.747861 0.467368
vn 0.123837 -0.989706 -0.071737
f 709/709/709 710/710/710 711/711/711
v -2.980319 0.565316 2.702772
vt 0.660988 0.456863
vn 0.043431 -0.998892 -0.018106
v -1.759885 0.669709 2.555195
vt 0.747861 0.467368
vn 0.123837 -0.989706 -0.071737
v -1.849510 0.639753 3.005772
vt 0.741481 0.435295
vn 0.109216 -0.994018 -0.000307
f 712/712/712 713/713/713 714/714/714
v -2.920568 0.585287 2.402388
vt 0.665241 0.478246
vn 0.056679 -0.995091 -0.081120
v -2.900538 0.619325 2.096774
vt 0.666667 0.500000
vn 0.059895 -0.992072 -0.110477
v -1.729839 0.720766 2.096774
vt 0.750000 0.500000
vn 0.127332 -0.985771 -0.109737
f 715/715/715 716/716/716 717/717/717
v -2.920568 0.585287 2.402388
vt 0.665241 0.478246
vn 0.056679 -0.995091 -0.081120
v -1.729839 0.720766 2.096774
vt 0.750000 0.500000
vn 0.127332 -0.985771 -0.109737
v -1.759885 0.669709 2.555195
vt 0.747861 0.467368
vn 0.123837 -0.989706 -0.071737
f 718/718/718 719/719/719 720/720/720
v -1.729839 0.720766 2.096774
vt 0.750000 0.500000
vn 0.127332 -0.985771 -0.109737
v -1.759885 0.771824 1.638354
vt 0.747861 0.532632
vn 0.129179 -0.986059 -0.104880
v -0.599202 0.986386 1.485547
vt 0.830482 0.543509
vn 0.219108 -0.968880 -0.115165
f 721/721/721 722/722/722 723/723/723
v -1.729839 0.720766 2.096774
vt 0.750000 0.500000
vn 0.127332 -0.985771 -0.109737
v -0.599202 0.986386 1.485547
vt 0.830482 0.543509
vn 0.219108 -0.968880 -0.115165
v -0.559140 0.918309 2.096774
vt 0.833333 0.500000
vn 0.218274 -0.969904 -0.107900
f 724/724/724 725/725/725 726/726/726
v -1.759885 0.771824 1.638354
vt 0.747861 0.532632
vn 0.129179 -0.986059 -0.104880
v -1.849510 0.801779 1.187777
vt 0.741481 0.564705
vn 0.138046 -0.988193 -0.066472
v -0.718702 1.026327 0.884777
vt 0.821975 0.586273
vn 0.225491 -0.970138 -0.089363
f 727/727/727 728/728/728 729/729/729
v -1.759885 0.771824 1.638354
vt 0.747861 0.532632
vn 0.129179 -0.986059 -0.104880
v -0.718702 1.026327 0.884777
vt 0.821975 0.586273
vn 0.225491 -0.970138 -0.089363
v -0.599202 0.986386 1.485547
vt 0.830482 0.543509
vn 0.219108 -0.968880 -0.115165
f 730/730/730 731/731/731 732/732/732
v -1.849510 0.801779 1.187777
vt 0.741481 0.564705
vn 0.138046 -0.988193 -0.066472
v -1.997181 0.798253 0.752753
vt 0.730970 0.595671
vn 0.154227 -0.987866 -0.018320
v -0.915596 1.021625 0.304746
vt 0.807960 0.627561
vn 0.237450 -0.969919 -0.053623
f 733/733/733 734/734/734 735/735/735
v -1.849510 0.801779 1.187777
vt 0.741481 0.564705
vn 0.138046 -0.988193 -0.066472
v -0.915596 1.021625 0.304746
vt 0.807960 0.627561
vn 0.237450 -0.969919 -0.053623
v -0.718702 1.026327 0.884777
vt 0.821975 0.586273
vn 0.225491 -0.970138 -0.089363
f 736/736/736 737/737/737 738/738/738
v -1.997181 0.798253 0.752753
vt 0.730970 0.595671
vn 0.154227 -0.987866 -0.018320
v -2.200371 0.762702 0.340726
vt 0.716506 0.625000
vn 0.168032 -0.985699 0.012761
v -1.186515 0.974223 -0.244624
vt 0.788675 0.666667
vn 0.245624 -0.968770 -0.033959
f 739/739/739 740/740/740 741/741/741
v -1.997181 0.798253 0.752753
vt 0.730970 0.595671
vn 0.154227 -0.987866 -0.018320
v -1.186515 0.974223 -0.244624
vt 0.788675 0.666667
vn 0.245624 -0.968770 -0.033959
v -0.915596 1.021625 0.304746
vt 0.807960 0.627561
vn 0.237450 -0.969919 -0.053623
f 742/742/742 743/743/743 744/744/744
v -2.200371 0.762702 0.340726
vt 0.716506 0.625000
vn 0.168032 -0.985699 0.012761
v -2.455602 0.709819 -0.041255
vt 0.698338 0.652190
vn 0.164873 -0.986257 0.010664
v -1.526824 0.903713 -0.753931
vt 0.764451 0.702920
vn 0.236034 -0.970646 -0.046210
f 745/745/745 746/746/746 747/747/747
v -2.200371 0.762702 0.340726
vt 0.716506 0.625000
vn 0.168032 -0.985699 0.012761
v -1.526824 0.903713 -0.753931
vt 0.764451 0.702920
vn 0.236034 -0.970646 -0.046210
v -1.186515 0.974223 -0.244624
vt 0.788675 0.666667
vn 0.245624 -0.968770 -0.033959
f 748/748/748 749/749/749 750/750/750
v -2.455602 0.709819 -0.041255
vt 0.698338 0.652190
vn 0.164873 -0.986257 0.010664
v -2.758508 0.661460 -0.386653
vt 0.676777 0.676777
vn 0.133683 -0.990744 -0.023579
v -1.930699 0.839235 -1.214462
vt 0.735702 0.735702
vn 0.197773 -0.976162 -0.089407
f 751/751/751 752/752/752 753/753/753
v -2.455602 0.709819 -0.041255
vt 0.698338 0.652190
vn 0.164873 -0.986257 0.010664
v -1.930699 0.839235 -1.214462
vt 0.735702 0.735702
vn 0.197773 -0.976162 -0.089407
v -1.526824 0.903713 -0.753931
vt 0.764451 0.702920
vn 0.236034 -0.970646 -0.046210
f 754/754/754 755/755/755 756/756/756
v -2.758508 0.661460 -0.386653
vt 0.676777 0.676777
vn 0.133683 -0.990744 -0.023579
v -3.103906 0.637613 -0.689559
vt 0.652190 0.698338
vn 0.075258 -0.994384 -0.074409
v -2.391230 0.807438 -1.618337
vt 0.702920 0.764451
vn 0.131312 -0.980258 -0.147825
f 757/757/757 758/758/758 759/759/759
v -2.758508 0.661460 -0.386653
vt 0.676777 0.676777
vn 0.133683 -0.990744 -0.023579
v -2.391230 0.807438 -1.618337
vt 0.702920 0.764451
vn 0.131312 -0.980258 -0.147825
v -1.930699 0.839235 -1.214462
vt 0.735702 0.735702
vn 0.197773 -0.976162 -0.089407
f 760/760/760 761/761/761 762/762/762
v -3.103906 0.637613 -0.689559
vt 0.652190 0.698338
vn 0.075258 -0.994384 -0.074409
v -3.485887 0.648132 -0.944791
vt 0.625000 0.716506
vn 0.006080 -0.992660 -0.120785
v -2.900538 0.821464 -1.958646
vt 0.666667 0.788675
vn 0.052892 -0.978337 -0.200148
f 763/763/763 764/764/764 765/765/765
v -3.103906 0.637613 -0.689559
vt 0.652190 0.698338
vn 0.075258 -0.994384 -0.074409
v -2.900538 0.821464 -1.958646
vt 0.666667 0.788675
vn 0.052892 -0.978337 -0.200148
v -2.391230 0.807438 -1.618337
vt 0.702920 0.764451
vn 0.131312 -0.980258 -0.147825
f 766/766/766 767/767/767 768/768/768
v -3.485887 0.648132 -0.944791
vt 0.625000 0.716506
vn 0.006080 -0.992660 -0.120785
v -3.897914 0.688670 -1.147980
vt 0.595671 0.730970
vn -0.048423 -0.987748 -0.148358
v -3.449907 0.875515 -2.229565
vt 0.627561 0.807960
vn -0.011932 -0.972605 -0.232157
f 769/769/769 770/770/770 771/771/771
v -3.485887 0.648132 -0.944791
vt 0.625000 0.716506
vn 0.006080 -0.992660 -0.120785
v -3.449907 0.875515 -2.229565
vt 0.627561 0.807960
vn -0.011932 -0.972605 -0.232157
v -2.900538 0.821464 -1.958646
vt 0.666667 0.788675
vn 0.052892 -0.978337 -0.200148
f 772/772/772 773/773/773 774/774/774
v -3.897914 0.688670 -1.147980
vt 0.595671 0.730970
vn -0.048423 -0.987748 -0.148358
v -4.332938 0.742474 -1.295651
vt 0.564705 0.741481
vn -0.067850 -0.985380 -0.156280
v -4.029939 0.947253 -2.426459
vt 0.586273 0.821975
vn -0.042618 -0.968980 -0.243435
f 775/775/775 776/776/776 777/777/777
v -3.897914 0.688670 -1.147980
vt 0.595671 0.730970
vn -0.048423 -0.987748 -0.148358
v -4.029939 0.947253 -2.426459
vt 0.586273 0.821975
vn -0.042618 -0.968980 -0.243435
v -3.449907 0.875515 -2.229565
vt 0.627561 0.807960
vn -0.011932 -0.972605 -0.232157
f 778/778/778 779/779/779 780/780/780
v -4.332938 0.742474 -1.295651
vt 0.564705 0.741481
vn -0.067850 -0.985380 -0.156280
v -4.783515 0.787305 -1.385276
vt 0.532632 0.747861
vn -0.047245 -0.986979 -0.153752
v -4.630708 1.007029 -2.545959
vt 0.543509 0.830482
vn -0.034247 -0.969358 -0.243252
f 781/781/781 782/782/782 783/783/783
v -4.332938 0.742474 -1.295651
vt 0.564705 0.741481
vn -0.067850 -0.985380 -0.156280
v -4.630708 1.007029 -2.545959
vt 0.543509 0.830482
vn -0.034247 -0.969358 -0.243252
v -4.029939 0.947253 -2.426459
vt 0.586273 0.821975
vn -0.042618 -0.968980 -0.243435
f 784/784/784 785/785/785 786/786/786
v -4.783515 0.787305 -1.385276
vt 0.532632 0.747861
vn -0.047245 -0.986979 -0.153752
v -5.241935 0.804637 -1.415323
vt 0.500000 0.750000
vn 0.000000 -0.988473 -0.151398
v -5.241935 1.030137 -2.586022
vt 0.500000 0.833333
vn 0.000000 -0.970330 -0.241784
f 787/787/787 788/788/788 789/789/789
v -4.783515 0.787305 -1.385276
vt 0.532632 0.747861
vn -0.047245 -0.986979 -0.153752
v -5.241935 1.030137 -2.586022
vt 0.500000 0.833333
vn 0.000000 -0.970330 -0.241784
v -4.630708 1.007029 -2.545959
vt 0.543509 0.830482
vn -0.034247 -0.969358 -0.243252
f 790/790/790 791/791/791 792/792/792
v -5.241935 0.804637 -1.415323
vt 0.500000 0.750000
vn 0.000000 -0.988473 -0.151398
v -5.700356 0.787305 -1.385276
vt 0.467368 0.747861
vn 0.047245 -0.986979 -0.153752
v -5.853163 1.007029 -2.545959
vt 0.456491 0.830482
vn 0.034247 -0.969358 -0.243252
f 793/793/793 794/794/794 795/795/795
v -5.241935 0.804637 -1.415323
vt 0.500000 0.750000
vn 0.000000 -0.988473 -0.151398
v -5.853163 1.007029 -2.545959
vt 0.456491 0.830482
vn 0.034247 -0.969358 -0.243252
v -5.241935 1.030137 -2.586022
vt 0.500000 0.833333
vn 0.000000 -0.970330 -0.241784
f 796/796/796 797/797/797 798/798/798
v -5.700356 0.787305 -1.385276
vt 0.467368 0.747861
vn 0.047245 -0.986979 -0.153752
v -6.150933 0.742474 -1.295651
vt 0.435295 0.741481
vn 0.067850 -0.985379 -0.156281
v -6.453932 0.947253 -2.426459
vt 0.413727 0.821975
vn 0.042618 -0.968980 -0.243435
f 799/799/799 800/800/800 801/801/801
v -5.700356 0.787305 -1.385276
vt 0.467368 0.747861
vn 0.047245 -0.986979 -0.153752
v -6.453932 0.947253 -2.426459
vt 0.413727 0.821975
vn 0.042618 -0.968980 -0.243435
v -5.853163 1.007029 -2.545959
vt 0.456491 0.830482
vn 0.034247 -0.969358 -0.243252
f 802/802/802 803/803/803 804/804/804
v -6.150933 0.742474 -1.295651
vt 0.435295 0.741481
vn 0.067850 -0.985379 -0.156281
v -6.585957 0.688670 -1.147980
vt 0.404329 0.730970
vn 0.048423 -0.987748 -0.148358
v -7.033964 0.875515 -2.229565
vt 0.372439 0.807960
vn 0.011932 -0.972605 -0.232157
f 805/805/805 806/806/806 807/807/807
v -6.150933 0.742474 -1.295651
vt 0.435295 0.741481
vn 0.067850 -0.985379 -0.156281
v -7.033964 0.875515 -2.229565
vt 0.372439 0.807960
vn 0.011932 -0.972605 -0.232157
v -6.453932 0.947253 -2.426459
vt 0.413727 0.821975
vn 0.042618 -0.968980 -0.243435
f 808/808/808 809/809/809 810/810/810
v -6.585957 0.688670 -1.147980
vt 0.404329 0.730970
vn 0.048423 -0.987748 -0.148358
v -6.997984 0.648132 -0.944791
vt 0.375000 0.716506
vn -0.006080 -0.992660 -0.120785
v -7.583333 0.821464 -1.958646
vt 0.333333 0.788675
vn -0.052892 -0.978337 -0.200148
f 811/811/811 812/812/812 813/813/813
v -6.585957 0.688670 -1.147980
vt 0.404329 0.730970
vn 0.048423 -0.987748 -0.148358
v -7.583333 0.821464 -1.958646
vt 0.333333 0.788675
vn -0.052892 -0.978337 -0.200148
v -7.033964 0.875515 -2.229565
vt 0.372439 0.807960
vn 0.011932 -0.972605 -0.232157
f 814/814/814 815/815/815 816/816/816
v -6.997984 0.648132 -0.944791
vt 0.375000 0.716506
vn -0.006080 -0.992660 -0.120785
v -7.379965 0.637613 -0.689559
vt 0.347810 0.698338
vn -0.075258 -0.994384 -0.074409
v -8.092641 0.807438 -1.618337
vt 0.297080 0.764451
vn -0.131312 -0.980258 -0.147825
f 817/817/817 818/818/818 819/819/819
v -6.997984 0.648132 -0.944791
vt 0.375000 0.716506
vn -0.006080 -0.992660 -0.120785
v -8.092641 0.807438 -1.618337
vt 0.297080 0.764451
vn -0.131312 -0.980258 -0.147825
v -7.583333 0.821464 -1.958646
vt 0.333333 0.788675
vn -0.052892 -0.978337 -0.200148
f 820/820/820 821/821/821 822/822/822
v -7.379965 0.637613 -0.689559
vt 0.347810 0.698338
vn -0.075258 -0.994384 -0.074409
v -7.725363 0.661460 -0.386653
vt 0.323223 0.676777
vn -0.133683 -0.990744 -0.023579
v -8.553172 0.839235 -1.214462
vt 0.264298 0.735702
vn -0.197773 -0.976162 -0.089407
f 823/823/823 824/824/824 825/825/825
v -7.379965 0.637613 -0.689559
vt 0.347810 0.698338
vn -0.075258 -0.994384 -0.074409
v -8.553172 0.839235 -1.214462
vt 0.264298 0.735702
vn -0.197773 -0.976162 -0.089407
v -8.092641 0.807438 -1.618337
vt 0.297080 0.764451
vn -0.131312 -0.980258 -0.147825
f 826/826/826 827/827/827 828/828/828
v -7.725363 0.661460 -0.386653
vt 0.323223 0.676777
vn -0.133683 -0.990744 -0.023579
v -8.028269 0.709819 -0.041255
vt 0.301662 0.652190
vn -0.164873 -0.986257 0.010664
v -8.957047 0.903713 -0.753931
vt 0.235549 0.702920
vn -0.236034 -0.970646 -0.046210
f 829/829/829 830/830/830 831/831/831
v -7.725363 0.661460 -0.386653
vt 0.323223 0.676777
vn -0.133683 -0.990744 -0.023579
v -8.957047 0.903713 -0.753931
vt 0.235549 0.702920
vn -0.236034 -0.970646 -0.046210
v -8.553172 0.839235 -1.214462
vt 0.264298 0.735702
vn -0.197773 -0.976162 -0.089407
f 832/832/832 833/833/833 834/834/834
v -8.028269 0.709819 -0.041255
vt 0.301662 0.652190
vn -0.164873 -0.986257 0.010664
v -8.283500 0.762702 0.340726
vt 0.283494 0.625000
vn -0.168032 -0.985699 0.012761
v -9.297356 0.974223 -0.244624
vt 0.211325 0.666667
vn -0.245624 -0.968770 -0.033959
f 835/835/835 836/836/836 837/837/837
v -8.028269 0.709819 -0.041255
vt 0.301662 0.652190
vn -0.164873 -0.986257 0.010664
v -9.297356 0.974223 -0.244624
vt 0.211325 0.666667
vn -0.245624 -0.968770 -0.033959
v -8.957047 0.903713 -0.753931
vt 0.235549 0.702920
vn -0.236034 -0.970646 -0.046210
f 838/838/838 839/839/839 840/840/840
v -8.283500 0.762702 0.340726
vt 0.283494 0.625000
vn -0.168032 -0.985699 0.012761
v -8.486690 0.798253 0.752753
vt 0.269030 0.595671
vn -0.154227 -0.987866 -0.018320
v -9.568275 1.021625 0.304746
vt 0.192040 0.627561
vn -0.237450 -0.969918 -0.053623
f 841/841/841 842/842/842 843/843/843
v -8.283500 0.762702 0.340726
vt 0.283494 0.625000
vn -0.168032 -0.985699 0.012761
v -9.568275 1.021625 0.304746
vt 0.192040 0.627561
vn -0.237450 -0.969918 -0.053623
v -9.297356 0.974223 -0.244624
vt 0.211325 0.666667
vn -0.245624 -0.968770 -0.033959
f 844/844/844 845/845/845 846/846/846
v -8.486690 0.798253 0.752753
vt 0.269030 0.595671
vn -0.154227 -0.987866 -0.018320
v -8.634360 0.801779 1.187777
vt 0.258519 0.564705
vn -0.138046 -0.988193 -0.066472
v -9.765168 1.026327 0.884777
vt 0.178025 0.586273
vn -0.225491 -0.970138 -0.089363
f 847/847/847 848/848/848 849/849/849
v -8.486690 0.798253 0.752753
vt 0.269030 0.595671
vn -0.154227 -0.987866 -0.018320
v -9.765168 1.026327 0.884777
vt 0.178025 0.586273
vn -0.225491 -0.970138 -0.089363
v -9.568275 1.021625 0.304746
vt 0.192040 0.627561
vn -0.237450 -0.969918 -0.053623
f 850/850/850 851/851/851 852/852/852
v -8.634360 0.801779 1.187777
vt 0.258519 0.564705
vn -0.138046 -0.988193 -0.066472
v -8.723986 0.771824 1.638354
vt 0.252139 0.532632
vn -0.129179 -0.986059 -0.104880
v -9.884669 0.986386 1.485547
vt 0.169518 0.543509
vn -0.219108 -0.968880 -0.115165
f 853/853/853 854/854/854 855/855/855
v -8.634360 0.801779 1.187777
vt 0.258519 0.564705
vn -0.138046 -0.988193 -0.066472
v -9.884669 0.986386 1.485547
vt 0.169518 0.543509
vn -0.219108 -0.968880 -0.115165
v -9.765168 1.026327 0.884777
vt 0.178025 0.586273
vn -0.225491 -0.970138 -0.089363
f 856/856/856 857/857/857 858/858/858
v -8.723986 0.771824 1.638354
vt 0.252139 0.532632
vn -0.129179 -0.986059 -0.104880
v -8.754033 0.720766 2.096774
vt 0.250000 0.500000
vn -0.127332 -0.985771 -0.109737
v -9.924731 0.918309 2.096774
vt 0.166667 0.500000
vn -0.218274 -0.969904 -0.107900
f 859/859/859 860/860/860 861/861/861
v -8.723986 0.771824 1.638354
vt 0.252139 0.532632
vn -0.129179 -0.986059 -0.104880
v -9.924731 0.918309 2.096774
vt 0.166667 0.500000
vn -0.218274 -0.969904 -0.107900
v -9.884669 0.986386 1.485547
vt 0.169518 0.543509
vn -0.219108 -0.968880 -0.115165
f 862/862/862 863/863/863 864/864/864
v -8.754033 0.720766 2.096774
vt 0.250000 0.500000
vn -0.127332 -0.985771 -0.109737
v -8.723986 0.669709 2.555195
vt 0.252139 0.467368
vn -0.123837 -0.989706 -0.071737
v -9.884669 0.850233 2.708002
vt 0.169518 0.456491
vn -0.214581 -0.974959 -0.058390
f 865/865/865 866/866/866 867/867/867
v -8.754033 0.720766 2.096774
vt 0.250000 0.500000
vn -0.127332 -0.985771 -0.109737
v -9.884669 0.850233 2.708002
vt 0.169518 0.456491
vn -0.214581 -0.974959 -0.058390
v -9.924731 0.918309 2.096774
vt 0.166667 0.500000
vn -0.218274 -0.969904 -0.107900
f 868/868/868 869/869/869 870/870/870
v -8.723986 0.669709 2.555195
vt 0.252139 0.467368
vn -0.123837 -0.989706 -0.071737
v -8.634360 0.639753 3.005772
vt 0.258519 0.435295
vn -0.109216 -0.994018 -0.000307
v -9.765168 0.810292 3.308771
vt 0.178025 0.413727
vn -0.198276 -0.979852 0.024014
f 871/871/871 872/872/872 873/873/873
v -8.723986 0.669709 2.555195
vt 0.252139 0.467368
vn -0.123837 -0.989706 -0.071737
v -9.765168 0.810292 3.308771
vt 0.178025 0.413727
vn -0.198276 -0.979852 0.024014
v -9.884669 0.850233 2.708002
vt 0.169518 0.456491
vn -0.214581 -0.974959 -0.058390
f 874/874/874 875/875/875 876/876/876
v -8.634360 0.639753 3.005772
vt 0.258519 0.435295
vn -0.109216 -0.994018 -0.000307
v -8.486690 0.643279 3.440795
vt 0.269030 0.404329
vn -0.082101 -0.993432 0.079702
v -9.568275 0.814994 3.888803
vt 0.192040 0.372439
vn -0.167572 -0.979200 0.114396
f 877/877/877 878/878/878 879/879/879
v -8.634360 0.639753 3.005772
vt 0.258519 0.435295
vn -0.109216 -0.994018 -0.000307
v -9.568275 0.814994 3.888803
vt 0.192040 0.372439
vn -0.167572 -0.979200 0.114396
v -9.765168 0.810292 3.308771
vt 0.178025 0.413727
vn -0.198276 -0.979852 0.024014
f 880/880/880 881/881/881 882/882/882
v -8.486690 0.643279 3.440795
vt 0.269030 0.404329
vn -0.082101 -0.993432 0.079702
v -8.283500 0.678831 3.852823
vt 0.283494 0.375000
vn -0.052739 -0.988690 0.140395
v -9.297356 0.862395 4.438172
vt 0.211325 0.333333
vn -0.132786 -0.973756 0.184845
f 883/883/883 884/884/884 885/885/885
v -8.486690 0.643279 3.440795
vt 0.269030 0.404329
vn -0.082101 -0.993432 0.079702
v -9.297356 0.862395 4.438172
vt 0.211325 0.333333
vn -0.132786 -0.973756 0.184845
v -9.568275 0.814994 3.888803
vt 0.192040 0.372439
vn -0.167572 -0.979200 0.114396
f 886/886/886 887/887/887 888/888/888
v -8.283500 0.678831 3.852823
vt 0.283494 0.375000
vn -0.052739 -0.988690 0.140395
v -8.028269 0.731713 4.234803
vt 0.301662 0.347810
vn -0.037211 -0.985478 0.165673
v -8.957047 0.932906 4.947480
vt 0.235549 0.297080
vn -0.110385 -0.969348 0.219499
f 889/889/889 890/890/890 891/891/891
v -8.283500 0.678831 3.852823
vt 0.283494 0.375000
vn -0.052739 -0.988690 0.140395
v -8.957047 0.932906 4.947480
vt 0.235549 0.297080
vn -0.110385 -0.969348 0.219499
v -9.297356 0.862395 4.438172
vt 0.211325 0.333333
vn -0.132786 -0.973756 0.184845
f 892/892/892 893/893/893 894/894/894
v -8.028269 0.731713 4.234803
vt 0.301662 0.347810
vn -0.037211 -0.985478 0.165673
v -7.725363 0.780072 4.580202
vt 0.323223 0.323223
vn -0.047003 -0.986501 0.156864
v -8.553172 0.997384 5.408011
vt 0.264298 0.264298
vn -0.111949 -0.969089 0.219848
f 895/895/895 896/896/896 897/897/897
v -8.028269 0.731713 4.234803
vt 0.301662 0.347810
vn -0.037211 -0.985478 0.165673
v -8.553172 0.997384 5.408011
vt 0.264298 0.264298
vn -0.111949 -0.969089 0.219848
v -8.957047 0.932906 4.947480
vt 0.235549 0.297080
vn -0.110385 -0.969348 0.219499
f 898/898/898 899/899/899 900/900/900
v -7.725363 0.780072 4.580202
vt 0.323223 0.323223
vn -0.047003 -0.986501 0.156864
v -7.379965 0.803920 4.883108
vt 0.347810 0.301662
vn -0.080639 -0.988401 0.128687
v -8.092641 1.029181 5.811886
vt 0.297080 0.235549
vn -0.135872 -0.970281 0.200235
f 901/901/901 902/902/902 903/903/903
v -7.725363 0.780072 4.580202
vt 0.323223 0.323223
vn -0.047003 -0.986501 0.156864
v -8.092641 1.029181 5.811886
vt 0.297080 0.235549
vn -0.135872 -0.970281 0.200235
v -8.553172 0.997384 5.408011
vt 0.264298 0.264298
vn -0.111949 -0.969089 0.219848
f 904/904/904 905/905/905 906/906/906
v -7.379965 0.803920 4.883108
vt 0.347810 0.301662
vn -0.080639 -0.988401 0.128687
v -6.997984 0.793401 5.138339
vt 0.375000 0.283494
vn -0.121644 -0.987449 0.100737
v -7.583333 1.015155 6.152194
vt 0.333333 0.211325
vn -0.165986 -0.969648 0.179533
f 907/907/907 908/908/908 909/909/909
v -7.379965 0.803920 4.883108
vt 0.347810 0.301662
vn -0.080639 -0.988401 0.128687
v -7.583333 1.015155 6.152194
vt 0.333333 0.211325
vn -0.165986 -0.969648 0.179533
v -8.092641 1.029181 5.811886
vt 0.297080 0.235549
vn -0.135872 -0.970281 0.200235
f 910/910/910 911/911/911 912/912/912
v -6.997984 0.793401 5.138339
vt 0.375000 0.283494
vn -0.121644 -0.987449 0.100737
v -6.585957 0.752862 5.341528
vt 0.404329 0.269030
vn -0.145844 -0.985461 0.087155
v -7.033964 0.961104 6.423113
vt 0.372439 0.192040
vn -0.178903 -0.968794 0.171556
f 913/913/913 914/914/914 915/915/915
v -6.997984 0.793401 5.138339
vt 0.375000 0.283494
vn -0.121644 -0.987449 0.100737
v -7.033964 0.961104 6.423113
vt 0.372439 0.192040
vn -0.178903 -0.968794 0.171556
v -7.583333 1.015155 6.152194
vt 0.333333 0.211325
vn -0.165986 -0.969648 0.179533
f 916/916/916 917/917/917 918/918/918
v -6.585957 0.752862 5.341528
vt 0.404329 0.269030
vn -0.145844 -0.985461 0.087155
v -6.150933 0.699059 5.489199
vt 0.435295 0.258519
vn -0.133869 -0.986924 0.089773
v -6.453932 0.889366 6.620008
vt 0.413727 0.178025
vn -0.155803 -0.971555 0.178342
f 919/919/919 920/920/920 921/921/921
v -6.585957 0.752862 5.341528
vt 0.404329 0.269030
vn -0.145844 -0.985461 0.087155
v -6.453932 0.889366 6.620008
vt 0.413727 0.178025
vn -0.155803 -0.971555 0.178342
v -7.033964 0.961104 6.423113
vt 0.372439 0.192040
vn -0.178903 -0.968794 0.171556
f 922/922/922 923/923/923 924/924/924
v -6.150933 0.699059 5.489199
vt 0.435295 0.258519
vn -0.133869 -0.986924 0.089773
v -5.700356 0.654227 5.578824
vt 0.467368 0.252139
vn -0.080763 -0.991747 0.099578
v -5.853163 0.829590 6.739508
vt 0.456491 0.169518
vn -0.091731 -0.977307 0.190938
f 925/925/925 926/926/926 927/927/927
v -6.150933 0.699059 5.489199
vt 0.435295 0.258519
vn -0.133869 -0.986924 0.089773
v -5.853163 0.829590 6.739508
vt 0.456491 0.169518
vn -0.091731 -0.977307 0.190938
v -6.453932 0.889366 6.620008
vt 0.413727 0.178025
vn -0.155803 -0.971555 0.178342
f 928/928/928 929/929/929 930/930/930
v -5.700356 0.654227 5.578824
vt 0.467368 0.252139
vn -0.080763 -0.991747 0.099578
v -5.241935 0.636895 5.608871
vt 0.500000 0.250000
vn 0.000000 -0.994508 0.104657
v -5.241935 0.806481 6.779570
vt 0.500000 0.166667
vn -0.000000 -0.980395 0.197041
f 931/931/931 932/932/932 933/933/933
v -5.700356 0.654227 5.578824
vt 0.467368 0.252139
vn -0.080763 -0.991747 0.099578
v -5.241935 0.806481 6.779570
vt 0.500000 0.166667
vn -0.000000 -0.980395 0.197041
v -5.853163 0.829590 6.739508
vt 0.456491 0.169518
vn -0.091731 -0.977307 0.190938
f 934/934/934 935/935/935 936/936/936
v -5.241935 0.636895 5.608871
vt 0.500000 0.250000
vn 0.000000 -0.994508 0.104657
v -4.783515 0.654227 5.578824
vt 0.532632 0.252139
vn 0.080763 -0.991747 0.099578
v -4.630708 0.829590 6.739508
vt 0.543509 0.169518
vn 0.091731 -0.977307 0.190938
f 937/937/937 938/938/938 939/939/939
v -5.241935 0.636895 5.608871
vt 0.500000 0.250000
vn 0.000000 -0.994508 0.104657
v -4.630708 0.829590 6.739508
vt 0.543509 0.169518
vn 0.091731 -0.977307 0.190938
v -5.241935 0.806481 6.779570
vt 0.500000 0.166667
vn -0.000000 -0.980395 0.197041
f 940/940/940 941/941/941 942/942/942
v -4.783515 0.654227 5.578824
vt 0.532632 0.252139
vn 0.080763 -0.991747 0.099578
v -4.332938 0.699059 5.489199
vt 0.564705 0.258519
vn 0.133869 -0.986924 0.089773
v -4.029939 0.889366 6.620008
vt 0.586273 0.178025
vn 0.155803 -0.971555 0.178342
f 943/943/943 944/944/944 945/945/945
v -4.783515 0.654227 5.578824
vt 0.532632 0.252139
vn 0.080763 -0.991747 0.099578
v -4.029939 0.889366 6.620008
vt 0.586273 0.178025
vn 0.155803 -0.971555 0.178342
v -4.630708 0.829590 6.739508
vt 0.543509 0.169518
vn 0.091731 -0.977307 0.190938
f 946/946/946 947/947/947 948/948/948
v -4.332938 0.699059 5.489199
vt 0.564705 0.258519
vn 0.133869 -0.986924 0.089773
v -3.897914 0.752862 5.341528
vt 0.595671 0.269030
vn 0.145844 -0.985461 0.087155
v -3.449907 0.961104 6.423113
vt 0.627561 0.192040
vn 0.178903 -0.968794 0.171556
f 949/949/949 950/950/950 951/951/951
v -4.332938 0.699059 5.489199
vt 0.564705 0.258519
vn 0.133869 -0.986924 0.089773
v -3.449907 0.961104 6.423113
vt 0.627561 0.192040
vn 0.178903 -0.968794 0.171556
v -4.029939 0.889366 6.620008
vt 0.586273 0.178025
vn 0.155803 -0.971555 0.178342
f 952/952/952 953/953/953 954/954/954
v -3.897914 0.752862 5.341528
vt 0.595671 0.269030
vn 0.145844 -0.985461 0.087155
v -3.485887 0.793401 5.138339
vt 0.625000 0.283494
vn 0.121644 -0.987449 0.100737
v -2.900538 1.015155 6.152194
vt 0.666667 0.211325
vn 0.165986 -0.969648 0.179533
f 955/955/955 956/956/956 957/957/957
v -3.897914 0.752862 5.341528
vt 0.595671 0.269030
vn 0.145844 -0.985461 0.087155
v -2.900538 1.015155 6.152194
vt 0.666667 0.211325
vn 0.165986 -0.969648 0.179533
v -3.449907 0.961104 6.423113
vt 0.627561 0.192040
vn 0.178903 -0.968794 0.171556
f 958/958/958 959/959/959 960/960/960
v -3.485887 0.793401 5.138339
vt 0.625000 0.283494
vn 0.121644 -0.987449 0.100737
v -3.103906 0.803920 4.883108
vt 0.652190 0.301662
vn 0.080639 -0.988401 0.128687
v -2.391230 1.029181 5.811886
vt 0.702920 0.235549
vn 0.135872 -0.970281 0.200235
f 961/961/961 962/962/962 963/963/963
v -3.485887 0.793401 5.138339
vt 0.625000 0.283494
vn 0.121644 -0.987449 0.100737
v -2.391230 1.029181 5.811886
vt 0.702920 0.235549
vn 0.135872 -0.970281 0.200235
v -2.900538 1.015155 6.152194
vt 0.666667 0.211325
vn 0.165986 -0.969648 0.179533
f 964/964/964 965/965/965 966/966/966
v -3.103906 0.803920 4.883108
vt 0.652190 0.301662
vn 0.080639 -0.988401 0.128687
v -2.758508 0.780072 4.580202
vt 0.676777 0.323223
vn 0.047003 -0.986501 0.156864
v -1.930699 0.997384 5.408011
vt 0.735702 0.264298
vn 0.111949 -0.969089 0.219848
f 967/967/967 968/968/968 969/969/969
v -3.103906 0.803920 4.883108
vt 0.652190 0.301662
vn 0.080639 -0.988401 0.128687
v -1.930699 0.997384 5.408011
vt 0.735702 0.264298
vn 0.111949 -0.969089 0.219848
v -2.391230 1.029181 5.811886
vt 0.702920 0.235549
vn 0.135872 -0.970281 0.200235
f 970/970/970 971/971/971 972/972/972
v -2.758508 0.780072 4.580202
vt 0.676777 0.323223
vn 0.047003 -0.986501 0.156864
v -2.455602 0.731713 4.234803
vt 0.698338 0.347810
vn 0.037211 -0.985479 0.165673
v -1.526824 0.932906 4.947480
vt 0.764451 0.297080
vn 0.110385 -0.969348 0.219499
f 973/973/973 974/974/974 975/975/975
v -2.758508 0.780072 4.580202
vt 0.676777 0.323223
vn 0.047003 -0.986501 0.156864
v -1.526824 0.932906 4.947480
vt 0.764451 0.297080
vn 0.110385 -0.969348 0.219499
v -1.930699 0.997384 5.408011
vt 0.735702 0.264298
vn 0.111949 -0.969089 0.219848
f 976/976/976 977/977/977 978/978/978
v -2.455602 0.731713 4.234803
vt 0.698338 0.347810
vn 0.037211 -0.985479 0.165673
v -2.200371 0.678831 3.852823
vt 0.716506 0.375000
vn 0.052739 -0.988690 0.140394
v -1.186515 0.862395 4.438172
vt 0.788675 0.333333
vn 0.132786 -0.973756 0.184845
f 979/979/979 980/980/980 981/981/981
v -2.455602 0.731713 4.234803
vt 0.698338 0.347810
vn 0.037211 -0.985479 0.165673
v -1.186515 0.862395 4.438172
vt 0.788675 0.333333
vn 0.132786 -0.973756 0.184845
v -1.526824 0.932906 4.947480
vt 0.764451 0.297080
vn 0.110385 -0.969348 0.219499
f 982/982/982 983/983/983 984/984/984
v -2.200371 0.678831 3.852823
vt 0.716506 0.375000
vn 0.052739 -0.988690 0.140394
v -1.997181 0.643279 3.440795
vt 0.730970 0.404329
vn 0.082101 -0.993432 0.079702
v -0.915596 0.814994 3.888803
vt 0.807960 0.372439
vn 0.167572 -0.979200 0.114396
f 985/985/985 986/986/986 987/987/987
v -2.200371 0.678831 3.852823
vt 0.716506 0.375000
vn 0.052739 -0.988690 0.140394
v -0.915596 0.814994 3.888803
vt 0.807960 0.372439
vn 0.167572 -0.979200 0.114396
v -1.186515 0.862395 4.438172
vt 0.788675 0.333333
vn 0.132786 -0.973756 0.184845
f 988/988/988 989/989/989 990/990/990
v -1.997181 0.643279 3.440795
vt 0.730970 0.404329
vn 0.082101 -0.993432 0.079702
v -1.849510 0.639753 3.005772
vt 0.741481 0.435295
vn 0.109216 -0.994018 -0.000307
v -0.718702 0.810292 3.308771
vt 0.821975 0.413727
vn 0.198276 -0.979852 0.024014
f 991/991/991 992/992/992 993/993/993
v -1.997181 0.643279 3.440795
vt 0.730970 0.404329
vn 0.082101 -0.993432 0.079702
v -0.718702 0.810292 3.308771
vt 0.821975 0.413727
vn 0.198276 -0.979852 0.024014
v -0.915596 0.814994 3.888803
vt 0.807960 0.372439
vn 0.167572 -0.979200 0.114396
f 994/994/994 995/995/995 996/996/996
v -1.849510 0.639753 3.005772
vt 0.741481 0.435295
vn 0.109216 -0.994018 -0.000307
v -1.759885 0.669709 2.555195
vt 0.747861 0.467368
vn 0.123837 -0.989706 -0.071737
v -0.599202 0.850233 2.708002
vt 0.830482 0.456491
vn 0.214581 -0.974959 -0.058390
f 997/997/997 998/998/998 999/999/999
v -1.849510 0.639753 3.005772
vt 0.741481 0.435295
vn 0.109216 -0.994018 -0.000307
v -0.599202 0.850233 2.708002
vt 0.830482 0.456491
vn 0.214581 -0.974959 -0.058390
v -0.718702 0.810292 3.308771
vt 0.821975 0.413727
vn 0.198276 -0.979852 0.024014
f 1000/1000/1000 1001/1001/1001 1002/1002/1002
v -1.759885 0.669709 2.555195
vt 0.747861 0.467368
vn 0.123837 -0.989706 -0.071737
v -1.729839 0.720766 2.096774
vt 0.750000 0.500000
vn 0.127332 -0.985771 -0.109737
v -0.559140 0.918309 2.096774
vt 0.833333 0.500000
vn 0.218274 -0.969904 -0.107900
f 1003/1003/1003 1004/1004/1004 1005/1005/1005
v -1.759885 0.669709 2.555195
vt 0.747861 0.467368
vn 0.123837 -0.989706 -0.071737
v -0.559140 0.918309 2.096774
vt 0.833333 0.500000
vn 0.218274 -0.969904 -0.107900
v -0.599202 0.850233 2.708002
vt 0.830482 0.456491
vn 0.214581 -0.974959 -0.058390
f 1006/1006/1006 1007/1007/1007 1008/1008/1008
v -0.559140 0.918309 2.096774
vt 0.833333 0.500000
vn 0.218274 -0.969904 -0.107900
v -0.599202 0.986386 1.485547
vt 0.830482 0.543509
vn 0.219108 -0.968880 -0.115165
v 0.561482 1.329085 1.332740
vt 0.913102 0.554386
vn 0.326063 -0.936867 -0.126341
f 1009/1009/1009 1010/1010/1010 1011/1011/1011
v -0.559140 0.918309 2.096774
vt 0.833333 0.500000
vn 0.218274 -0.969904 -0.107900
v 0.561482 1.329085 1.332740
vt 0.913102 0.554386
vn 0.326063 -0.936867 -0.126341
v 0.611559 1.243989 2.096774
vt 0.916667 0.500000
vn 0.326744 -0.939329 -0.104398
f 1012/1012/1012 1013/1013/1013 1014/1014/1014
v -0.599202 0.986386 1.485547
vt 0.830482 0.543509
vn 0.219108 -0.968880 -0.115165
v -0.718702 1.026327 0.884777
vt 0.821975 0.586273
vn 0.225491 -0.970138 -0.089363
v 0.412106 1.379011 0.581778
vt 0.902469 0.607841
vn 0.329165 -0.937102 -0.116145
f 1015/1015/1015 1016/1016/1016 1017/1017/1017
v -0.599202 0.986386 1.485547
vt 0.830482 0.543509
vn 0.219108 -0.968880 -0.115165
v 0.412106 1.379011 0.581778
vt 0.902469 0.607841
vn 0.329165 -0.937102 -0.116145
v 0.561482 1.329085 1.332740
vt 0.913102 0.554386
vn 0.326063 -0.936867 -0.126341
f 1018/1018/1018 1019/1019/1019 1020/1020/1020
v -0.718702 1.026327 0.884777
vt 0.821975 0.586273
vn 0.225491 -0.970138 -0.089363
v -0.915596 1.021625 0.304746
vt 0.807960 0.627561
vn 0.237450 -0.969919 -0.053623
v 0.165988 1.373133 -0.143261
vt 0.884950 0.659451
vn 0.335871 -0.937010 -0.095927
f 1021/1021/1021 1022/1022/1022 1023/1023/1023
v -0.718702 1.026327 0.884777
vt 0.821975 0.586273
vn 0.225491 -0.970138 -0.089363
v 0.165988 1.373133 -0.143261
vt 0.884950 0.659451
vn 0.335871 -0.937010 -0.095927
v 0.412106 1.379011 0.581778
vt 0.902469 0.607841
vn 0.329165 -0.937102 -0.116145
f 1024/1024/1024 1025/1025/1025 1026/1026/1026
v -0.915596 1.021625 0.304746
vt 0.807960 0.627561
vn 0.237450 -0.969919 -0.053623
v -1.186515 0.974223 -0.244624
vt 0.788675 0.666667
vn 0.245624 -0.968770 -0.033959
v -0.172660 1.313881 -0.829973
vt 0.860844 0.708333
vn 0.337290 -0.937042 -0.090488
f 1027/1027/1027 1028/1028/1028 1029/1029/1029
v -0.915596 1.021625 0.304746
vt 0.807960 0.627561
vn 0.237450 -0.969919 -0.053623
v -0.172660 1.313881 -0.829973
vt 0.860844 0.708333
vn 0.337290 -0.937042 -0.090488
v 0.165988 1.373133 -0.143261
vt 0.884950 0.659451
vn 0.335871 -0.937010 -0.095927
f 1030/1030/1030 1031/1031/1031 1032/1032/1032
v -1.186515 0.974223 -0.244624
vt 0.788675 0.666667
vn 0.245624 -0.968770 -0.033959
v -1.526824 0.903713 -0.753931
vt 0.764451 0.702920
vn 0.236034 -0.970646 -0.046210
v -0.598046 1.225743 -1.466608
vt 0.830564 0.753651
vn 0.320187 -0.940332 -0.115131
f 1033/1033/1033 1034/1034/1034 1035/1035/1035
v -1.186515 0.974223 -0.244624
vt 0.788675 0.666667
vn 0.245624 -0.968770 -0.033959
v -0.598046 1.225743 -1.466608
vt 0.830564 0.753651
vn 0.320187 -0.940332 -0.115131
v -0.172660 1.313881 -0.829973
vt 0.860844 0.708333
vn 0.337290 -0.937042 -0.090488
f 1036/1036/1036 1037/1037/1037 1038/1038/1038
v -1.526824 0.903713 -0.753931
vt 0.764451 0.702920
vn 0.236034 -0.970646 -0.046210
v -1.930699 0.839235 -1.214462
vt 0.735702 0.735702
vn 0.197773 -0.976162 -0.089407
v -1.102890 1.145146 -2.042271
vt 0.794628 0.794628
vn 0.273868 -0.946821 -0.168898
f 1039/1039/1039 1040/1040/1040 1041/1041/1041
v -1.526824 0.903713 -0.753931
vt 0.764451 0.702920
vn 0.236034 -0.970646 -0.046210
v -1.102890 1.145146 -2.042271
vt 0.794628 0.794628
vn 0.273868 -0.946821 -0.168898
v -0.598046 1.225743 -1.466608
vt 0.830564 0.753651
vn 0.320187 -0.940332 -0.115131
f 1042/1042/1042 1043/1043/1043 1044/1044/1044
v -1.930699 0.839235 -1.214462
vt 0.735702 0.735702
vn 0.197773 -0.976162 -0.089407
v -2.391230 0.807438 -1.618337
vt 0.702920 0.764451
vn 0.131312 -0.980258 -0.147825
v -1.678554 1.105400 -2.547115
vt 0.753651 0.830564
vn 0.198399 -0.951290 -0.235976
f 1045/1045/1045 1046/1046/1046 1047/1047/1047
v -1.930699 0.839235 -1.214462
vt 0.735702 0.735702
vn 0.197773 -0.976162 -0.089407
v -1.678554 1.105400 -2.547115
vt 0.753651 0.830564
vn 0.198399 -0.951290 -0.235976
v -1.102890 1.145146 -2.042271
vt 0.794628 0.794628
vn 0.273868 -0.946821 -0.168898
f 1048/1048/1048 1049/1049/1049 1050/1050/1050
v -2.391230 0.807438 -1.618337
vt 0.702920 0.764451
vn 0.131312 -0.980258 -0.147825
v -2.900538 0.821464 -1.958646
vt 0.666667 0.788675
vn 0.052892 -0.978337 -0.200148
v -2.315188 1.122932 -2.972501
vt 0.708333 0.860844
vn 0.109570 -0.949213 -0.294939
f 1051/1051/1051 1052/1052/1052 1053/1053/1053
v -2.391230 0.807438 -1.618337
vt 0.702920 0.764451
vn 0.131312 -0.980258 -0.147825
v -2.315188 1.122932 -2.972501
vt 0.708333 0.860844
vn 0.109570 -0.949213 -0.294939
v -1.678554 1.105400 -2.547115
vt 0.753651 0.830564
vn 0.198399 -0.951290 -0.235976
f 1054/1054/1054 1055/1055/1055 1056/1056/1056
v -2.900538 0.821464 -1.958646
vt 0.666667 0.788675
vn 0.052892 -0.978337 -0.200148
v -3.449907 0.875515 -2.229565
vt 0.627561 0.807960
vn -0.011932 -0.972605 -0.232157
v -3.001900 1.190496 -3.311150
vt 0.659451 0.884950
vn 0.032811 -0.942753 -0.331873
f 1057/1057/1057 1058/1058/1058 1059/1059/1059
v -2.900538 0.821464 -1.958646
vt 0.666667 0.788675
vn 0.052892 -0.978337 -0.200148
v -3.001900 1.190496 -3.311150
vt 0.659451 0.884950
vn 0.032811 -0.942753 -0.331873
v -2.315188 1.122932 -2.972501
vt 0.708333 0.860844
vn 0.109570 -0.949213 -0.294939
f 1060/1060/1060 1061/1061/1061 1062/1062/1062
v -3.449907 0.875515 -2.229565
vt 0.627561 0.807960
vn -0.011932 -0.972605 -0.232157
v -4.029939 0.947253 -2.426459
vt 0.586273 0.821975
vn -0.042618 -0.968980 -0.243435
v -3.726940 1.280168 -3.557268
vt 0.607841 0.902469
vn -0.011346 -0.937839 -0.346884
f 1063/1063/1063 1064/1064/1064 1065/1065/1065
v -3.449907 0.875515 -2.229565
vt 0.627561 0.807960
vn -0.011932 -0.972605 -0.232157
v -3.726940 1.280168 -3.557268
vt 0.607841 0.902469
vn -0.011346 -0.937839 -0.346884
v -3.001900 1.190496 -3.311150
vt 0.659451 0.884950
vn 0.032811 -0.942753 -0.331873
f 1066/1066/1066 1067/1067/1067 1068/1068/1068
v -4.029939 0.947253 -2.426459
vt 0.586273 0.821975
vn -0.042618 -0.968980 -0.243435
v -4.630708 1.007029 -2.545959
vt 0.543509 0.830482
vn -0.034247 -0.969358 -0.243252
v -4.477901 1.354888 -3.706643
vt 0.554386 0.913102
vn -0.018027 -0.936834 -0.349308
f 1069/1069/1069 1070/1070/1070 1071/1071/1071
v -4.029939 0.947253 -2.426459
vt 0.586273 0.821975
vn -0.042618 -0.968980 -0.243435
v -4.477901 1.354888 -3.706643
vt 0.554386 0.913102
vn -0.018027 -0.936834 -0.349308
v -3.726940 1.280168 -3.557268
vt 0.607841 0.902469
vn -0.011346 -0.937839 -0.346884
f 1072/1072/1072 1073/1073/1073 1074/1074/1074
v -4.630708 1.007029 -2.545959
vt 0.543509 0.830482
vn -0.034247 -0.969358 -0.243252
v -5.241935 1.030137 -2.586022
vt 0.500000 0.833333
vn 0.000000 -0.970330 -0.241784
v -5.241935 1.383774 -3.756720
vt 0.500000 0.916667
vn 0.000000 -0.937189 -0.348822
f 1075/1075/1075 1076/1076/1076 1077/1077/1077
v -4.630708 1.007029 -2.545959
vt 0.543509 0.830482
vn -0.034247 -0.969358 -0.243252
v -5.241935 1.383774 -3.756720
vt 0.500000 0.916667
vn 0.000000 -0.937189 -0.348822
v -4.477901 1.354888 -3.706643
vt 0.554386 0.913102
vn -0.018027 -0.936834 -0.349308
f 1078/1078/1078 1079/1079/1079 1080/1080/1080
v -5.241935 1.030137 -2.586022
vt 0.500000 0.833333
vn 0.000000 -0.970330 -0.241784
v -5.853163 1.007029 -2.545959
vt 0.456491 0.830482
vn 0.034247 -0.969358 -0.243252
v -6.005970 1.354888 -3.706643
vt 0.445614 0.913102
vn 0.018027 -0.936834 -0.349308
f 1081/1081/1081 1082/1082/1082 1083/1083/1083
v -5.241935 1.030137 -2.586022
vt 0.500000 0.833333
vn 0.000000 -0.970330 -0.241784
v -6.005970 1.354888 -3.706643
vt 0.445614 0.913102
vn 0.018027 -0.936834 -0.349308
v -5.241935 1.383774 -3.756720
vt 0.500000 0.916667
vn 0.000000 -0.937189 -0.348822
f 1084/1084/1084 1085/1085/1085 1086/1086/1086
v -5.853163 1.007029 -2.545959
vt 0.456491 0.830482
vn 0.034247 -0.969358 -0.243252
v -6.453932 0.947253 -2.426459
vt 0.413727 0.821975
vn 0.042618 -0.968980 -0.243435
v -6.756931 1.280168 -3.557268
vt 0.392159 0.902469
vn 0.011346 -0.937839 -0.346884
f 1087/1087/1087 1088/1088/1088 1089/1089/1089
v -5.853163 1.007029 -2.545959
vt 0.456491 0.830482
vn 0.034247 -0.969358 -0.243252
v -6.756931 1.280168 -3.557268
vt 0.392159 0.902469
vn 0.011346 -0.937839 -0.346884
v -6.005970 1.354888 -3.706643
vt 0.445614 0.913102
vn 0.018027 -0.936834 -0.349308
f 1090/1090/1090 1091/1091/1091 1092/1092/1092
v -6.453932 0.947253 -2.426459
vt 0.413727 0.821975
vn 0.042618 -0.968980 -0.243435
v -7.033964 0.875515 -2.229565
vt 0.372439 0.807960
vn 0.011932 -0.972605 -0.232157
v -7.481971 1.190496 -3.311150
vt 0.340549 0.884950
vn -0.032812 -0.942753 -0.331873
f 1093/1093/1093 1094/1094/1094 1095/1095/1095
v -6.453932 0.947253 -2.426459
vt 0.413727 0.821975
vn 0.042618 -0.968980 -0.243435
v -7.481971 1.190496 -3.311150
vt 0.340549 0.884950
vn -0.032812 -0.942753 -0.331873
v -6.756931 1.280168 -3.557268
vt 0.392159 0.902469
vn 0.011346 -0.937839 -0.346884
f 1096/1096/1096 1097/1097/1097 1098/1098/1098
v -7.033964 0.875515 -2.229565
vt 0.372439 0.807960
vn 0.011932 -0.972605 -0.232157
v -7.583333 0.821464 -1.958646
vt 0.333333 0.788675
vn -0.052892 -0.978337 -0.200148
v -8.168683 1.122932 -2.972501
vt 0.291667 0.860844
vn -0.109570 -0.949213 -0.294939
f 1099/1099/1099 1100/1100/1100 1101/1101/1101
v -7.033964 0.875515 -2.229565
vt 0.372439 0.807960
vn 0.011932 -0.972605 -0.232157
v -8.168683 1.122932 -2.972501
vt 0.291667 0.860844
vn -0.109570 -0.949213 -0.294939
v -7.481971 1.190496 -3.311150
vt 0.340549 0.884950
vn -0.032812 -0.942753 -0.331873
f 1102/1102/1102 1103/1103/1103 1104/1104/1104
v -7.583333 0.821464 -1.958646
vt 0.333333 0.788675
vn -0.052892 -0.978337 -0.200148
v -8.092641 0.807438 -1.618337
vt 0.297080 0.764451
vn -0.131312 -0.980258 -0.147825
v -8.805317 1.105400 -2.547115
vt 0.246349 0.830564
vn -0.198399 -0.951290 -0.235976
f 1105/1105/1105 1106/1106/1106 1107/1107/1107
v -7.583333 0.821464 -1.958646
vt 0.333333 0.788675
vn -0.052892 -0.978337 -0.200148
v -8.805317 1.105400 -2.547115
vt 0.246349 0.830564
vn -0.198399 -0.951290 -0.235976
v -8.168683 1.122932 -2.972501
vt 0.291667 0.860844
vn -0.109570 -0.949213 -0.294939
f 1108/1108/1108 1109/1109/1109 1110/1110/1110
v -8.092641 0.807438 -1.618337
vt 0.297080 0.764451
vn -0.131312 -0.980258 -0.147825
v -8.553172 0.839235 -1.214462
vt 0.264298 0.735702
vn -0.197773 -0.976162 -0.089407
v -9.380982 1.145146 -2.042271
vt 0.205372 0.794628
vn -0.273868 -0.946821 -0.168898
f 1111/1111/1111 1112/1112/1112 1113/1113/1113
v -8.092641 0.807438 -1.618337
vt 0.297080 0.764451
vn -0.131312 -0.980258 -0.147825
v -9.380982 1.145146 -2.042271
vt 0.205372 0.794628
vn -0.273868 -0.946821 -0.168898
v -8.805317 1.105400 -2.547115
vt 0.246349 0.830564
vn -0.198399 -0.951290 -0.235976
f 1114/1114/1114 1115/1115/1115 1116/1116/1116
v -8.553172 0.839235 -1.214462
vt 0.264298 0.735702
vn -0.197773 -0.976162 -0.089407
v -8.957047 0.903713 -0.753931
vt 0.235549 0.702920
vn -0.236034 -0.970646 -0.046210
v -9.885825 1.225743 -1.466608
vt 0.169436 0.753651
vn -0.320187 -0.940332 -0.115132
f 1117/1117/1117 1118/1118/1118 1119/1119/1119
v -8.553172 0.839235 -1.214462
vt 0.264298 0.735702
vn -0.197773 -0.976162 -0.089407
v -9.885825 1.225743 -1.466608
vt 0.169436 0.753651
vn -0.320187 -0.940332 -0.115132
v -9.380982 1.145146 -2.042271
vt 0.205372 0.794628
vn -0.273868 -0.946821 -0.168898
f 1120/1120/1120 1121/1121/1121 1122/1122/1122
v -8.957047 0.903713 -0.753931
vt 0.235549 0.702920
vn -0.236034 -0.970646 -0.046210
v -9.297356 0.974223 -0.244624
vt 0.211325 0.666667
vn -0.245624 -0.968770 -0.033959
v -10.311210 1.313881 -0.829973
vt 0.139156 0.708333
vn -0.337290 -0.937042 -0.090488
f 1123/1123/1123 1124/1124/1124 1125/1125/1125
v -8.957047 0.903713 -0.753931
vt 0.235549 0.702920
vn -0.236034 -0.970646 -0.046210
v -10.311210 1.313881 -0.829973
vt 0.139156 0.708333
vn -0.337290 -0.937042 -0.090488
v -9.885825 1.225743 -1.466608
vt 0.169436 0.753651
vn -0.320187 -0.940332 -0.115132
f 1126/1126/1126 1127/1127/1127 1128/1128/1128
v -9.297356 0.974223 -0.244624
vt 0.211325 0.666667
vn -0.245624 -0.968770 -0.033959
v -9.568275 1.021625 0.304746
vt 0.192040 0.627561
vn -0.237450 -0.969918 -0.053623
v -10.649859 1.373133 -0.143261
vt 0.115050 0.659451
vn -0.335871 -0.937010 -0.095927
f 1129/1129/1129 1130/1130/1130 1131/1131/1131
v -9.297356 0.974223 -0.244624
vt 0.211325 0.666667
vn -0.245624 -0.968770 -0.033959
v -10.649859 1.373133 -0.143261
vt 0.115050 0.659451
vn -0.335871 -0.937010 -0.095927
v -10.311210 1.313881 -0.829973
vt 0.139156 0.708333
vn -0.337290 -0.937042 -0.090488
f 1132/1132/1132 1133/1133/1133 1134/1134/1134
v -9.568275 1.021625 0.304746
vt 0.192040 0.627561
vn -0.237450 -0.969918 -0.053623
v -9.765168 1.026327 0.884777
vt 0.178025 0.586273
vn -0.225491 -0.970138 -0.089363
v -10.895977 1.379011 0.581778
vt 0.097531 0.607841
vn -0.329165 -0.937102 -0.116145
f 1135/1135/1135 1136/1136/1136 1137/1137/1137
v -9.568275 1.021625 0.304746
vt 0.192040 0.627561
vn -0.237450 -0.969918 -0.053623
v -10.895977 1.379011 0.581778
vt 0.097531 0.607841
vn -0.329165 -0.937102 -0.116145
v -10.649859 1.373133 -0.143261
vt 0.115050 0.659451
vn -0.335871 -0.937010 -0.095927
f 1138/1138/1138 1139/1139/1139 1140/1140/1140
v -9.765168 1.026327 0.884777
vt 0.178025 0.586273
vn -0.225491 -0.970138 -0.089363
v -9.884669 0.986386 1.485547
vt 0.169518 0.543509
vn -0.219108 -0.968880 -0.115165
v -11.045353 1.329085 1.332740
vt 0.086898 0.554386
vn -0.326063 -0.936867 -0.126341
f 1141/1141/1141 1142/1142/1142 1143/1143/1143
v -9.765168 1.026327 0.884777
vt 0.178025 0.586273
vn -0.225491 -0.970138 -0.089363
v -11.045353 1.329085 1.332740
vt 0.086898 0.554386
vn -0.326063 -0.936867 -0.126341
v -10.895977 1.379011 0.581778
vt 0.097531 0.607841
vn -0.329165 -0.937102 -0.116145
f 1144/1144/1144 1145/1145/1145 1146/1146/1146
v -9.884669 0.986386 1.485547
vt 0.169518 0.543509
vn -0.219108 -0.968880 -0.115165
v -9.924731 0.918309 2.096774
vt 0.166667 0.500000
vn -0.218274 -0.969904 -0.107900
v -11.095430 1.243989 2.096774
vt 0.083333 0.500000
vn -0.326744 -0.939329 -0.104398
f 1147/1147/1147 1148/1148/1148 1149/1149/1149
v -9.884669 0.986386 1.485547
vt 0.169518 0.543509
vn -0.219108 -0.968880 -0.115165
v -11.095430 1.243989 2.096774
vt 0.083333 0.500000
vn -0.326744 -0.939329 -0.104398
v -11.045353 1.329085 1.332740
vt 0.086898 0.554386
vn -0.326063 -0.936867 -0.126341
f 1150/1150/1150 1151/1151/1151 1152/1152/1152
v -9.924731 0.918309 2.096774
vt 0.166667 0.500000
vn -0.218274 -0.969904 -0.107900
v -9.884669 0.850233 2.708002
vt 0.169518 0.456491
vn -0.214581 -0.974959 -0.058390
v -11.045353 1.158893 2.860809
vt 0.086898 0.445614
vn -0.323061 -0.945473 -0.041381
f 1153/1153/1153 1154/1154/1154 1155/1155/1155
v -9.924731 0.918309 2.096774
vt 0.166667 0.500000
vn -0.218274 -0.969904 -0.107900
v -11.045353 1.158893 2.860809
vt 0.086898 0.445614
vn -0.323061 -0.945473 -0.041381
v -11.095430 1.243989 2.096774
vt 0.083333 0.500000
vn -0.326744 -0.939329 -0.104398
f 1156/1156/1156 1157/1157/1157 1158/1158/1158
v -9.884669 0.850233 2.708002
vt 0.169518 0.456491
vn -0.214581 -0.974959 -0.058390
v -9.765168 0.810292 3.308771
vt 0.178025 0.413727
vn -0.198276 -0.979852 0.024014
v -10.895977 1.108967 3.611770
vt 0.097531 0.392159
vn -0.304982 -0.950854 0.053508
f 1159/1159/1159 1160/1160/1160 1161/1161/1161
v -9.884669 0.850233 2.708002
vt 0.169518 0.456491
vn -0.214581 -0.974959 -0.058390
v -10.895977 1.108967 3.611770
vt 0.097531 0.392159
vn -0.304982 -0.950854 0.053508
v -11.045353 1.158893 2.860809
vt 0.086898 0.445614
vn -0.323061 -0.945473 -0.041381
f 1162/1162/1162 1163/1163/1163 1164/1164/1164
v -9.765168 0.810292 3.308771
vt 0.178025 0.413727
vn -0.198276 -0.979852 0.024014
v -9.568275 0.814994 3.888803
vt 0.192040 0.372439
vn -0.167572 -0.979200 0.114396
v -10.649859 1.114844 4.336810
vt 0.115050 0.340549
vn -0.270235 -0.950150 0.155524
f 1165/1165/1165 1166/1166/1166 1167/1167/1167
v -9.765168 0.810292 3.308771
vt 0.178025 0.413727
vn -0.198276 -0.979852 0.024014
v -10.649859 1.114844 4.336810
vt 0.115050 0.340549
vn -0.270235 -0.950150 0.155524
v -10.895977 1.108967 3.611770
vt 0.097531 0.392159
vn -0.304982 -0.950854 0.053508
f 1168/1168/1168 1169/1169/1169 1170/1170/1170
v -9.568275 0.814994 3.888803
vt 0.192040 0.372439
vn -0.167572 -0.979200 0.114396
v -9.297356 0.862395 4.438172
vt 0.211325 0.333333
vn -0.132786 -0.973756 0.184845
v -10.311210 1.174096 5.023521
vt 0.139156 0.291667
vn -0.229110 -0.944099 0.237035
f 1171/1171/1171 1172/1172/1172 1173/1173/1173
v -9.568275 0.814994 3.888803
vt 0.192040 0.372439
vn -0.167572 -0.979200 0.114396
v -10.311210 1.174096 5.023521
vt 0.139156 0.291667
vn -0.229110 -0.944099 0.237035
v -10.649859 1.114844 4.336810
vt 0.115050 0.340549
vn -0.270235 -0.950150 0.155524
f 1174/1174/1174 1175/1175/1175 1176/1176/1176
v -9.297356 0.862395 4.438172
vt 0.211325 0.333333
vn -0.132786 -0.973756 0.184845
v -8.957047 0.932906 4.947480
vt 0.235549 0.297080
vn -0.110385 -0.969348 0.219499
v -9.885825 1.262235 5.660156
vt 0.169436 0.246349
vn -0.198382 -0.938495 0.282614
f 1177/1177/1177 1178/1178/1178 1179/1179/1179
v -9.297356 0.862395 4.438172
vt 0.211325 0.333333
vn -0.132786 -0.973756 0.184845
v -9.885825 1.262235 5.660156
vt 0.169436 0.246349
vn -0.198382 -0.938495 0.282614
v -10.311210 1.174096 5.023521
vt 0.139156 0.291667
vn -0.229110 -0.944099 0.237035
f 1180/1180/1180 1181/1181/1181 1182/1182/1182
v -8.957047 0.932906 4.947480
vt 0.235549 0.297080
vn -0.110385 -0.969348 0.219499
v -8.553172 0.997384 5.408011
vt 0.264298 0.264298
vn -0.111949 -0.969089 0.219848
v -9.380982 1.342832 6.235820
vt 0.205372 0.205372
vn -0.189699 -0.936809 0.293945
f 1183/1183/1183 1184/1184/1184 1185/1185/1185
v -8.957047 0.932906 4.947480
vt 0.235549 0.297080
vn -0.110385 -0.969348 0.219499
v -9.380982 1.342832 6.235820
vt 0.205372 0.205372
vn -0.189699 -0.936809 0.293945
v -9.885825 1.262235 5.660156
vt 0.169436 0.246349
vn -0.198382 -0.938495 0.282614
f 1186/1186/1186 1187/1187/1187 1188/1188/1188
v -8.553172 0.997384 5.408011
vt 0.264298 0.264298
vn -0.111949 -0.969089 0.219848
v -8.092641 1.029181 5.811886
vt 0.297080 0.235549
vn -0.135872 -0.970281 0.200235
v -8.805317 1.382578 6.740664
vt 0.246349 0.169436
vn -0.201424 -0.937166 0.284865
f 1189/1189/1189 1190/1190/1190 1191/1191/1191
v -8.553172 0.997384 5.408011
vt 0.264298 0.264298
vn -0.111949 -0.969089 0.219848
v -8.805317 1.382578 6.740664
vt 0.246349 0.169436
vn -0.201424 -0.937166 0.284865
v -9.380982 1.342832 6.235820
vt 0.205372 0.205372
vn -0.189699 -0.936809 0.293945
f 1192/1192/1192 1193/1193/1193 1194/1194/1194
v -8.092641 1.029181 5.811886
vt 0.297080 0.235549
vn -0.135872 -0.970281 0.200235
v -7.583333 1.015155 6.152194
vt 0.333333 0.211325
vn -0.165986 -0.969648 0.179533
v -8.168683 1.365046 7.166049
vt 0.291667 0.139156
vn -0.217978 -0.936912 0.273280
f 1195/1195/1195 1196/1196/1196 1197/1197/1197
v -8.092641 1.029181 5.811886
vt 0.297080 0.235549
vn -0.135872 -0.970281 0.200235
v -8.168683 1.365046 7.166049
vt 0.291667 0.139156
vn -0.217978 -0.936912 0.273280
v -8.805317 1.382578 6.740664
vt 0.246349 0.169436
vn -0.201424 -0.937166 0.284865
f 1198/1198/1198 1199/1199/1199 1200/1200/1200
v -7.583333 1.015155 6.152194
vt 0.333333 0.211325
vn -0.165986 -0.969648 0.179533
v -7.033964 0.961104 6.423113
vt 0.372439 0.192040
vn -0.178903 -0.968794 0.171556
v -7.481971 1.297482 7.504698
vt 0.340549 0.115050
vn -0.217110 -0.937359 0.272436
f 1201/1201/1201 1202/1202/1202 1203/1203/1203
v -7.583333 1.015155 6.152194
vt 0.333333 0.211325
vn -0.165986 -0.969648 0.179533
v -7.481971 1.297482 7.504698
vt 0.340549 0.115050
vn -0.217110 -0.937359 0.272436
v -8.168683 1.365046 7.166049
vt 0.291667 0.139156
vn -0.217978 -0.936912 0.273280
f 1204/1204/1204 1205/1205/1205 1206/1206/1206
v -7.033964 0.961104 6.423113
vt 0.372439 0.192040
vn -0.178903 -0.968794 0.171556
v -6.453932 0.889366 6.620008
vt 0.413727 0.178025
vn -0.155803 -0.971555 0.178342
v -6.756931 1.207810 7.750816
vt 0.392159 0.097531
vn -0.180783 -0.941484 0.284474
f 1207/1207/1207 1208/1208/1208 1209/1209/1209
v -7.033964 0.961104 6.423113
vt 0.372439 0.192040
vn -0.178903 -0.968794 0.171556
v -6.756931 1.207810 7.750816
vt 0.392159 0.097531
vn -0.180783 -0.941484 0.284474
v -7.481971 1.297482 7.504698
vt 0.340549 0.115050
vn -0.217110 -0.937359 0.272436
f 1210/1210/1210 1211/1211/1211 1212/1212/1212
v -6.453932 0.889366 6.620008
vt 0.413727 0.178025
vn -0.155803 -0.971555 0.178342
v -5.853163 0.829590 6.739508
vt 0.456491 0.169518
vn -0.091731 -0.977307 0.190938
v -6.005970 1.133090 7.900191
vt 0.445614 0.086898
vn -0.104076 -0.948086 0.300501
f 1213/1213/1213 1214/1214/1214 1215/1215/1215
v -6.453932 0.889366 6.620008
vt 0.413727 0.178025
vn -0.155803 -0.971555 0.178342
v -6.005970 1.133090 7.900191
vt 0.445614 0.086898
vn -0.104076 -0.948086 0.300501
v -6.756931 1.207810 7.750816
vt 0.392159 0.097531
vn -0.180783 -0.941484 0.284474
f 1216/1216/1216 1217/1217/1217 1218/1218/1218
v -5.853163 0.829590 6.739508
vt 0.456491 0.169518
vn -0.091731 -0.977307 0.190938
v -5.241935 0.806481 6.779570
vt 0.500000 0.166667
vn -0.000000 -0.980395 0.197041
v -5.241935 1.104204 7.950269
vt 0.500000 0.083333
vn 0.000000 -0.951438 0.307841
f 1219/1219/1219 1220/1220/1220 1221/1221/1221
v -5.853163 0.829590 6.739508
vt 0.456491 0.169518
vn -0.091731 -0.977307 0.190938
v -5.241935 1.104204 7.950269
vt 0.500000 0.083333
vn 0.000000 -0.951438 0.307841
v -6.005970 1.133090 7.900191
vt 0.445614 0.086898
vn -0.104076 -0.948086 0.300501
f 1222/1222/1222 1223/1223/1223 1224/1224/1224
v -5.241935 0.806481 6.779570
vt 0.500000 0.166667
vn -0.000000 -0.980395 0.197041
v -4.630708 0.829590 6.739508
vt 0.543509 0.169518
vn 0.091731 -0.977307 0.190938
v -4.477901 1.133090 7.900191
vt 0.554386 0.086898
vn 0.104076 -0.948086 0.300501
f 1225/1225/1225 1226/1226/1226 1227/1227/1227
v -5.241935 0.806481 6.779570
vt 0.500000 0.166667
vn -0.000000 -0.980395 0.197041
v -4.477901 1.133090 7.900191
vt 0.554386 0.086898
vn 0.104076 -0.948086 0.300501
v -5.241935 1.104204 7.950269
vt 0.500000 0.083333
vn 0.000000 -0.951438 0.307841
f 1228/1228/1228 1229/1229/1229 1230/1230/1230
v -4.630708 0.829590 6.739508
vt 0.543509 0.169518
vn 0.091731 -0.977307 0.190938
v -4.029939 0.889366 6.620008
vt 0.586273 0.178025
vn 0.155803 -0.971555 0.178342
v -3.726940 1.207810 7.750816
vt 0.607841 0.097531
vn 0.180783 -0.941484 0.284474
f 1231/1231/1231 1232/1232/1232 1233/1233/1233
v -4.630708 0.829590 6.739508
vt 0.543509 0.169518
vn 0.091731 -0.977307 0.190938
v -3.726940 1.207810 7.750816
vt 0.607841 0.097531
vn 0.180783 -0.941484 0.284474
v -4.477901 1.133090 7.900191
vt 0.554386 0.086898
vn 0.104076 -0.948086 0.300501
f 1234/1234/1234 1235/1235/1235 1236/1236/1236
v -4.029939 0.889366 6.620008
vt 0.586273 0.178025
vn 0.155803 -0.971555 0.178342
v -3.449907 0.961104 6.423113
vt 0.627561 0.192040
vn 0.178903 -0.968794 0.171556
v -3.001900 1.297482 7.504698
vt 0.659451 0.115050
vn 0.217110 -0.937359 0.272436
f 1237/1237/1237 1238/1238/1238 1239/1239/1239
v -4.029939 0.889366 6.620008
vt 0.586273 0.178025
vn 0.155803 -0.971555 0.178342
v -3.001900 1.297482 7.504698
vt 0.659451 0.115050
vn 0.217110 -0.937359 0.272436
v -3.726940 1.207810 7.750816
vt 0.607841 0.097531
vn 0.180783 -0.941484 0.284474
f 1240/1240/1240 1241/1241/1241 1242/1242/1242
v -3.449907 0.961104 6.423113
vt 0.627561 0.192040
vn 0.178903 -0.968794 0.171556
v -2.900538 1.015155 6.152194
vt 0.666667 0.211325
vn 0.165986 -0.969648 0.179533
v -2.315188 1.365046 7.166049
vt 0.708333 0.139156
vn 0.217978 -0.936912 0.273280
f 1243/1243/1243 1244/1244/1244 1245/1245/1245
v -3.449907 0.961104 6.423113
vt 0.627561 0.192040
vn 0.178903 -0.968794 0.171556
v -2.315188 1.365046 7.166049
vt 0.708333 0.139156
vn 0.217978 -0.936912 0.273280
v -3.001900 1.297482 7.504698
vt 0.659451 0.115050
vn 0.217110 -0.937359 0.272436
f 1246/1246/1246 1247/1247/1247 1248/1248/1248
v -2.900538 1.015155 6.152194
vt 0.666667 0.211325
vn 0.165986 -0.969648 0.179533
v -2.391230 1.029181 5.811886
vt 0.702920 0.235549
vn 0.135872 -0.970281 0.200235
v -1.678554 1.382578 6.740664
vt 0.753651 0.169436
vn 0.201424 -0.937166 0.284865
f 1249/1249/1249 1250/1250/1250 1251/1251/1251
v -2.900538 1.015155 6.152194
vt 0.666667 0.211325
vn 0.165986 -0.969648 0.179533
v -1.678554 1.382578 6.740664
vt 0.753651 0.169436
vn 0.201424 -0.937166 0.284865
v -2.315188 1.365046 7.166049
vt 0.708333 0.139156
vn 0.217978 -0.936912 0.273280
f 1252/1252/1252 1253/1253/1253 1254/1254/1254
v -2.391230 1.029181 5.811886
vt 0.702920 0.235549
vn 0.135872 -0.970281 0.200235
v -1.930699 0.997384 5.408011
vt 0.735702 0.264298
vn 0.111949 -0.969089 0.219848
v -1.102890 1.342832 6.235820
vt 0.794628 0.205372
vn 0.189699 -0.936809 0.293945
f 1255/1255/1255 1256/1256/1256 1257/1257/1257
v -2.391230 1.029181 5.811886
vt 0.702920 0.235549
vn 0.135872 -0.970281 0.200235
v -1.102890 1.342832 6.235820
vt 0.794628 0.205372
vn 0.189699 -0.936809 0.293945
v -1.678554 1.382578 6.740664
vt 0.753651 0.169436
vn 0.201424 -0.937166 0.284865
f 1258/1258/1258 1259/1259/1259 1260/1260/1260
v -1.930699 0.997384 5.408011
vt 0.735702 0.264298
vn 0.111949 -0.969089 0.219848
v -1.526824 0.932906 4.947480
vt 0.764451 0.297080
vn 0.110385 -0.969348 0.219499
v -0.598046 1.262235 5.660156
vt 0.830564 0.246349
vn 0.198382 -0.938495 0.282614
f 1261/1261/1261 1262/1262/1262 1263/1263/1263
v -1.930699 0.997384 5.408011
vt 0.735702 0.264298
vn 0.111949 -0.969089 0.219848
v -0.598046 1.262235 5.660156
vt 0.830564 0.246349
vn 0.198382 -0.938495 0.282614
v -1.102890 1.342832 6.235820
vt 0.794628 0.205372
vn 0.189699 -0.936809 0.293945
f 1264/1264/1264 1265/1265/1265 1266/1266/1266
v -1.526824 0.932906 4.947480
vt 0.764451 0.297080
vn 0.110385 -0.969348 0.219499
v -1.186515 0.862395 4.438172
vt 0.788675 0.333333
vn 0.132786 -0.973756 0.184845
v -0.172660 1.174096 5.023521
vt 0.860844 0.291667
vn 0.229110 -0.944099 0.237035
f 1267/1267/1267 1268/1268/1268 1269/1269/1269
v -1.526824 0.932906 4.947480
vt 0.764451 0.297080
vn 0.110385 -0.969348 0.219499
v -0.172660 1.174096 5.023521
vt 0.860844 0.291667
vn 0.229110 -0.944099 0.237035
v -0.598046 1.262235 5.660156
vt 0.830564 0.246349
vn 0.198382 -0.938495 0.282614
f 1270/1270/1270 1271/1271/1271 1272/1272/1272
v -1.186515 0.862395 4.438172
vt 0.788675 0.333333
vn 0.132786 -0.973756 0.184845
v -0.915596 0.814994 3.888803
vt 0.807960 0.372439
vn 0.167572 -0.979200 0.114396
v 0.165988 1.114844 4.336810
vt 0.884950 0.340549
vn 0.270235 -0.950150 0.155524
f 1273/1273/1273 1274/1274/1274 1275/1275/1275
v -1.186515 0.862395 4.438172
vt 0.788675 0.333333
vn 0.132786 -0.973756 0.184845
v 0.165988 1.114844 4.336810
vt 0.884950 0.340549
vn 0.270235 -0.950150 0.155524
v -0.172660 1.174096 5.023521
vt 0.860844 0.291667
vn 0.229110 -0.944099 0.237035
f 1276/1276/1276 1277/1277/1277 1278/1278/1278
v -0.915596 0.814994 3.888803
vt 0.807960 0.372439
vn 0.167572 -0.979200 0.114396
v -0.718702 0.810292 3.308771
vt 0.821975 0.413727
vn 0.198276 -0.979852 0.024014
v 0.412106 1.108967 3.611770
vt 0.902469 0.392159
vn 0.304982 -0.950854 0.053508
f 1279/1279/1279 1280/1280/1280 1281/1281/1281
v -0.915596 0.814994 3.888803
vt 0.807960 0.372439
vn 0.167572 -0.979200 0.114396
v 0.412106 1.108967 3.611770
vt 0.902469 0.392159
vn 0.304982 -0.950854 0.053508
v 0.165988 1.114844 4.336810
vt 0.884950 0.340549
vn 0.270235 -0.950150 0.155524
f 1282/1282/1282 1283/1283/1283 1284/1284/1284
v -0.718702 0.810292 3.308771
vt 0.821975 0.413727
vn 0.198276 -0.979852 0.024014
v -0.599202 0.850233 2.708002
vt 0.830482 0.456491
vn 0.214581 -0.974959 -0.058390
v 0.561482 1.158893 2.860809
vt 0.913102 0.445614
vn 0.323061 -0.945473 -0.041382
f 1285/1285/1285 1286/1286/1286 1287/1287/1287
v -0.718702 0.810292 3.308771
vt 0.821975 0.413727
vn 0.198276 -0.979852 0.024014
v 0.561482 1.158893 2.860809
vt 0.913102 0.445614
vn 0.323061 -0.945473 -0.041382
v 0.412106 1.108967 3.611770
vt 0.902469 0.392159
vn 0.304982 -0.950854 0.053508
f 1288/1288/1288 1289/1289/1289 1290/1290/1290
v -0.599202 0.850233 2.708002
vt 0.830482 0.456491
vn 0.214581 -0.974959 -0.058390
v -0.559140 0.918309 2.096774
vt 0.833333 0.500000
vn 0.218274 -0.969904 -0.107900
v 0.611559 1.243989 2.096774
vt 0.916667 0.500000
vn 0.326744 -0.939329 -0.104398
f 1291/1291/1291 1292/1292/1292 1293/1293/1293
v -0.599202 0.850233 2.708002
vt 0.830482 0.456491
vn 0.214581 -0.974959 -0.058390
v 0.611559 1.243989 2.096774
vt 0.916667 0.500000
vn 0.326744 -0.939329 -0.104398
v 0.561482 1.158893 2.860809
vt 0.913102 0.445614
vn 0.323061 -0.945473 -0.041382
f 1294/1294/1294 1295/1295/1295 1296/1296/1296
v 0.611559 1.243989 2.096774
vt 0.916667 0.500000
vn 0.326744 -0.939329 -0.104398
v 0.561482 1.329085 1.332740
vt 0.913102 0.554386
vn 0.326063 -0.936867 -0.126341
v 1.722165 1.831954 1.179933
vt 0.995722 0.565263
vn 0.379436 -0.915799 -0.131681
f 1297/1297/1297 1298/1298/1298 1299/1299/1299
v 0.611559 1.243989 2.096774
vt 0.916667 0.500000
vn 0.326744 -0.939329 -0.104398
v 1.722165 1.831954 1.179933
vt 0.995722 0.565263
vn 0.379436 -0.915799 -0.131681
v 1.782258 1.729839 2.096774
vt 1.000000 0.500000
vn 0.381273 -0.918711 -0.102961
f 1300/1300/1300 1301/1301/1301 1302/1302/1302
v 0.561482 1.329085 1.332740
vt 0.913102 0.554386
vn 0.326063 -0.936867 -0.126341
v 0.412106 1.379011 0.581778
vt 0.902469 0.607841
vn 0.329165 -0.937102 -0.116145
v 1.542914 1.891865 0.278779
vt 0.982963 0.629410
vn 0.380637 -0.915646 -0.129259
f 1303/1303/1303 1304/1304/1304 1305/1305/1305
v 0.561482 1.329085 1.332740
vt 0.913102 0.554386
vn 0.326063 -0.936867 -0.126341
v 1.542914 1.891865 0.278779
vt 0.982963 0.629410
vn 0.380637 -0.915646 -0.129259
v 1.722165 1.831954 1.179933
vt 0.995722 0.565263
vn 0.379436 -0.915799 -0.131681
f 1306/1306/1306 1307/1307/1307 1308/1308/1308
v 0.412106 1.379011 0.581778
vt 0.902469 0.607841
vn 0.329165 -0.937102 -0.116145
v 0.165988 1.373133 -0.143261
vt 0.884950 0.659451
vn 0.335871 -0.937010 -0.095927
v 1.247573 1.884812 -0.591268
vt 0.961940 0.691342
vn 0.384631 -0.915606 -0.117151
f 1309/1309/1309 1310/1310/1310 1311/1311/1311
v 0.412106 1.379011 0.581778
vt 0.902469 0.607841
vn 0.329165 -0.937102 -0.116145
v 1.247573 1.884812 -0.591268
vt 0.961940 0.691342
vn 0.384631 -0.915606 -0.117151
v 1.542914 1.891865 0.278779
vt 0.982963 0.629410
vn 0.380637 -0.915646 -0.129259
f 1312/1312/1312 1313/1313/1313 1314/1314/1314
v 0.165988 1.373133 -0.143261
vt 0.884950 0.659451
vn 0.335871 -0.937010 -0.095927
v -0.172660 1.313881 -0.829973
vt 0.860844 0.708333
vn 0.337290 -0.937042 -0.090488
v 0.841195 1.813710 -1.415323
vt 0.933013 0.750000
vn 0.382996 -0.916071 -0.118861
f 1315/1315/1315 1316/1316/1316 1317/1317/1317
v 0.165988 1.373133 -0.143261
vt 0.884950 0.659451
vn 0.335871 -0.937010 -0.095927
v 0.841195 1.813710 -1.415323
vt 0.933013 0.750000
vn 0.382996 -0.916071 -0.118861
v 1.247573 1.884812 -0.591268
vt 0.961940 0.691342
vn 0.384631 -0.915606 -0.117151
f 1318/1318/1318 1319/1319/1319 1320/1320/1320
v -0.172660 1.313881 -0.829973
vt 0.860844 0.708333
vn 0.337290 -0.937042 -0.090488
v -0.598046 1.225743 -1.466608
vt 0.830564 0.753651
vn 0.320187 -0.940332 -0.115131
v 0.330732 1.707944 -2.179284
vt 0.896677 0.804381
vn 0.362834 -0.919787 -0.149478
f 1321/1321/1321 1322/1322/1322 1323/1323/1323
v -0.172660 1.313881 -0.829973
vt 0.860844 0.708333
vn 0.337290 -0.937042 -0.090488
v 0.330732 1.707944 -2.179284
vt 0.896677 0.804381
vn 0.362834 -0.919787 -0.149478
v 0.841195 1.813710 -1.415323
vt 0.933013 0.750000
vn 0.382996 -0.916071 -0.118861
f 1324/1324/1324 1325/1325/1325 1326/1326/1326
v -0.598046 1.225743 -1.466608
vt 0.830564 0.753651
vn 0.320187 -0.940332 -0.115131
v -1.102890 1.145146 -2.042271
vt 0.794628 0.794628
vn 0.273868 -0.946821 -0.168898
v -0.275081 1.611227 -2.870081
vt 0.853553 0.853553
vn 0.312975 -0.926548 -0.208700
f 1327/1327/1327 1328/1328/1328 1329/1329/1329
v -0.598046 1.225743 -1.466608
vt 0.830564 0.753651
vn 0.320187 -0.940332 -0.115131
v -0.275081 1.611227 -2.870081
vt 0.853553 0.853553
vn 0.312975 -0.926548 -0.208700
v 0.330732 1.707944 -2.179284
vt 0.896677 0.804381
vn 0.362834 -0.919787 -0.149478
f 1330/1330/1330 1331/1331/1331 1332/1332/1332
v -1.102890 1.145146 -2.042271
vt 0.794628 0.794628
vn 0.273868 -0.946821 -0.168898
v -1.678554 1.105400 -2.547115
vt 0.753651 0.830564
vn 0.198399 -0.951290 -0.235976
v -0.965877 1.563532 -3.475893
vt 0.804381 0.896677
vn 0.232690 -0.931147 -0.280751
f 1333/1333/1333 1334/1334/1334 1335/1335/1335
v -1.102890 1.145146 -2.042271
vt 0.794628 0.794628
vn 0.273868 -0.946821 -0.168898
v -0.965877 1.563532 -3.475893
vt 0.804381 0.896677
vn 0.232690 -0.931147 -0.280751
v -0.275081 1.611227 -2.870081
vt 0.853553 0.853553
vn 0.312975 -0.926548 -0.208700
f 1336/1336/1336 1337/1337/1337 1338/1338/1338
v -1.678554 1.105400 -2.547115
vt 0.753651 0.830564
vn 0.198399 -0.951290 -0.235976
v -2.315188 1.122932 -2.972501
vt 0.708333 0.860844
vn 0.109570 -0.949213 -0.294939
v -1.729839 1.584570 -3.986356
vt 0.750000 0.933013
vn 0.137862 -0.929012 -0.343412
f 1339/1339/1339 1340/1340/1340 1341/1341/1341
v -1.678554 1.105400 -2.547115
vt 0.753651 0.830564
vn 0.198399 -0.951290 -0.235976
v -1.729839 1.584570 -3.986356
vt 0.750000 0.933013
vn 0.137862 -0.929012 -0.343412
v -0.965877 1.563532 -3.475893
vt 0.804381 0.896677
vn 0.232690 -0.931147 -0.280751
f 1342/1342/1342 1343/1343/1343 1344/1344/1344
v -2.315188 1.122932 -2.972501
vt 0.708333 0.860844
vn 0.109570 -0.949213 -0.294939
v -3.001900 1.190496 -3.311150
vt 0.659451 0.884950
vn 0.032811 -0.942753 -0.331873
v -2.553893 1.665647 -4.392734
vt 0.691342 0.961940
vn 0.054810 -0.922334 -0.382488
f 1345/1345/1345 1346/1346/1346 1347/1347/1347
v -2.315188 1.122932 -2.972501
vt 0.708333 0.860844
vn 0.109570 -0.949213 -0.294939
v -2.553893 1.665647 -4.392734
vt 0.691342 0.961940
vn 0.054810 -0.922334 -0.382488
v -1.729839 1.584570 -3.986356
vt 0.750000 0.933013
vn 0.137862 -0.929012 -0.343412
f 1348/1348/1348 1349/1349/1349 1350/1350/1350
v -3.001900 1.190496 -3.311150
vt 0.659451 0.884950
vn 0.032811 -0.942753 -0.331873
v -3.726940 1.280168 -3.557268
vt 0.607841 0.902469
vn -0.011346 -0.937839 -0.346884
v -3.423940 1.773253 -4.688076
vt 0.629410 0.982963
vn 0.004264 -0.917056 -0.398737
f 1351/1351/1351 1352/1352/1352 1353/1353/1353
v -3.001900 1.190496 -3.311150
vt 0.659451 0.884950
vn 0.032811 -0.942753 -0.331873
v -3.423940 1.773253 -4.688076
vt 0.629410 0.982963
vn 0.004264 -0.917056 -0.398737
v -2.553893 1.665647 -4.392734
vt 0.691342 0.961940
vn 0.054810 -0.922334 -0.382488
f 1354/1354/1354 1355/1355/1355 1356/1356/1356
v -3.726940 1.280168 -3.557268
vt 0.607841 0.902469
vn -0.011346 -0.937839 -0.346884
v -4.477901 1.354888 -3.706643
vt 0.554386 0.913102
vn -0.018027 -0.936834 -0.349308
v -4.325094 1.862917 -4.867326
vt 0.565263 0.995722
vn -0.009661 -0.915580 -0.402020
f 1357/1357/1357 1358/1358/1358 1359/1359/1359
v -3.726940 1.280168 -3.557268
vt 0.607841 0.902469
vn -0.011346 -0.937839 -0.346884
v -4.325094 1.862917 -4.867326
vt 0.565263 0.995722
vn -0.009661 -0.915580 -0.402020
v -3.423940 1.773253 -4.688076
vt 0.629410 0.982963
vn 0.004264 -0.917056 -0.398737
f 1360/1360/1360 1361/1361/1361 1362/1362/1362
v -4.477901 1.354888 -3.706643
vt 0.554386 0.913102
vn -0.018027 -0.936834 -0.349308
v -5.241935 1.383774 -3.756720
vt 0.500000 0.916667
vn 0.000000 -0.937189 -0.348822
v -5.241935 1.897581 -4.927419
vt 0.500000 1.000000
vn 0.000000 -0.915690 -0.401886
f 1363/1363/1363 1364/1364/1364 1365/1365/1365
v -4.477901 1.354888 -3.706643
vt 0.554386 0.913102
vn -0.018027 -0.936834 -0.349308
v -5.241935 1.897581 -4.927419
vt 0.500000 1.000000
vn 0.000000 -0.915690 -0.401886
v -4.325094 1.862917 -4.867326
vt 0.565263 0.995722
vn -0.009661 -0.915580 -0.402020
f 1366/1366/1366 1367/1367/1367 1368/1368/1368
v -5.241935 1.383774 -3.756720
vt 0.500000 0.916667
vn 0.000000 -0.937189 -0.348822
v -6.005970 1.354888 -3.706643
vt 0.445614 0.913102
vn 0.018027 -0.936834 -0.349308
v -6.158777 1.862917 -4.867326
vt 0.434737 0.995722
vn 0.009661 -0.915580 -0.402020
f 1369/1369/1369 1370/1370/1370 1371/1371/1371
v -5.241935 1.383774 -3.756720
vt 0.500000 0.916667
vn 0.000000 -0.937189 -0.348822
v -6.158777 1.862917 -4.867326
vt 0.434737 0.995722
vn 0.009661 -0.915580 -0.402020
v -5.241935 1.897581 -4.927419
vt 0.500000 1.000000
vn 0.000000 -0.915690 -0.401886
f 1372/1372/1372 1373/1373/1373 1374/1374/1374
v -6.005970 1.354888 -3.706643
vt 0.445614 0.913102
vn 0.018027 -0.936834 -0.349308
v -6.756931 1.280168 -3.557268
vt 0.392159 0.902469
vn 0.011346 -0.937839 -0.346884
v -7.059930 1.773253 -4.688076
vt 0.370590 0.982963
vn -0.004264 -0.917056 -0.398737
f 1375/1375/1375 1376/1376/1376 1377/1377/1377
v -6.005970 1.354888 -3.706643
vt 0.445614 0.913102
vn 0.018027 -0.936834 -0.349308
v -7.059930 1.773253 -4.688076
vt 0.370590 0.982963
vn -0.004264 -0.917056 -0.398737
v -6.158777 1.862917 -4.867326
vt 0.434737 0.995722
vn 0.009661 -0.915580 -0.402020
f 1378/1378/1378 1379/1379/1379 1380/1380/1380
v -6.756931 1.280168 -3.557268
vt 0.392159 0.902469
vn 0.011346 -0.937839 -0.346884
v -7.481971 1.190496 -3.311150
vt 0.340549 0.884950
vn -0.032812 -0.942753 -0.331873
v -7.929978 1.665647 -4.392734
vt 0.308658 0.961940
vn -0.054810 -0.922334 -0.382487
f 1381/1381/1381 1382/1382/1382 1383/1383/1383
v -6.756931 1.280168 -3.557268
vt 0.392159 0.902469
vn 0.011346 -0.937839 -0.346884
v -7.929978 1.665647 -4.392734
vt 0.308658 0.961940
vn -0.054810 -0.922334 -0.382487
v -7.059930 1.773253 -4.688076
vt 0.370590 0.982963
vn -0.004264 -0.917056 -0.398737
f 1384/1384/1384 1385/1385/1385 1386/1386/1386
v -7.481971 1.190496 -3.311150
vt 0.340549 0.884950
vn -0.032812 -0.942753 -0.331873
v -8.168683 1.122932 -2.972501
vt 0.291667 0.860844
vn -0.109570 -0.949213 -0.294939
v -8.754033 1.584570 -3.986356
vt 0.250000 0.933013
vn -0.137862 -0.929012 -0.343412
f 1387/1387/1387 1388/1388/1388 1389/1389/1389
v -7.481971 1.190496 -3.311150
vt 0.340549 0.884950
vn -0.032812 -0.942753 -0.331873
v -8.754033 1.584570 -3.986356
vt 0.250000 0.933013
vn -0.137862 -0.929012 -0.343412
v -7.929978 1.665647 -4.392734
vt 0.308658 0.961940
vn -0.054810 -0.922334 -0.382487
f 1390/1390/1390 1391/1391/1391 1392/1392/1392
v -8.168683 1.122932 -2.972501
vt 0.291667 0.860844
vn -0.109570 -0.949213 -0.294939
v -8.805317 1.105400 -2.547115
vt 0.246349 0.830564
vn -0.198399 -0.951290 -0.235976
v -9.517994 1.563532 -3.475893
vt 0.195619 0.896677
vn -0.232690 -0.931147 -0.280751
f 1393/1393/1393 1394/1394/1394 1395/1395/1395
v -8.168683 1.122932 -2.972501
vt 0.291667 0.860844
vn -0.109570 -0.949213 -0.294939
v -9.517994 1.563532 -3.475893
vt 0.195619 0.896677
vn -0.232690 -0.931147 -0.280751
v -8.754033 1.584570 -3.986356
vt 0.250000 0.933013
vn -0.137862 -0.929012 -0.343412
f 1396/1396/1396 1397/1397/1397 1398/1398/1398
v -8.805317 1.105400 -2.547115
vt 0.246349 0.830564
vn -0.198399 -0.951290 -0.235976
v -9.380982 1.145146 -2.042271
vt 0.205372 0.794628
vn -0.273868 -0.946821 -0.168898
v -10.208790 1.611227 -2.870081
vt 0.146447 0.853553
vn -0.312975 -0.926548 -0.208700
f 1399/1399/1399 1400/1400/1400 1401/1401/1401
v -8.805317 1.105400 -2.547115
vt 0.246349 0.830564
vn -0.198399 -0.951290 -0.235976
v -10.208790 1.611227 -2.870081
vt 0.146447 0.853553
vn -0.312975 -0.926548 -0.208700
v -9.517994 1.563532 -3.475893
vt 0.195619 0.896677
vn -0.232690 -0.931147 -0.280751
f 1402/1402/1402 1403/1403/1403 1404/1404/1404
v -9.380982 1.145146 -2.042271
vt 0.205372 0.794628
vn -0.273868 -0.946821 -0.168898
v -9.885825 1.225743 -1.466608
vt 0.169436 0.753651
vn -0.320187 -0.940332 -0.115132
v -10.814603 1.707944 -2.179284
vt 0.103323 0.804381
vn -0.362834 -0.919787 -0.149478
f 1405/1405/1405 1406/1406/1406 1407/1407/1407
v -9.380982 1.145146 -2.042271
vt 0.205372 0.794628
vn -0.273868 -0.946821 -0.168898
v -10.814603 1.707944 -2.179284
vt 0.103323 0.804381
vn -0.362834 -0.919787 -0.149478
v -10.208790 1.611227 -2.870081
vt 0.146447 0.853553
vn -0.312975 -0.926548 -0.208700
f 1408/1408/1408 1409/1409/1409 1410/1410/1410
v -9.885825 1.225743 -1.466608
vt 0.169436 0.753651
vn -0.320187 -0.940332 -0.115132
v -10.311210 1.313881 -0.829973
vt 0.139156 0.708333
vn -0.337290 -0.937042 -0.090488
v -11.325065 1.813710 -1.415323
vt 0.066987 0.750000
vn -0.382996 -0.916071 -0.118861
f 1411/1411/1411 1412/1412/1412 1413/1413/1413
v -9.885825 1.225743 -1.466608
vt 0.169436 0.753651
vn -0.320187 -0.940332 -0.115132
v -11.325065 1.813710 -1.415323
vt 0.066987 0.750000
vn -0.382996 -0.916071 -0.118861
v -10.814603 1.707944 -2.179284
vt 0.103323 0.804381
vn -0.362834 -0.919787 -0.149478
f 1414/1414/1414 1415/1415/1415 1416/1416/1416
v -10.311210 1.313881 -0.829973
vt 0.139156 0.708333
vn -0.337290 -0.937042 -0.090488
v -10.649859 1.373133 -0.143261
vt 0.115050 0.659451
vn -0.335871 -0.937010 -0.095927
v -11.731444 1.884812 -0.591268
vt 0.038060 0.691342
vn -0.384631 -0.915606 -0.117151
f 1417/1417/1417 1418/1418/1418 1419/1419/1419
v -10.311210 1.313881 -0.829973
vt 0.139156 0.708333
vn -0.337290 -0.937042 -0.090488
v -11.731444 1.884812 -0.591268
vt 0.038060 0.691342
vn -0.384631 -0.915606 -0.117151
v -11.325065 1.813710 -1.415323
vt 0.066987 0.750000
vn -0.382996 -0.916071 -0.118861
f 1420/1420/1420 1421/1421/1421 1422/1422/1422
v -10.649859 1.373133 -0.143261
vt 0.115050 0.659451
vn -0.335871 -0.937010 -0.095927
v -10.895977 1.379011 0.581778
vt 0.097531 0.607841
vn -0.329165 -0.937102 -0.116145
v -12.026785 1.891865 0.278779
vt 0.017037 0.629410
vn -0.380637 -0.915646 -0.129259
f 1423/1423/1423 1424/1424/1424 1425/1425/1425
v -10.649859 1.373133 -0.143261
vt 0.115050 0.659451
vn -0.335871 -0.937010 -0.095927
v -12.026785 1.891865 0.278779
vt 0.017037 0.629410
vn -0.380637 -0.915646 -0.129259
v -11.731444 1.884812 -0.591268
vt 0.038060 0.691342
vn -0.384631 -0.915606 -0.117151
f 1426/1426/1426 1427/1427/1427 1428/1428/1428
v -10.895977 1.379011 0.581778
vt 0.097531 0.607841
vn -0.329165 -0.937102 -0.116145
v -11.045353 1.329085 1.332740
vt 0.086898 0.554386
vn -0.326063 -0.936867 -0.126341
v -12.206036 1.831954 1.179933
vt 0.004278 0.565263
vn -0.379436 -0.915799 -0.131680
f 1429/1429/1429 1430/1430/1430 1431/1431/1431
v -10.895977 1.379011 0.581778
vt 0.097531 0.607841
vn -0.329165 -0.937102 -0.116145
v -12.206036 1.831954 1.179933
vt 0.004278 0.565263
vn -0.379436 -0.915799 -0.131680
v -12.026785 1.891865 0.278779
vt 0.017037 0.629410
vn -0.380637 -0.915646 -0.129259
f 1432/1432/1432 1433/1433/1433 1434/1434/1434
v -11.045353 1.329085 1.332740
vt 0.086898 0.554386
vn -0.326063 -0.936867 -0.126341
v -11.095430 1.243989 2.096774
vt 0.083333 0.500000
vn -0.326744 -0.939329 -0.104398
v -12.266129 1.729839 2.096774
vt 0.000000 0.500000
vn -0.381273 -0.918711 -0.102961
f 1435/1435/1435 1436/1436/1436 1437/1437/1437
v -11.045353 1.329085 1.332740
vt 0.086898 0.554386
vn -0.326063 -0.936867 -0.126341
v -12.266129 1.729839 2.096774
vt 0.000000 0.500000
vn -0.381273 -0.918711 -0.102961
v -12.206036 1.831954 1.179933
vt 0.004278 0.565263
vn -0.379436 -0.915799 -0.131680
f 1438/1438/1438 1439/1439/1439 1440/1440/1440
v -11.095430 1.243989 2.096774
vt 0.083333 0.500000
vn -0.326744 -0.939329 -0.104398
v -11.045353 1.158893 2.860809
vt 0.086898 0.445614
vn -0.323061 -0.945473 -0.041381
v -12.206036 1.627724 3.013615
vt 0.004278 0.434737
vn -0.378105 -0.925157 -0.033496
f 1441/1441/1441 1442/1442/1442 1443/1443/1443
v -11.095430 1.243989 2.096774
vt 0.083333 0.500000
vn -0.326744 -0.939329 -0.104398
v -12.206036 1.627724 3.013615
vt 0.004278 0.434737
vn -0.378105 -0.925157 -0.033496
v -12.266129 1.729839 2.096774
vt 0.000000 0.500000
vn -0.381273 -0.918711 -0.102961
f 1444/1444/1444 1445/1445/1445 1446/1446/1446
v -11.045353 1.158893 2.860809
vt 0.086898 0.445614
vn -0.323061 -0.945473 -0.041381
v -10.895977 1.108967 3.611770
vt 0.097531 0.392159
vn -0.304982 -0.950854 0.053508
v -12.026785 1.567812 3.914769
vt 0.017037 0.370590
vn -0.359374 -0.930698 0.068197
f 1447/1447/1447 1448/1448/1448 1449/1449/1449
v -11.045353 1.158893 2.860809
vt 0.086898 0.445614
vn -0.323061 -0.945473 -0.041381
v -12.026785 1.567812 3.914769
vt 0.017037 0.370590
vn -0.359374 -0.930698 0.068197
v -12.206036 1.627724 3.013615
vt 0.004278 0.434737
vn -0.378105 -0.925157 -0.033496
f 1450/1450/1450 1451/1451/1451 1452/1452/1452
v -10.895977 1.108967 3.611770
vt 0.097531 0.392159
vn -0.304982 -0.950854 0.053508
v -10.649859 1.114844 4.336810
vt 0.115050 0.340549
vn -0.270235 -0.950150 0.155524
v -11.731444 1.574865 4.784817
vt 0.038060 0.308658
vn -0.322271 -0.929975 0.176883
f 1453/1453/1453 1454/1454/1454 1455/1455/1455
v -10.895977 1.108967 3.611770
vt 0.097531 0.392159
vn -0.304982 -0.950854 0.053508
v -11.731444 1.574865 4.784817
vt 0.038060 0.308658
vn -0.322271 -0.929975 0.176883
v -12.026785 1.567812 3.914769
vt 0.017037 0.370590
vn -0.359374 -0.930698 0.068197
f 1456/1456/1456 1457/1457/1457 1458/1458/1458
v -10.649859 1.114844 4.336810
vt 0.115050 0.340549
vn -0.270235 -0.950150 0.155524
v -10.311210 1.174096 5.023521
vt 0.139156 0.291667
vn -0.229110 -0.944099 0.237035
v -11.325065 1.645968 5.608871
vt 0.066987 0.250000
vn -0.277478 -0.923734 0.264050
f 1459/1459/1459 1460/1460/1460 1461/1461/1461
v -10.649859 1.114844 4.336810
vt 0.115050 0.340549
vn -0.270235 -0.950150 0.155524
v -11.325065 1.645968 5.608871
vt 0.066987 0.250000
vn -0.277478 -0.923734 0.264050
v -11.731444 1.574865 4.784817
vt 0.038060 0.308658
vn -0.322271 -0.929975 0.176883
f 1462/1462/1462 1463/1463/1463 1464/1464/1464
v -10.311210 1.174096 5.023521
vt 0.139156 0.291667
vn -0.229110 -0.944099 0.237035
v -9.885825 1.262235 5.660156
vt 0.169436 0.246349
vn -0.198382 -0.938495 0.282614
v -10.814603 1.751733 6.372832
vt 0.103323 0.195619
vn -0.242431 -0.917798 0.314443
f 1465/1465/1465 1466/1466/1466 1467/1467/1467
v -10.311210 1.174096 5.023521
vt 0.139156 0.291667
vn -0.229110 -0.944099 0.237035
v -10.814603 1.751733 6.372832
vt 0.103323 0.195619
vn -0.242431 -0.917798 0.314443
v -11.325065 1.645968 5.608871
vt 0.066987 0.250000
vn -0.277478 -0.923734 0.264050
f 1468/1468/1468 1469/1469/1469 1470/1470/1470
v -9.885825 1.262235 5.660156
vt 0.169436 0.246349
vn -0.198382 -0.938495 0.282614
v -9.380982 1.342832 6.235820
vt 0.205372 0.205372
vn -0.189699 -0.936809 0.293945
v -10.208790 1.848450 7.063629
vt 0.146447 0.146447
vn -0.228622 -0.915645 0.330646
f 1471/1471/1471 1472/1472/1472 1473/1473/1473
v -9.885825 1.262235 5.660156
vt 0.169436 0.246349
vn -0.198382 -0.938495 0.282614
v -10.208790 1.848450 7.063629
vt 0.146447 0.146447
vn -0.228622 -0.915645 0.330646
v -10.814603 1.751733 6.372832
vt 0.103323 0.195619
vn -0.242431 -0.917798 0.314443
f 1474/1474/1474 1475/1475/1475 1476/1476/1476
v -9.380982 1.342832 6.235820
vt 0.205372 0.205372
vn -0.189699 -0.936809 0.293945
v -8.805317 1.382578 6.740664
vt 0.246349 0.169436
vn -0.201424 -0.937166 0.284865
v -9.517994 1.896146 7.669442
vt 0.195619 0.103323
vn -0.234000 -0.915678 0.326770
f 1477/1477/1477 1478/1478/1478 1479/1479/1479
v -9.380982 1.342832 6.235820
vt 0.205372 0.205372
vn -0.189699 -0.936809 0.293945
v -9.517994 1.896146 7.669442
vt 0.195619 0.103323
vn -0.234000 -0.915678 0.326770
v -10.208790 1.848450 7.063629
vt 0.146447 0.146447
vn -0.228622 -0.915645 0.330646
f 1480/1480/1480 1481/1481/1481 1482/1482/1482
v -8.805317 1.382578 6.740664
vt 0.246349 0.169436
vn -0.201424 -0.937166 0.284865
v -8.168683 1.365046 7.166049
vt 0.291667 0.139156
vn -0.217978 -0.936912 0.273280
v -8.754033 1.875107 8.179904
vt 0.250000 0.066987
vn -0.243560 -0.915576 0.319998
f 1483/1483/1483 1484/1484/1484 1485/1485/1485
v -8.805317 1.382578 6.740664
vt 0.246349 0.169436
vn -0.201424 -0.937166 0.284865
v -8.754033 1.875107 8.179904
vt 0.250000 0.066987
vn -0.243560 -0.915576 0.319998
v -9.517994 1.896146 7.669442
vt 0.195619 0.103323
vn -0.234000 -0.915678 0.326770
f 1486/1486/1486 1487/1487/1487 1488/1488/1488
v -8.168683 1.365046 7.166049
vt 0.291667 0.139156
vn -0.217978 -0.936912 0.273280
v -7.481971 1.297482 7.504698
vt 0.340549 0.115050
vn -0.217110 -0.937359 0.272436
v -7.929978 1.794031 8.586283
vt 0.308658 0.038060
vn -0.236171 -0.916484 0.322926
f 1489/1489/1489 1490/1490/1490 1491/1491/1491
v -8.168683 1.365046 7.166049
vt 0.291667 0.139156
vn -0.217978 -0.936912 0.273280
v -7.929978 1.794031 8.586283
vt 0.308658 0.038060
vn -0.236171 -0.916484 0.322926
v -8.754033 1.875107 8.179904
vt 0.250000 0.066987
vn -0.243560 -0.915576 0.319998
f 1492/1492/1492 1493/1493/1493 1494/1494/1494
v -7.481971 1.297482 7.504698
vt 0.340549 0.115050
vn -0.217110 -0.937359 0.272436
v -6.756931 1.207810 7.750816
vt 0.392159 0.097531
vn -0.180783 -0.941484 0.284474
v -7.059930 1.686424 8.881624
vt 0.370590 0.017037
vn -0.193923 -0.921004 0.337853
f 1495/1495/1495 1496/1496/1496 1497/1497/1497
v -7.481971 1.297482 7.504698
vt 0.340549 0.115050
vn -0.217110 -0.937359 0.272436
v -7.059930 1.686424 8.881624
vt 0.370590 0.017037
vn -0.193923 -0.921004 0.337853
v -7.929978 1.794031 8.586283
vt 0.308658 0.038060
vn -0.236171 -0.916484 0.322926
f 1498/1498/1498 1499/1499/1499 1500/1500/1500
v -6.756931 1.207810 7.750816
vt 0.392159 0.097531
vn -0.180783 -0.941484 0.284474
v -6.005970 1.133090 7.900191
vt 0.445614 0.086898
vn -0.104076 -0.948086 0.300501
v -6.158777 1.596760 9.060874
vt 0.434737 0.004278
vn -0.111016 -0.927852 0.356043
f 1501/1501/1501 1502/1502/1502 1503/1503/1503
v -6.756931 1.207810 7.750816
vt 0.392159 0.097531
vn -0.180783 -0.941484 0.284474
v -6.158777 1.596760 9.060874
vt 0.434737 0.004278
vn -0.111016 -0.927852 0.356043
v -7.059930 1.686424 8.881624
vt 0.370590 0.017037
vn -0.193923 -0.921004 0.337853
f 1504/1504/1504 1505/1505/1505 1506/1506/1506
v -6.005970 1.133090 7.900191
vt 0.445614 0.086898
vn -0.104076 -0.948086 0.300501
v -5.241935 1.104204 7.950269
vt 0.500000 0.083333
vn 0.000000 -0.951438 0.307841
v -5.241935 1.562097 9.120967
vt 0.500000 0.000000
vn 0.000000 -0.931299 0.364257
f 1507/1507/1507 1508/1508/1508 1509/1509/1509
v -6.005970 1.133090 7.900191
vt 0.445614 0.086898
vn -0.104076 -0.948086 0.300501
v -5.241935 1.562097 9.120967
vt 0.500000 0.000000
vn 0.000000 -0.931299 0.364257
v -6.158777 1.596760 9.060874
vt 0.434737 0.004278
vn -0.111016 -0.927852 0.356043
f 1510/1510/1510 1511/1511/1511 1512/1512/1512
v -5.241935 1.104204 7.950269
vt 0.500000 0.083333
vn 0.000000 -0.951438 0.307841
v -4.477901 1.133090 7.900191
vt 0.554386 0.086898
vn 0.104076 -0.948086 0.300501
v -4.325094 1.596760 9.060874
vt 0.565263 0.004278
vn 0.111016 -0.927852 0.356043
f 1513/1513/1513 1514/1514/1514 1515/1515/1515
v -5.241935 1.104204 7.950269
vt 0.500000 0.083333
vn 0.000000 -0.951438 0.307841
v -4.325094 1.596760 9.060874
vt 0.565263 0.004278
vn 0.111016 -0.927852 0.356043
v -5.241935 1.562097 9.120967
vt 0.500000 0.000000
vn 0.000000 -0.931299 0.364257
f 1516/1516/1516 1517/1517/1517 1518/1518/1518
v -4.477901 1.133090 7.900191
vt 0.554386 0.086898
vn 0.104076 -0.948086 0.300501
v -3.726940 1.207810 7.750816
vt 0.607841 0.097531
vn 0.180783 -0.941484 0.284474
v -3.423940 1.686424 8.881624
vt 0.629410 0.017037
vn 0.193923 -0.921004 0.337853
f 1519/1519/1519 1520/1520/1520 1521/1521/1521
v -4.477901 1.133090 7.900191
vt 0.554386 0.086898
vn 0.104076 -0.948086 0.300501
v -3.423940 1.686424 8.881624
vt 0.629410 0.017037
vn 0.193923 -0.921004 0.337853
v -4.325094 1.596760 9.060874
vt 0.565263 0.004278
vn 0.111016 -0.927852 0.356043
f 1522/1522/1522 1523/1523/1523 1524/1524/1524
v -3.726940 1.207810 7.750816
vt 0.607841 0.097531
vn 0.180783 -0.941484 0.284474
v -3.001900 1.297482 7.504698
vt 0.659451 0.115050
vn 0.217110 -0.937359 0.272436
v -2.553893 1.794031 8.586283
vt 0.691342 0.038060
vn 0.236170 -0.916484 0.322926
f 1525/1525/1525 1526/1526/1526 1527/1527/1527
v -3.726940 1.207810 7.750816
vt 0.607841 0.097531
vn 0.180783 -0.941484 0.284474
v -2.553893 1.794031 8.586283
vt 0.691342 0.038060
vn 0.236170 -0.916484 0.322926
v -3.423940 1.686424 8.881624
vt 0.629410 0.017037
vn 0.193923 -0.921004 0.337853
f 1528/1528/1528 1529/1529/1529 1530/1530/1530
v -3.001900 1.297482 7.504698
vt 0.659451 0.115050
vn 0.217110 -0.937359 0.272436
v -2.315188 1.365046 7.166049
vt 0.708333 0.139156
vn 0.217978 -0.936912 0.273280
v -1.729839 1.875107 8.179904
vt 0.750000 0.066987
vn 0.243560 -0.915576 0.319999
f 1531/1531/1531 1532/1532/1532 1533/1533/1533
v -3.001900 1.297482 7.504698
vt 0.659451 0.115050
vn 0.217110 -0.937359 0.272436
v -1.729839 1.875107 8.179904
vt 0.750000 0.066987
vn 0.243560 -0.915576 0.319999
v -2.553893 1.794031 8.586283
vt 0.691342 0.038060
vn 0.236170 -0.916484 0.322926
f 1534/1534/1534 1535/1535/1535 1536/1536/1536
v -2.315188 1.365046 7.166049
vt 0.708333 0.139156
vn 0.217978 -0.936912 0.273280
v -1.678554 1.382578 6.740664
vt 0.753651 0.169436
vn 0.201424 -0.937166 0.284865
v -0.965877 1.896146 7.669442
vt 0.804381 0.103323
vn 0.234000 -0.915678 0.326769
f 1537/1537/1537 1538/1538/1538 1539/1539/1539
v -2.315188 1.365046 7.166049
vt 0.708333 0.139156
vn 0.217978 -0.936912 0.273280
v -0.965877 1.896146 7.669442
vt 0.804381 0.103323
vn 0.234000 -0.915678 0.326769
v -1.729839 1.875107 8.179904
vt 0.750000 0.066987
vn 0.243560 -0.915576 0.319999
f 1540/1540/1540 1541/1541/1541 1542/1542/1542
v -1.678554 1.382578 6.740664
vt 0.753651 0.169436
vn 0.201424 -0.937166 0.284865
v -1.102890 1.342832 6.235820
vt 0.794628 0.205372
vn 0.189699 -0.936809 0.293945
v -0.275081 1.848450 7.063629
vt 0.853553 0.146447
vn 0.228622 -0.915645 0.330646
f 1543/1543/1543 1544/1544/1544 1545/1545/1545
v -1.678554 1.382578 6.740664
vt 0.753651 0.169436
vn 0.201424 -0.937166 0.284865
v -0.275081 1.848450 7.063629
vt 0.853553 0.146447
vn 0.228622 -0.915645 0.330646
v -0.965877 1.896146 7.669442
vt 0.804381 0.103323
vn 0.234000 -0.915678 0.326769
f 1546/1546/1546 1547/1547/1547 1548/1548/1548
v -1.102890 1.342832 6.235820
vt 0.794628 0.205372
vn 0.189699 -0.936809 0.293945
v -0.598046 1.262235 5.660156
vt 0.830564 0.246349
vn 0.198382 -0.938495 0.282614
v 0.330732 1.751733 6.372832
vt 0.896677 0.195619
vn 0.242431 -0.917798 0.314443
f 1549/1549/1549 1550/1550/1550 1551/1551/1551
v -1.102890 1.342832 6.235820
vt 0.794628 0.205372
vn 0.189699 -0.936809 0.293945
v 0.330732 1.751733 6.372832
vt 0.896677 0.195619
vn 0.242431 -0.917798 0.314443
v -0.275081 1.848450 7.063629
vt 0.853553 0.146447
vn 0.228622 -0.915645 0.330646
f 1552/1552/1552 1553/1553/1553 1554/1554/1554
v -0.598046 1.262235 5.660156
vt 0.830564 0.246349
vn 0.198382 -0.938495 0.282614
v -0.172660 1.174096 5.023521
vt 0.860844 0.291667
vn 0.229110 -0.944099 0.237035
v 0.841195 1.645968 5.608871
vt 0.933013 0.250000
vn 0.277478 -0.923734 0.264050
f 1555/1555/1555 1556/1556/1556 1557/1557/1557
v -0.598046 1.262235 5.660156
vt 0.830564 0.246349
vn 0.198382 -0.938495 0.282614
v 0.841195 1.645968 5.608871
vt 0.933013 0.250000
vn 0.277478 -0.923734 0.264050
v 0.330732 1.751733 6.372832
vt 0.896677 0.195619
vn 0.242431 -0.917798 0.314443
f 1558/1558/1558 1559/1559/1559 1560/1560/1560
v -0.172660 1.174096 5.023521
vt 0.860844 0.291667
vn 0.229110 -0.944099 0.237035
v 0.165988 1.114844 4.336810
vt 0.884950 0.340549
vn 0.270235 -0.950150 0.155524
v 1.247573 1.574865 4.784817
vt 0.961940 0.308658
vn 0.322271 -0.929975 0.176882
f 1561/1561/1561 1562/1562/1562 1563/1563/1563
v -0.172660 1.174096 5.023521
vt 0.860844 0.291667
vn 0.229110 -0.944099 0.237035
v 1.247573 1.574865 4.784817
vt 0.961940 0.308658
vn 0.322271 -0.929975 0.176882
v 0.841195 1.645968 5.608871
vt 0.933013 0.250000
vn 0.277478 -0.923734 0.264050
f 1564/1564/1564 1565/1565/1565 1566/1566/1566
v 0.165988 1.114844 4.336810
vt 0.884950 0.340549
vn 0.270235 -0.950150 0.155524
v 0.412106 1.108967 3.611770
vt 0.902469 0.392159
vn 0.304982 -0.950854 0.053508
v 1.542914 1.567812 3.914769
vt 0.982963 0.370590
vn 0.359374 -0.930698 0.068197
f 1567/1567/1567 1568/1568/1568 1569/1569/1569
v 0.165988 1.114844 4.336810
vt 0.884950 0.340549
vn 0.270235 -0.950150 0.155524
v 1.542914 1.567812 3.914769
vt 0.982963 0.370590
vn 0.359374 -0.930698 0.068197
v 1.247573 1.574865 4.784817
vt 0.961940 0.308658
vn 0.322271 -0.929975 0.176882
f 1570/1570/1570 1571/1571/1571 1572/1572/1572
v 0.412106 1.108967 3.611770
vt 0.902469 0.392159
vn 0.304982 -0.950854 0.053508
v 0.561482 1.158893 2.860809
vt 0.913102 0.445614
vn 0.323061 -0.945473 -0.041382
v 1.722165 1.627724 3.013615
vt 0.995722 0.434737
vn 0.378105 -0.925157 -0.033496
f 1573/1573/1573 1574/1574/1574 1575/1575/1575
v 0.412106 1.108967 3.611770
vt 0.902469 0.392159
vn 0.304982 -0.950854 0.053508
v 1.722165 1.627724 3.013615
vt 0.995722 0.434737
vn 0.378105 -0.925157 -0.033496
v 1.542914 1.567812 3.914769
vt 0.982963 0.370590
vn 0.359374 -0.930698 0.068197
f 1576/1576/1576 1577/1577/1577 1578/1578/1578
v 0.561482 1.158893 2.860809
vt 0.913102 0.445614
vn 0.323061 -0.945473 -0.041382
v 0.611559 1.243989 2.096774
vt 0.916667 0.500000
vn 0.326744 -0.939329 -0.104398
v 1.782258 1.729839 2.096774
vt 1.000000 0.500000
vn 0.381273 -0.918711 -0.102961
f 1579/1579/1579 1580/1580/1580 1581/1581/1581
v 0.561482 1.158893 2.860809
vt 0.913102 0.445614
vn 0.323061 -0.945473 -0.041382
v 1.782258 1.729839 2.096774
vt 1.000000 0.500000
vn 0.381273 -0.918711 -0.102961
v 1.722165 1.627724 3.013615
vt 0.995722 0.434737
vn 0.378105 -0.925157 -0.033496
f 1582/1582/1582 1583/1583/1583 1584/1584/1584
o Photo_pad_1
usemtl pad
v 4.193548 0.629032 -2.096774
vt 0.500000 0.500000
vn 0.000000 1.000000 -0.000000
v 5.521506 0.581952 -2.096774
vt 0.583333 0.500000
vn 0.604218 -0.793013 -0.077786
v 5.510145 0.598971 -2.270107
vt 0.582620 0.510877
vn 0.599832 -0.787598 -0.141032
f 1585/1585/1585 1586/1586/1586 1587/1587/1587
v 4.193548 0.629032 -2.096774
vt 0.500000 0.500000
vn 0.000000 1.000000 -0.000000
v 5.510145 0.598971 -2.270107
vt 0.582620 0.510877
vn 0.599832 -0.787598 -0.141032
v 5.476256 0.608956 -2.440475
vt 0.580494 0.521568
vn 0.590746 -0.786716 -0.179155
f 1588/1588/1588 1589/1589/1589 1590/1590/1590
v 4.193548 0.629032 -2.096774
vt 0.500000 0.500000
vn 0.000000 1.000000 -0.000000
v 5.476256 0.608956 -2.440475
vt 0.580494 0.521568
vn 0.590746 -0.786716 -0.179155
v 5.420421 0.607781 -2.604961
vt 0.576990 0.531890
vn 0.581028 -0.786741 -0.208435
f 1591/1591/1591 1592/1592/1592 1593/1593/1593
v 4.193548 0.629032 -2.096774
vt 0.500000 0.500000
vn 0.000000 1.000000 -0.000000
v 5.420421 0.607781 -2.604961
vt 0.576990 0.531890
vn 0.581028 -0.786741 -0.208435
v 5.343593 0.595930 -2.760753
vt 0.572169 0.541667
vn 0.563359 -0.788200 -0.247726
f 1594/1594/1594 1595/1595/1595 1596/1596/1596
v 4.193548 0.629032 -2.096774
vt 0.500000 0.500000
vn 0.000000 1.000000 -0.000000
v 5.343593 0.595930 -2.760753
vt 0.572169 0.541667
vn 0.563359 -0.788200 -0.247726
v 5.247088 0.578303 -2.905183
vt 0.566113 0.550730
vn 0.524582 -0.794811 -0.305106
f 1597/1597/1597 1598/1598/1598 1599/1599/1599
v 4.193548 0.629032 -2.096774
vt 0.500000 0.500000
vn 0.000000 1.000000 -0.000000
v 5.247088 0.578303 -2.905183
vt 0.566113 0.550730
vn 0.524582 -0.794811 -0.305106
v 5.132556 0.562183 -3.035781
vt 0.558926 0.558926
vn 0.456856 -0.805409 -0.377622
f 1600/1600/1600 1601/1601/1601 1602/1602/1602
v 4.193548 0.629032 -2.096774
vt 0.500000 0.500000
vn 0.000000 1.000000 -0.000000
v 5.132556 0.562183 -3.035781
vt 0.558926 0.558926
vn 0.456856 -0.805409 -0.377622
v 5.001957 0.554234 -3.150313
vt 0.550730 0.566113
vn 0.363293 -0.812309 -0.456260
f 1603/1603/1603 1604/1604/1604 1605/1605/1605
v 4.193548 0.629032 -2.096774
vt 0.500000 0.500000
vn 0.000000 1.000000 -0.000000
v 5.001957 0.554234 -3.150313
vt 0.550730 0.566113
vn 0.363293 -0.812309 -0.456260
v 4.857527 0.557740 -3.246819
vt 0.541667 0.572169
vn 0.258610 -0.809129 -0.527666
f 1606/1606/1606 1607/1607/1607 1608/1608/1608
v 4.193548 0.629032 -2.096774
vt 0.500000 0.500000
vn 0.000000 1.000000 -0.000000
v 4.857527 0.557740 -3.246819
vt 0.541667 0.572169
vn 0.258610 -0.809129 -0.527666
v 4.701735 0.571253 -3.323646
vt 0.531890 0.576990
vn 0.161571 -0.798896 -0.579362
f 1609/1609/1609 1610/1610/1610 1611/1611/1611
v 4.193548 0.629032 -2.096774
vt 0.500000 0.500000
vn 0.000000 1.000000 -0.000000
v 4.701735 0.571253 -3.323646
vt 0.531890 0.576990
vn 0.161571 -0.798896 -0.579362
v 4.537249 0.589188 -3.379482
vt 0.521568 0.580494
vn 0.085080 -0.790116 -0.607024
f 1612/1612/1612 1613/1613/1613 1614/1614/1614
v 4.193548 0.629032 -2.096774
vt 0.500000 0.500000
vn 0.000000 1.000000 -0.000000
v 4.537249 0.589188 -3.379482
vt 0.521568 0.580494
vn 0.085080 -0.790116 -0.607024
v 4.366882 0.604132 -3.413370
vt 0.510877 0.582620
vn 0.033422 -0.786926 -0.616142
f 1615/1615/1615 1616/1616/1616 1617/1617/1617
v 4.193548 0.629032 -2.096774
vt 0.500000 0.500000
vn 0.000000 1.000000 -0.000000
v 4.366882 0.604132 -3.413370
vt 0.510877 0.582620
vn 0.033422 -0.786926 -0.616142
v 4.193548 0.609909 -3.424731
vt 0.500000 0.583333
vn 0.000000 -0.786734 -0.617293
f 1618/1618/1618 1619/1619/1619 1620/1620/1620
v 4.193548 0.629032 -2.096774
vt 0.500000 0.500000
vn 0.000000 1.000000 -0.000000
v 4.193548 0.609909 -3.424731
vt 0.500000 0.583333
vn 0.000000 -0.786734 -0.617293
v 4.020215 0.604132 -3.413370
vt 0.489123 0.582620
vn -0.033422 -0.786925 -0.616143
f 1621/1621/1621 1622/1622/1622 1623/1623/1623
v 4.193548 0.629032 -2.096774
vt 0.500000 0.500000
vn 0.000000 1.000000 -0.000000
v 4.020215 0.604132 -3.413370
vt 0.489123 0.582620
vn -0.033422 -0.786925 -0.616143
v 3.849848 0.589188 -3.379482
vt 0.478432 0.580494
vn -0.085080 -0.790114 -0.607027
f 1624/1624/1624 1625/1625/1625 1626/1626/1626
v 4.193548 0.629032 -2.096774
vt 0.500000 0.500000
vn 0.000000 1.000000 -0.000000
v 3.849848 0.589188 -3.379482
vt 0.478432 0.580494
vn -0.085080 -0.790114 -0.607027
v 3.685361 0.571253 -3.323646
vt 0.468110 0.576990
vn -0.161570 -0.798897 -0.579361
f 1627/1627/1627 1628/1628/1628 1629/1629/1629
v 4.193548 0.629032 -2.096774
vt 0.500000 0.500000
vn 0.000000 1.000000 -0.000000
v 3.685361 0.571253 -3.323646
vt 0.468110 0.576990
vn -0.161570 -0.798897 -0.579361
v 3.529570 0.557740 -3.246819
vt 0.458333 0.572169
vn -0.258610 -0.809129 -0.527666
f 1630/1630/1630 1631/1631/1631 1632/1632/1632
v 4.193548 0.629032 -2.096774
vt 0.500000 0.500000
vn 0.000000 1.000000 -0.000000
v 3.529570 0.557740 -3.246819
vt 0.458333 0.572169
vn -0.258610 -0.809129 -0.527666
v 3.385139 0.554234 -3.150313
vt 0.449270 0.566113
vn -0.363291 -0.812311 -0.456257
f 1633/1633/1633 1634/1634/1634 1635/1635/1635
v 4.193548 0.629032 -2.096774
vt 0.500000 0.500000
vn 0.000000 1.000000 -0.000000
v 3.385139 0.554234 -3.150313
vt 0.449270 0.566113
vn -0.363291 -0.812311 -0.456257
v 3.254541 0.562183 -3.035781
vt 0.441074 0.558926
vn -0.456859 -0.805407 -0.377623
f 1636/1636/1636 1637/1637/1637 1638/1638/1638
v 4.193548 0.629032 -2.096774
vt 0.500000 0.500000
vn 0.000000 1.000000 -0.000000
v 3.254541 0.562183 -3.035781
vt 0.441074 0.558926
vn -0.456859 -0.805407 -0.377623
v 3.140009 0.578303 -2.905183
vt 0.433887 0.550730
vn -0.524585 -0.794808 -0.305108
f 1639/1639/1639 1640/1640/1640 1641/1641/1641
v 4.193548 0.629032 -2.096774
vt 0.500000 0.500000
vn 0.000000 1.000000 -0.000000
v 3.140009 0.578303 -2.905183
vt 0.433887 0.550730
vn -0.524585 -0.794808 -0.305108
v 3.043504 0.595930 -2.760753
vt 0.427831 0.541667
vn -0.563350 -0.788208 -0.247720
f 1642/1642/1642 1643/1643/1643 1644/1644/1644
v 4.193548 0.629032 -2.096774
vt 0.500000 0.500000
vn 0.000000 1.000000 -0.000000
v 3.043504 0.595930 -2.760753
vt 0.427831 0.541667
vn -0.563350 -0.788208 -0.247720
v 2.966676 0.607781 -2.604961
vt 0.423010 0.531890
vn -0.581038 -0.786732 -0.208440
f 1645/1645/1645 1646/1646/1646 1647/1647/1647
v 4.193548 0.629032 -2.096774
vt 0.500000 0.500000
vn 0.000000 1.000000 -0.000000
v 2.966676 0.607781 -2.604961
vt 0.423010 0.531890
vn -0.581038 -0.786732 -0.208440
v 2.910840 0.608956 -2.440475
vt 0.419506 0.521568
vn -0.590739 -0.786722 -0.179152
f 1648/1648/1648 1649/1649/1649 1650/1650/1650
v 4.193548 0.629032 -2.096774
vt 0.500000 0.500000
vn 0.000000 1.000000 -0.000000
v 2.910840 0.608956 -2.440475
vt 0.419506 0.521568
vn -0.590739 -0.786722 -0.179152
v 2.876952 0.598971 -2.270107
vt 0.417380 0.510877
vn -0.599837 -0.787595 -0.141033
f 1651/1651/1651 1652/1652/1652 1653/1653/1653
v 4.193548 0.629032 -2.096774
vt 0.500000 0.500000
vn 0.000000 1.000000 -0.000000
v 2.876952 0.598971 -2.270107
vt 0.417380 0.510877
vn -0.599837 -0.787595 -0.141033
v 2.865591 0.581952 -2.096774
vt 0.416667 0.500000
vn -0.604218 -0.793013 -0.077786
f 1654/1654/1654 1655/1655/1655 1656/1656/1656
v 4.193548 0.629032 -2.096774
vt 0.500000 0.500000
vn 0.000000 1.000000 -0.000000
v 2.865591 0.581952 -2.096774
vt 0.416667 0.500000
vn -0.604218 -0.793013 -0.077786
v 2.876952 0.564933 -1.923441
vt 0.417380 0.489123
vn -0.595399 -0.803286 0.015202
f 1657/1657/1657 1658/1658/1658 1659/1659/1659
v 4.193548 0.629032 -2.096774
vt 0.500000 0.500000
vn 0.000000 1.000000 -0.000000
v 2.876952 0.564933 -1.923441
vt 0.417380 0.489123
vn -0.595399 -0.803286 0.015202
v 2.910840 0.554948 -1.753074
vt 0.419506 0.478432
vn -0.569259 -0.811643 0.131072
f 1660/1660/1660 1661/1661/1661 1662/1662/1662
v 4.193548 0.629032 -2.096774
vt 0.500000 0.500000
vn 0.000000 1.000000 -0.000000
v 2.910840 0.554948 -1.753074
vt 0.419506 0.478432
vn -0.569259 -0.811643 0.131072
v 2.966676 0.556123 -1.588587
vt 0.423010 0.468110
vn -0.528622 -0.810566 0.252075
f 1663/1663/1663 1664/1664/1664 1665/1665/1665
v 4.193548 0.629032 -2.096774
vt 0.500000 0.500000
vn 0.000000 1.000000 -0.000000
v 2.966676 0.556123 -1.588587
vt 0.423010 0.468110
vn -0.528622 -0.810566 0.252075
v 3.043504 0.567973 -1.432796
vt 0.427831 0.458333
vn -0.480913 -0.801092 0.356334
f 1666/1666/1666 1667/1667/1667 1668/1668/1668
v 4.193548 0.629032 -2.096774
vt 0.500000 0.500000
vn 0.000000 1.000000 -0.000000
v 3.043504 0.567973 -1.432796
vt 0.427831 0.458333
vn -0.480913 -0.801092 0.356334
v 3.140009 0.585601 -1.288365
vt 0.433887 0.449270
vn -0.434201 -0.791442 0.430220
f 1669/1669/1669 1670/1670/1670 1671/1671/1671
v 4.193548 0.629032 -2.096774
vt 0.500000 0.500000
vn 0.000000 1.000000 -0.000000
v 3.140009 0.585601 -1.288365
vt 0.433887 0.449270
vn -0.434201 -0.791442 0.430220
v 3.254541 0.601721 -1.157767
vt 0.441074 0.441074
vn -0.395553 -0.787180 0.473165
f 1672/1672/1672 1673/1673/1673 1674/1674/1674
v 4.193548 0.629032 -2.096774
vt 0.500000 0.500000
vn 0.000000 1.000000 -0.000000
v 3.254541 0.601721 -1.157767
vt 0.441074 0.441074
vn -0.395553 -0.787180 0.473165
v 3.385139 0.609670 -1.043235
vt 0.449270 0.433887
vn -0.367671 -0.786728 0.495860
f 1675/1675/1675 1676/1676/1676 1677/1677/1677
v 4.193548 0.629032 -2.096774
vt 0.500000 0.500000
vn 0.000000 1.000000 -0.000000
v 3.385139 0.609670 -1.043235
vt 0.449270 0.433887
vn -0.367671 -0.786728 0.495860
v 3.529570 0.606163 -0.946730
vt 0.458333 0.427831
vn -0.341665 -0.786790 0.514029
f 1678/1678/1678 1679/1679/1679 1680/1680/1680
v 4.193548 0.629032 -2.096774
vt 0.500000 0.500000
vn 0.000000 1.000000 -0.000000
v 3.529570 0.606163 -0.946730
vt 0.458333 0.427831
vn -0.341665 -0.786790 0.514029
v 3.685361 0.592651 -0.869902
vt 0.468110 0.423010
vn -0.299668 -0.789041 0.536297
f 1681/1681/1681 1682/1682/1682 1683/1683/1683
v 4.193548 0.629032 -2.096774
vt 0.500000 0.500000
vn 0.000000 1.000000 -0.000000
v 3.685361 0.592651 -0.869902
vt 0.468110 0.423010
vn -0.299668 -0.789041 0.536297
v 3.849848 0.574716 -0.814066
vt 0.478432 0.419506
vn -0.228102 -0.796782 0.559561
f 1684/1684/1684 1685/1685/1685 1686/1686/1686
v 4.193548 0.629032 -2.096774
vt 0.500000 0.500000
vn 0.000000 1.000000 -0.000000
v 3.849848 0.574716 -0.814066
vt 0.478432 0.419506
vn -0.228102 -0.796782 0.559561
v 4.020215 0.559772 -0.780178
vt 0.489123 0.417380
vn -0.124743 -0.807386 0.576686
f 1687/1687/1687 1688/1688/1688 1689/1689/1689
v 4.193548 0.629032 -2.096774
vt 0.500000 0.500000
vn 0.000000 1.000000 -0.000000
v 4.020215 0.559772 -0.780178
vt 0.489123 0.417380
vn -0.124743 -0.807386 0.576686
v 4.193548 0.553995 -0.768817
vt 0.500000 0.416667
vn -0.000000 -0.812533 0.582916
f 1690/1690/1690 1691/1691/1691 1692/1692/1692
v 4.193548 0.629032 -2.096774
vt 0.500000 0.500000
vn 0.000000 1.000000 -0.000000
v 4.193548 0.553995 -0.768817
vt 0.500000 0.416667
vn -0.000000 -0.812533 0.582916
v 4.366882 0.559772 -0.780178
vt 0.510877 0.417380
vn 0.124743 -0.807386 0.576686
f 1693/1693/1693 1694/1694/1694 1695/1695/1695
v 4.193548 0.629032 -2.096774
vt 0.500000 0.500000
vn 0.000000 1.000000 -0.000000
v 4.366882 0.559772 -0.780178
vt 0.510877 0.417380
vn 0.124743 -0.807386 0.576686
v 4.537249 0.574716 -0.814066
vt 0.521568 0.419506
vn 0.228102 -0.796783 0.559559
f 1696/1696/1696 1697/1697/1697 1698/1698/1698
v 4.193548 0.629032 -2.096774
vt 0.500000 0.500000
vn 0.000000 1.000000 -0.000000
v 4.537249 0.574716 -0.814066
vt 0.521568 0.419506
vn 0.228102 -0.796783 0.559559
v 4.701735 0.592651 -0.869902
vt 0.531890 0.423010
vn 0.299667 -0.789040 0.536298
f 1699/1699/1699 1700/1700/1700 1701/1701/1701
v 4.193548 0.629032 -2.096774
vt 0.500000 0.500000
vn 0.000000 1.000000 -0.000000
v 4.701735 0.592651 -0.869902
vt 0.531890 0.423010
vn 0.299667 -0.789040 0.536298
v 4.857527 0.606163 -0.946730
vt 0.541667 0.427831
vn 0.341665 -0.786791 0.514029
f 1702/1702/1702 1703/1703/1703 1704/1704/1704
v 4.193548 0.629032 -2.096774
vt 0.500000 0.500000
vn 0.000000 1.000000 -0.000000
v 4.857527 0.606163 -0.946730
vt 0.541667 0.427831
vn 0.341665 -0.786791 0.514029
v 5.001957 0.609670 -1.043235
vt 0.550730 0.433887
vn 0.367673 -0.786726 0.495862
f 1705/1705/1705 1706/1706/1706 1707/1707/1707
v 4.193548 0.629032 -2.096774
vt 0.500000 0.500000
vn 0.000000 1.000000 -0.000000
v 5.001957 0.609670 -1.043235
vt 0.550730 0.433887
vn 0.367673 -0.786726 0.495862
v 5.132556 0.601721 -1.157767
vt 0.558926 0.441074
vn 0.395551 -0.787183 0.473163
f 1708/1708/1708 1709/1709/1709 1710/1710/1710
v 4.193548 0.629032 -2.096774
vt 0.500000 0.500000
vn 0.000000 1.000000 -0.000000
v 5.132556 0.601721 -1.157767
vt 0.558926 0.441074
vn 0.395551 -0.787183 0.473163
v 5.247088 0.585601 -1.288365
vt 0.566113 0.449270
vn 0.434198 -0.791444 0.430218
f 1711/1711/1711 1712/1712/1712 1713/1713/1713
v 4.193548 0.629032 -2.096774
vt 0.500000 0.500000
vn 0.000000 1.000000 -0.000000
v 5.247088 0.585601 -1.288365
vt 0.566113 0.449270
vn 0.434198 -0.791444 0.430218
v 5.343593 0.567973 -1.432796
vt 0.572169 0.458333
vn 0.480922 -0.801083 0.356341
f 1714/1714/1714 1715/1715/1715 1716/1716/1716
v 4.193548 0.629032 -2.096774
vt 0.500000 0.500000
vn 0.000000 1.000000 -0.000000
v 5.343593 0.567973 -1.432796
vt 0.572169 0.458333
vn 0.480922 -0.801083 0.356341
v 5.420421 0.556123 -1.588587
vt 0.576990 0.468110
vn 0.528611 -0.810574 0.252071
f 1717/1717/1717 1718/1718/1718 1719/1719/1719
v 4.193548 0.629032 -2.096774
vt 0.500000 0.500000
vn 0.000000 1.000000 -0.000000
v 5.420421 0.556123 -1.588587
vt 0.576990 0.468110
vn 0.528611 -0.810574 0.252071
v 5.476256 0.554948 -1.753074
vt 0.580494 0.478432
vn 0.569267 -0.811637 0.131074
f 1720/1720/1720 1721/1721/1721 1722/1722/1722
v 4.193548 0.629032 -2.096774
vt 0.500000 0.500000
vn 0.000000 1.000000 -0.000000
v 5.476256 0.554948 -1.753074
vt 0.580494 0.478432
vn 0.569267 -0.811637 0.131074
v 5.510145 0.564933 -1.923441
vt 0.582620 0.489123
vn 0.595396 -0.803289 0.015201
f 1723/1723/1723 1724/1724/1724 1725/1725/1725
v 4.193548 0.629032 -2.096774
vt 0.500000 0.500000
vn 0.000000 1.000000 -0.000000
v 5.510145 0.564933 -1.923441
vt 0.582620 0.489123
vn 0.595396 -0.803289 0.015201
v 5.521506 0.581952 -2.096774
vt 0.583333 0.500000
vn 0.604218 -0.793013 -0.077786
f 1726/1726/1726 1727/1727/1727 1728/1728/1728
v 5.521506 0.581952 -2.096774
vt 0.583333 0.500000
vn 0.604218 -0.793013 -0.077786
v 5.510145 0.598971 -2.270107
vt 0.582620 0.510877
vn 0.599832 -0.787598 -0.141032
v 6.826740 0.653363 -2.443440
vt 0.665241 0.521754
vn 0.055045 -0.994825 -0.085404
f 1729/1729/1729 1730/1730/1730 1731/1731/1731
v 5.521506 0.581952 -2.096774
vt 0.583333 0.500000
vn 0.604218 -0.793013 -0.077786
v 6.826740 0.653363 -2.443440
vt 0.665241 0.521754
vn 0.055045 -0.994825 -0.085404
v 6.849462 0.619325 -2.096774
vt 0.666667 0.500000
vn 0.052905 -0.993822 -0.097569
f 1732/1732/1732 1733/1733/1733 1734/1734/1734
v 5.510145 0.598971 -2.270107
vt 0.582620 0.510877
vn 0.599832 -0.787598 -0.141032
v 5.476256 0.608956 -2.440475
vt 0.580494 0.521568
vn 0.590746 -0.786716 -0.179155
v 6.758964 0.673334 -2.784175
vt 0.660988 0.543137
vn 0.064319 -0.996983 -0.043454
f 1735/1735/1735 1736/1736/1736 1737/1737/1737
v 5.510145 0.598971 -2.270107
vt 0.582620 0.510877
vn 0.599832 -0.787598 -0.141032
v 6.758964 0.673334 -2.784175
vt 0.660988 0.543137
vn 0.064319 -0.996983 -0.043454
v 6.826740 0.653363 -2.443440
vt 0.665241 0.521754
vn 0.055045 -0.994825 -0.085404
f 1738/1738/1738 1739/1739/1739 1740/1740/1740
v 5.476256 0.608956 -2.440475
vt 0.580494 0.521568
vn 0.590746 -0.786716 -0.179155
v 5.420421 0.607781 -2.604961
vt 0.576990 0.531890
vn 0.581028 -0.786741 -0.208435
v 6.647293 0.670983 -3.113149
vt 0.653980 0.563781
vn 0.081277 -0.996668 0.006855
f 1741/1741/1741 1742/1742/1742 1743/1743/1743
v 5.476256 0.608956 -2.440475
vt 0.580494 0.521568
vn 0.590746 -0.786716 -0.179155
v 6.647293 0.670983 -3.113149
vt 0.653980 0.563781
vn 0.081277 -0.996668 0.006855
v 6.758964 0.673334 -2.784175
vt 0.660988 0.543137
vn 0.064319 -0.996983 -0.043454
f 1744/1744/1744 1745/1745/1745 1746/1746/1746
v 5.420421 0.607781 -2.604961
vt 0.576990 0.531890
vn 0.581028 -0.786741 -0.208435
v 5.343593 0.595930 -2.760753
vt 0.572169 0.541667
vn 0.563359 -0.788200 -0.247726
v 6.493637 0.647282 -3.424731
vt 0.644338 0.583333
vn 0.097195 -0.994399 0.041519
f 1747/1747/1747 1748/1748/1748 1749/1749/1749
v 5.420421 0.607781 -2.604961
vt 0.576990 0.531890
vn 0.581028 -0.786741 -0.208435
v 6.493637 0.647282 -3.424731
vt 0.644338 0.583333
vn 0.097195 -0.994399 0.041519
v 6.647293 0.670983 -3.113149
vt 0.653980 0.563781
vn 0.081277 -0.996668 0.006855
f 1750/1750/1750 1751/1751/1751 1752/1752/1752
v 5.343593 0.595930 -2.760753
vt 0.572169 0.541667
vn 0.563359 -0.788200 -0.247726
v 5.247088 0.578303 -2.905183
vt 0.566113 0.550730
vn 0.524582 -0.794811 -0.305106
v 6.300627 0.612027 -3.713592
vt 0.632226 0.601460
vn 0.098709 -0.994043 0.046204
f 1753/1753/1753 1754/1754/1754 1755/1755/1755
v 5.343593 0.595930 -2.760753
vt 0.572169 0.541667
vn 0.563359 -0.788200 -0.247726
v 6.300627 0.612027 -3.713592
vt 0.632226 0.601460
vn 0.098709 -0.994043 0.046204
v 6.493637 0.647282 -3.424731
vt 0.644338 0.583333
vn 0.097195 -0.994399 0.041519
f 1756/1756/1756 1757/1757/1757 1758/1758/1758
v 5.247088 0.578303 -2.905183
vt 0.566113 0.550730
vn 0.524582 -0.794811 -0.305106
v 5.132556 0.562183 -3.035781
vt 0.558926 0.558926
vn 0.456856 -0.805409 -0.377622
v 6.071563 0.579788 -3.974789
vt 0.617851 0.617851
vn 0.075915 -0.996875 0.021857
f 1759/1759/1759 1760/1760/1760 1761/1761/1761
v 5.247088 0.578303 -2.905183
vt 0.566113 0.550730
vn 0.524582 -0.794811 -0.305106
v 6.071563 0.579788 -3.974789
vt 0.617851 0.617851
vn 0.075915 -0.996875 0.021857
v 6.300627 0.612027 -3.713592
vt 0.632226 0.601460
vn 0.098709 -0.994043 0.046204
f 1762/1762/1762 1763/1763/1763 1764/1764/1764
v 5.132556 0.562183 -3.035781
vt 0.558926 0.558926
vn 0.456856 -0.805409 -0.377622
v 5.001957 0.554234 -3.150313
vt 0.550730 0.566113
vn 0.363293 -0.812309 -0.456260
v 5.810367 0.563889 -4.203852
vt 0.601460 0.632226
vn 0.029832 -0.999395 -0.017876
f 1765/1765/1765 1766/1766/1766 1767/1767/1767
v 5.132556 0.562183 -3.035781
vt 0.558926 0.558926
vn 0.456856 -0.805409 -0.377622
v 5.810367 0.563889 -4.203852
vt 0.601460 0.632226
vn 0.029832 -0.999395 -0.017876
v 6.071563 0.579788 -3.974789
vt 0.617851 0.617851
vn 0.075915 -0.996875 0.021857
f 1768/1768/1768 1769/1769/1769 1770/1770/1770
v 5.001957 0.554234 -3.150313
vt 0.550730 0.566113
vn 0.363293 -0.812309 -0.456260
v 4.857527 0.557740 -3.246819
vt 0.541667 0.572169
vn 0.258610 -0.809129 -0.527666
v 5.521506 0.570902 -4.396863
vt 0.583333 0.644338
vn -0.024908 -0.998191 -0.054723
f 1771/1771/1771 1772/1772/1772 1773/1773/1773
v 5.001957 0.554234 -3.150313
vt 0.550730 0.566113
vn 0.363293 -0.812309 -0.456260
v 5.521506 0.570902 -4.396863
vt 0.583333 0.644338
vn -0.024908 -0.998191 -0.054723
v 5.810367 0.563889 -4.203852
vt 0.601460 0.632226
vn 0.029832 -0.999395 -0.017876
f 1774/1774/1774 1775/1775/1775 1776/1776/1776
v 4.857527 0.557740 -3.246819
vt 0.541667 0.572169
vn 0.258610 -0.809129 -0.527666
v 4.701735 0.571253 -3.323646
vt 0.531890 0.576990
vn 0.161571 -0.798896 -0.579362
v 5.209923 0.597928 -4.550519
vt 0.563781 0.653980
vn -0.066138 -0.994909 -0.076043
f 1777/1777/1777 1778/1778/1778 1779/1779/1779
v 4.857527 0.557740 -3.246819
vt 0.541667 0.572169
vn 0.258610 -0.809129 -0.527666
v 5.209923 0.597928 -4.550519
vt 0.563781 0.653980
vn -0.066138 -0.994909 -0.076043
v 5.521506 0.570902 -4.396863
vt 0.583333 0.644338
vn -0.024908 -0.998191 -0.054723
f 1780/1780/1780 1781/1781/1781 1782/1782/1782
v 4.701735 0.571253 -3.323646
vt 0.531890 0.576990
vn 0.161571 -0.798896 -0.579362
v 4.537249 0.589188 -3.379482
vt 0.521568 0.580494
vn 0.085080 -0.790116 -0.607024
v 4.880949 0.633797 -4.662190
vt 0.543137 0.660988
vn -0.075949 -0.993838 -0.080734
f 1783/1783/1783 1784/1784/1784 1785/1785/1785
v 4.701735 0.571253 -3.323646
vt 0.531890 0.576990
vn 0.161571 -0.798896 -0.579362
v 4.880949 0.633797 -4.662190
vt 0.543137 0.660988
vn -0.075949 -0.993838 -0.080734
v 5.209923 0.597928 -4.550519
vt 0.563781 0.653980
vn -0.066138 -0.994909 -0.076043
f 1786/1786/1786 1787/1787/1787 1788/1788/1788
v 4.537249 0.589188 -3.379482
vt 0.521568 0.580494
vn 0.085080 -0.790116 -0.607024
v 4.366882 0.604132 -3.413370
vt 0.510877 0.582620
vn 0.033422 -0.786926 -0.616142
v 4.540215 0.663685 -4.729966
vt 0.521754 0.665241
vn -0.049907 -0.995794 -0.076834
f 1789/1789/1789 1790/1790/1790 1791/1791/1791
v 4.537249 0.589188 -3.379482
vt 0.521568 0.580494
vn 0.085080 -0.790116 -0.607024
v 4.540215 0.663685 -4.729966
vt 0.521754 0.665241
vn -0.049907 -0.995794 -0.076834
v 4.880949 0.633797 -4.662190
vt 0.543137 0.660988
vn -0.075949 -0.993838 -0.080734
f 1792/1792/1792 1793/1793/1793 1794/1794/1794
v 4.366882 0.604132 -3.413370
vt 0.510877 0.582620
vn 0.033422 -0.786926 -0.616142
v 4.193548 0.609909 -3.424731
vt 0.500000 0.583333
vn 0.000000 -0.786734 -0.617293
v 4.193548 0.675239 -4.752688
vt 0.500000 0.666667
vn 0.000000 -0.997250 -0.074111
f 1795/1795/1795 1796/1796/1796 1797/1797/1797
v 4.366882 0.604132 -3.413370
vt 0.510877 0.582620
vn 0.033422 -0.786926 -0.616142
v 4.193548 0.675239 -4.752688
vt 0.500000 0.666667
vn 0.000000 -0.997250 -0.074111
v 4.540215 0.663685 -4.729966
vt 0.521754 0.665241
vn -0.049907 -0.995794 -0.076834
f 1798/1798/1798 1799/1799/1799 1800/1800/1800
v 4.193548 0.609909 -3.424731
vt 0.500000 0.583333
vn 0.000000 -0.786734 -0.617293
v 4.020215 0.604132 -3.413370
vt 0.489123 0.582620
vn -0.033422 -0.786925 -0.616143
v 3.846882 0.663685 -4.729966
vt 0.478246 0.665241
vn 0.049907 -0.995794 -0.076834
f 1801/1801/1801 1802/1802/1802 1803/1803/1803
v 4.193548 0.609909 -3.424731
vt 0.500000 0.583333
vn 0.000000 -0.786734 -0.617293
v 3.846882 0.663685 -4.729966
vt 0.478246 0.665241
vn 0.049907 -0.995794 -0.076834
v 4.193548 0.675239 -4.752688
vt 0.500000 0.666667
vn 0.000000 -0.997250 -0.074111
f 1804/1804/1804 1805/1805/1805 1806/1806/1806
v 4.020215 0.604132 -3.413370
vt 0.489123 0.582620
vn -0.033422 -0.786925 -0.616143
v 3.849848 0.589188 -3.379482
vt 0.478432 0.580494
vn -0.085080 -0.790114 -0.607027
v 3.506147 0.633797 -4.662190
vt 0.456863 0.660988
vn 0.075949 -0.993838 -0.080734
f 1807/1807/1807 1808/1808/1808 1809/1809/1809
v 4.020215 0.604132 -3.413370
vt 0.489123 0.582620
vn -0.033422 -0.786925 -0.616143
v 3.506147 0.633797 -4.662190
vt 0.456863 0.660988
vn 0.075949 -0.993838 -0.080734
v 3.846882 0.663685 -4.729966
vt 0.478246 0.665241
vn 0.049907 -0.995794 -0.076834
f 1810/1810/1810 1811/1811/1811 1812/1812/1812
v 3.849848 0.589188 -3.379482
vt 0.478432 0.580494
vn -0.085080 -0.790114 -0.607027
v 3.685361 0.571253 -3.323646
vt 0.468110 0.576990
vn -0.161570 -0.798897 -0.579361
v 3.177174 0.597928 -4.550519
vt 0.436219 0.653980
vn 0.066138 -0.994909 -0.076043
f 1813/1813/1813 1814/1814/1814 1815/1815/1815
v 3.849848 0.589188 -3.379482
vt 0.478432 0.580494
vn -0.085080 -0.790114 -0.607027
v 3.177174 0.597928 -4.550519
vt 0.436219 0.653980
vn 0.066138 -0.994909 -0.076043
v 3.506147 0.633797 -4.662190
vt 0.456863 0.660988
vn 0.075949 -0.993838 -0.080734
f 1816/1816/1816 1817/1817/1817 1818/1818/1818
v 3.685361 0.571253 -3.323646
vt 0.468110 0.576990
vn -0.161570 -0.798897 -0.579361
v 3.529570 0.557740 -3.246819
vt 0.458333 0.572169
vn -0.258610 -0.809129 -0.527666
v 2.865591 0.570902 -4.396863
vt 0.416667 0.644338
vn 0.024908 -0.998191 -0.054723
f 1819/1819/1819 1820/1820/1820 1821/1821/1821
v 3.685361 0.571253 -3.323646
vt 0.468110 0.576990
vn -0.161570 -0.798897 -0.579361
v 2.865591 0.570902 -4.396863
vt 0.416667 0.644338
vn 0.024908 -0.998191 -0.054723
v 3.177174 0.597928 -4.550519
vt 0.436219 0.653980
vn 0.066138 -0.994909 -0.076043
f 1822/1822/1822 1823/1823/1823 1824/1824/1824
v 3.529570 0.557740 -3.246819
vt 0.458333 0.572169
vn -0.258610 -0.809129 -0.527666
v 3.385139 0.554234 -3.150313
vt 0.449270 0.566113
vn -0.363291 -0.812311 -0.456257
v 2.576730 0.563889 -4.203852
vt 0.398540 0.632226
vn -0.029832 -0.999395 -0.017876
f 1825/1825/1825 1826/1826/1826 1827/1827/1827
v 3.529570 0.557740 -3.246819
vt 0.458333 0.572169
vn -0.258610 -0.809129 -0.527666
v 2.576730 0.563889 -4.203852
vt 0.398540 0.632226
vn -0.029832 -0.999395 -0.017876
v 2.865591 0.570902 -4.396863
vt 0.416667 0.644338
vn 0.024908 -0.998191 -0.054723
f 1828/1828/1828 1829/1829/1829 1830/1830/1830
v 3.385139 0.554234 -3.150313
vt 0.449270 0.566113
vn -0.363291 -0.812311 -0.456257
v 3.254541 0.562183 -3.035781
vt 0.441074 0.558926
vn -0.456859 -0.805407 -0.377623
v 2.315534 0.579788 -3.974789
vt 0.382149 0.617851
vn -0.075915 -0.996875 0.021857
f 1831/1831/1831 1832/1832/1832 1833/1833/1833
v 3.385139 0.554234 -3.150313
vt 0.449270 0.566113
vn -0.363291 -0.812311 -0.456257
v 2.315534 0.579788 -3.974789
vt 0.382149 0.617851
vn -0.075915 -0.996875 0.021857
v 2.576730 0.563889 -4.203852
vt 0.398540 0.632226
vn -0.029832 -0.999395 -0.017876
f 1834/1834/1834 1835/1835/1835 1836/1836/1836
v 3.254541 0.562183 -3.035781
vt 0.441074 0.558926
vn -0.456859 -0.805407 -0.377623
v 3.140009 0.578303 -2.905183
vt 0.433887 0.550730
vn -0.524585 -0.794808 -0.305108
v 2.086470 0.612027 -3.713592
vt 0.367774 0.601460
vn -0.098709 -0.994043 0.046204
f 1837/1837/1837 1838/1838/1838 1839/1839/1839
v 3.254541 0.562183 -3.035781
vt 0.441074 0.558926
vn -0.456859 -0.805407 -0.377623
v 2.086470 0.612027 -3.713592
vt 0.367774 0.601460
vn -0.098709 -0.994043 0.046204
v 2.315534 0.579788 -3.974789
vt 0.382149 0.617851
vn -0.075915 -0.996875 0.021857
f 1840/1840/1840 1841/1841/1841 1842/1842/1842
v 3.140009 0.578303 -2.905183
vt 0.433887 0.550730
vn -0.524585 -0.794808 -0.305108
v 3.043504 0.595930 -2.760753
vt 0.427831 0.541667
vn -0.563350 -0.788208 -0.247720
v 1.893459 0.647282 -3.424731
vt 0.355662 0.583333
vn -0.097195 -0.994399 0.041519
f 1843/1843/1843 1844/1844/1844 1845/1845/1845
v 3.140009 0.578303 -2.905183
vt 0.433887 0.550730
vn -0.524585 -0.794808 -0.305108
v 1.893459 0.647282 -3.424731
vt 0.355662 0.583333
vn -0.097195 -0.994399 0.041519
v 2.086470 0.612027 -3.713592
vt 0.367774 0.601460
vn -0.098709 -0.994043 0.046204
f 1846/1846/1846 1847/1847/1847 1848/1848/1848
v 3.043504 0.595930 -2.760753
vt 0.427831 0.541667
vn -0.563350 -0.788208 -0.247720
v 2.966676 0.607781 -2.604961
vt 0.423010 0.531890
vn -0.581038 -0.786732 -0.208440
v 1.739804 0.670983 -3.113149
vt 0.346020 0.563781
vn -0.081277 -0.996668 0.006855
f 1849/1849/1849 1850/1850/1850 1851/1851/1851
v 3.043504 0.595930 -2.760753
vt 0.427831 0.541667
vn -0.563350 -0.788208 -0.247720
v 1.739804 0.670983 -3.113149
vt 0.346020 0.563781
vn -0.081277 -0.996668 0.006855
v 1.893459 0.647282 -3.424731
vt 0.355662 0.583333
vn -0.097195 -0.994399 0.041519
f 1852/1852/1852 1853/1853/1853 1854/1854/1854
v 2.966676 0.607781 -2.604961
vt 0.423010 0.531890
vn -0.581038 -0.786732 -0.208440
v 2.910840 0.608956 -2.440475
vt 0.419506 0.521568
vn -0.590739 -0.786722 -0.179152
v 1.628132 0.673334 -2.784175
vt 0.339012 0.543137
vn -0.064319 -0.996983 -0.043454
f 1855/1855/1855 1856/1856/1856 1857/1857/1857
v 2.966676 0.607781 -2.604961
vt 0.423010 0.531890
vn -0.581038 -0.786732 -0.208440
v 1.628132 0.673334 -2.784175
vt 0.339012 0.543137
vn -0.064319 -0.996983 -0.043454
v 1.739804 0.670983 -3.113149
vt 0.346020 0.563781
vn -0.081277 -0.996668 0.006855
f 1858/1858/1858 1859/1859/1859 1860/1860/1860
v 2.910840 0.608956 -2.440475
vt 0.419506 0.521568
vn -0.590739 -0.786722 -0.179152
v 2.876952 0.598971 -2.270107
vt 0.417380 0.510877
vn -0.599837 -0.787595 -0.141033
v 1.560356 0.653363 -2.443440
vt 0.334759 0.521754
vn -0.055045 -0.994825 -0.085404
f 1861/1861/1861 1862/1862/1862 1863/1863/1863
v 2.910840 0.608956 -2.440475
vt 0.419506 0.521568
vn -0.590739 -0.786722 -0.179152
v 1.560356 0.653363 -2.443440
vt 0.334759 0.521754
vn -0.055045 -0.994825 -0.085404
v 1.628132 0.673334 -2.784175
vt 0.339012 0.543137
vn -0.064319 -0.996983 -0.043454
f 1864/1864/1864 1865/1865/1865 1866/1866/1866
v 2.876952 0.598971 -2.270107
vt 0.417380 0.510877
vn -0.599837 -0.787595 -0.141033
v 2.865591 0.581952 -2.096774
vt 0.416667 0.500000
vn -0.604218 -0.793013 -0.077786
v 1.537634 0.619325 -2.096774
vt 0.333333 0.500000
vn -0.052905 -0.993822 -0.097569
f 1867/1867/1867 1868/1868/1868 1869/1869/1869
v 2.876952 0.598971 -2.270107
vt 0.417380 0.510877
vn -0.599837 -0.787595 -0.141033
v 1.537634 0.619325 -2.096774
vt 0.333333 0.500000
vn -0.052905 -0.993822 -0.097569
v 1.560356 0.653363 -2.443440
vt 0.334759 0.521754
vn -0.055045 -0.994825 -0.085404
f 1870/1870/1870 1871/1871/1871 1872/1872/1872
v 2.865591 0.581952 -2.096774
vt 0.416667 0.500000
vn -0.604218 -0.793013 -0.077786
v 2.876952 0.564933 -1.923441
vt 0.417380 0.489123
vn -0.595399 -0.803286 0.015202
v 1.560356 0.585287 -1.750108
vt 0.334759 0.478246
vn -0.050036 -0.996177 -0.071610
f 1873/1873/1873 1874/1874/1874 1875/1875/1875
v 2.865591 0.581952 -2.096774
vt 0.416667 0.500000
vn -0.604218 -0.793013 -0.077786
v 1.560356 0.585287 -1.750108
vt 0.334759 0.478246
vn -0.050036 -0.996177 -0.071610
v 1.537634 0.619325 -2.096774
vt 0.333333 0.500000
vn -0.052905 -0.993822 -0.097569
f 1876/1876/1876 1877/1877/1877 1878/1878/1878
v 2.876952 0.564933 -1.923441
vt 0.417380 0.489123
vn -0.595399 -0.803286 0.015202
v 2.910840 0.554948 -1.753074
vt 0.419506 0.478432
vn -0.569259 -0.811643 0.131072
v 1.628132 0.565316 -1.409373
vt 0.339012 0.456863
vn -0.038310 -0.999138 -0.015976
f 1879/1879/1879 1880/1880/1880 1881/1881/1881
v 2.876952 0.564933 -1.923441
vt 0.417380 0.489123
vn -0.595399 -0.803286 0.015202
v 1.628132 0.565316 -1.409373
vt 0.339012 0.456863
vn -0.038310 -0.999138 -0.015976
v 1.560356 0.585287 -1.750108
vt 0.334759 0.478246
vn -0.050036 -0.996177 -0.071610
f 1882/1882/1882 1883/1883/1883 1884/1884/1884
v 2.910840 0.554948 -1.753074
vt 0.419506 0.478432
vn -0.569259 -0.811643 0.131072
v 2.966676 0.556123 -1.588587
vt 0.423010 0.468110
vn -0.528622 -0.810566 0.252075
v 1.739804 0.567667 -1.080400
vt 0.346020 0.436219
vn -0.016834 -0.998728 0.047526
f 1885/1885/1885 1886/1886/1886 1887/1887/1887
v 2.910840 0.554948 -1.753074
vt 0.419506 0.478432
vn -0.569259 -0.811643 0.131072
v 1.739804 0.567667 -1.080400
vt 0.346020 0.436219
vn -0.016834 -0.998728 0.047526
v 1.628132 0.565316 -1.409373
vt 0.339012 0.456863
vn -0.038310 -0.999138 -0.015976
f 1888/1888/1888 1889/1889/1889 1890/1890/1890
v 2.966676 0.556123 -1.588587
vt 0.423010 0.468110
vn -0.528622 -0.810566 0.252075
v 3.043504 0.567973 -1.432796
vt 0.427831 0.458333
vn -0.480913 -0.801092 0.356334
v 1.893459 0.591368 -0.768817
vt 0.355662 0.416667
vn 0.005478 -0.995508 0.094514
f 1891/1891/1891 1892/1892/1892 1893/1893/1893
v 2.966676 0.556123 -1.588587
vt 0.423010 0.468110
vn -0.528622 -0.810566 0.252075
v 1.893459 0.591368 -0.768817
vt 0.355662 0.416667
vn 0.005478 -0.995508 0.094514
v 1.739804 0.567667 -1.080400
vt 0.346020 0.436219
vn -0.016834 -0.998728 0.047526
f 1894/1894/1894 1895/1895/1895 1896/1896/1896
v 3.043504 0.567973 -1.432796
vt 0.427831 0.458333
vn -0.480913 -0.801092 0.356334
v 3.140009 0.585601 -1.288365
vt 0.433887 0.449270
vn -0.434201 -0.791442 0.430220
v 2.086470 0.626623 -0.479956
vt 0.367774 0.398540
vn 0.014751 -0.993754 0.110613
f 1897/1897/1897 1898/1898/1898 1899/1899/1899
v 3.043504 0.567973 -1.432796
vt 0.427831 0.458333
vn -0.480913 -0.801092 0.356334
v 2.086470 0.626623 -0.479956
vt 0.367774 0.398540
vn 0.014751 -0.993754 0.110613
v 1.893459 0.591368 -0.768817
vt 0.355662 0.416667
vn 0.005478 -0.995508 0.094514
f 1900/1900/1900 1901/1901/1901 1902/1902/1902
v 3.140009 0.585601 -1.288365
vt 0.433887 0.449270
vn -0.434201 -0.791442 0.430220
v 3.254541 0.601721 -1.157767
vt 0.441074 0.441074
vn -0.395553 -0.787180 0.473165
v 2.315534 0.658862 -0.218759
vt 0.382149 0.382149
vn 0.000902 -0.995302 0.096810
f 1903/1903/1903 1904/1904/1904 1905/1905/1905
v 3.140009 0.585601 -1.288365
vt 0.433887 0.449270
vn -0.434201 -0.791442 0.430220
v 2.315534 0.658862 -0.218759
vt 0.382149 0.382149
vn 0.000902 -0.995302 0.096810
v 2.086470 0.626623 -0.479956
vt 0.367774 0.398540
vn 0.014751 -0.993754 0.110613
f 1906/1906/1906 1907/1907/1907 1908/1908/1908
v 3.254541 0.601721 -1.157767
vt 0.441074 0.441074
vn -0.395553 -0.787180 0.473165
v 3.385139 0.609670 -1.043235
vt 0.449270 0.433887
vn -0.367671 -0.786728 0.495860
v 2.576730 0.674761 0.010304
vt 0.398540 0.367774
vn -0.034869 -0.997182 0.066426
f 1909/1909/1909 1910/1910/1910 1911/1911/1911
v 3.254541 0.601721 -1.157767
vt 0.441074 0.441074
vn -0.395553 -0.787180 0.473165
v 2.576730 0.674761 0.010304
vt 0.398540 0.367774
vn -0.034869 -0.997182 0.066426
v 2.315534 0.658862 -0.218759
vt 0.382149 0.382149
vn 0.000902 -0.995302 0.096810
f 1912/1912/1912 1913/1913/1913 1914/1914/1914
v 3.385139 0.609670 -1.043235
vt 0.449270 0.433887
vn -0.367671 -0.786728 0.495860
v 3.529570 0.606163 -0.946730
vt 0.458333 0.427831
vn -0.341665 -0.786790 0.514029
v 2.865591 0.667748 0.203315
vt 0.416667 0.355662
vn -0.077957 -0.996261 0.037232
f 1915/1915/1915 1916/1916/1916 1917/1917/1917
v 3.385139 0.609670 -1.043235
vt 0.449270 0.433887
vn -0.367671 -0.786728 0.495860
v 2.865591 0.667748 0.203315
vt 0.416667 0.355662
vn -0.077957 -0.996261 0.037232
v 2.576730 0.674761 0.010304
vt 0.398540 0.367774
vn -0.034869 -0.997182 0.066426
f 1918/1918/1918 1919/1919/1919 1920/1920/1920
v 3.529570 0.606163 -0.946730
vt 0.458333 0.427831
vn -0.341665 -0.786790 0.514029
v 3.685361 0.592651 -0.869902
vt 0.468110 0.423010
vn -0.299668 -0.789041 0.536297
v 3.177174 0.640722 0.356970
vt 0.436219 0.346020
vn -0.106628 -0.994060 0.021787
f 1921/1921/1921 1922/1922/1922 1923/1923/1923
v 3.529570 0.606163 -0.946730
vt 0.458333 0.427831
vn -0.341665 -0.786790 0.514029
v 3.177174 0.640722 0.356970
vt 0.436219 0.346020
vn -0.106628 -0.994060 0.021787
v 2.865591 0.667748 0.203315
vt 0.416667 0.355662
vn -0.077957 -0.996261 0.037232
f 1924/1924/1924 1925/1925/1925 1926/1926/1926
v 3.685361 0.592651 -0.869902
vt 0.468110 0.423010
vn -0.299668 -0.789041 0.536297
v 3.849848 0.574716 -0.814066
vt 0.478432 0.419506
vn -0.228102 -0.796782 0.559561
v 3.506147 0.604853 0.468642
vt 0.456863 0.339012
vn -0.103363 -0.994411 0.021496
f 1927/1927/1927 1928/1928/1928 1929/1929/1929
v 3.685361 0.592651 -0.869902
vt 0.468110 0.423010
vn -0.299668 -0.789041 0.536297
v 3.506147 0.604853 0.468642
vt 0.456863 0.339012
vn -0.103363 -0.994411 0.021496
v 3.177174 0.640722 0.356970
vt 0.436219 0.346020
vn -0.106628 -0.994060 0.021787
f 1930/1930/1930 1931/1931/1931 1932/1932/1932
v 3.849848 0.574716 -0.814066
vt 0.478432 0.419506
vn -0.228102 -0.796782 0.559561
v 4.020215 0.559772 -0.780178
vt 0.489123 0.417380
vn -0.124743 -0.807386 0.576686
v 3.846882 0.574965 0.536418
vt 0.478246 0.334759
vn -0.063796 -0.997560 0.028356
f 1933/1933/1933 1934/1934/1934 1935/1935/1935
v 3.849848 0.574716 -0.814066
vt 0.478432 0.419506
vn -0.228102 -0.796782 0.559561
v 3.846882 0.574965 0.536418
vt 0.478246 0.334759
vn -0.063796 -0.997560 0.028356
v 3.506147 0.604853 0.468642
vt 0.456863 0.339012
vn -0.103363 -0.994411 0.021496
f 1936/1936/1936 1937/1937/1937 1938/1938/1938
v 4.020215 0.559772 -0.780178
vt 0.489123 0.417380
vn -0.124743 -0.807386 0.576686
v 4.193548 0.553995 -0.768817
vt 0.500000 0.416667
vn -0.000000 -0.812533 0.582916
v 4.193548 0.563411 0.559140
vt 0.500000 0.333333
vn -0.000000 -0.999483 0.032165
f 1939/1939/1939 1940/1940/1940 1941/1941/1941
v 4.020215 0.559772 -0.780178
vt 0.489123 0.417380
vn -0.124743 -0.807386 0.576686
v 4.193548 0.563411 0.559140
vt 0.500000 0.333333
vn -0.000000 -0.999483 0.032165
v 3.846882 0.574965 0.536418
vt 0.478246 0.334759
vn -0.063796 -0.997560 0.028356
f 1942/1942/1942 1943/1943/1943 1944/1944/1944
v 4.193548 0.553995 -0.768817
vt 0.500000 0.416667
vn -0.000000 -0.812533 0.582916
v 4.366882 0.559772 -0.780178
vt 0.510877 0.417380
vn 0.124743 -0.807386 0.576686
v 4.540215 0.574965 0.536418
vt 0.521754 0.334759
vn 0.063796 -0.997560 0.028356
f 1945/1945/1945 1946/1946/1946 1947/1947/1947
v 4.193548 0.553995 -0.768817
vt 0.500000 0.416667
vn -0.000000 -0.812533 0.582916
v 4.540215 0.574965 0.536418
vt 0.521754 0.334759
vn 0.063796 -0.997560 0.028356
v 4.193548 0.563411 0.559140
vt 0.500000 0.333333
vn -0.000000 -0.999483 0.032165
f 1948/1948/1948 1949/1949/1949 1950/1950/1950
v 4.366882 0.559772 -0.780178
vt 0.510877 0.417380
vn 0.124743 -0.807386 0.576686
v 4.537249 0.574716 -0.814066
vt 0.521568 0.419506
vn 0.228102 -0.796783 0.559559
v 4.880949 0.604853 0.468642
vt 0.543137 0.339012
vn 0.103363 -0.994411 0.021496
f 1951/1951/1951 1952/1952/1952 1953/1953/1953
v 4.366882 0.559772 -0.780178
vt 0.510877 0.417380
vn 0.124743 -0.807386 0.576686
v 4.880949 0.604853 0.468642
vt 0.543137 0.339012
vn 0.103363 -0.994411 0.021496
v 4.540215 0.574965 0.536418
vt 0.521754 0.334759
vn 0.063796 -0.997560 0.028356
f 1954/1954/1954 1955/1955/1955 1956/1956/1956
v 4.537249 0.574716 -0.814066
vt 0.521568 0.419506
vn 0.228102 -0.796783 0.559559
v 4.701735 0.592651 -0.869902
vt 0.531890 0.423010
vn 0.299667 -0.789040 0.536298
v 5.209923 0.640722 0.356970
vt 0.563781 0.346020
vn 0.106628 -0.994060 0.021787
f 1957/1957/1957 1958/1958/1958 1959/1959/1959
v 4.537249 0.574716 -0.814066
vt 0.521568 0.419506
vn 0.228102 -0.796783 0.559559
v 5.209923 0.640722 0.356970
vt 0.563781 0.346020
vn 0.106628 -0.994060 0.021787
v 4.880949 0.604853 0.468642
vt 0.543137 0.339012
vn 0.103363 -0.994411 0.021496
f 1960/1960/1960 1961/1961/1961 1962/1962/1962
v 4.701735 0.592651 -0.869902
vt 0.531890 0.423010
vn 0.299667 -0.789040 0.536298
v 4.857527 0.606163 -0.946730
vt 0.541667 0.427831
vn 0.341665 -0.786791 0.514029
v 5.521506 0.667748 0.203315
vt 0.583333 0.355662
vn 0.077956 -0.996261 0.037232
f 1963/1963/1963 1964/1964/1964 1965/1965/1965
v 4.701735 0.592651 -0.869902
vt 0.531890 0.423010
vn 0.299667 -0.789040 0.536298
v 5.521506 0.667748 0.203315
vt 0.583333 0.355662
vn 0.077956 -0.996261 0.037232
v 5.209923 0.640722 0.356970
vt 0.563781 0.346020
vn 0.106628 -0.994060 0.021787
f 1966/1966/1966 1967/1967/1967 1968/1968/1968
v 4.857527 0.606163 -0.946730
vt 0.541667 0.427831
vn 0.341665 -0.786791 0.514029
v 5.001957 0.609670 -1.043235
vt 0.550730 0.433887
vn 0.367673 -0.786726 0.495862
v 5.810367 0.674761 0.010304
vt 0.601460 0.367774
vn 0.034869 -0.997182 0.066426
f 1969/1969/1969 1970/1970/1970 1971/1971/1971
v 4.857527 0.606163 -0.946730
vt 0.541667 0.427831
vn 0.341665 -0.786791 0.514029
v 5.810367 0.674761 0.010304
vt 0.601460 0.367774
vn 0.034869 -0.997182 0.066426
v 5.521506 0.667748 0.203315
vt 0.583333 0.355662
vn 0.077956 -0.996261 0.037232
f 1972/1972/1972 1973/1973/1973 1974/1974/1974
v 5.001957 0.609670 -1.043235
vt 0.550730 0.433887
vn 0.367673 -0.786726 0.495862
v 5.132556 0.601721 -1.157767
vt 0.558926 0.441074
vn 0.395551 -0.787183 0.473163
v 6.071563 0.658862 -0.218759
vt 0.617851 0.382149
vn -0.000902 -0.995302 0.096810
f 1975/1975/1975 1976/1976/1976 1977/1977/1977
v 5.001957 0.609670 -1.043235
vt 0.550730 0.433887
vn 0.367673 -0.786726 0.495862
v 6.071563 0.658862 -0.218759
vt 0.617851 0.382149
vn -0.000902 -0.995302 0.096810
v 5.810367 0.674761 0.010304
vt 0.601460 0.367774
vn 0.034869 -0.997182 0.066426
f 1978/1978/1978 1979/1979/1979 1980/1980/1980
v 5.132556 0.601721 -1.157767
vt 0.558926 0.441074
vn 0.395551 -0.787183 0.473163
v 5.247088 0.585601 -1.288365
vt 0.566113 0.449270
vn 0.434198 -0.791444 0.430218
v 6.300627 0.626623 -0.479956
vt 0.632226 0.398540
vn -0.014751 -0.993754 0.110613
f 1981/1981/1981 1982/1982/1982 1983/1983/1983
v 5.132556 0.601721 -1.157767
vt 0.558926 0.441074
vn 0.395551 -0.787183 0.473163
v 6.300627 0.626623 -0.479956
vt 0.632226 0.398540
vn -0.014751 -0.993754 0.110613
v 6.071563 0.658862 -0.218759
vt 0.617851 0.382149
vn -0.000902 -0.995302 0.096810
f 1984/1984/1984 1985/1985/1985 1986/1986/1986
v 5.247088 0.585601 -1.288365
vt 0.566113 0.449270
vn 0.434198 -0.791444 0.430218
v 5.343593 0.567973 -1.432796
vt 0.572169 0.458333
vn 0.480922 -0.801083 0.356341
v 6.493637 0.591368 -0.768817
vt 0.644338 0.416667
vn -0.005478 -0.995508 0.094514
f 1987/1987/1987 1988/1988/1988 1989/1989/1989
v 5.247088 0.585601 -1.288365
vt 0.566113 0.449270
vn 0.434198 -0.791444 0.430218
v 6.493637 0.591368 -0.768817
vt 0.644338 0.416667
vn -0.005478 -0.995508 0.094514
v 6.300627 0.626623 -0.479956
vt 0.632226 0.398540
vn -0.014751 -0.993754 0.110613
f 1990/1990/1990 1991/1991/1991 1992/1992/1992
v 5.343593 0.567973 -1.432796
vt 0.572169 0.458333
vn 0.480922 -0.801083 0.356341
v 5.420421 0.556123 -1.588587
vt 0.576990 0.468110
vn 0.528611 -0.810574 0.252071
v 6.647293 0.567667 -1.080400
vt 0.653980 0.436219
vn 0.016834 -0.998728 0.047526
f 1993/1993/1993 1994/1994/1994 1995/1995/1995
v 5.343593 0.567973 -1.432796
vt 0.572169 0.458333
vn 0.480922 -0.801083 0.356341
v 6.647293 0.567667 -1.080400
vt 0.653980 0.436219
vn 0.016834 -0.998728 0.047526
v 6.493637 0.591368 -0.768817
vt 0.644338 0.416667
vn -0.005478 -0.995508 0.094514
f 1996/1996/1996 1997/1997/1997 1998/1998/1998
v 5.420421 0.556123 -1.588587
vt 0.576990 0.468110
vn 0.528611 -0.810574 0.252071
v 5.476256 0.554948 -1.753074
vt 0.580494 0.478432
vn 0.569267 -0.811637 0.131074
v 6.758964 0.565316 -1.409373
vt 0.660988 0.456863
vn 0.038310 -0.999138 -0.015976
f 1999/1999/1999 2000/2000/2000 2001/2001/2001
v 5.420421 0.556123 -1.588587
vt 0.576990 0.468110
vn 0.528611 -0.810574 0.252071
v 6.758964 0.565316 -1.409373
vt 0.660988 0.456863
vn 0.038310 -0.999138 -0.015976
v 6.647293 0.567667 -1.080400
vt 0.653980 0.436219
vn 0.016834 -0.998728 0.047526
f 2002/2002/2002 2003/2003/2003 2004/2004/2004
v 5.476256 0.554948 -1.753074
vt 0.580494 0.478432
vn 0.569267 -0.811637 0.131074
v 5.510145 0.564933 -1.923441
vt 0.582620 0.489123
vn 0.595396 -0.803289 0.015201
v 6.826740 0.585287 -1.750108
vt 0.665241 0.478246
vn 0.050035 -0.996177 -0.071610
f 2005/2005/2005 2006/2006/2006 2007/2007/2007
v 5.476256 0.554948 -1.753074
vt 0.580494 0.478432
vn 0.569267 -0.811637 0.131074
v 6.826740 0.585287 -1.750108
vt 0.665241 0.478246
vn 0.050035 -0.996177 -0.071610
v 6.758964 0.565316 -1.409373
vt 0.660988 0.456863
vn 0.038310 -0.999138 -0.015976
f 2008/2008/2008 2009/2009/2009 2010/2010/2010
v 5.510145 0.564933 -1.923441
vt 0.582620 0.489123
vn 0.595396 -0.803289 0.015201
v 5.521506 0.581952 -2.096774
vt 0.583333 0.500000
vn 0.604218 -0.793013 -0.077786
v 6.849462 0.619325 -2.096774
vt 0.666667 0.500000
vn 0.052905 -0.993822 -0.097569
f 2011/2011/2011 2012/2012/2012 2013/2013/2013
v 5.510145 0.564933 -1.923441
vt 0.582620 0.489123
vn 0.595396 -0.803289 0.015201
v 6.849462 0.619325 -2.096774
vt 0.666667 0.500000
vn 0.052905 -0.993822 -0.097569
v 6.826740 0.585287 -1.750108
vt 0.665241 0.478246
vn 0.050035 -0.996177 -0.071610
f 2014/2014/2014 2015/2015/2015 2016/2016/2016
v 6.849462 0.619325 -2.096774
vt 0.666667 0.500000
vn 0.052905 -0.993822 -0.097569
v 6.826740 0.653363 -2.443440
vt 0.665241 0.521754
vn 0.055045 -0.994825 -0.085404
v 8.143337 0.771824 -2.616774
vt 0.747861 0.532632
vn 0.114267 -0.989111 -0.092752
f 2017/2017/2017 2018/2018/2018 2019/2019/2019
v 6.849462 0.619325 -2.096774
vt 0.666667 0.500000
vn 0.052905 -0.993822 -0.097569
v 8.143337 0.771824 -2.616774
vt 0.747861 0.532632
vn 0.114267 -0.989111 -0.092752
v 8.177419 0.720766 -2.096774
vt 0.750000 0.500000
vn 0.112652 -0.988883 -0.097058
f 2020/2020/2020 2021/2021/2021 2022/2022/2022
v 6.826740 0.653363 -2.443440
vt 0.665241 0.521754
vn 0.055045 -0.994825 -0.085404
v 6.758964 0.673334 -2.784175
vt 0.660988 0.543137
vn 0.064319 -0.996983 -0.043454
v 8.041672 0.801779 -3.127876
vt 0.741481 0.564705
vn 0.122040 -0.990784 -0.058761
f 2023/2023/2023 2024/2024/2024 2025/2025/2025
v 6.826740 0.653363 -2.443440
vt 0.665241 0.521754
vn 0.055045 -0.994825 -0.085404
v 8.041672 0.801779 -3.127876
vt 0.741481 0.564705
vn 0.122040 -0.990784 -0.058761
v 8.143337 0.771824 -2.616774
vt 0.747861 0.532632
vn 0.114267 -0.989111 -0.092752
f 2026/2026/2026 2027/2027/2027 2028/2028/2028
v 6.758964 0.673334 -2.784175
vt 0.660988 0.543137
vn 0.064319 -0.996983 -0.043454
v 6.647293 0.670983 -3.113149
vt 0.653980 0.563781
vn 0.081277 -0.996668 0.006855
v 7.874165 0.798253 -3.621335
vt 0.730970 0.595671
vn 0.136354 -0.990528 -0.016202
f 2029/2029/2029 2030/2030/2030 2031/2031/2031
v 6.758964 0.673334 -2.784175
vt 0.660988 0.543137
vn 0.064319 -0.996983 -0.043454
v 7.874165 0.798253 -3.621335
vt 0.730970 0.595671
vn 0.136354 -0.990528 -0.016202
v 8.041672 0.801779 -3.127876
vt 0.741481 0.564705
vn 0.122040 -0.990784 -0.058761
f 2032/2032/2032 2033/2033/2033 2034/2034/2034
v 6.647293 0.670983 -3.113149
vt 0.653980 0.563781
vn 0.081277 -0.996668 0.006855
v 6.493637 0.647282 -3.424731
vt 0.644338 0.583333
vn 0.097195 -0.994399 0.041519
v 7.643682 0.762702 -4.088710
vt 0.716506 0.625000
vn 0.148635 -0.988828 0.011269
f 2035/2035/2035 2036/2036/2036 2037/2037/2037
v 6.647293 0.670983 -3.113149
vt 0.653980 0.563781
vn 0.081277 -0.996668 0.006855
v 7.643682 0.762702 -4.088710
vt 0.716506 0.625000
vn 0.148635 -0.988828 0.011269
v 7.874165 0.798253 -3.621335
vt 0.730970 0.595671
vn 0.136354 -0.990528 -0.016202
f 2038/2038/2038 2039/2039/2039 2040/2040/2040
v 6.493637 0.647282 -3.424731
vt 0.644338 0.583333
vn 0.097195 -0.994399 0.041519
v 6.300627 0.612027 -3.713592
vt 0.632226 0.601460
vn 0.098709 -0.994043 0.046204
v 7.354166 0.709819 -4.522001
vt 0.698338 0.652190
vn 0.145838 -0.989264 0.009414
f 2041/2041/2041 2042/2042/2042 2043/2043/2043
v 6.493637 0.647282 -3.424731
vt 0.644338 0.583333
vn 0.097195 -0.994399 0.041519
v 7.354166 0.709819 -4.522001
vt 0.698338 0.652190
vn 0.145838 -0.989264 0.009414
v 7.643682 0.762702 -4.088710
vt 0.716506 0.625000
vn 0.148635 -0.988828 0.011269
f 2044/2044/2044 2045/2045/2045 2046/2046/2046
v 6.300627 0.612027 -3.713592
vt 0.632226 0.601460
vn 0.098709 -0.994043 0.046204
v 6.071563 0.579788 -3.974789
vt 0.617851 0.617851
vn 0.075915 -0.996875 0.021857
v 7.010571 0.661460 -4.913797
vt 0.676777 0.676777
vn 0.118155 -0.992776 -0.020844
f 2047/2047/2047 2048/2048/2048 2049/2049/2049
v 6.300627 0.612027 -3.713592
vt 0.632226 0.601460
vn 0.098709 -0.994043 0.046204
v 7.010571 0.661460 -4.913797
vt 0.676777 0.676777
vn 0.118155 -0.992776 -0.020844
v 7.354166 0.709819 -4.522001
vt 0.698338 0.652190
vn 0.145838 -0.989264 0.009414
f 2050/2050/2050 2051/2051/2051 2052/2052/2052
v 6.071563 0.579788 -3.974789
vt 0.617851 0.617851
vn 0.075915 -0.996875 0.021857
v 5.810367 0.563889 -4.203852
vt 0.601460 0.632226
vn 0.029832 -0.999395 -0.017876
v 6.618775 0.637613 -5.257392
vt 0.652190 0.698338
vn 0.066470 -0.995622 -0.065718
f 2053/2053/2053 2054/2054/2054 2055/2055/2055
v 6.071563 0.579788 -3.974789
vt 0.617851 0.617851
vn 0.075915 -0.996875 0.021857
v 6.618775 0.637613 -5.257392
vt 0.652190 0.698338
vn 0.066470 -0.995622 -0.065718
v 7.010571 0.661460 -4.913797
vt 0.676777 0.676777
vn 0.118155 -0.992776 -0.020844
f 2056/2056/2056 2057/2057/2057 2058/2058/2058
v 5.810367 0.563889 -4.203852
vt 0.601460 0.632226
vn 0.029832 -0.999395 -0.017876
v 5.521506 0.570902 -4.396863
vt 0.583333 0.644338
vn -0.024908 -0.998191 -0.054723
v 6.185484 0.648132 -5.546907
vt 0.625000 0.716506
vn 0.005370 -0.994275 -0.106717
f 2059/2059/2059 2060/2060/2060 2061/2061/2061
v 5.810367 0.563889 -4.203852
vt 0.601460 0.632226
vn 0.029832 -0.999395 -0.017876
v 6.185484 0.648132 -5.546907
vt 0.625000 0.716506
vn 0.005370 -0.994275 -0.106717
v 6.618775 0.637613 -5.257392
vt 0.652190 0.698338
vn 0.066470 -0.995622 -0.065718
f 2062/2062/2062 2063/2063/2063 2064/2064/2064
v 5.521506 0.570902 -4.396863
vt 0.583333 0.644338
vn -0.024908 -0.998191 -0.054723
v 5.209923 0.597928 -4.550519
vt 0.563781 0.653980
vn -0.066138 -0.994909 -0.076043
v 5.718110 0.688670 -5.777391
vt 0.595671 0.730970
vn -0.042808 -0.990431 -0.131200
f 2065/2065/2065 2066/2066/2066 2067/2067/2067
v 5.521506 0.570902 -4.396863
vt 0.583333 0.644338
vn -0.024908 -0.998191 -0.054723
v 5.718110 0.688670 -5.777391
vt 0.595671 0.730970
vn -0.042808 -0.990431 -0.131200
v 6.185484 0.648132 -5.546907
vt 0.625000 0.716506
vn 0.005370 -0.994275 -0.106717
f 2068/2068/2068 2069/2069/2069 2070/2070/2070
v 5.209923 0.597928 -4.550519
vt 0.563781 0.653980
vn -0.066138 -0.994909 -0.076043
v 4.880949 0.633797 -4.662190
vt 0.543137 0.660988
vn -0.075949 -0.993838 -0.080734
v 5.224650 0.742474 -5.944898
vt 0.564705 0.741481
vn -0.060003 -0.988577 -0.138260
f 2071/2071/2071 2072/2072/2072 2073/2073/2073
v 5.209923 0.597928 -4.550519
vt 0.563781 0.653980
vn -0.066138 -0.994909 -0.076043
v 5.224650 0.742474 -5.944898
vt 0.564705 0.741481
vn -0.060003 -0.988577 -0.138260
v 5.718110 0.688670 -5.777391
vt 0.595671 0.730970
vn -0.042808 -0.990431 -0.131200
f 2074/2074/2074 2075/2075/2075 2076/2076/2076
v 4.880949 0.633797 -4.662190
vt 0.543137 0.660988
vn -0.075949 -0.993838 -0.080734
v 4.540215 0.663685 -4.729966
vt 0.521754 0.665241
vn -0.049907 -0.995794 -0.076834
v 4.713548 0.787305 -6.046562
vt 0.532632 0.747861
vn -0.041769 -0.989833 -0.135965
f 2077/2077/2077 2078/2078/2078 2079/2079/2079
v 4.880949 0.633797 -4.662190
vt 0.543137 0.660988
vn -0.075949 -0.993838 -0.080734
v 4.713548 0.787305 -6.046562
vt 0.532632 0.747861
vn -0.041769 -0.989833 -0.135965
v 5.224650 0.742474 -5.944898
vt 0.564705 0.741481
vn -0.060003 -0.988577 -0.138260
f 2080/2080/2080 2081/2081/2081 2082/2082/2082
v 4.540215 0.663685 -4.729966
vt 0.521754 0.665241
vn -0.049907 -0.995794 -0.076834
v 4.193548 0.675239 -4.752688
vt 0.500000 0.666667
vn 0.000000 -0.997250 -0.074111
v 4.193548 0.804637 -6.080645
vt 0.500000 0.750000
vn -0.000000 -0.991004 -0.133834
f 2083/2083/2083 2084/2084/2084 2085/2085/2085
v 4.540215 0.663685 -4.729966
vt 0.521754 0.665241
vn -0.049907 -0.995794 -0.076834
v 4.193548 0.804637 -6.080645
vt 0.500000 0.750000
vn -0.000000 -0.991004 -0.133834
v 4.713548 0.787305 -6.046562
vt 0.532632 0.747861
vn -0.041769 -0.989833 -0.135965
f 2086/2086/2086 2087/2087/2087 2088/2088/2088
v 4.193548 0.675239 -4.752688
vt 0.500000 0.666667
vn 0.000000 -0.997250 -0.074111
v 3.846882 0.663685 -4.729966
vt 0.478246 0.665241
vn 0.049907 -0.995794 -0.076834
v 3.673549 0.787305 -6.046562
vt 0.467368 0.747861
vn 0.041769 -0.989833 -0.135965
f 2089/2089/2089 2090/2090/2090 2091/2091/2091
v 4.193548 0.675239 -4.752688
vt 0.500000 0.666667
vn 0.000000 -0.997250 -0.074111
v 3.673549 0.787305 -6.046562
vt 0.467368 0.747861
vn 0.041769 -0.989833 -0.135965
v 4.193548 0.804637 -6.080645
vt 0.500000 0.750000
vn -0.000000 -0.991004 -0.133834
f 2092/2092/2092 2093/2093/2093 2094/2094/2094
v 3.846882 0.663685 -4.729966
vt 0.478246 0.665241
vn 0.049907 -0.995794 -0.076834
v 3.506147 0.633797 -4.662190
vt 0.456863 0.660988
vn 0.075949 -0.993838 -0.080734
v 3.162447 0.742474 -5.944898
vt 0.435295 0.741481
vn 0.060003 -0.988577 -0.138260
f 2095/2095/2095 2096/2096/2096 2097/2097/2097
v 3.846882 0.663685 -4.729966
vt 0.478246 0.665241
vn 0.049907 -0.995794 -0.076834
v 3.162447 0.742474 -5.944898
vt 0.435295 0.741481
vn 0.060003 -0.988577 -0.138260
v 3.673549 0.787305 -6.046562
vt 0.467368 0.747861
vn 0.041769 -0.989833 -0.135965
f 2098/2098/2098 2099/2099/2099 2100/2100/2100
v 3.506147 0.633797 -4.662190
vt 0.456863 0.660988
vn 0.075949 -0.993838 -0.080734
v 3.177174 0.597928 -4.550519
vt 0.436219 0.653980
vn 0.066138 -0.994909 -0.076043
v 2.668987 0.688670 -5.777391
vt 0.404329 0.730970
vn 0.042808 -0.990431 -0.131200
f 2101/2101/2101 2102/2102/2102 2103/2103/2103
v 3.506147 0.633797 -4.662190
vt 0.456863 0.660988
vn 0.075949 -0.993838 -0.080734
v 2.668987 0.688670 -5.777391
vt 0.404329 0.730970
vn 0.042808 -0.990431 -0.131200
v 3.162447 0.742474 -5.944898
vt 0.435295 0.741481
vn 0.060003 -0.988577 -0.138260
f 2104/2104/2104 2105/2105/2105 2106/2106/2106
v 3.177174 0.597928 -4.550519
vt 0.436219 0.653980
vn 0.066138 -0.994909 -0.076043
v 2.865591 0.570902 -4.396863
vt 0.416667 0.644338
vn 0.024908 -0.998191 -0.054723
v 2.201613 0.648132 -5.546907
vt 0.375000 0.716506
vn -0.005370 -0.994275 -0.106717
f 2107/2107/2107 2108/2108/2108 2109/2109/2109
v 3.177174 0.597928 -4.550519
vt 0.436219 0.653980
vn 0.066138 -0.994909 -0.076043
v 2.201613 0.648132 -5.546907
vt 0.375000 0.716506
vn -0.005370 -0.994275 -0.106717
v 2.668987 0.688670 -5.777391
vt 0.404329 0.730970
vn 0.042808 -0.990431 -0.131200
f 2110/2110/2110 2111/2111/2111 2112/2112/2112
v 2.865591 0.570902 -4.396863
vt 0.416667 0.644338
vn 0.024908 -0.998191 -0.054723
v 2.576730 0.563889 -4.203852
vt 0.398540 0.632226
vn -0.029832 -0.999395 -0.017876
v 1.768321 0.637613 -5.257392
vt 0.347810 0.698338
vn -0.066470 -0.995622 -0.065718
f 2113/2113/2113 2114/2114/2114 2115/2115/2115
v 2.865591 0.570902 -4.396863
vt 0.416667 0.644338
vn 0.024908 -0.998191 -0.054723
v 1.768321 0.637613 -5.257392
vt 0.347810 0.698338
vn -0.066470 -0.995622 -0.065718
v 2.201613 0.648132 -5.546907
vt 0.375000 0.716506
vn -0.005370 -0.994275 -0.106717
f 2116/2116/2116 2117/2117/2117 2118/2118/2118
v 2.576730 0.563889 -4.203852
vt 0.398540 0.632226
vn -0.029832 -0.999395 -0.017876
v 2.315534 0.579788 -3.974789
vt 0.382149 0.617851
vn -0.075915 -0.996875 0.021857
v 1.376526 0.661460 -4.913797
vt 0.323223 0.676777
vn -0.118155 -0.992776 -0.020844
f 2119/2119/2119 2120/2120/2120 2121/2121/2121
v 2.576730 0.563889 -4.203852
vt 0.398540 0.632226
vn -0.029832 -0.999395 -0.017876
v 1.376526 0.661460 -4.913797
vt 0.323223 0.676777
vn -0.118155 -0.992776 -0.020844
v 1.768321 0.637613 -5.257392
vt 0.347810 0.698338
vn -0.066470 -0.995622 -0.065718
f 2122/2122/2122 2123/2123/2123 2124/2124/2124
v 2.315534 0.579788 -3.974789
vt 0.382149 0.617851
vn -0.075915 -0.996875 0.021857
v 2.086470 0.612027 -3.713592
vt 0.367774 0.601460
vn -0.098709 -0.994043 0.046204
v 1.032931 0.709819 -4.522001
vt 0.301662 0.652190
vn -0.145838 -0.989264 0.009414
f 2125/2125/2125 2126/2126/2126 2127/2127/2127
v 2.315534 0.579788 -3.974789
vt 0.382149 0.617851
vn -0.075915 -0.996875 0.021857
v 1.032931 0.709819 -4.522001
vt 0.301662 0.652190
vn -0.145838 -0.989264 0.009414
v 1.376526 0.661460 -4.913797
vt 0.323223 0.676777
vn -0.118155 -0.992776 -0.020844
f 2128/2128/2128 2129/2129/2129 2130/2130/2130
v 2.086470 0.612027 -3.713592
vt 0.367774 0.601460
vn -0.098709 -0.994043 0.046204
v 1.893459 0.647282 -3.424731
vt 0.355662 0.583333
vn -0.097195 -0.994399 0.041519
v 0.743415 0.762702 -4.088710
vt 0.283494 0.625000
vn -0.148635 -0.988828 0.011269
f 2131/2131/2131 2132/2132/2132 2133/2133/2133
v 2.086470 0.612027 -3.713592
vt 0.367774 0.601460
vn -0.098709 -0.994043 0.046204
v 0.743415 0.762702 -4.088710
vt 0.283494 0.625000
vn -0.148635 -0.988828 0.011269
v 1.032931 0.709819 -4.522001
vt 0.301662 0.652190
vn -0.145838 -0.989264 0.009414
f 2134/2134/2134 2135/2135/2135 2136/2136/2136
v 1.893459 0.647282 -3.424731
vt 0.355662 0.583333
vn -0.097195 -0.994399 0.041519
v 1.739804 0.670983 -3.113149
vt 0.346020 0.563781
vn -0.081277 -0.996668 0.006855
v 0.512932 0.798253 -3.621335
vt 0.269030 0.595671
vn -0.136354 -0.990528 -0.016202
f 2137/2137/2137 2138/2138/2138 2139/2139/2139
v 1.893459 0.647282 -3.424731
vt 0.355662 0.583333
vn -0.097195 -0.994399 0.041519
v 0.512932 0.798253 -3.621335
vt 0.269030 0.595671
vn -0.136354 -0.990528 -0.016202
v 0.743415 0.762702 -4.088710
vt 0.283494 0.625000
vn -0.148635 -0.988828 0.011269
f 2140/2140/2140 2141/2141/2141 2142/2142/2142
v 1.739804 0.670983 -3.113149
vt 0.346020 0.563781
vn -0.081277 -0.996668 0.006855
v 1.628132 0.673334 -2.784175
vt 0.339012 0.543137
vn -0.064319 -0.996983 -0.043454
v 0.345425 0.801779 -3.127876
vt 0.258519 0.564705
vn -0.122040 -0.990784 -0.058761
f 2143/2143/2143 2144/2144/2144 2145/2145/2145
v 1.739804 0.670983 -3.113149
vt 0.346020 0.563781
vn -0.081277 -0.996668 0.006855
v 0.345425 0.801779 -3.127876
vt 0.258519 0.564705
vn -0.122040 -0.990784 -0.058761
v 0.512932 0.798253 -3.621335
vt 0.269030 0.595671
vn -0.136354 -0.990528 -0.016202
f 2146/2146/2146 2147/2147/2147 2148/2148/2148
v 1.628132 0.673334 -2.784175
vt 0.339012 0.543137
vn -0.064319 -0.996983 -0.043454
v 1.560356 0.653363 -2.443440
vt 0.334759 0.521754
vn -0.055045 -0.994825 -0.085404
v 0.243760 0.771824 -2.616774
vt 0.252139 0.532632
vn -0.114267 -0.989111 -0.092752
f 2149/2149/2149 2150/2150/2150 2151/2151/2151
v 1.628132 0.673334 -2.784175
vt 0.339012 0.543137
vn -0.064319 -0.996983 -0.043454
v 0.243760 0.771824 -2.616774
vt 0.252139 0.532632
vn -0.114267 -0.989111 -0.092752
v 0.345425 0.801779 -3.127876
vt 0.258519 0.564705
vn -0.122040 -0.990784 -0.058761
f 2152/2152/2152 2153/2153/2153 2154/2154/2154
v 1.560356 0.653363 -2.443440
vt 0.334759 0.521754
vn -0.055045 -0.994825 -0.085404
v 1.537634 0.619325 -2.096774
vt 0.333333 0.500000
vn -0.052905 -0.993822 -0.097569
v 0.209677 0.720766 -2.096774
vt 0.250000 0.500000
vn -0.112652 -0.988883 -0.097058
f 2155/2155/2155 2156/2156/2156 2157/2157/2157
v 1.560356 0.653363 -2.443440
vt 0.334759 0.521754
vn -0.055045 -0.994825 -0.085404
v 0.209677 0.720766 -2.096774
vt 0.250000 0.500000
vn -0.112652 -0.988883 -0.097058
v 0.243760 0.771824 -2.616774
vt 0.252139 0.532632
vn -0.114267 -0.989111 -0.092752
f 2158/2158/2158 2159/2159/2159 2160/2160/2160
v 1.537634 0.619325 -2.096774
vt 0.333333 0.500000
vn -0.052905 -0.993822 -0.097569
v 1.560356 0.585287 -1.750108
vt 0.334759 0.478246
vn -0.050036 -0.996177 -0.071610
v 0.243760 0.669709 -1.576775
vt 0.252139 0.467368
vn -0.109477 -0.991965 -0.063411
f 2161/2161/2161 2162/2162/2162 2163/2163/2163
v 1.537634 0.619325 -2.096774
vt 0.333333 0.500000
vn -0.052905 -0.993822 -0.097569
v 0.243760 0.669709 -1.576775
vt 0.252139 0.467368
vn -0.109477 -0.991965 -0.063411
v 0.209677 0.720766 -2.096774
vt 0.250000 0.500000
vn -0.112652 -0.988883 -0.097058
f 2164/2164/2164 2165/2165/2165 2166/2166/2166
v 1.560356 0.585287 -1.750108
vt 0.334759 0.478246
vn -0.050036 -0.996177 -0.071610
v 1.628132 0.565316 -1.409373
vt 0.339012 0.456863
vn -0.038310 -0.999138 -0.015976
v 0.345425 0.639753 -1.065672
vt 0.258519 0.435295
vn -0.096469 -0.995336 -0.000274
f 2167/2167/2167 2168/2168/2168 2169/2169/2169
v 1.560356 0.585287 -1.750108
vt 0.334759 0.478246
vn -0.050036 -0.996177 -0.071610
v 0.345425 0.639753 -1.065672
vt 0.258519 0.435295
vn -0.096469 -0.995336 -0.000274
v 0.243760 0.669709 -1.576775
vt 0.252139 0.467368
vn -0.109477 -0.991965 -0.063411
f 2170/2170/2170 2171/2171/2171 2172/2172/2172
v 1.628132 0.565316 -1.409373
vt 0.339012 0.456863
vn -0.038310 -0.999138 -0.015976
v 1.739804 0.567667 -1.080400
vt 0.346020 0.436219
vn -0.016834 -0.998728 0.047526
v 0.512932 0.643279 -0.572213
vt 0.269030 0.404329
vn -0.072526 -0.994878 0.070409
f 2173/2173/2173 2174/2174/2174 2175/2175/2175
v 1.628132 0.565316 -1.409373
vt 0.339012 0.456863
vn -0.038310 -0.999138 -0.015976
v 0.512932 0.643279 -0.572213
vt 0.269030 0.404329
vn -0.072526 -0.994878 0.070409
v 0.345425 0.639753 -1.065672
vt 0.258519 0.435295
vn -0.096469 -0.995336 -0.000274
f 2176/2176/2176 2177/2177/2177 2178/2178/2178
v 1.739804 0.567667 -1.080400
vt 0.346020 0.436219
vn -0.016834 -0.998728 0.047526
v 1.893459 0.591368 -0.768817
vt 0.355662 0.416667
vn 0.005478 -0.995508 0.094514
v 0.743415 0.678831 -0.104839
vt 0.283494 0.375000
vn -0.046640 -0.991169 0.124129
f 2179/2179/2179 2180/2180/2180 2181/2181/2181
v 1.739804 0.567667 -1.080400
vt 0.346020 0.436219
vn -0.016834 -0.998728 0.047526
v 0.743415 0.678831 -0.104839
vt 0.283494 0.375000
vn -0.046640 -0.991169 0.124129
v 0.512932 0.643279 -0.572213
vt 0.269030 0.404329
vn -0.072526 -0.994878 0.070409
f 2182/2182/2182 2183/2183/2183 2184/2184/2184
v 1.893459 0.591368 -0.768817
vt 0.355662 0.416667
vn 0.005478 -0.995508 0.094514
v 2.086470 0.626623 -0.479956
vt 0.367774 0.398540
vn 0.014751 -0.993754 0.110613
v 1.032931 0.731713 0.328453
vt 0.301662 0.347810
vn -0.032940 -0.988654 0.146556
f 2185/2185/2185 2186/2186/2186 2187/2187/2187
v 1.893459 0.591368 -0.768817
vt 0.355662 0.416667
vn 0.005478 -0.995508 0.094514
v 1.032931 0.731713 0.328453
vt 0.301662 0.347810
vn -0.032940 -0.988654 0.146556
v 0.743415 0.678831 -0.104839
vt 0.283494 0.375000
vn -0.046640 -0.991169 0.124129
f 2188/2188/2188 2189/2189/2189 2190/2190/2190
v 2.086470 0.626623 -0.479956
vt 0.367774 0.398540
vn 0.014751 -0.993754 0.110613
v 2.315534 0.658862 -0.218759
vt 0.382149 0.382149
vn 0.000902 -0.995302 0.096810
v 1.376526 0.780072 0.720248
vt 0.323223 0.323223
vn -0.041581 -0.989457 0.138726
f 2191/2191/2191 2192/2192/2192 2193/2193/2193
v 2.086470 0.626623 -0.479956
vt 0.367774 0.398540
vn 0.014751 -0.993754 0.110613
v 1.376526 0.780072 0.720248
vt 0.323223 0.323223
vn -0.041581 -0.989457 0.138726
v 1.032931 0.731713 0.328453
vt 0.301662 0.347810
vn -0.032940 -0.988654 0.146556
f 2194/2194/2194 2195/2195/2195 2196/2196/2196
v 2.315534 0.658862 -0.218759
vt 0.382149 0.382149
vn 0.000902 -0.995302 0.096810
v 2.576730 0.674761 0.010304
vt 0.398540 0.367774
vn -0.034869 -0.997182 0.066426
v 1.768321 0.803920 1.063843
vt 0.347810 0.301662
vn -0.071286 -0.990948 0.113759
f 2197/2197/2197 2198/2198/2198 2199/2199/2199
v 2.315534 0.658862 -0.218759
vt 0.382149 0.382149
vn 0.000902 -0.995302 0.096810
v 1.768321 0.803920 1.063843
vt 0.347810 0.301662
vn -0.071286 -0.990948 0.113759
v 1.376526 0.780072 0.720248
vt 0.323223 0.323223
vn -0.041581 -0.989457 0.138726
f 2200/2200/2200 2201/2201/2201 2202/2202/2202
v 2.576730 0.674761 0.010304
vt 0.398540 0.367774
vn -0.034869 -0.997182 0.066426
v 2.865591 0.667748 0.203315
vt 0.416667 0.355662
vn -0.077957 -0.996261 0.037232
v 2.201613 0.793401 1.353359
vt 0.375000 0.283494
vn -0.107553 -0.990201 0.089077
f 2203/2203/2203 2204/2204/2204 2205/2205/2205
v 2.576730 0.674761 0.010304
vt 0.398540 0.367774
vn -0.034869 -0.997182 0.066426
v 2.201613 0.793401 1.353359
vt 0.375000 0.283494
vn -0.107553 -0.990201 0.089077
v 1.768321 0.803920 1.063843
vt 0.347810 0.301662
vn -0.071286 -0.990948 0.113759
f 2206/2206/2206 2207/2207/2207 2208/2208/2208
v 2.865591 0.667748 0.203315
vt 0.416667 0.355662
vn -0.077957 -0.996261 0.037232
v 3.177174 0.640722 0.356970
vt 0.436219 0.346020
vn -0.106628 -0.994060 0.021787
v 2.668987 0.752862 1.583843
vt 0.404329 0.269030
vn -0.129005 -0.988641 0.077116
f 2209/2209/2209 2210/2210/2210 2211/2211/2211
v 2.865591 0.667748 0.203315
vt 0.416667 0.355662
vn -0.077957 -0.996261 0.037232
v 2.668987 0.752862 1.583843
vt 0.404329 0.269030
vn -0.129005 -0.988641 0.077116
v 2.201613 0.793401 1.353359
vt 0.375000 0.283494
vn -0.107553 -0.990201 0.089077
f 2212/2212/2212 2213/2213/2213 2214/2214/2214
v 3.177174 0.640722 0.356970
vt 0.436219 0.346020
vn -0.106628 -0.994060 0.021787
v 3.506147 0.604853 0.468642
vt 0.456863 0.339012
vn -0.103363 -0.994411 0.021496
v 3.162447 0.699059 1.751350
vt 0.435295 0.258519
vn -0.118390 -0.989787 0.079413
f 2215/2215/2215 2216/2216/2216 2217/2217/2217
v 3.177174 0.640722 0.356970
vt 0.436219 0.346020
vn -0.106628 -0.994060 0.021787
v 3.162447 0.699059 1.751350
vt 0.435295 0.258519
vn -0.118390 -0.989787 0.079413
v 2.668987 0.752862 1.583843
vt 0.404329 0.269030
vn -0.129005 -0.988641 0.077116
f 2218/2218/2218 2219/2219/2219 2220/2220/2220
v 3.506147 0.604853 0.468642
vt 0.456863 0.339012
vn -0.103363 -0.994411 0.021496
v 3.846882 0.574965 0.536418
vt 0.478246 0.334759
vn -0.063796 -0.997560 0.028356
v 3.673549 0.654227 1.853014
vt 0.467368 0.252139
vn -0.071369 -0.993561 0.087996
f 2221/2221/2221 2222/2222/2222 2223/2223/2223
v 3.506147 0.604853 0.468642
vt 0.456863 0.339012
vn -0.103363 -0.994411 0.021496
v 3.673549 0.654227 1.853014
vt 0.467368 0.252139
vn -0.071369 -0.993561 0.087996
v 3.162447 0.699059 1.751350
vt 0.435295 0.258519
vn -0.118390 -0.989787 0.079413
f 2224/2224/2224 2225/2225/2225 2226/2226/2226
v 3.846882 0.574965 0.536418
vt 0.478246 0.334759
vn -0.063796 -0.997560 0.028356
v 4.193548 0.563411 0.559140
vt 0.500000 0.333333
vn -0.000000 -0.999483 0.032165
v 4.193548 0.636895 1.887097
vt 0.500000 0.250000
vn 0.000000 -0.995719 0.092431
f 2227/2227/2227 2228/2228/2228 2229/2229/2229
v 3.846882 0.574965 0.536418
vt 0.478246 0.334759
vn -0.063796 -0.997560 0.028356
v 4.193548 0.636895 1.887097
vt 0.500000 0.250000
vn 0.000000 -0.995719 0.092431
v 3.673549 0.654227 1.853014
vt 0.467368 0.252139
vn -0.071369 -0.993561 0.087996
f 2230/2230/2230 2231/2231/2231 2232/2232/2232
v 4.193548 0.563411 0.559140
vt 0.500000 0.333333
vn -0.000000 -0.999483 0.032165
v 4.540215 0.574965 0.536418
vt 0.521754 0.334759
vn 0.063796 -0.997560 0.028356
v 4.713548 0.654227 1.853014
vt 0.532632 0.252139
vn 0.071369 -0.993561 0.087996
f 2233/2233/2233 2234/2234/2234 2235/2235/2235
v 4.193548 0.563411 0.559140
vt 0.500000 0.333333
vn -0.000000 -0.999483 0.032165
v 4.713548 0.654227 1.853014
vt 0.532632 0.252139
vn 0.071369 -0.993561 0.087996
v 4.193548 0.636895 1.887097
vt 0.500000 0.250000
vn 0.000000 -0.995719 0.092431
f 2236/2236/2236 2237/2237/2237 2238/2238/2238
v 4.540215 0.574965 0.536418
vt 0.521754 0.334759
vn 0.063796 -0.997560 0.028356
v 4.880949 0.604853 0.468642
vt 0.543137 0.339012
vn 0.103363 -0.994411 0.021496
v 5.224650 0.699059 1.751350
vt 0.564705 0.258519
vn 0.118390 -0.989787 0.079413
f 2239/2239/2239 2240/2240/2240 2241/2241/2241
v 4.540215 0.574965 0.536418
vt 0.521754 0.334759
vn 0.063796 -0.997560 0.028356
v 5.224650 0.699059 1.751350
vt 0.564705 0.258519
vn 0.118390 -0.989787 0.079413
v 4.713548 0.654227 1.853014
vt 0.532632 0.252139
vn 0.071369 -0.993561 0.087996
f 2242/2242/2242 2243/2243/2243 2244/2244/2244
v 4.880949 0.604853 0.468642
vt 0.543137 0.339012
vn 0.103363 -0.994411 0.021496
v 5.209923 0.640722 0.356970
vt 0.563781 0.346020
vn 0.106628 -0.994060 0.021787
v 5.718110 0.752862 1.583843
vt 0.595671 0.269030
vn 0.129005 -0.988641 0.077115
f 2245/2245/2245 2246/2246/2246 2247/2247/2247
v 4.880949 0.604853 0.468642
vt 0.543137 0.339012
vn 0.103363 -0.994411 0.021496
v 5.718110 0.752862 1.583843
vt 0.595671 0.269030
vn 0.129005 -0.988641 0.077115
v 5.224650 0.699059 1.751350
vt 0.564705 0.258519
vn 0.118390 -0.989787 0.079413
f 2248/2248/2248 2249/2249/2249 2250/2250/2250
v 5.209923 0.640722 0.356970
vt 0.563781 0.346020
vn 0.106628 -0.994060 0.021787
v 5.521506 0.667748 0.203315
vt 0.583333 0.355662
vn 0.077956 -0.996261 0.037232
v 6.185484 0.793401 1.353359
vt 0.625000 0.283494
vn 0.107553 -0.990201 0.089077
f 2251/2251/2251 2252/2252/2252 2253/2253/2253
v 5.209923 0.640722 0.356970
vt 0.563781 0.346020
vn 0.106628 -0.994060 0.021787
v 6.185484 0.793401 1.353359
vt 0.625000 0.283494
vn 0.107553 -0.990201 0.089077
v 5.718110 0.752862 1.583843
vt 0.595671 0.269030
vn 0.129005 -0.988641 0.077115
f 2254/2254/2254 2255/2255/2255 2256/2256/2256
v 5.521506 0.667748 0.203315
vt 0.583333 0.355662
vn 0.077956 -0.996261 0.037232
v 5.810367 0.674761 0.010304
vt 0.601460 0.367774
vn 0.034869 -0.997182 0.066426
v 6.618775 0.803920 1.063843
vt 0.652190 0.301662
vn 0.071286 -0.990948 0.113759
f 2257/2257/2257 2258/2258/2258 2259/2259/2259
v 5.521506 0.667748 0.203315
vt 0.583333 0.355662
vn 0.077956 -0.996261 0.037232
v 6.618775 0.803920 1.063843
vt 0.652190 0.301662
vn 0.071286 -0.990948 0.113759
v 6.185484 0.793401 1.353359
vt 0.625000 0.283494
vn 0.107553 -0.990201 0.089077
f 2260/2260/2260 2261/2261/2261 2262/2262/2262
v 5.810367 0.674761 0.010304
vt 0.601460 0.367774
vn 0.034869 -0.997182 0.066426
v 6.071563 0.658862 -0.218759
vt 0.617851 0.382149
vn -0.000902 -0.995302 0.096810
v 7.010571 0.780072 0.720248
vt 0.676777 0.323223
vn 0.041581 -0.989457 0.138726
f 2263/2263/2263 2264/2264/2264 2265/2265/2265
v 5.810367 0.674761 0.010304
vt 0.601460 0.367774
vn 0.034869 -0.997182 0.066426
v 7.010571 0.780072 0.720248
vt 0.676777 0.323223
vn 0.041581 -0.989457 0.138726
v 6.618775 0.803920 1.063843
vt 0.652190 0.301662
vn 0.071286 -0.990948 0.113759
f 2266/2266/2266 2267/2267/2267 2268/2268/2268
v 6.071563 0.658862 -0.218759
vt 0.617851 0.382149
vn -0.000902 -0.995302 0.096810
v 6.300627 0.626623 -0.479956
vt 0.632226 0.398540
vn -0.014751 -0.993754 0.110613
v 7.354166 0.731713 0.328453
vt 0.698338 0.347810
vn 0.032940 -0.988654 0.146556
f 2269/2269/2269 2270/2270/2270 2271/2271/2271
v 6.071563 0.658862 -0.218759
vt 0.617851 0.382149
vn -0.000902 -0.995302 0.096810
v 7.354166 0.731713 0.328453
vt 0.698338 0.347810
vn 0.032940 -0.988654 0.146556
v 7.010571 0.780072 0.720248
vt 0.676777 0.323223
vn 0.041581 -0.989457 0.138726
f 2272/2272/2272 2273/2273/2273 2274/2274/2274
v 6.300627 0.626623 -0.479956
vt 0.632226 0.398540
vn -0.014751 -0.993754 0.110613
v 6.493637 0.591368 -0.768817
vt 0.644338 0.416667
vn -0.005478 -0.995508 0.094514
v 7.643682 0.678831 -0.104839
vt 0.716506 0.375000
vn 0.046640 -0.991169 0.124129
f 2275/2275/2275 2276/2276/2276 2277/2277/2277
v 6.300627 0.626623 -0.479956
vt 0.632226 0.398540
vn -0.014751 -0.993754 0.110613
v 7.643682 0.678831 -0.104839
vt 0.716506 0.375000
vn 0.046640 -0.991169 0.124129
v 7.354166 0.731713 0.328453
vt 0.698338 0.347810
vn 0.032940 -0.988654 0.146556
f 2278/2278/2278 2279/2279/2279 2280/2280/2280
v 6.493637 0.591368 -0.768817
vt 0.644338 0.416667
vn -0.005478 -0.995508 0.094514
v 6.647293 0.567667 -1.080400
vt 0.653980 0.436219
vn 0.016834 -0.998728 0.047526
v 7.874165 0.643279 -0.572213
vt 0.730970 0.404329
vn 0.072526 -0.994878 0.070409
f 2281/2281/2281 2282/2282/2282 2283/2283/2283
v 6.493637 0.591368 -0.768817
vt 0.644338 0.416667
vn -0.005478 -0.995508 0.094514
v 7.874165 0.643279 -0.572213
vt 0.730970 0.404329
vn 0.072526 -0.994878 0.070409
v 7.643682 0.678831 -0.104839
vt 0.716506 0.375000
vn 0.046640 -0.991169 0.124129
f 2284/2284/2284 2285/2285/2285 2286/2286/2286
v 6.647293 0.567667 -1.080400
vt 0.653980 0.436219
vn 0.016834 -0.998728 0.047526
v 6.758964 0.565316 -1.409373
vt 0.660988 0.456863
vn 0.038310 -0.999138 -0.015976
v 8.041672 0.639753 -1.065672
vt 0.741481 0.435295
vn 0.096469 -0.995336 -0.000274
f 2287/2287/2287 2288/2288/2288 2289/2289/2289
v 6.647293 0.567667 -1.080400
vt 0.653980 0.436219
vn 0.016834 -0.998728 0.047526
v 8.041672 0.639753 -1.065672
vt 0.741481 0.435295
vn 0.096469 -0.995336 -0.000274
v 7.874165 0.643279 -0.572213
vt 0.730970 0.404329
vn 0.072526 -0.994878 0.070409
f 2290/2290/2290 2291/2291/2291 2292/2292/2292
v 6.758964 0.565316 -1.409373
vt 0.660988 0.456863
vn 0.038310 -0.999138 -0.015976
v 6.826740 0.585287 -1.750108
vt 0.665241 0.478246
vn 0.050035 -0.996177 -0.071610
v 8.143337 0.669709 -1.576775
vt 0.747861 0.467368
vn 0.109477 -0.991965 -0.063411
f 2293/2293/2293 2294/2294/2294 2295/2295/2295
v 6.758964 0.565316 -1.409373
vt 0.660988 0.456863
vn 0.038310 -0.999138 -0.015976
v 8.143337 0.669709 -1.576775
vt 0.747861 0.467368
vn 0.109477 -0.991965 -0.063411
v 8.041672 0.639753 -1.065672
vt 0.741481 0.435295
vn 0.096469 -0.995336 -0.000274
f 2296/2296/2296 2297/2297/2297 2298/2298/2298
v 6.826740 0.585287 -1.750108
vt 0.665241 0.478246
vn 0.050035 -0.996177 -0.071610
v 6.849462 0.619325 -2.096774
vt 0.666667 0.500000
vn 0.052905 -0.993822 -0.097569
v 8.177419 0.720766 -2.096774
vt 0.750000 0.500000
vn 0.112652 -0.988883 -0.097058
f 2299/2299/2299 2300/2300/2300 2301/2301/2301
v 6.826740 0.585287 -1.750108
vt 0.665241 0.478246
vn 0.050035 -0.996177 -0.071610
v 8.177419 0.720766 -2.096774
vt 0.750000 0.500000
vn 0.112652 -0.988883 -0.097058
v 8.143337 0.669709 -1.576775
vt 0.747861 0.467368
vn 0.109477 -0.991965 -0.063411
f 2302/2302/2302 2303/2303/2303 2304/2304/2304
v 8.177419 0.720766 -2.096774
vt 0.750000 0.500000
vn 0.112652 -0.988883 -0.097058
v 8.143337 0.771824 -2.616774
vt 0.747861 0.532632
vn 0.114267 -0.989111 -0.092752
v 9.459932 0.986386 -2.790107
vt 0.830482 0.543509
vn 0.194588 -0.975542 -0.102245
f 2305/2305/2305 2306/2306/2306 2307/2307/2307
v 8.177419 0.720766 -2.096774
vt 0.750000 0.500000
vn 0.112652 -0.988883 -0.097058
v 9.459932 0.986386 -2.790107
vt 0.830482 0.543509
vn 0.194588 -0.975542 -0.102245
v 9.505376 0.918309 -2.096774
vt 0.833333 0.500000
vn 0.193831 -0.976348 -0.095778
f 2308/2308/2308 2309/2309/2309 2310/2310/2310
v 8.143337 0.771824 -2.616774
vt 0.747861 0.532632
vn 0.114267 -0.989111 -0.092752
v 8.041672 0.801779 -3.127876
vt 0.741481 0.564705
vn 0.122040 -0.990784 -0.058761
v 9.324380 1.026327 -3.471576
vt 0.821975 0.586273
vn 0.200180 -0.976543 -0.079324
f 2311/2311/2311 2312/2312/2312 2313/2313/2313
v 8.143337 0.771824 -2.616774
vt 0.747861 0.532632
vn 0.114267 -0.989111 -0.092752
v 9.324380 1.026327 -3.471576
vt 0.821975 0.586273
vn 0.200180 -0.976543 -0.079324
v 9.459932 0.986386 -2.790107
vt 0.830482 0.543509
vn 0.194588 -0.975542 -0.102245
f 2314/2314/2314 2315/2315/2315 2316/2316/2316
v 8.041672 0.801779 -3.127876
vt 0.741481 0.564705
vn 0.122040 -0.990784 -0.058761
v 7.874165 0.798253 -3.621335
vt 0.730970 0.595671
vn 0.136354 -0.990528 -0.016202
v 9.101037 1.021625 -4.129523
vt 0.807960 0.627561
vn 0.210803 -0.976368 -0.047617
f 2317/2317/2317 2318/2318/2318 2319/2319/2319
v 8.041672 0.801779 -3.127876
vt 0.741481 0.564705
vn 0.122040 -0.990784 -0.058761
v 9.101037 1.021625 -4.129523
vt 0.807960 0.627561
vn 0.210803 -0.976368 -0.047617
v 9.324380 1.026327 -3.471576
vt 0.821975 0.586273
vn 0.200180 -0.976543 -0.079324
f 2320/2320/2320 2321/2321/2321 2322/2322/2322
v 7.874165 0.798253 -3.621335
vt 0.730970 0.595671
vn 0.136354 -0.990528 -0.016202
v 7.643682 0.762702 -4.088710
vt 0.716506 0.625000
vn 0.148635 -0.988828 0.011269
v 8.793726 0.974223 -4.752688
vt 0.788675 0.666667
vn 0.218126 -0.975453 -0.030190
f 2323/2323/2323 2324/2324/2324 2325/2325/2325
v 7.874165 0.798253 -3.621335
vt 0.730970 0.595671
vn 0.136354 -0.990528 -0.016202
v 8.793726 0.974223 -4.752688
vt 0.788675 0.666667
vn 0.218126 -0.975453 -0.030190
v 9.101037 1.021625 -4.129523
vt 0.807960 0.627561
vn 0.210803 -0.976368 -0.047617
f 2326/2326/2326 2327/2327/2327 2328/2328/2328
v 7.643682 0.762702 -4.088710
vt 0.716506 0.625000
vn 0.148635 -0.988828 0.011269
v 7.354166 0.709819 -4.522001
vt 0.698338 0.652190
vn 0.145838 -0.989264 0.009414
v 8.407705 0.903713 -5.330410
vt 0.764451 0.702920
vn 0.209553 -0.976935 -0.041059
f 2329/2329/2329 2330/2330/2330 2331/2331/2331
v 7.643682 0.762702 -4.088710
vt 0.716506 0.625000
vn 0.148635 -0.988828 0.011269
v 8.407705 0.903713 -5.330410
vt 0.764451 0.702920
vn 0.209553 -0.976935 -0.041059
v 8.793726 0.974223 -4.752688
vt 0.788675 0.666667
vn 0.218126 -0.975453 -0.030190
f 2332/2332/2332 2333/2333/2333 2334/2334/2334
v 7.354166 0.709819 -4.522001
vt 0.698338 0.652190
vn 0.145838 -0.989264 0.009414
v 7.010571 0.661460 -4.913797
vt 0.676777 0.676777
vn 0.118155 -0.992776 -0.020844
v 7.949578 0.839235 -5.852804
vt 0.735702 0.735702
vn 0.175412 -0.981295 -0.079310
f 2335/2335/2335 2336/2336/2336 2337/2337/2337
v 7.354166 0.709819 -4.522001
vt 0.698338 0.652190
vn 0.145838 -0.989264 0.009414
v 7.949578 0.839235 -5.852804
vt 0.735702 0.735702
vn 0.175412 -0.981295 -0.079310
v 8.407705 0.903713 -5.330410
vt 0.764451 0.702920
vn 0.209553 -0.976935 -0.041059
f 2338/2338/2338 2339/2339/2339 2340/2340/2340
v 7.010571 0.661460 -4.913797
vt 0.676777 0.676777
vn 0.118155 -0.992776 -0.020844
v 6.618775 0.637613 -5.257392
vt 0.652190 0.698338
vn 0.066470 -0.995622 -0.065718
v 7.427184 0.807438 -6.310931
vt 0.702920 0.764451
vn 0.116376 -0.984527 -0.131011
f 2341/2341/2341 2342/2342/2342 2343/2343/2343
v 7.010571 0.661460 -4.913797
vt 0.676777 0.676777
vn 0.118155 -0.992776 -0.020844
v 7.427184 0.807438 -6.310931
vt 0.702920 0.764451
vn 0.116376 -0.984527 -0.131011
v 7.949578 0.839235 -5.852804
vt 0.735702 0.735702
vn 0.175412 -0.981295 -0.079310
f 2344/2344/2344 2345/2345/2345 2346/2346/2346
v 6.618775 0.637613 -5.257392
vt 0.652190 0.698338
vn 0.066470 -0.995622 -0.065718
v 6.185484 0.648132 -5.546907
vt 0.625000 0.716506
vn 0.005370 -0.994275 -0.106717
v 6.849462 0.821464 -6.696952
vt 0.666667 0.788675
vn 0.046897 -0.983012 -0.177449
f 2347/2347/2347 2348/2348/2348 2349/2349/2349
v 6.618775 0.637613 -5.257392
vt 0.652190 0.698338
vn 0.066470 -0.995622 -0.065718
v 6.849462 0.821464 -6.696952
vt 0.666667 0.788675
vn 0.046897 -0.983012 -0.177449
v 7.427184 0.807438 -6.310931
vt 0.702920 0.764451
vn 0.116376 -0.984527 -0.131011
f 2350/2350/2350 2351/2351/2351 2352/2352/2352
v 6.185484 0.648132 -5.546907
vt 0.625000 0.716506
vn 0.005370 -0.994275 -0.106717
v 5.718110 0.688670 -5.777391
vt 0.595671 0.730970
vn -0.042808 -0.990431 -0.131200
v 6.226297 0.875515 -7.004263
vt 0.627561 0.807960
vn -0.010564 -0.978485 -0.206049
f 2353/2353/2353 2354/2354/2354 2355/2355/2355
v 6.185484 0.648132 -5.546907
vt 0.625000 0.716506
vn 0.005370 -0.994275 -0.106717
v 6.226297 0.875515 -7.004263
vt 0.627561 0.807960
vn -0.010564 -0.978485 -0.206049
v 6.849462 0.821464 -6.696952
vt 0.666667 0.788675
vn 0.046897 -0.983012 -0.177449
f 2356/2356/2356 2357/2357/2357 2358/2358/2358
v 5.718110 0.688670 -5.777391
vt 0.595671 0.730970
vn -0.042808 -0.990431 -0.131200
v 5.224650 0.742474 -5.944898
vt 0.564705 0.741481
vn -0.060003 -0.988577 -0.138260
v 5.568351 0.947253 -7.227606
vt 0.586273 0.821975
vn -0.037812 -0.975618 -0.216193
f 2359/2359/2359 2360/2360/2360 2361/2361/2361
v 5.718110 0.688670 -5.777391
vt 0.595671 0.730970
vn -0.042808 -0.990431 -0.131200
v 5.568351 0.947253 -7.227606
vt 0.586273 0.821975
vn -0.037812 -0.975618 -0.216193
v 6.226297 0.875515 -7.004263
vt 0.627561 0.807960
vn -0.010564 -0.978485 -0.206049
f 2362/2362/2362 2363/2363/2363 2364/2364/2364
v 5.224650 0.742474 -5.944898
vt 0.564705 0.741481
vn -0.060003 -0.988577 -0.138260
v 4.713548 0.787305 -6.046562
vt 0.532632 0.747861
vn -0.041769 -0.989833 -0.135965
v 4.886881 1.007029 -7.363159
vt 0.543509 0.830482
vn -0.030388 -0.975923 -0.215989
f 2365/2365/2365 2366/2366/2366 2367/2367/2367
v 5.224650 0.742474 -5.944898
vt 0.564705 0.741481
vn -0.060003 -0.988577 -0.138260
v 4.886881 1.007029 -7.363159
vt 0.543509 0.830482
vn -0.030388 -0.975923 -0.215989
v 5.568351 0.947253 -7.227606
vt 0.586273 0.821975
vn -0.037812 -0.975618 -0.216193
f 2368/2368/2368 2369/2369/2369 2370/2370/2370
v 4.713548 0.787305 -6.046562
vt 0.532632 0.747861
vn -0.041769 -0.989833 -0.135965
v 4.193548 0.804637 -6.080645
vt 0.500000 0.750000
vn -0.000000 -0.991004 -0.133834
v 4.193548 1.030137 -7.408602
vt 0.500000 0.833333
vn -0.000000 -0.976695 -0.214630
f 2371/2371/2371 2372/2372/2372 2373/2373/2373
v 4.713548 0.787305 -6.046562
vt 0.532632 0.747861
vn -0.041769 -0.989833 -0.135965
v 4.193548 1.030137 -7.408602
vt 0.500000 0.833333
vn -0.000000 -0.976695 -0.214630
v 4.886881 1.007029 -7.363159
vt 0.543509 0.830482
vn -0.030388 -0.975923 -0.215989
f 2374/2374/2374 2375/2375/2375 2376/2376/2376
v 4.193548 0.804637 -6.080645
vt 0.500000 0.750000
vn -0.000000 -0.991004 -0.133834
v 3.673549 0.787305 -6.046562
vt 0.467368 0.747861
vn 0.041769 -0.989833 -0.135965
v 3.500216 1.007029 -7.363159
vt 0.456491 0.830482
vn 0.030388 -0.975923 -0.215989
f 2377/2377/2377 2378/2378/2378 2379/2379/2379
v 4.193548 0.804637 -6.080645
vt 0.500000 0.750000
vn -0.000000 -0.991004 -0.133834
v 3.500216 1.007029 -7.363159
vt 0.456491 0.830482
vn 0.030388 -0.975923 -0.215989
v 4.193548 1.030137 -7.408602
vt 0.500000 0.833333
vn -0.000000 -0.976695 -0.214630
f 2380/2380/2380 2381/2381/2381 2382/2382/2382
v 3.673549 0.787305 -6.046562
vt 0.467368 0.747861
vn 0.041769 -0.989833 -0.135965
v 3.162447 0.742474 -5.944898
vt 0.435295 0.741481
vn 0.060003 -0.988577 -0.138260
v 2.818746 0.947253 -7.227606
vt 0.413727 0.821975
vn 0.037812 -0.975618 -0.216193
f 2383/2383/2383 2384/2384/2384 2385/2385/2385
v 3.673549 0.787305 -6.046562
vt 0.467368 0.747861
vn 0.041769 -0.989833 -0.135965
v 2.818746 0.947253 -7.227606
vt 0.413727 0.821975
vn 0.037812 -0.975618 -0.216193
v 3.500216 1.007029 -7.363159
vt 0.456491 0.830482
vn 0.030388 -0.975923 -0.215989
f 2386/2386/2386 2387/2387/2387 2388/2388/2388
v 3.162447 0.742474 -5.944898
vt 0.435295 0.741481
vn 0.060003 -0.988577 -0.138260
v 2.668987 0.688670 -5.777391
vt 0.404329 0.730970
vn 0.042808 -0.990431 -0.131200
v 2.160800 0.875515 -7.004263
vt 0.372439 0.807960
vn 0.010564 -0.978485 -0.206049
f 2389/2389/2389 2390/2390/2390 2391/2391/2391
v 3.162447 0.742474 -5.944898
vt 0.435295 0.741481
vn 0.060003 -0.988577 -0.138260
v 2.160800 0.875515 -7.004263
vt 0.372439 0.807960
vn 0.010564 -0.978485 -0.206049
v 2.818746 0.947253 -7.227606
vt 0.413727 0.821975
vn 0.037812 -0.975618 -0.216193
f 2392/2392/2392 2393/2393/2393 2394/2394/2394
v 2.668987 0.688670 -5.777391
vt 0.404329 0.730970
vn 0.042808 -0.990431 -0.131200
v 2.201613 0.648132 -5.546907
vt 0.375000 0.716506
vn -0.005370 -0.994275 -0.106717
v 1.537634 0.821464 -6.696952
vt 0.333333 0.788675
vn -0.046897 -0.983012 -0.177449
f 2395/2395/2395 2396/2396/2396 2397/2397/2397
v 2.668987 0.688670 -5.777391
vt 0.404329 0.730970
vn 0.042808 -0.990431 -0.131200
v 1.537634 0.821464 -6.696952
vt 0.333333 0.788675
vn -0.046897 -0.983012 -0.177449
v 2.160800 0.875515 -7.004263
vt 0.372439 0.807960
vn 0.010564 -0.978485 -0.206049
f 2398/2398/2398 2399/2399/2399 2400/2400/2400
v 2.201613 0.648132 -5.546907
vt 0.375000 0.716506
vn -0.005370 -0.994275 -0.106717
v 1.768321 0.637613 -5.257392
vt 0.347810 0.698338
vn -0.066470 -0.995622 -0.065718
v 0.959912 0.807438 -6.310931
vt 0.297080 0.764451
vn -0.116376 -0.984527 -0.131011
f 2401/2401/2401 2402/2402/2402 2403/2403/2403
v 2.201613 0.648132 -5.546907
vt 0.375000 0.716506
vn -0.005370 -0.994275 -0.106717
v 0.959912 0.807438 -6.310931
vt 0.297080 0.764451
vn -0.116376 -0.984527 -0.131011
v 1.537634 0.821464 -6.696952
vt 0.333333 0.788675
vn -0.046897 -0.983012 -0.177449
f 2404/2404/2404 2405/2405/2405 2406/2406/2406
v 1.768321 0.637613 -5.257392
vt 0.347810 0.698338
vn -0.066470 -0.995622 -0.065718
v 1.376526 0.661460 -4.913797
vt 0.323223 0.676777
vn -0.118155 -0.992776 -0.020844
v 0.437519 0.839235 -5.852804
vt 0.264298 0.735702
vn -0.175412 -0.981295 -0.079310
f 2407/2407/2407 2408/2408/2408 2409/2409/2409
v 1.768321 0.637613 -5.257392
vt 0.347810 0.698338
vn -0.066470 -0.995622 -0.065718
v 0.437519 0.839235 -5.852804
vt 0.264298 0.735702
vn -0.175412 -0.981295 -0.079310
v 0.959912 0.807438 -6.310931
vt 0.297080 0.764451
vn -0.116376 -0.984527 -0.131011
f 2410/2410/2410 2411/2411/2411 2412/2412/2412
v 1.376526 0.661460 -4.913797
vt 0.323223 0.676777
vn -0.118155 -0.992776 -0.020844
v 1.032931 0.709819 -4.522001
vt 0.301662 0.652190
vn -0.145838 -0.989264 0.009414
v -0.020608 0.903713 -5.330410
vt 0.235549 0.702920
vn -0.209553 -0.976935 -0.041059
f 2413/2413/2413 2414/2414/2414 2415/2415/2415
v 1.376526 0.661460 -4.913797
vt 0.323223 0.676777
vn -0.118155 -0.992776 -0.020844
v -0.020608 0.903713 -5.330410
vt 0.235549 0.702920
vn -0.209553 -0.976935 -0.041059
v 0.437519 0.839235 -5.852804
vt 0.264298 0.735702
vn -0.175412 -0.981295 -0.079310
f 2416/2416/2416 2417/2417/2417 2418/2418/2418
v 1.032931 0.709819 -4.522001
vt 0.301662 0.652190
vn -0.145838 -0.989264 0.009414
v 0.743415 0.762702 -4.088710
vt 0.283494 0.625000
vn -0.148635 -0.988828 0.011269
v -0.406630 0.974223 -4.752688
vt 0.211325 0.666667
vn -0.218126 -0.975453 -0.030190
f 2419/2419/2419 2420/2420/2420 2421/2421/2421
v 1.032931 0.709819 -4.522001
vt 0.301662 0.652190
vn -0.145838 -0.989264 0.009414
v -0.406630 0.974223 -4.752688
vt 0.211325 0.666667
vn -0.218126 -0.975453 -0.030190
v -0.020608 0.903713 -5.330410
vt 0.235549 0.702920
vn -0.209553 -0.976935 -0.041059
f 2422/2422/2422 2423/2423/2423 2424/2424/2424
v 0.743415 0.762702 -4.088710
vt 0.283494 0.625000
vn -0.148635 -0.988828 0.011269
v 0.512932 0.798253 -3.621335
vt 0.269030 0.595671
vn -0.136354 -0.990528 -0.016202
v -0.713941 1.021625 -4.129523
vt 0.192040 0.627561
vn -0.210803 -0.976368 -0.047617
f 2425/2425/2425 2426/2426/2426 2427/2427/2427
v 0.743415 0.762702 -4.088710
vt 0.283494 0.625000
vn -0.148635 -0.988828 0.011269
v -0.713941 1.021625 -4.129523
vt 0.192040 0.627561
vn -0.210803 -0.976368 -0.047617
v -0.406630 0.974223 -4.752688
vt 0.211325 0.666667
vn -0.218126 -0.975453 -0.030190
f 2428/2428/2428 2429/2429/2429 2430/2430/2430
v 0.512932 0.798253 -3.621335
vt 0.269030 0.595671
vn -0.136354 -0.990528 -0.016202
v 0.345425 0.801779 -3.127876
vt 0.258519 0.564705
vn -0.122040 -0.990784 -0.058761
v -0.937283 1.026327 -3.471576
vt 0.178025 0.586273
vn -0.200180 -0.976543 -0.079324
f 2431/2431/2431 2432/2432/2432 2433/2433/2433
v 0.512932 0.798253 -3.621335
vt 0.269030 0.595671
vn -0.136354 -0.990528 -0.016202
v -0.937283 1.026327 -3.471576
vt 0.178025 0.586273
vn -0.200180 -0.976543 -0.079324
v -0.713941 1.021625 -4.129523
vt 0.192040 0.627561
vn -0.210803 -0.976368 -0.047617
f 2434/2434/2434 2435/2435/2435 2436/2436/2436
v 0.345425 0.801779 -3.127876
vt 0.258519 0.564705
vn -0.122040 -0.990784 -0.058761
v 0.243760 0.771824 -2.616774
vt 0.252139 0.532632
vn -0.114267 -0.989111 -0.092752
v -1.072836 0.986386 -2.790107
vt 0.169518 0.543509
vn -0.194588 -0.975542 -0.102245
f 2437/2437/2437 2438/2438/2438 2439/2439/2439
v 0.345425 0.801779 -3.127876
vt 0.258519 0.564705
vn -0.122040 -0.990784 -0.058761
v -1.072836 0.986386 -2.790107
vt 0.169518 0.543509
vn -0.194588 -0.975542 -0.102245
v -0.937283 1.026327 -3.471576
vt 0.178025 0.586273
vn -0.200180 -0.976543 -0.079324
f 2440/2440/2440 2441/2441/2441 2442/2442/2442
v 0.243760 0.771824 -2.616774
vt 0.252139 0.532632
vn -0.114267 -0.989111 -0.092752
v 0.209677 0.720766 -2.096774
vt 0.250000 0.500000
vn -0.112652 -0.988883 -0.097058
v -1.118280 0.918309 -2.096774
vt 0.166667 0.500000
vn -0.193831 -0.976348 -0.095778
f 2443/2443/2443 2444/2444/2444 2445/2445/2445
v 0.243760 0.771824 -2.616774
vt 0.252139 0.532632
vn -0.114267 -0.989111 -0.092752
v -1.118280 0.918309 -2.096774
vt 0.166667 0.500000
vn -0.193831 -0.976348 -0.095778
v -1.072836 0.986386 -2.790107
vt 0.169518 0.543509
vn -0.194588 -0.975542 -0.102245
f 2446/2446/2446 2447/2447/2447 2448/2448/2448
v 0.209677 0.720766 -2.096774
vt 0.250000 0.500000
vn -0.112652 -0.988883 -0.097058
v 0.243760 0.669709 -1.576775
vt 0.252139 0.467368
vn -0.109477 -0.991965 -0.063411
v -1.072836 0.850233 -1.403441
vt 0.169518 0.456491
vn -0.190370 -0.980346 -0.051786
f 2449/2449/2449 2450/2450/2450 2451/2451/2451
v 0.209677 0.720766 -2.096774
vt 0.250000 0.500000
vn -0.112652 -0.988883 -0.097058
v -1.072836 0.850233 -1.403441
vt 0.169518 0.456491
vn -0.190370 -0.980346 -0.051786
v -1.118280 0.918309 -2.096774
vt 0.166667 0.500000
vn -0.193831 -0.976348 -0.095778
f 2452/2452/2452 2453/2453/2453 2454/2454/2454
v 0.243760 0.669709 -1.576775
vt 0.252139 0.467368
vn -0.109477 -0.991965 -0.063411
v 0.345425 0.639753 -1.065672
vt 0.258519 0.435295
vn -0.096469 -0.995336 -0.000274
v -0.937283 0.810292 -0.721972
vt 0.178025 0.413727
vn -0.175738 -0.984207 0.021284
f 2455/2455/2455 2456/2456/2456 2457/2457/2457
v 0.243760 0.669709 -1.576775
vt 0.252139 0.467368
vn -0.109477 -0.991965 -0.063411
v -0.937283 0.810292 -0.721972
vt 0.178025 0.413727
vn -0.175738 -0.984207 0.021284
v -1.072836 0.850233 -1.403441
vt 0.169518 0.456491
vn -0.190370 -0.980346 -0.051786
f 2458/2458/2458 2459/2459/2459 2460/2460/2460
v 0.345425 0.639753 -1.065672
vt 0.258519 0.435295
vn -0.096469 -0.995336 -0.000274
v 0.512932 0.643279 -0.572213
vt 0.269030 0.404329
vn -0.072526 -0.994878 0.070409
v -0.713941 0.814994 -0.064026
vt 0.192040 0.372439
vn -0.148544 -0.983693 0.101404
f 2461/2461/2461 2462/2462/2462 2463/2463/2463
v 0.345425 0.639753 -1.065672
vt 0.258519 0.435295
vn -0.096469 -0.995336 -0.000274
v -0.713941 0.814994 -0.064026
vt 0.192040 0.372439
vn -0.148544 -0.983693 0.101404
v -0.937283 0.810292 -0.721972
vt 0.178025 0.413727
vn -0.175738 -0.984207 0.021284
f 2464/2464/2464 2465/2465/2465 2466/2466/2466
v 0.512932 0.643279 -0.572213
vt 0.269030 0.404329
vn -0.072526 -0.994878 0.070409
v 0.743415 0.678831 -0.104839
vt 0.283494 0.375000
vn -0.046640 -0.991169 0.124129
v -0.406630 0.862395 0.559140
vt 0.211325 0.333333
vn -0.117844 -0.979394 0.164010
f 2467/2467/2467 2468/2468/2468 2469/2469/2469
v 0.512932 0.643279 -0.572213
vt 0.269030 0.404329
vn -0.072526 -0.994878 0.070409
v -0.406630 0.862395 0.559140
vt 0.211325 0.333333
vn -0.117844 -0.979394 0.164010
v -0.713941 0.814994 -0.064026
vt 0.192040 0.372439
vn -0.148544 -0.983693 0.101404
f 2470/2470/2470 2471/2471/2471 2472/2472/2472
v 0.743415 0.678831 -0.104839
vt 0.283494 0.375000
vn -0.046640 -0.991169 0.124129
v 1.032931 0.731713 0.328453
vt 0.301662 0.347810
vn -0.032940 -0.988654 0.146556
v -0.020608 0.932906 1.136862
vt 0.235549 0.297080
vn -0.098058 -0.975908 0.194904
f 2473/2473/2473 2474/2474/2474 2475/2475/2475
v 0.743415 0.678831 -0.104839
vt 0.283494 0.375000
vn -0.046640 -0.991169 0.124129
v -0.020608 0.932906 1.136862
vt 0.235549 0.297080
vn -0.098058 -0.975908 0.194904
v -0.406630 0.862395 0.559140
vt 0.211325 0.333333
vn -0.117844 -0.979394 0.164010
f 2476/2476/2476 2477/2477/2477 2478/2478/2478
v 1.032931 0.731713 0.328453
vt 0.301662 0.347810
vn -0.032940 -0.988654 0.146556
v 1.376526 0.780072 0.720248
vt 0.323223 0.323223
vn -0.041581 -0.989457 0.138726
v 0.437519 0.997384 1.659255
vt 0.264298 0.264298
vn -0.099430 -0.975708 0.195209
f 2479/2479/2479 2480/2480/2480 2481/2481/2481
v 1.032931 0.731713 0.328453
vt 0.301662 0.347810
vn -0.032940 -0.988654 0.146556
v 0.437519 0.997384 1.659255
vt 0.264298 0.264298
vn -0.099430 -0.975708 0.195209
v -0.020608 0.932906 1.136862
vt 0.235549 0.297080
vn -0.098058 -0.975908 0.194904
f 2482/2482/2482 2483/2483/2483 2484/2484/2484
v 1.376526 0.780072 0.720248
vt 0.323223 0.323223
vn -0.041581 -0.989457 0.138726
v 1.768321 0.803920 1.063843
vt 0.347810 0.301662
vn -0.071286 -0.990948 0.113759
v 0.959912 1.029181 2.117382
vt 0.297080 0.235549
vn -0.120617 -0.976656 0.177748
f 2485/2485/2485 2486/2486/2486 2487/2487/2487
v 1.376526 0.780072 0.720248
vt 0.323223 0.323223
vn -0.041581 -0.989457 0.138726
v 0.959912 1.029181 2.117382
vt 0.297080 0.235549
vn -0.120617 -0.976656 0.177748
v 0.437519 0.997384 1.659255
vt 0.264298 0.264298
vn -0.099430 -0.975708 0.195209
f 2488/2488/2488 2489/2489/2489 2490/2490/2490
v 1.768321 0.803920 1.063843
vt 0.347810 0.301662
vn -0.071286 -0.990948 0.113759
v 2.201613 0.793401 1.353359
vt 0.375000 0.283494
vn -0.107553 -0.990201 0.089077
v 1.537634 1.015155 2.503404
vt 0.333333 0.211325
vn -0.147359 -0.976153 0.159409
f 2491/2491/2491 2492/2492/2492 2493/2493/2493
v 1.768321 0.803920 1.063843
vt 0.347810 0.301662
vn -0.071286 -0.990948 0.113759
v 1.537634 1.015155 2.503404
vt 0.333333 0.211325
vn -0.147359 -0.976153 0.159409
v 0.959912 1.029181 2.117382
vt 0.297080 0.235549
vn -0.120617 -0.976656 0.177748
f 2494/2494/2494 2495/2495/2495 2496/2496/2496
v 2.201613 0.793401 1.353359
vt 0.375000 0.283494
vn -0.107553 -0.990201 0.089077
v 2.668987 0.752862 1.583843
vt 0.404329 0.269030
vn -0.129005 -0.988641 0.077116
v 2.160800 0.961104 2.810715
vt 0.372439 0.192040
vn -0.158856 -0.975471 0.152381
f 2497/2497/2497 2498/2498/2498 2499/2499/2499
v 2.201613 0.793401 1.353359
vt 0.375000 0.283494
vn -0.107553 -0.990201 0.089077
v 2.160800 0.961104 2.810715
vt 0.372439 0.192040
vn -0.158856 -0.975471 0.152381
v 1.537634 1.015155 2.503404
vt 0.333333 0.211325
vn -0.147359 -0.976153 0.159409
f 2500/2500/2500 2501/2501/2501 2502/2502/2502
v 2.668987 0.752862 1.583843
vt 0.404329 0.269030
vn -0.129005 -0.988641 0.077116
v 3.162447 0.699059 1.751350
vt 0.435295 0.258519
vn -0.118390 -0.989787 0.079413
v 2.818746 0.889366 3.034058
vt 0.413727 0.178025
vn -0.138284 -0.977655 0.158333
f 2503/2503/2503 2504/2504/2504 2505/2505/2505
v 2.668987 0.752862 1.583843
vt 0.404329 0.269030
vn -0.129005 -0.988641 0.077116
v 2.818746 0.889366 3.034058
vt 0.413727 0.178025
vn -0.138284 -0.977655 0.158333
v 2.160800 0.961104 2.810715
vt 0.372439 0.192040
vn -0.158856 -0.975471 0.152381
f 2506/2506/2506 2507/2507/2507 2508/2508/2508
v 3.162447 0.699059 1.751350
vt 0.435295 0.258519
vn -0.118390 -0.989787 0.079413
v 3.673549 0.654227 1.853014
vt 0.467368 0.252139
vn -0.071369 -0.993561 0.087996
v 3.500216 0.829590 3.169610
vt 0.456491 0.169518
vn -0.081338 -0.982199 0.169320
f 2509/2509/2509 2510/2510/2510 2511/2511/2511
v 3.162447 0.699059 1.751350
vt 0.435295 0.258519
vn -0.118390 -0.989787 0.079413
v 3.500216 0.829590 3.169610
vt 0.456491 0.169518
vn -0.081338 -0.982199 0.169320
v 2.818746 0.889366 3.034058
vt 0.413727 0.178025
vn -0.138284 -0.977655 0.158333
f 2512/2512/2512 2513/2513/2513 2514/2514/2514
v 3.673549 0.654227 1.853014
vt 0.467368 0.252139
vn -0.071369 -0.993561 0.087996
v 4.193548 0.636895 1.887097
vt 0.500000 0.250000
vn 0.000000 -0.995719 0.092431
v 4.193548 0.806481 3.215054
vt 0.500000 0.166667
vn 0.000000 -0.984635 0.174625
f 2515/2515/2515 2516/2516/2516 2517/2517/2517
v 3.673549 0.654227 1.853014
vt 0.467368 0.252139
vn -0.071369 -0.993561 0.087996
v 4.193548 0.806481 3.215054
vt 0.500000 0.166667
vn 0.000000 -0.984635 0.174625
v 3.500216 0.829590 3.169610
vt 0.456491 0.169518
vn -0.081338 -0.982199 0.169320
f 2518/2518/2518 2519/2519/2519 2520/2520/2520
v 4.193548 0.636895 1.887097
vt 0.500000 0.250000
vn 0.000000 -0.995719 0.092431
v 4.713548 0.654227 1.853014
vt 0.532632 0.252139
vn 0.071369 -0.993561 0.087996
v 4.886881 0.829590 3.169610
vt 0.543509 0.169518
vn 0.081338 -0.982199 0.169320
f 2521/2521/2521 2522/2522/2522 2523/2523/2523
v 4.193548 0.636895 1.887097
vt 0.500000 0.250000
vn 0.000000 -0.995719 0.092431
v 4.886881 0.829590 3.169610
vt 0.543509 0.169518
vn 0.081338 -0.982199 0.169320
v 4.193548 0.806481 3.215054
vt 0.500000 0.166667
vn 0.000000 -0.984635 0.174625
f 2524/2524/2524 2525/2525/2525 2526/2526/2526
v 4.713548 0.654227 1.853014
vt 0.532632 0.252139
vn 0.071369 -0.993561 0.087996
v 5.224650 0.699059 1.751350
vt 0.564705 0.258519
vn 0.118390 -0.989787 0.079413
v 5.568351 0.889366 3.034058
vt 0.586273 0.178025
vn 0.138284 -0.977655 0.158333
f 2527/2527/2527 2528/2528/2528 2529/2529/2529
v 4.713548 0.654227 1.853014
vt 0.532632 0.252139
vn 0.071369 -0.993561 0.087996
v 5.568351 0.889366 3.034058
vt 0.586273 0.178025
vn 0.138284 -0.977655 0.158333
v 4.886881 0.829590 3.169610
vt 0.543509 0.169518
vn 0.081338 -0.982199 0.169320
f 2530/2530/2530 2531/2531/2531 2532/2532/2532
v 5.224650 0.699059 1.751350
vt 0.564705 0.258519
vn 0.118390 -0.989787 0.079413
v 5.718110 0.752862 1.583843
vt 0.595671 0.269030
vn 0.129005 -0.988641 0.077115
v 6.226297 0.961104 2.810715
vt 0.627561 0.192040
vn 0.158856 -0.975471 0.152381
f 2533/2533/2533 2534/2534/2534 2535/2535/2535
v 5.224650 0.699059 1.751350
vt 0.564705 0.258519
vn 0.118390 -0.989787 0.079413
v 6.226297 0.961104 2.810715
vt 0.627561 0.192040
vn 0.158856 -0.975471 0.152381
v 5.568351 0.889366 3.034058
vt 0.586273 0.178025
vn 0.138284 -0.977655 0.158333
f 2536/2536/2536 2537/2537/2537 2538/2538/2538
v 5.718110 0.752862 1.583843
vt 0.595671 0.269030
vn 0.129005 -0.988641 0.077115
v 6.185484 0.793401 1.353359
vt 0.625000 0.283494
vn 0.107553 -0.990201 0.089077
v 6.849462 1.015155 2.503404
vt 0.666667 0.211325
vn 0.147359 -0.976153 0.159409
f 2539/2539/2539 2540/2540/2540 2541/2541/2541
v 5.718110 0.752862 1.583843
vt 0.595671 0.269030
vn 0.129005 -0.988641 0.077115
v 6.849462 1.015155 2.503404
vt 0.666667 0.211325
vn 0.147359 -0.976153 0.159409
v 6.226297 0.961104 2.810715
vt 0.627561 0.192040
vn 0.158856 -0.975471 0.152381
f 2542/2542/2542 2543/2543/2543 2544/2544/2544
v 6.185484 0.793401 1.353359
vt 0.625000 0.283494
vn 0.107553 -0.990201 0.089077
v 6.618775 0.803920 1.063843
vt 0.652190 0.301662
vn 0.071286 -0.990948 0.113759
v 7.427184 1.029181 2.117382
vt 0.702920 0.235549
vn 0.120617 -0.976656 0.177748
f 2545/2545/2545 2546/2546/2546 2547/2547/2547
v 6.185484 0.793401 1.353359
vt 0.625000 0.283494
vn 0.107553 -0.990201 0.089077
v 7.427184 1.029181 2.117382
vt 0.702920 0.235549
vn 0.120617 -0.976656 0.177748
v 6.849462 1.015155 2.503404
vt 0.666667 0.211325
vn 0.147359 -0.976153 0.159409
f 2548/2548/2548 2549/2549/2549 2550/2550/2550
v 6.618775 0.803920 1.063843
vt 0.652190 0.301662
vn 0.071286 -0.990948 0.113759
v 7.010571 0.780072 0.720248
vt 0.676777 0.323223
vn 0.041581 -0.989457 0.138726
v 7.949578 0.997384 1.659255
vt 0.735702 0.264298
vn 0.099430 -0.975708 0.195209
f 2551/2551/2551 2552/2552/2552 2553/2553/2553
v 6.618775 0.803920 1.063843
vt 0.652190 0.301662
vn 0.071286 -0.990948 0.113759
v 7.949578 0.997384 1.659255
vt 0.735702 0.264298
vn 0.099430 -0.975708 0.195209
v 7.427184 1.029181 2.117382
vt 0.702920 0.235549
vn 0.120617 -0.976656 0.177748
f 2554/2554/2554 2555/2555/2555 2556/2556/2556
v 7.010571 0.780072 0.720248
vt 0.676777 0.323223
vn 0.041581 -0.989457 0.138726
v 7.354166 0.731713 0.328453
vt 0.698338 0.347810
vn 0.032940 -0.988654 0.146556
v 8.407705 0.932906 1.136862
vt 0.764451 0.297080
vn 0.098058 -0.975908 0.194904
f 2557/2557/2557 2558/2558/2558 2559/2559/2559
v 7.010571 0.780072 0.720248
vt 0.676777 0.323223
vn 0.041581 -0.989457 0.138726
v 8.407705 0.932906 1.136862
vt 0.764451 0.297080
vn 0.098058 -0.975908 0.194904
v 7.949578 0.997384 1.659255
vt 0.735702 0.264298
vn 0.099430 -0.975708 0.195209
f 2560/2560/2560 2561/2561/2561 2562/2562/2562
v 7.354166 0.731713 0.328453
vt 0.698338 0.347810
vn 0.032940 -0.988654 0.146556
v 7.643682 0.678831 -0.104839
vt 0.716506 0.375000
vn 0.046640 -0.991169 0.124129
v 8.793726 0.862395 0.559140
vt 0.788675 0.333333
vn 0.117844 -0.979394 0.164010
f 2563/2563/2563 2564/2564/2564 2565/2565/2565
v 7.354166 0.731713 0.328453
vt 0.698338 0.347810
vn 0.032940 -0.988654 0.146556
v 8.793726 0.862395 0.559140
vt 0.788675 0.333333
vn 0.117844 -0.979394 0.164010
v 8.407705 0.932906 1.136862
vt 0.764451 0.297080
vn 0.098058 -0.975908 0.194904
f 2566/2566/2566 2567/2567/2567 2568/2568/2568
v 7.643682 0.678831 -0.104839
vt 0.716506 0.375000
vn 0.046640 -0.991169 0.124129
v 7.874165 0.643279 -0.572213
vt 0.730970 0.404329
vn 0.072526 -0.994878 0.070409
v 9.101037 0.814994 -0.064026
vt 0.807960 0.372439
vn 0.148544 -0.983693 0.101404
f 2569/2569/2569 2570/2570/2570 2571/2571/2571
v 7.643682 0.678831 -0.104839
vt 0.716506 0.375000
vn 0.046640 -0.991169 0.124129
v 9.101037 0.814994 -0.064026
vt 0.807960 0.372439
vn 0.148544 -0.983693 0.101404
v 8.793726 0.862395 0.559140
vt 0.788675 0.333333
vn 0.117844 -0.979394 0.164010
f 2572/2572/2572 2573/2573/2573 2574/2574/2574
v 7.874165 0.643279 -0.572213
vt 0.730970 0.404329
vn 0.072526 -0.994878 0.070409
v 8.041672 0.639753 -1.065672
vt 0.741481 0.435295
vn 0.096469 -0.995336 -0.000274
v 9.324380 0.810292 -0.721972
vt 0.821975 0.413727
vn 0.175738 -0.984207 0.021284
f 2575/2575/2575 2576/2576/2576 2577/2577/2577
v 7.874165 0.643279 -0.572213
vt 0.730970 0.404329
vn 0.072526 -0.994878 0.070409
v 9.324380 0.810292 -0.721972
vt 0.821975 0.413727
vn 0.175738 -0.984207 0.021284
v 9.101037 0.814994 -0.064026
vt 0.807960 0.372439
vn 0.148544 -0.983693 0.101404
f 2578/2578/2578 2579/2579/2579 2580/2580/2580
v 8.041672 0.639753 -1.065672
vt 0.741481 0.435295
vn 0.096469 -0.995336 -0.000274
v 8.143337 0.669709 -1.576775
vt 0.747861 0.467368
vn 0.109477 -0.991965 -0.063411
v 9.459932 0.850233 -1.403441
vt 0.830482 0.456491
vn 0.190370 -0.980346 -0.051786
f 2581/2581/2581 2582/2582/2582 2583/2583/2583
v 8.041672 0.639753 -1.065672
vt 0.741481 0.435295
vn 0.096469 -0.995336 -0.000274
v 9.459932 0.850233 -1.403441
vt 0.830482 0.456491
vn 0.190370 -0.980346 -0.051786
v 9.324380 0.810292 -0.721972
vt 0.821975 0.413727
vn 0.175738 -0.984207 0.021284
f 2584/2584/2584 2585/2585/2585 2586/2586/2586
v 8.143337 0.669709 -1.576775
vt 0.747861 0.467368
vn 0.109477 -0.991965 -0.063411
v 8.177419 0.720766 -2.096774
vt 0.750000 0.500000
vn 0.112652 -0.988883 -0.097058
v 9.505376 0.918309 -2.096774
vt 0.833333 0.500000
vn 0.193831 -0.976348 -0.095778
f 2587/2587/2587 2588/2588/2588 2589/2589/2589
v 8.143337 0.669709 -1.576775
vt 0.747861 0.467368
vn 0.109477 -0.991965 -0.063411
v 9.505376 0.918309 -2.096774
vt 0.833333 0.500000
vn 0.193831 -0.976348 -0.095778
v 9.459932 0.850233 -1.403441
vt 0.830482 0.456491
vn 0.190370 -0.980346 -0.051786
f 2590/2590/2590 2591/2591/2591 2592/2592/2592
v 9.505376 0.918309 -2.096774
vt 0.833333 0.500000
vn 0.193831 -0.976348 -0.095778
v 9.459932 0.986386 -2.790107
vt 0.830482 0.543509
vn 0.194588 -0.975542 -0.102245
v 10.776529 1.329085 -2.963440
vt 0.913102 0.554386
vn 0.291645 -0.949832 -0.112965
f 2593/2593/2593 2594/2594/2594 2595/2595/2595
v 9.505376 0.918309 -2.096774
vt 0.833333 0.500000
vn 0.193831 -0.976348 -0.095778
v 10.776529 1.329085 -2.963440
vt 0.913102 0.554386
vn 0.291645 -0.949832 -0.112965
v 10.833333 1.243989 -2.096774
vt 0.916667 0.500000
vn 0.292149 -0.951811 -0.093296
f 2596/2596/2596 2597/2597/2597 2598/2598/2598
v 9.459932 0.986386 -2.790107
vt 0.830482 0.543509
vn 0.194588 -0.975542 -0.102245
v 9.324380 1.026327 -3.471576
vt 0.821975 0.586273
vn 0.200180 -0.976543 -0.079324
v 10.607088 1.379011 -3.815277
vt 0.902469 0.607841
vn 0.294370 -0.950031 -0.103857
f 2599/2599/2599 2600/2600/2600 2601/2601/2601
v 9.459932 0.986386 -2.790107
vt 0.830482 0.543509
vn 0.194588 -0.975542 -0.102245
v 10.607088 1.379011 -3.815277
vt 0.902469 0.607841
vn 0.294370 -0.950031 -0.103857
v 10.776529 1.329085 -2.963440
vt 0.913102 0.554386
vn 0.291645 -0.949832 -0.112965
f 2602/2602/2602 2603/2603/2603 2604/2604/2604
v 9.324380 1.026327 -3.471576
vt 0.821975 0.586273
vn 0.200180 -0.976543 -0.079324
v 9.101037 1.021625 -4.129523
vt 0.807960 0.627561
vn 0.210803 -0.976368 -0.047617
v 10.327910 1.373133 -4.637710
vt 0.884950 0.659451
vn 0.300369 -0.949956 -0.085804
f 2605/2605/2605 2606/2606/2606 2607/2607/2607
v 9.324380 1.026327 -3.471576
vt 0.821975 0.586273
vn 0.200180 -0.976543 -0.079324
v 10.327910 1.373133 -4.637710
vt 0.884950 0.659451
vn 0.300369 -0.949956 -0.085804
v 10.607088 1.379011 -3.815277
vt 0.902469 0.607841
vn 0.294370 -0.950031 -0.103857
f 2608/2608/2608 2609/2609/2609 2610/2610/2610
v 9.101037 1.021625 -4.129523
vt 0.807960 0.627561
vn 0.210803 -0.976368 -0.047617
v 8.793726 0.974223 -4.752688
vt 0.788675 0.666667
vn 0.218126 -0.975453 -0.030190
v 9.943771 1.313881 -5.416666
vt 0.860844 0.708333
vn 0.301660 -0.949971 -0.080972
f 2611/2611/2611 2612/2612/2612 2613/2613/2613
v 9.101037 1.021625 -4.129523
vt 0.807960 0.627561
vn 0.210803 -0.976368 -0.047617
v 9.943771 1.313881 -5.416666
vt 0.860844 0.708333
vn 0.301660 -0.949971 -0.080972
v 10.327910 1.373133 -4.637710
vt 0.884950 0.659451
vn 0.300369 -0.949956 -0.085804
f 2614/2614/2614 2615/2615/2615 2616/2616/2616
v 8.793726 0.974223 -4.752688
vt 0.788675 0.666667
vn 0.218126 -0.975453 -0.030190
v 8.407705 0.903713 -5.330410
vt 0.764451 0.702920
vn 0.209553 -0.976935 -0.041059
v 9.461244 1.225743 -6.138819
vt 0.830564 0.753651
vn 0.286209 -0.952619 -0.102960
f 2617/2617/2617 2618/2618/2618 2619/2619/2619
v 8.793726 0.974223 -4.752688
vt 0.788675 0.666667
vn 0.218126 -0.975453 -0.030190
v 9.461244 1.225743 -6.138819
vt 0.830564 0.753651
vn 0.286209 -0.952619 -0.102960
v 9.943771 1.313881 -5.416666
vt 0.860844 0.708333
vn 0.301660 -0.949971 -0.080972
f 2620/2620/2620 2621/2621/2621 2622/2622/2622
v 8.407705 0.903713 -5.330410
vt 0.764451 0.702920
vn 0.209553 -0.976935 -0.041059
v 7.949578 0.839235 -5.852804
vt 0.735702 0.735702
vn 0.175412 -0.981295 -0.079310
v 8.888585 1.145146 -6.791811
vt 0.794628 0.794628
vn 0.244521 -0.957843 -0.150820
f 2623/2623/2623 2624/2624/2624 2625/2625/2625
v 8.407705 0.903713 -5.330410
vt 0.764451 0.702920
vn 0.209553 -0.976935 -0.041059
v 8.888585 1.145146 -6.791811
vt 0.794628 0.794628
vn 0.244521 -0.957843 -0.150820
v 9.461244 1.225743 -6.138819
vt 0.830564 0.753651
vn 0.286209 -0.952619 -0.102960
f 2626/2626/2626 2627/2627/2627 2628/2628/2628
v 7.949578 0.839235 -5.852804
vt 0.735702 0.735702
vn 0.175412 -0.981295 -0.079310
v 7.427184 0.807438 -6.310931
vt 0.702920 0.764451
vn 0.116376 -0.984527 -0.131011
v 8.235594 1.105400 -7.364469
vt 0.753651 0.830564
vn 0.176996 -0.961433 -0.210522
f 2629/2629/2629 2630/2630/2630 2631/2631/2631
v 7.949578 0.839235 -5.852804
vt 0.735702 0.735702
vn 0.175412 -0.981295 -0.079310
v 8.235594 1.105400 -7.364469
vt 0.753651 0.830564
vn 0.176996 -0.961433 -0.210522
v 8.888585 1.145146 -6.791811
vt 0.794628 0.794628
vn 0.244521 -0.957843 -0.150820
f 2632/2632/2632 2633/2633/2633 2634/2634/2634
v 7.427184 0.807438 -6.310931
vt 0.702920 0.764451
vn 0.116376 -0.984527 -0.131011
v 6.849462 0.821464 -6.696952
vt 0.666667 0.788675
vn 0.046897 -0.983012 -0.177449
v 7.513441 1.122932 -7.846997
vt 0.708333 0.860844
vn 0.097797 -0.959765 -0.263224
f 2635/2635/2635 2636/2636/2636 2637/2637/2637
v 7.427184 0.807438 -6.310931
vt 0.702920 0.764451
vn 0.116376 -0.984527 -0.131011
v 7.513441 1.122932 -7.846997
vt 0.708333 0.860844
vn 0.097797 -0.959765 -0.263224
v 8.235594 1.105400 -7.364469
vt 0.753651 0.830564
vn 0.176996 -0.961433 -0.210522
f 2638/2638/2638 2639/2639/2639 2640/2640/2640
v 6.849462 0.821464 -6.696952
vt 0.666667 0.788675
vn 0.046897 -0.983012 -0.177449
v 6.226297 0.875515 -7.004263
vt 0.627561 0.807960
vn -0.010564 -0.978485 -0.206049
v 6.734484 1.190496 -8.231135
vt 0.659451 0.884950
vn 0.029353 -0.954569 -0.296539
f 2641/2641/2641 2642/2642/2642 2643/2643/2643
v 6.849462 0.821464 -6.696952
vt 0.666667 0.788675
vn 0.046897 -0.983012 -0.177449
v 6.734484 1.190496 -8.231135
vt 0.659451 0.884950
vn 0.029353 -0.954569 -0.296539
v 7.513441 1.122932 -7.846997
vt 0.708333 0.860844
vn 0.097797 -0.959765 -0.263224
f 2644/2644/2644 2645/2645/2645 2646/2646/2646
v 6.226297 0.875515 -7.004263
vt 0.627561 0.807960
vn -0.010564 -0.978485 -0.206049
v 5.568351 0.947253 -7.227606
vt 0.586273 0.821975
vn -0.037812 -0.975618 -0.216193
v 5.912051 1.280168 -8.510314
vt 0.607841 0.902469
vn -0.010100 -0.950611 -0.310219
f 2647/2647/2647 2648/2648/2648 2649/2649/2649
v 6.226297 0.875515 -7.004263
vt 0.627561 0.807960
vn -0.010564 -0.978485 -0.206049
v 5.912051 1.280168 -8.510314
vt 0.607841 0.902469
vn -0.010100 -0.950611 -0.310219
v 6.734484 1.190496 -8.231135
vt 0.659451 0.884950
vn 0.029353 -0.954569 -0.296539
f 2650/2650/2650 2651/2651/2651 2652/2652/2652
v 5.568351 0.947253 -7.227606
vt 0.586273 0.821975
vn -0.037812 -0.975618 -0.216193
v 4.886881 1.007029 -7.363159
vt 0.543509 0.830482
vn -0.030388 -0.975923 -0.215989
v 5.060214 1.354888 -8.679755
vt 0.554386 0.913102
vn -0.016096 -0.949810 -0.312413
f 2653/2653/2653 2654/2654/2654 2655/2655/2655
v 5.568351 0.947253 -7.227606
vt 0.586273 0.821975
vn -0.037812 -0.975618 -0.216193
v 5.060214 1.354888 -8.679755
vt 0.554386 0.913102
vn -0.016096 -0.949810 -0.312413
v 5.912051 1.280168 -8.510314
vt 0.607841 0.902469
vn -0.010100 -0.950611 -0.310219
f 2656/2656/2656 2657/2657/2657 2658/2658/2658
v 4.886881 1.007029 -7.363159
vt 0.543509 0.830482
vn -0.030388 -0.975923 -0.215989
v 4.193548 1.030137 -7.408602
vt 0.500000 0.833333
vn -0.000000 -0.976695 -0.214630
v 4.193548 1.383774 -8.736559
vt 0.500000 0.916667
vn 0.000000 -0.950103 -0.311937
f 2659/2659/2659 2660/2660/2660 2661/2661/2661
v 4.886881 1.007029 -7.363159
vt 0.543509 0.830482
vn -0.030388 -0.975923 -0.215989
v 4.193548 1.383774 -8.736559
vt 0.500000 0.916667
vn 0.000000 -0.950103 -0.311937
v 5.060214 1.354888 -8.679755
vt 0.554386 0.913102
vn -0.016096 -0.949810 -0.312413
f 2662/2662/2662 2663/2663/2663 2664/2664/2664
v 4.193548 1.030137 -7.408602
vt 0.500000 0.833333
vn -0.000000 -0.976695 -0.214630
v 3.500216 1.007029 -7.363159
vt 0.456491 0.830482
vn 0.030388 -0.975923 -0.215989
v 3.326883 1.354888 -8.679755
vt 0.445614 0.913102
vn 0.016096 -0.949810 -0.312412
f 2665/2665/2665 2666/2666/2666 2667/2667/2667
v 4.193548 1.030137 -7.408602
vt 0.500000 0.833333
vn -0.000000 -0.976695 -0.214630
v 3.326883 1.354888 -8.679755
vt 0.445614 0.913102
vn 0.016096 -0.949810 -0.312412
v 4.193548 1.383774 -8.736559
vt 0.500000 0.916667
vn 0.000000 -0.950103 -0.311937
f 2668/2668/2668 2669/2669/2669 2670/2670/2670
v 3.500216 1.007029 -7.363159
vt 0.456491 0.830482
vn 0.030388 -0.975923 -0.215989
v 2.818746 0.947253 -7.227606
vt 0.413727 0.821975
vn 0.037812 -0.975618 -0.216193
v 2.475046 1.280168 -8.510314
vt 0.392159 0.902469
vn 0.010100 -0.950611 -0.310219
f 2671/2671/2671 2672/2672/2672 2673/2673/2673
v 3.500216 1.007029 -7.363159
vt 0.456491 0.830482
vn 0.030388 -0.975923 -0.215989
v 2.475046 1.280168 -8.510314
vt 0.392159 0.902469
vn 0.010100 -0.950611 -0.310219
v 3.326883 1.354888 -8.679755
vt 0.445614 0.913102
vn 0.016096 -0.949810 -0.312412
f 2674/2674/2674 2675/2675/2675 2676/2676/2676
v 2.818746 0.947253 -7.227606
vt 0.413727 0.821975
vn 0.037812 -0.975618 -0.216193
v 2.160800 0.875515 -7.004263
vt 0.372439 0.807960
vn 0.010564 -0.978485 -0.206049
v 1.652613 1.190496 -8.231135
vt 0.340549 0.884950
vn -0.029353 -0.954569 -0.296539
f 2677/2677/2677 2678/2678/2678 2679/2679/2679
v 2.818746 0.947253 -7.227606
vt 0.413727 0.821975
vn 0.037812 -0.975618 -0.216193
v 1.652613 1.190496 -8.231135
vt 0.340549 0.884950
vn -0.029353 -0.954569 -0.296539
v 2.475046 1.280168 -8.510314
vt 0.392159 0.902469
vn 0.010100 -0.950611 -0.310219
f 2680/2680/2680 2681/2681/2681 2682/2682/2682
v 2.160800 0.875515 -7.004263
vt 0.372439 0.807960
vn 0.010564 -0.978485 -0.206049
v 1.537634 0.821464 -6.696952
vt 0.333333 0.788675
vn -0.046897 -0.983012 -0.177449
v 0.873656 1.122932 -7.846997
vt 0.291667 0.860844
vn -0.097797 -0.959765 -0.263224
f 2683/2683/2683 2684/2684/2684 2685/2685/2685
v 2.160800 0.875515 -7.004263
vt 0.372439 0.807960
vn 0.010564 -0.978485 -0.206049
v 0.873656 1.122932 -7.846997
vt 0.291667 0.860844
vn -0.097797 -0.959765 -0.263224
v 1.652613 1.190496 -8.231135
vt 0.340549 0.884950
vn -0.029353 -0.954569 -0.296539
f 2686/2686/2686 2687/2687/2687 2688/2688/2688
v 1.537634 0.821464 -6.696952
vt 0.333333 0.788675
vn -0.046897 -0.983012 -0.177449
v 0.959912 0.807438 -6.310931
vt 0.297080 0.764451
vn -0.116376 -0.984527 -0.131011
v 0.151503 1.105400 -7.364469
vt 0.246349 0.830564
vn -0.176996 -0.961433 -0.210522
f 2689/2689/2689 2690/2690/2690 2691/2691/2691
v 1.537634 0.821464 -6.696952
vt 0.333333 0.788675
vn -0.046897 -0.983012 -0.177449
v 0.151503 1.105400 -7.364469
vt 0.246349 0.830564
vn -0.176996 -0.961433 -0.210522
v 0.873656 1.122932 -7.846997
vt 0.291667 0.860844
vn -0.097797 -0.959765 -0.263224
f 2692/2692/2692 2693/2693/2693 2694/2694/2694
v 0.959912 0.807438 -6.310931
vt 0.297080 0.764451
vn -0.116376 -0.984527 -0.131011
v 0.437519 0.839235 -5.852804
vt 0.264298 0.735702
vn -0.175412 -0.981295 -0.079310
v -0.501489 1.145146 -6.791811
vt 0.205372 0.794628
vn -0.244521 -0.957843 -0.150820
f 2695/2695/2695 2696/2696/2696 2697/2697/2697
v 0.959912 0.807438 -6.310931
vt 0.297080 0.764451
vn -0.116376 -0.984527 -0.131011
v -0.501489 1.145146 -6.791811
vt 0.205372 0.794628
vn -0.244521 -0.957843 -0.150820
v 0.151503 1.105400 -7.364469
vt 0.246349 0.830564
vn -0.176996 -0.961433 -0.210522
f 2698/2698/2698 2699/2699/2699 2700/2700/2700
v 0.437519 0.839235 -5.852804
vt 0.264298 0.735702
vn -0.175412 -0.981295 -0.079310
v -0.020608 0.903713 -5.330410
vt 0.235549 0.702920
vn -0.209553 -0.976935 -0.041059
v -1.074147 1.225743 -6.138819
vt 0.169436 0.753651
vn -0.286209 -0.952619 -0.102960
f 2701/2701/2701 2702/2702/2702 2703/2703/2703
v 0.437519 0.839235 -5.852804
vt 0.264298 0.735702
vn -0.175412 -0.981295 -0.079310
v -1.074147 1.225743 -6.138819
vt 0.169436 0.753651
vn -0.286209 -0.952619 -0.102960
v -0.501489 1.145146 -6.791811
vt 0.205372 0.794628
vn -0.244521 -0.957843 -0.150820
f 2704/2704/2704 2705/2705/2705 2706/2706/2706
v -0.020608 0.903713 -5.330410
vt 0.235549 0.702920
vn -0.209553 -0.976935 -0.041059
v -0.406630 0.974223 -4.752688
vt 0.211325 0.666667
vn -0.218126 -0.975453 -0.030190
v -1.556674 1.313881 -5.416666
vt 0.139156 0.708333
vn -0.301659 -0.949971 -0.080972
f 2707/2707/2707 2708/2708/2708 2709/2709/2709
v -0.020608 0.903713 -5.330410
vt 0.235549 0.702920
vn -0.209553 -0.976935 -0.041059
v -1.556674 1.313881 -5.416666
vt 0.139156 0.708333
vn -0.301659 -0.949971 -0.080972
v -1.074147 1.225743 -6.138819
vt 0.169436 0.753651
vn -0.286209 -0.952619 -0.102960
f 2710/2710/2710 2711/2711/2711 2712/2712/2712
v -0.406630 0.974223 -4.752688
vt 0.211325 0.666667
vn -0.218126 -0.975453 -0.030190
v -0.713941 1.021625 -4.129523
vt 0.192040 0.627561
vn -0.210803 -0.976368 -0.047617
v -1.940813 1.373133 -4.637710
vt 0.115050 0.659451
vn -0.300369 -0.949956 -0.085804
f 2713/2713/2713 2714/2714/2714 2715/2715/2715
v -0.406630 0.974223 -4.752688
vt 0.211325 0.666667
vn -0.218126 -0.975453 -0.030190
v -1.940813 1.373133 -4.637710
vt 0.115050 0.659451
vn -0.300369 -0.949956 -0.085804
v -1.556674 1.313881 -5.416666
vt 0.139156 0.708333
vn -0.301659 -0.949971 -0.080972
f 2716/2716/2716 2717/2717/2717 2718/2718/2718
v -0.713941 1.021625 -4.129523
vt 0.192040 0.627561
vn -0.210803 -0.976368 -0.047617
v -0.937283 1.026327 -3.471576
vt 0.178025 0.586273
vn -0.200180 -0.976543 -0.079324
v -2.219991 1.379011 -3.815277
vt 0.097531 0.607841
vn -0.294370 -0.950031 -0.103857
f 2719/2719/2719 2720/2720/2720 2721/2721/2721
v -0.713941 1.021625 -4.129523
vt 0.192040 0.627561
vn -0.210803 -0.976368 -0.047617
v -2.219991 1.379011 -3.815277
vt 0.097531 0.607841
vn -0.294370 -0.950031 -0.103857
v -1.940813 1.373133 -4.637710
vt 0.115050 0.659451
vn -0.300369 -0.949956 -0.085804
f 2722/2722/2722 2723/2723/2723 2724/2724/2724
v -0.937283 1.026327 -3.471576
vt 0.178025 0.586273
vn -0.200180 -0.976543 -0.079324
v -1.072836 0.986386 -2.790107
vt 0.169518 0.543509
vn -0.194588 -0.975542 -0.102245
v -2.389432 1.329085 -2.963440
vt 0.086898 0.554386
vn -0.291645 -0.949832 -0.112965
f 2725/2725/2725 2726/2726/2726 2727/2727/2727
v -0.937283 1.026327 -3.471576
vt 0.178025 0.586273
vn -0.200180 -0.976543 -0.079324
v -2.389432 1.329085 -2.963440
vt 0.086898 0.554386
vn -0.291645 -0.949832 -0.112965
v -2.219991 1.379011 -3.815277
vt 0.097531 0.607841
vn -0.294370 -0.950031 -0.103857
f 2728/2728/2728 2729/2729/2729 2730/2730/2730
v -1.072836 0.986386 -2.790107
vt 0.169518 0.543509
vn -0.194588 -0.975542 -0.102245
v -1.118280 0.918309 -2.096774
vt 0.166667 0.500000
vn -0.193831 -0.976348 -0.095778
v -2.446236 1.243989 -2.096774
vt 0.083333 0.500000
vn -0.292149 -0.951811 -0.093296
f 2731/2731/2731 2732/2732/2732 2733/2733/2733
v -1.072836 0.986386 -2.790107
vt 0.169518 0.543509
vn -0.194588 -0.975542 -0.102245
v -2.446236 1.243989 -2.096774
vt 0.083333 0.500000
vn -0.292149 -0.951811 -0.093296
v -2.389432 1.329085 -2.963440
vt 0.086898 0.554386
vn -0.291645 -0.949832 -0.112965
f 2734/2734/2734 2735/2735/2735 2736/2736/2736
v -1.118280 0.918309 -2.096774
vt 0.166667 0.500000
vn -0.193831 -0.976348 -0.095778
v -1.072836 0.850233 -1.403441
vt 0.169518 0.456491
vn -0.190370 -0.980346 -0.051786
v -2.389432 1.158893 -1.230108
vt 0.086898 0.445614
vn -0.288529 -0.956759 -0.036934
f 2737/2737/2737 2738/2738/2738 2739/2739/2739
v -1.118280 0.918309 -2.096774
vt 0.166667 0.500000
vn -0.193831 -0.976348 -0.095778
v -2.389432 1.158893 -1.230108
vt 0.086898 0.445614
vn -0.288529 -0.956759 -0.036934
v -2.446236 1.243989 -2.096774
vt 0.083333 0.500000
vn -0.292149 -0.951811 -0.093296
f 2740/2740/2740 2741/2741/2741 2742/2742/2742
v -1.072836 0.850233 -1.403441
vt 0.169518 0.456491
vn -0.190370 -0.980346 -0.051786
v -0.937283 0.810292 -0.721972
vt 0.178025 0.413727
vn -0.175738 -0.984207 0.021284
v -2.219991 1.108967 -0.378271
vt 0.097531 0.392159
vn -0.272105 -0.961083 0.047743
f 2743/2743/2743 2744/2744/2744 2745/2745/2745
v -1.072836 0.850233 -1.403441
vt 0.169518 0.456491
vn -0.190370 -0.980346 -0.051786
v -2.219991 1.108967 -0.378271
vt 0.097531 0.392159
vn -0.272105 -0.961083 0.047743
v -2.389432 1.158893 -1.230108
vt 0.086898 0.445614
vn -0.288529 -0.956759 -0.036934
f 2746/2746/2746 2747/2747/2747 2748/2748/2748
v -0.937283 0.810292 -0.721972
vt 0.178025 0.413727
vn -0.175738 -0.984207 0.021284
v -0.713941 0.814994 -0.064026
vt 0.192040 0.372439
vn -0.148544 -0.983693 0.101404
v -1.940813 1.114844 0.444161
vt 0.115050 0.340549
vn -0.241139 -0.960518 0.138772
f 2749/2749/2749 2750/2750/2750 2751/2751/2751
v -0.937283 0.810292 -0.721972
vt 0.178025 0.413727
vn -0.175738 -0.984207 0.021284
v -1.940813 1.114844 0.444161
vt 0.115050 0.340549
vn -0.241139 -0.960518 0.138772
v -2.219991 1.108967 -0.378271
vt 0.097531 0.392159
vn -0.272105 -0.961083 0.047743
f 2752/2752/2752 2753/2753/2753 2754/2754/2754
v -0.713941 0.814994 -0.064026
vt 0.192040 0.372439
vn -0.148544 -0.983693 0.101404
v -0.406630 0.862395 0.559140
vt 0.211325 0.333333
vn -0.117844 -0.979394 0.164010
v -1.556674 1.174096 1.223118
vt 0.139156 0.291667
vn -0.204690 -0.955653 0.211729
f 2755/2755/2755 2756/2756/2756 2757/2757/2757
v -0.713941 0.814994 -0.064026
vt 0.192040 0.372439
vn -0.148544 -0.983693 0.101404
v -1.556674 1.174096 1.223118
vt 0.139156 0.291667
vn -0.204690 -0.955653 0.211729
v -1.940813 1.114844 0.444161
vt 0.115050 0.340549
vn -0.241139 -0.960518 0.138772
f 2758/2758/2758 2759/2759/2759 2760/2760/2760
v -0.406630 0.862395 0.559140
vt 0.211325 0.333333
vn -0.117844 -0.979394 0.164010
v -0.020608 0.932906 1.136862
vt 0.235549 0.297080
vn -0.098058 -0.975908 0.194904
v -1.074147 1.262235 1.945271
vt 0.169436 0.246349
vn -0.177433 -0.951140 0.252688
f 2761/2761/2761 2762/2762/2762 2763/2763/2763
v -0.406630 0.862395 0.559140
vt 0.211325 0.333333
vn -0.117844 -0.979394 0.164010
v -1.074147 1.262235 1.945271
vt 0.169436 0.246349
vn -0.177433 -0.951140 0.252688
v -1.556674 1.174096 1.223118
vt 0.139156 0.291667
vn -0.204690 -0.955653 0.211729
f 2764/2764/2764 2765/2765/2765 2766/2766/2766
v -0.020608 0.932906 1.136862
vt 0.235549 0.297080
vn -0.098058 -0.975908 0.194904
v 0.437519 0.997384 1.659255
vt 0.264298 0.264298
vn -0.099430 -0.975708 0.195209
v -0.501489 1.342832 2.598263
vt 0.205372 0.205372
vn -0.169693 -0.949787 0.262885
f 2767/2767/2767 2768/2768/2768 2769/2769/2769
v -0.020608 0.932906 1.136862
vt 0.235549 0.297080
vn -0.098058 -0.975908 0.194904
v -0.501489 1.342832 2.598263
vt 0.205372 0.205372
vn -0.169693 -0.949787 0.262885
v -1.074147 1.262235 1.945271
vt 0.169436 0.246349
vn -0.177433 -0.951140 0.252688
f 2770/2770/2770 2771/2771/2771 2772/2772/2772
v 0.437519 0.997384 1.659255
vt 0.264298 0.264298
vn -0.099430 -0.975708 0.195209
v 0.959912 1.029181 2.117382
vt 0.297080 0.235549
vn -0.120617 -0.976656 0.177748
v 0.151503 1.382578 3.170921
vt 0.246349 0.169436
vn -0.180131 -0.950084 0.254741
f 2773/2773/2773 2774/2774/2774 2775/2775/2775
v 0.437519 0.997384 1.659255
vt 0.264298 0.264298
vn -0.099430 -0.975708 0.195209
v 0.151503 1.382578 3.170921
vt 0.246349 0.169436
vn -0.180131 -0.950084 0.254741
v -0.501489 1.342832 2.598263
vt 0.205372 0.205372
vn -0.169693 -0.949787 0.262885
f 2776/2776/2776 2777/2777/2777 2778/2778/2778
v 0.959912 1.029181 2.117382
vt 0.297080 0.235549
vn -0.120617 -0.976656 0.177748
v 1.537634 1.015155 2.503404
vt 0.333333 0.211325
vn -0.147359 -0.976153 0.159409
v 0.873656 1.365046 3.653448
vt 0.291667 0.139156
vn -0.194929 -0.949875 0.244418
f 2779/2779/2779 2780/2780/2780 2781/2781/2781
v 0.959912 1.029181 2.117382
vt 0.297080 0.235549
vn -0.120617 -0.976656 0.177748
v 0.873656 1.365046 3.653448
vt 0.291667 0.139156
vn -0.194929 -0.949875 0.244418
v 0.151503 1.382578 3.170921
vt 0.246349 0.169436
vn -0.180131 -0.950084 0.254741
f 2782/2782/2782 2783/2783/2783 2784/2784/2784
v 1.537634 1.015155 2.503404
vt 0.333333 0.211325
vn -0.147359 -0.976153 0.159409
v 2.160800 0.961104 2.810715
vt 0.372439 0.192040
vn -0.158856 -0.975471 0.152381
v 1.652613 1.297482 4.037587
vt 0.340549 0.115050
vn -0.194140 -0.950225 0.243684
f 2785/2785/2785 2786/2786/2786 2787/2787/2787
v 1.537634 1.015155 2.503404
vt 0.333333 0.211325
vn -0.147359 -0.976153 0.159409
v 1.652613 1.297482 4.037587
vt 0.340549 0.115050
vn -0.194140 -0.950225 0.243684
v 0.873656 1.365046 3.653448
vt 0.291667 0.139156
vn -0.194929 -0.949875 0.244418
f 2788/2788/2788 2789/2789/2789 2790/2790/2790
v 2.160800 0.961104 2.810715
vt 0.372439 0.192040
vn -0.158856 -0.975471 0.152381
v 2.818746 0.889366 3.034058
vt 0.413727 0.178025
vn -0.138284 -0.977655 0.158333
v 2.475046 1.207810 4.316766
vt 0.392159 0.097531
vn -0.161540 -0.953547 0.254268
f 2791/2791/2791 2792/2792/2792 2793/2793/2793
v 2.160800 0.961104 2.810715
vt 0.372439 0.192040
vn -0.158856 -0.975471 0.152381
v 2.475046 1.207810 4.316766
vt 0.392159 0.097531
vn -0.161540 -0.953547 0.254268
v 1.652613 1.297482 4.037587
vt 0.340549 0.115050
vn -0.194140 -0.950225 0.243684
f 2794/2794/2794 2795/2795/2795 2796/2796/2796
v 2.818746 0.889366 3.034058
vt 0.413727 0.178025
vn -0.138284 -0.977655 0.158333
v 3.500216 0.829590 3.169610
vt 0.456491 0.169518
vn -0.081338 -0.982199 0.169320
v 3.326883 1.133090 4.486207
vt 0.445614 0.086898
vn -0.092893 -0.958860 0.268252
f 2797/2797/2797 2798/2798/2798 2799/2799/2799
v 2.818746 0.889366 3.034058
vt 0.413727 0.178025
vn -0.138284 -0.977655 0.158333
v 3.326883 1.133090 4.486207
vt 0.445614 0.086898
vn -0.092893 -0.958860 0.268252
v 2.475046 1.207810 4.316766
vt 0.392159 0.097531
vn -0.161540 -0.953547 0.254268
f 2800/2800/2800 2801/2801/2801 2802/2802/2802
v 3.500216 0.829590 3.169610
vt 0.456491 0.169518
vn -0.081338 -0.982199 0.169320
v 4.193548 0.806481 3.215054
vt 0.500000 0.166667
vn 0.000000 -0.984635 0.174625
v 4.193548 1.104204 4.543011
vt 0.500000 0.083333
vn 0.000000 -0.961551 0.274625
f 2803/2803/2803 2804/2804/2804 2805/2805/2805
v 3.500216 0.829590 3.169610
vt 0.456491 0.169518
vn -0.081338 -0.982199 0.169320
v 4.193548 1.104204 4.543011
vt 0.500000 0.083333
vn 0.000000 -0.961551 0.274625
v 3.326883 1.133090 4.486207
vt 0.445614 0.086898
vn -0.092893 -0.958860 0.268252
f 2806/2806/2806 2807/2807/2807 2808/2808/2808
v 4.193548 0.806481 3.215054
vt 0.500000 0.166667
vn 0.000000 -0.984635 0.174625
v 4.886881 0.829590 3.169610
vt 0.543509 0.169518
vn 0.081338 -0.982199 0.169320
v 5.060214 1.133090 4.486207
vt 0.554386 0.086898
vn 0.092893 -0.958860 0.268252
f 2809/2809/2809 2810/2810/2810 2811/2811/2811
v 4.193548 0.806481 3.215054
vt 0.500000 0.166667
vn 0.000000 -0.984635 0.174625
v 5.060214 1.133090 4.486207
vt 0.554386 0.086898
vn 0.092893 -0.958860 0.268252
v 4.193548 1.104204 4.543011
vt 0.500000 0.083333
vn 0.000000 -0.961551 0.274625
f 2812/2812/2812 2813/2813/2813 2814/2814/2814
v 4.886881 0.829590 3.169610
vt 0.543509 0.169518
vn 0.081338 -0.982199 0.169320
v 5.568351 0.889366 3.034058
vt 0.586273 0.178025
vn 0.138284 -0.977655 0.158333
v 5.912051 1.207810 4.316766
vt 0.607841 0.097531
vn 0.161540 -0.953547 0.254268
f 2815/2815/2815 2816/2816/2816 2817/2817/2817
v 4.886881 0.829590 3.169610
vt 0.543509 0.169518
vn 0.081338 -0.982199 0.169320
v 5.912051 1.207810 4.316766
vt 0.607841 0.097531
vn 0.161540 -0.953547 0.254268
v 5.060214 1.133090 4.486207
vt 0.554386 0.086898
vn 0.092893 -0.958860 0.268252
f 2818/2818/2818 2819/2819/2819 2820/2820/2820
v 5.568351 0.889366 3.034058
vt 0.586273 0.178025
vn 0.138284 -0.977655 0.158333
v 6.226297 0.961104 2.810715
vt 0.627561 0.192040
vn 0.158856 -0.975471 0.152381
v 6.734484 1.297482 4.037587
vt 0.659451 0.115050
vn 0.194140 -0.950225 0.243684
f 2821/2821/2821 2822/2822/2822 2823/2823/2823
v 5.568351 0.889366 3.034058
vt 0.586273 0.178025
vn 0.138284 -0.977655 0.158333
v 6.734484 1.297482 4.037587
vt 0.659451 0.115050
vn 0.194140 -0.950225 0.243684
v 5.912051 1.207810 4.316766
vt 0.607841 0.097531
vn 0.161540 -0.953547 0.254268
f 2824/2824/2824 2825/2825/2825 2826/2826/2826
v 6.226297 0.961104 2.810715
vt 0.627561 0.192040
vn 0.158856 -0.975471 0.152381
v 6.849462 1.015155 2.503404
vt 0.666667 0.211325
vn 0.147359 -0.976153 0.159409
v 7.513441 1.365046 3.653448
vt 0.708333 0.139156
vn 0.194929 -0.949875 0.244418
f 2827/2827/2827 2828/2828/2828 2829/2829/2829
v 6.226297 0.961104 2.810715
vt 0.627561 0.192040
vn 0.158856 -0.975471 0.152381
v 7.513441 1.365046 3.653448
vt 0.708333 0.139156
vn 0.194929 -0.949875 0.244418
v 6.734484 1.297482 4.037587
vt 0.659451 0.115050
vn 0.194140 -0.950225 0.243684
f 2830/2830/2830 2831/2831/2831 2832/2832/2832
v 6.849462 1.015155 2.503404
vt 0.666667 0.211325
vn 0.147359 -0.976153 0.159409
v 7.427184 1.029181 2.117382
vt 0.702920 0.235549
vn 0.120617 -0.976656 0.177748
v 8.235594 1.382578 3.170921
vt 0.753651 0.169436
vn 0.180131 -0.950084 0.254742
f 2833/2833/2833 2834/2834/2834 2835/2835/2835
v 6.849462 1.015155 2.503404
vt 0.666667 0.211325
vn 0.147359 -0.976153 0.159409
v 8.235594 1.382578 3.170921
vt 0.753651 0.169436
vn 0.180131 -0.950084 0.254742
v 7.513441 1.365046 3.653448
vt 0.708333 0.139156
vn 0.194929 -0.949875 0.244418
f 2836/2836/2836 2837/2837/2837 2838/2838/2838
v 7.427184 1.029181 2.117382
vt 0.702920 0.235549
vn 0.120617 -0.976656 0.177748
v 7.949578 0.997384 1.659255
vt 0.735702 0.264298
vn 0.099430 -0.975708 0.195209
v 8.888585 1.342832 2.598263
vt 0.794628 0.205372
vn 0.169693 -0.949787 0.262885
f 2839/2839/2839 2840/2840/2840 2841/2841/2841
v 7.427184 1.029181 2.117382
vt 0.702920 0.235549
vn 0.120617 -0.976656 0.177748
v 8.888585 1.342832 2.598263
vt 0.794628 0.205372
vn 0.169693 -0.949787 0.262885
v 8.235594 1.382578 3.170921
vt 0.753651 0.169436
vn 0.180131 -0.950084 0.254742
f 2842/2842/2842 2843/2843/2843 2844/2844/2844
v 7.949578 0.997384 1.659255
vt 0.735702 0.264298
vn 0.099430 -0.975708 0.195209
v 8.407705 0.932906 1.136862
vt 0.764451 0.297080
vn 0.098058 -0.975908 0.194904
v 9.461244 1.262235 1.945271
vt 0.830564 0.246349
vn 0.177433 -0.951140 0.252688
f 2845/2845/2845 2846/2846/2846 2847/2847/2847
v 7.949578 0.997384 1.659255
vt 0.735702 0.264298
vn 0.099430 -0.975708 0.195209
v 9.461244 1.262235 1.945271
vt 0.830564 0.246349
vn 0.177433 -0.951140 0.252688
v 8.888585 1.342832 2.598263
vt 0.794628 0.205372
vn 0.169693 -0.949787 0.262885
f 2848/2848/2848 2849/2849/2849 2850/2850/2850
v 8.407705 0.932906 1.136862
vt 0.764451 0.297080
vn 0.098058 -0.975908 0.194904
v 8.793726 0.862395 0.559140
vt 0.788675 0.333333
vn 0.117844 -0.979394 0.164010
v 9.943771 1.174096 1.223118
vt 0.860844 0.291667
vn 0.204690 -0.955653 0.211729
f 2851/2851/2851 2852/2852/2852 2853/2853/2853
v 8.407705 0.932906 1.136862
vt 0.764451 0.297080
vn 0.098058 -0.975908 0.194904
v 9.943771 1.174096 1.223118
vt 0.860844 0.291667
vn 0.204690 -0.955653 0.211729
v 9.461244 1.262235 1.945271
vt 0.830564 0.246349
vn 0.177433 -0.951140 0.252688
f 2854/2854/2854 2855/2855/2855 2856/2856/2856
v 8.793726 0.862395 0.559140
vt 0.788675 0.333333
vn 0.117844 -0.979394 0.164010
v 9.101037 0.814994 -0.064026
vt 0.807960 0.372439
vn 0.148544 -0.983693 0.101404
v 10.327910 1.114844 0.444161
vt 0.884950 0.340549
vn 0.241139 -0.960518 0.138772
f 2857/2857/2857 2858/2858/2858 2859/2859/2859
v 8.793726 0.862395 0.559140
vt 0.788675 0.333333
vn 0.117844 -0.979394 0.164010
v 10.327910 1.114844 0.444161
vt 0.884950 0.340549
vn 0.241139 -0.960518 0.138772
v 9.943771 1.174096 1.223118
vt 0.860844 0.291667
vn 0.204690 -0.955653 0.211729
f 2860/2860/2860 2861/2861/2861 2862/2862/2862
v 9.101037 0.814994 -0.064026
vt 0.807960 0.372439
vn 0.148544 -0.983693 0.101404
v 9.324380 0.810292 -0.721972
vt 0.821975 0.413727
vn 0.175738 -0.984207 0.021284
v 10.607088 1.108967 -0.378271
vt 0.902469 0.392159
vn 0.272105 -0.961083 0.047743
f 2863/2863/2863 2864/2864/2864 2865/2865/2865
v 9.101037 0.814994 -0.064026
vt 0.807960 0.372439
vn 0.148544 -0.983693 0.101404
v 10.607088 1.108967 -0.378271
vt 0.902469 0.392159
vn 0.272105 -0.961083 0.047743
v 10.327910 1.114844 0.444161
vt 0.884950 0.340549
vn 0.241139 -0.960518 0.138772
f 2866/2866/2866 2867/2867/2867 2868/2868/2868
v 9.324380 0.810292 -0.721972
vt 0.821975 0.413727
vn 0.175738 -0.984207 0.021284
v 9.459932 0.850233 -1.403441
vt 0.830482 0.456491
vn 0.190370 -0.980346 -0.051786
v 10.776529 1.158893 -1.230108
vt 0.913102 0.445614
vn 0.288529 -0.956759 -0.036934
f 2869/2869/2869 2870/2870/2870 2871/2871/2871
v 9.324380 0.810292 -0.721972
vt 0.821975 0.413727
vn 0.175738 -0.984207 0.021284
v 10.776529 1.158893 -1.230108
vt 0.913102 0.445614
vn 0.288529 -0.956759 -0.036934
v 10.607088 1.108967 -0.378271
vt 0.902469 0.392159
vn 0.272105 -0.961083 0.047743
f 2872/2872/2872 2873/2873/2873 2874/2874/2874
v 9.459932 0.850233 -1.403441
vt 0.830482 0.456491
vn 0.190370 -0.980346 -0.051786
v 9.505376 0.918309 -2.096774
vt 0.833333 0.500000
vn 0.193831 -0.976348 -0.095778
v 10.833333 1.243989 -2.096774
vt 0.916667 0.500000
vn 0.292149 -0.951811 -0.093296
f 2875/2875/2875 2876/2876/2876 2877/2877/2877
v 9.459932 0.850233 -1.403441
vt 0.830482 0.456491
vn 0.190370 -0.980346 -0.051786
v 10.833333 1.243989 -2.096774
vt 0.916667 0.500000
vn 0.292149 -0.951811 -0.093296
v 10.776529 1.158893 -1.230108
vt 0.913102 0.445614
vn 0.288529 -0.956759 -0.036934
f 2878/2878/2878 2879/2879/2879 2880/2880/2880
v 10.833333 1.243989 -2.096774
vt 0.916667 0.500000
vn 0.292149 -0.951811 -0.093296
v 10.776529 1.329085 -2.963440
vt 0.913102 0.554386
vn 0.291645 -0.949832 -0.112965
v 12.093125 1.831954 -3.136773
vt 0.995722 0.565263
vn 0.340685 -0.932716 -0.118212
f 2881/2881/2881 2882/2882/2882 2883/2883/2883
v 10.833333 1.243989 -2.096774
vt 0.916667 0.500000
vn 0.292149 -0.951811 -0.093296
v 12.093125 1.831954 -3.136773
vt 0.995722 0.565263
vn 0.340685 -0.932716 -0.118212
v 12.161291 1.729839 -2.096774
vt 1.000000 0.500000
vn 0.342123 -0.935114 -0.092269
f 2884/2884/2884 2885/2885/2885 2886/2886/2886
v 10.776529 1.329085 -2.963440
vt 0.913102 0.554386
vn 0.291645 -0.949832 -0.112965
v 10.607088 1.379011 -3.815277
vt 0.902469 0.607841
vn 0.294370 -0.950031 -0.103857
v 11.889796 1.891865 -4.158978
vt 0.982963 0.629410
vn 0.341768 -0.932589 -0.116071
f 2887/2887/2887 2888/2888/2888 2889/2889/2889
v 10.776529 1.329085 -2.963440
vt 0.913102 0.554386
vn 0.291645 -0.949832 -0.112965
v 11.889796 1.891865 -4.158978
vt 0.982963 0.629410
vn 0.341768 -0.932589 -0.116071
v 12.093125 1.831954 -3.136773
vt 0.995722 0.565263
vn 0.340685 -0.932716 -0.118212
f 2890/2890/2890 2891/2891/2891 2892/2892/2892
v 10.607088 1.379011 -3.815277
vt 0.902469 0.607841
vn 0.294370 -0.950031 -0.103857
v 10.327910 1.373133 -4.637710
vt 0.884950 0.659451
vn 0.300369 -0.949956 -0.085804
v 11.554782 1.884812 -5.145897
vt 0.961940 0.691342
vn 0.345365 -0.932556 -0.105178
f 2893/2893/2893 2894/2894/2894 2895/2895/2895
v 10.607088 1.379011 -3.815277
vt 0.902469 0.607841
vn 0.294370 -0.950031 -0.103857
v 11.554782 1.884812 -5.145897
vt 0.961940 0.691342
vn 0.345365 -0.932556 -0.105178
v 11.889796 1.891865 -4.158978
vt 0.982963 0.629410
vn 0.341768 -0.932589 -0.116071
f 2896/2896/2896 2897/2897/2897 2898/2898/2898
v 10.327910 1.373133 -4.637710
vt 0.884950 0.659451
vn 0.300369 -0.949956 -0.085804
v 9.943771 1.313881 -5.416666
vt 0.860844 0.708333
vn 0.301660 -0.949971 -0.080972
v 11.093815 1.813710 -6.080645
vt 0.933013 0.750000
vn 0.343841 -0.932941 -0.106748
f 2899/2899/2899 2900/2900/2900 2901/2901/2901
v 10.327910 1.373133 -4.637710
vt 0.884950 0.659451
vn 0.300369 -0.949956 -0.085804
v 11.093815 1.813710 -6.080645
vt 0.933013 0.750000
vn 0.343841 -0.932941 -0.106748
v 11.554782 1.884812 -5.145897
vt 0.961940 0.691342
vn 0.345365 -0.932556 -0.105178
f 2902/2902/2902 2903/2903/2903 2904/2904/2904
v 9.943771 1.313881 -5.416666
vt 0.860844 0.708333
vn 0.301660 -0.949971 -0.080972
v 9.461244 1.225743 -6.138819
vt 0.830564 0.753651
vn 0.286209 -0.952619 -0.102960
v 10.514783 1.707944 -6.947228
vt 0.896677 0.804381
vn 0.325421 -0.935997 -0.134207
f 2905/2905/2905 2906/2906/2906 2907/2907/2907
v 9.943771 1.313881 -5.416666
vt 0.860844 0.708333
vn 0.301660 -0.949971 -0.080972
v 10.514783 1.707944 -6.947228
vt 0.896677 0.804381
vn 0.325421 -0.935997 -0.134207
v 11.093815 1.813710 -6.080645
vt 0.933013 0.750000
vn 0.343841 -0.932941 -0.106748
f 2908/2908/2908 2909/2909/2909 2910/2910/2910
v 9.461244 1.225743 -6.138819
vt 0.830564 0.753651
vn 0.286209 -0.952619 -0.102960
v 8.888585 1.145146 -6.791811
vt 0.794628 0.794628
vn 0.244521 -0.957843 -0.150820
v 9.827593 1.611227 -7.730818
vt 0.853553 0.853553
vn 0.280268 -0.941519 -0.187060
f 2911/2911/2911 2912/2912/2912 2913/2913/2913
v 9.461244 1.225743 -6.138819
vt 0.830564 0.753651
vn 0.286209 -0.952619 -0.102960
v 9.827593 1.611227 -7.730818
vt 0.853553 0.853553
vn 0.280268 -0.941519 -0.187060
v 10.514783 1.707944 -6.947228
vt 0.896677 0.804381
vn 0.325421 -0.935997 -0.134207
f 2914/2914/2914 2915/2915/2915 2916/2916/2916
v 8.888585 1.145146 -6.791811
vt 0.794628 0.794628
vn 0.244521 -0.957843 -0.150820
v 8.235594 1.105400 -7.364469
vt 0.753651 0.830564
vn 0.176996 -0.961433 -0.210522
v 9.044002 1.563532 -8.418009
vt 0.804381 0.896677
vn 0.208219 -0.945255 -0.251273
f 2917/2917/2917 2918/2918/2918 2919/2919/2919
v 8.888585 1.145146 -6.791811
vt 0.794628 0.794628
vn 0.244521 -0.957843 -0.150820
v 9.044002 1.563532 -8.418009
vt 0.804381 0.896677
vn 0.208219 -0.945255 -0.251273
v 9.827593 1.611227 -7.730818
vt 0.853553 0.853553
vn 0.280268 -0.941519 -0.187060
f 2920/2920/2920 2921/2921/2921 2922/2922/2922
v 8.235594 1.105400 -7.364469
vt 0.753651 0.830564
vn 0.176996 -0.961433 -0.210522
v 7.513441 1.122932 -7.846997
vt 0.708333 0.860844
vn 0.097797 -0.959765 -0.263224
v 8.177419 1.584570 -8.997041
vt 0.750000 0.933013
vn 0.123529 -0.943522 -0.307419
f 2923/2923/2923 2924/2924/2924 2925/2925/2925
v 8.235594 1.105400 -7.364469
vt 0.753651 0.830564
vn 0.176996 -0.961433 -0.210522
v 8.177419 1.584570 -8.997041
vt 0.750000 0.933013
vn 0.123529 -0.943522 -0.307419
v 9.044002 1.563532 -8.418009
vt 0.804381 0.896677
vn 0.208219 -0.945255 -0.251273
f 2926/2926/2926 2927/2927/2927 2928/2928/2928
v 7.513441 1.122932 -7.846997
vt 0.708333 0.860844
vn 0.097797 -0.959765 -0.263224
v 6.734484 1.190496 -8.231135
vt 0.659451 0.884950
vn 0.029353 -0.954569 -0.296539
v 7.242671 1.665647 -9.458008
vt 0.691342 0.961940
vn 0.049288 -0.938081 -0.342891
f 2929/2929/2929 2930/2930/2930 2931/2931/2931
v 7.513441 1.122932 -7.846997
vt 0.708333 0.860844
vn 0.097797 -0.959765 -0.263224
v 7.242671 1.665647 -9.458008
vt 0.691342 0.961940
vn 0.049288 -0.938081 -0.342891
v 8.177419 1.584570 -8.997041
vt 0.750000 0.933013
vn 0.123529 -0.943522 -0.307419
f 2932/2932/2932 2933/2933/2933 2934/2934/2934
v 6.734484 1.190496 -8.231135
vt 0.659451 0.884950
vn 0.029353 -0.954569 -0.296539
v 5.912051 1.280168 -8.510314
vt 0.607841 0.902469
vn -0.010100 -0.950611 -0.310219
v 6.255752 1.773253 -9.793021
vt 0.629410 0.982963
vn 0.003905 -0.933753 -0.357898
f 2935/2935/2935 2936/2936/2936 2937/2937/2937
v 6.734484 1.190496 -8.231135
vt 0.659451 0.884950
vn 0.029353 -0.954569 -0.296539
v 6.255752 1.773253 -9.793021
vt 0.629410 0.982963
vn 0.003905 -0.933753 -0.357898
v 7.242671 1.665647 -9.458008
vt 0.691342 0.961940
vn 0.049288 -0.938081 -0.342891
f 2938/2938/2938 2939/2939/2939 2940/2940/2940
v 5.912051 1.280168 -8.510314
vt 0.607841 0.902469
vn -0.010100 -0.950611 -0.310219
v 5.060214 1.354888 -8.679755
vt 0.554386 0.913102
vn -0.016096 -0.949810 -0.312413
v 5.233547 1.862917 -9.996351
vt 0.565263 0.995722
vn -0.008679 -0.932535 -0.360976
f 2941/2941/2941 2942/2942/2942 2943/2943/2943
v 5.912051 1.280168 -8.510314
vt 0.607841 0.902469
vn -0.010100 -0.950611 -0.310219
v 5.233547 1.862917 -9.996351
vt 0.565263 0.995722
vn -0.008679 -0.932535 -0.360976
v 6.255752 1.773253 -9.793021
vt 0.629410 0.982963
vn 0.003905 -0.933753 -0.357898
f 2944/2944/2944 2945/2945/2945 2946/2946/2946
v 5.060214 1.354888 -8.679755
vt 0.554386 0.913102
vn -0.016096 -0.949810 -0.312413
v 4.193548 1.383774 -8.736559
vt 0.500000 0.916667
vn 0.000000 -0.950103 -0.311937
v 4.193548 1.897581 -10.064516
vt 0.500000 1.000000
vn 0.000000 -0.932625 -0.360847
f 2947/2947/2947 2948/2948/2948 2949/2949/2949
v 5.060214 1.354888 -8.679755
vt 0.554386 0.913102
vn -0.016096 -0.949810 -0.312413
v 4.193548 1.897581 -10.064516
vt 0.500000 1.000000
vn 0.000000 -0.932625 -0.360847
v 5.233547 1.862917 -9.996351
vt 0.565263 0.995722
vn -0.008679 -0.932535 -0.360976
f 2950/2950/2950 2951/2951/2951 2952/2952/2952
v 4.193548 1.383774 -8.736559
vt 0.500000 0.916667
vn 0.000000 -0.950103 -0.311937
v 3.326883 1.354888 -8.679755
vt 0.445614 0.913102
vn 0.016096 -0.949810 -0.312412
v 3.153549 1.862917 -9.996351
vt 0.434737 0.995722
vn 0.008679 -0.932535 -0.360976
f 2953/2953/2953 2954/2954/2954 2955/2955/2955
v 4.193548 1.383774 -8.736559
vt 0.500000 0.916667
vn 0.000000 -0.950103 -0.311937
v 3.153549 1.862917 -9.996351
vt 0.434737 0.995722
vn 0.008679 -0.932535 -0.360976
v 4.193548 1.897581 -10.064516
vt 0.500000 1.000000
vn 0.000000 -0.932625 -0.360847
f 2956/2956/2956 2957/2957/2957 2958/2958/2958
v 3.326883 1.354888 -8.679755
vt 0.445614 0.913102
vn 0.016096 -0.949810 -0.312412
v 2.475046 1.280168 -8.510314
vt 0.392159 0.902469
vn 0.010100 -0.950611 -0.310219
v 2.131345 1.773253 -9.793021
vt 0.370590 0.982963
vn -0.003905 -0.933753 -0.357897
f 2959/2959/2959 2960/2960/2960 2961/2961/2961
v 3.326883 1.354888 -8.679755
vt 0.445614 0.913102
vn 0.016096 -0.949810 -0.312412
v 2.131345 1.773253 -9.793021
vt 0.370590 0.982963
vn -0.003905 -0.933753 -0.357897
v 3.153549 1.862917 -9.996351
vt 0.434737 0.995722
vn 0.008679 -0.932535 -0.360976
f 2962/2962/2962 2963/2963/2963 2964/2964/2964
v 2.475046 1.280168 -8.510314
vt 0.392159 0.902469
vn 0.010100 -0.950611 -0.310219
v 1.652613 1.190496 -8.231135
vt 0.340549 0.884950
vn -0.029353 -0.954569 -0.296539
v 1.144426 1.665647 -9.458008
vt 0.308658 0.961940
vn -0.049288 -0.938081 -0.342891
f 2965/2965/2965 2966/2966/2966 2967/2967/2967
v 2.475046 1.280168 -8.510314
vt 0.392159 0.902469
vn 0.010100 -0.950611 -0.310219
v 1.144426 1.665647 -9.458008
vt 0.308658 0.961940
vn -0.049288 -0.938081 -0.342891
v 2.131345 1.773253 -9.793021
vt 0.370590 0.982963
vn -0.003905 -0.933753 -0.357897
f 2968/2968/2968 2969/2969/2969 2970/2970/2970
v 1.652613 1.190496 -8.231135
vt 0.340549 0.884950
vn -0.029353 -0.954569 -0.296539
v 0.873656 1.122932 -7.846997
vt 0.291667 0.860844
vn -0.097797 -0.959765 -0.263224
v 0.209677 1.584570 -8.997041
vt 0.250000 0.933013
vn -0.123530 -0.943522 -0.307419
f 2971/2971/2971 2972/2972/2972 2973/2973/2973
v 1.652613 1.190496 -8.231135
vt 0.340549 0.884950
vn -0.029353 -0.954569 -0.296539
v 0.209677 1.584570 -8.997041
vt 0.250000 0.933013
vn -0.123530 -0.943522 -0.307419
v 1.144426 1.665647 -9.458008
vt 0.308658 0.961940
vn -0.049288 -0.938081 -0.342891
f 2974/2974/2974 2975/2975/2975 2976/2976/2976
v 0.873656 1.122932 -7.846997
vt 0.291667 0.860844
vn -0.097797 -0.959765 -0.263224
v 0.151503 1.105400 -7.364469
vt 0.246349 0.830564
vn -0.176996 -0.961433 -0.210522
v -0.656906 1.563532 -8.418009
vt 0.195619 0.896677
vn -0.208219 -0.945255 -0.251273
f 2977/2977/2977 2978/2978/2978 2979/2979/2979
v 0.873656 1.122932 -7.846997
vt 0.291667 0.860844
vn -0.097797 -0.959765 -0.263224
v -0.656906 1.563532 -8.418009
vt 0.195619 0.896677
vn -0.208219 -0.945255 -0.251273
v 0.209677 1.584570 -8.997041
vt 0.250000 0.933013
vn -0.123530 -0.943522 -0.307419
f 2980/2980/2980 2981/2981/2981 2982/2982/2982
v 0.151503 1.105400 -7.364469
vt 0.246349 0.830564
vn -0.176996 -0.961433 -0.210522
v -0.501489 1.145146 -6.791811
vt 0.205372 0.794628
vn -0.244521 -0.957843 -0.150820
v -1.440496 1.611227 -7.730818
vt 0.146447 0.853553
vn -0.280268 -0.941519 -0.187060
f 2983/2983/2983 2984/2984/2984 2985/2985/2985
v 0.151503 1.105400 -7.364469
vt 0.246349 0.830564
vn -0.176996 -0.961433 -0.210522
v -1.440496 1.611227 -7.730818
vt 0.146447 0.853553
vn -0.280268 -0.941519 -0.187060
v -0.656906 1.563532 -8.418009
vt 0.195619 0.896677
vn -0.208219 -0.945255 -0.251273
f 2986/2986/2986 2987/2987/2987 2988/2988/2988
v -0.501489 1.145146 -6.791811
vt 0.205372 0.794628
vn -0.244521 -0.957843 -0.150820
v -1.074147 1.225743 -6.138819
vt 0.169436 0.753651
vn -0.286209 -0.952619 -0.102960
v -2.127686 1.707944 -6.947228
vt 0.103323 0.804381
vn -0.325421 -0.935996 -0.134207
f 2989/2989/2989 2990/2990/2990 2991/2991/2991
v -0.501489 1.145146 -6.791811
vt 0.205372 0.794628
vn -0.244521 -0.957843 -0.150820
v -2.127686 1.707944 -6.947228
vt 0.103323 0.804381
vn -0.325421 -0.935996 -0.134207
v -1.440496 1.611227 -7.730818
vt 0.146447 0.853553
vn -0.280268 -0.941519 -0.187060
f 2992/2992/2992 2993/2993/2993 2994/2994/2994
v -1.074147 1.225743 -6.138819
vt 0.169436 0.753651
vn -0.286209 -0.952619 -0.102960
v -1.556674 1.313881 -5.416666
vt 0.139156 0.708333
vn -0.301659 -0.949971 -0.080972
v -2.706719 1.813710 -6.080645
vt 0.066987 0.750000
vn -0.343841 -0.932941 -0.106748
f 2995/2995/2995 2996/2996/2996 2997/2997/2997
v -1.074147 1.225743 -6.138819
vt 0.169436 0.753651
vn -0.286209 -0.952619 -0.102960
v -2.706719 1.813710 -6.080645
vt 0.066987 0.750000
vn -0.343841 -0.932941 -0.106748
v -2.127686 1.707944 -6.947228
vt 0.103323 0.804381
vn -0.325421 -0.935996 -0.134207
f 2998/2998/2998 2999/2999/2999 3000/3000/3000
v -1.556674 1.313881 -5.416666
vt 0.139156 0.708333
vn -0.301659 -0.949971 -0.080972
v -1.940813 1.373133 -4.637710
vt 0.115050 0.659451
vn -0.300369 -0.949956 -0.085804
v -3.167685 1.884812 -5.145897
vt 0.038060 0.691342
vn -0.345365 -0.932556 -0.105178
f 3001/3001/3001 3002/3002/3002 3003/3003/3003
v -1.556674 1.313881 -5.416666
vt 0.139156 0.708333
vn -0.301659 -0.949971 -0.080972
v -3.167685 1.884812 -5.145897
vt 0.038060 0.691342
vn -0.345365 -0.932556 -0.105178
v -2.706719 1.813710 -6.080645
vt 0.066987 0.750000
vn -0.343841 -0.932941 -0.106748
f 3004/3004/3004 3005/3005/3005 3006/3006/3006
v -1.940813 1.373133 -4.637710
vt 0.115050 0.659451
vn -0.300369 -0.949956 -0.085804
v -2.219991 1.379011 -3.815277
vt 0.097531 0.607841
vn -0.294370 -0.950031 -0.103857
v -3.502699 1.891865 -4.158978
vt 0.017037 0.629410
vn -0.341768 -0.932589 -0.116071
f 3007/3007/3007 3008/3008/3008 3009/3009/3009
v -1.940813 1.373133 -4.637710
vt 0.115050 0.659451
vn -0.300369 -0.949956 -0.085804
v -3.502699 1.891865 -4.158978
vt 0.017037 0.629410
vn -0.341768 -0.932589 -0.116071
v -3.167685 1.884812 -5.145897
vt 0.038060 0.691342
vn -0.345365 -0.932556 -0.105178
f 3010/3010/3010 3011/3011/3011 3012/3012/3012
v -2.219991 1.379011 -3.815277
vt 0.097531 0.607841
vn -0.294370 -0.950031 -0.103857
v -2.389432 1.329085 -2.963440
vt 0.086898 0.554386
vn -0.291645 -0.949832 -0.112965
v -3.706028 1.831954 -3.136773
vt 0.004278 0.565263
vn -0.340685 -0.932716 -0.118211
f 3013/3013/3013 3014/3014/3014 3015/3015/3015
v -2.219991 1.379011 -3.815277
vt 0.097531 0.607841
vn -0.294370 -0.950031 -0.103857
v -3.706028 1.831954 -3.136773
vt 0.004278 0.565263
vn -0.340685 -0.932716 -0.118211
v -3.502699 1.891865 -4.158978
vt 0.017037 0.629410
vn -0.341768 -0.932589 -0.116071
f 3016/3016/3016 3017/3017/3017 3018/3018/3018
v -2.389432 1.329085 -2.963440
vt 0.086898 0.554386
vn -0.291645 -0.949832 -0.112965
v -2.446236 1.243989 -2.096774
vt 0.083333 0.500000
vn -0.292149 -0.951811 -0.093296
v -3.774193 1.729839 -2.096774
vt 0.000000 0.500000
vn -0.342123 -0.935114 -0.092269
f 3019/3019/3019 3020/3020/3020 3021/3021/3021
v -2.389432 1.329085 -2.963440
vt 0.086898 0.554386
vn -0.291645 -0.949832 -0.112965
v -3.774193 1.729839 -2.096774
vt 0.000000 0.500000
vn -0.342123 -0.935114 -0.092269
v -3.706028 1.831954 -3.136773
vt 0.004278 0.565263
vn -0.340685 -0.932716 -0.118211
f 3022/3022/3022 3023/3023/3023 3024/3024/3024
v -2.446236 1.243989 -2.096774
vt 0.083333 0.500000
vn -0.292149 -0.951811 -0.093296
v -2.389432 1.158893 -1.230108
vt 0.086898 0.445614
vn -0.288529 -0.956759 -0.036934
v -3.706028 1.627724 -1.056775
vt 0.004278 0.434737
vn -0.338796 -0.940386 -0.029863
f 3025/3025/3025 3026/3026/3026 3027/3027/3027
v -2.446236 1.243989 -2.096774
vt 0.083333 0.500000
vn -0.292149 -0.951811 -0.093296
v -3.706028 1.627724 -1.056775
vt 0.004278 0.434737
vn -0.338796 -0.940386 -0.029863
v -3.774193 1.729839 -2.096774
vt 0.000000 0.500000
vn -0.342123 -0.935114 -0.092269
f 3028/3028/3028 3029/3029/3029 3030/3030/3030
v -2.389432 1.158893 -1.230108
vt 0.086898 0.445614
vn -0.288529 -0.956759 -0.036934
v -2.219991 1.108967 -0.378271
vt 0.097531 0.392159
vn -0.272105 -0.961083 0.047743
v -3.502699 1.567812 -0.034571
vt 0.017037 0.370590
vn -0.321633 -0.944891 0.061094
f 3031/3031/3031 3032/3032/3032 3033/3033/3033
v -2.389432 1.158893 -1.230108
vt 0.086898 0.445614
vn -0.288529 -0.956759 -0.036934
v -3.502699 1.567812 -0.034571
vt 0.017037 0.370590
vn -0.321633 -0.944891 0.061094
v -3.706028 1.627724 -1.056775
vt 0.004278 0.434737
vn -0.338796 -0.940386 -0.029863
f 3034/3034/3034 3035/3035/3035 3036/3036/3036
v -2.219991 1.108967 -0.378271
vt 0.097531 0.392159
vn -0.272105 -0.961083 0.047743
v -1.940813 1.114844 0.444161
vt 0.115050 0.340549
vn -0.241139 -0.960518 0.138772
v -3.167685 1.574865 0.952349
vt 0.038060 0.308658
vn -0.288518 -0.944305 0.158259
f 3037/3037/3037 3038/3038/3038 3039/3039/3039
v -2.219991 1.108967 -0.378271
vt 0.097531 0.392159
vn -0.272105 -0.961083 0.047743
v -3.167685 1.574865 0.952349
vt 0.038060 0.308658
vn -0.288518 -0.944305 0.158259
v -3.502699 1.567812 -0.034571
vt 0.017037 0.370590
vn -0.321633 -0.944891 0.061094
f 3040/3040/3040 3041/3041/3041 3042/3042/3042
v -1.940813 1.114844 0.444161
vt 0.115050 0.340549
vn -0.241139 -0.960518 0.138772
v -1.556674 1.174096 1.223118
vt 0.139156 0.291667
vn -0.204690 -0.955653 0.211729
v -2.706719 1.645968 1.887097
vt 0.066987 0.250000
vn -0.248800 -0.939225 0.236548
f 3043/3043/3043 3044/3044/3044 3045/3045/3045
v -1.940813 1.114844 0.444161
vt 0.115050 0.340549
vn -0.241139 -0.960518 0.138772
v -2.706719 1.645968 1.887097
vt 0.066987 0.250000
vn -0.248800 -0.939225 0.236548
v -3.167685 1.574865 0.952349
vt 0.038060 0.308658
vn -0.288518 -0.944305 0.158259
f 3046/3046/3046 3047/3047/3047 3048/3048/3048
v -1.556674 1.174096 1.223118
vt 0.139156 0.291667
vn -0.204690 -0.955653 0.211729
v -1.074147 1.262235 1.945271
vt 0.169436 0.246349
vn -0.177433 -0.951140 0.252688
v -2.127686 1.751733 2.753680
vt 0.103323 0.195619
vn -0.217641 -0.934363 0.282130
f 3049/3049/3049 3050/3050/3050 3051/3051/3051
v -1.556674 1.174096 1.223118
vt 0.139156 0.291667
vn -0.204690 -0.955653 0.211729
v -2.127686 1.751733 2.753680
vt 0.103323 0.195619
vn -0.217641 -0.934363 0.282130
v -2.706719 1.645968 1.887097
vt 0.066987 0.250000
vn -0.248800 -0.939225 0.236548
f 3052/3052/3052 3053/3053/3053 3054/3054/3054
v -1.074147 1.262235 1.945271
vt 0.169436 0.246349
vn -0.177433 -0.951140 0.252688
v -0.501489 1.342832 2.598263
vt 0.205372 0.205372
vn -0.169693 -0.949787 0.262885
v -1.440496 1.848450 3.537270
vt 0.146447 0.146447
vn -0.205282 -0.932589 0.296880
f 3055/3055/3055 3056/3056/3056 3057/3057/3057
v -1.074147 1.262235 1.945271
vt 0.169436 0.246349
vn -0.177433 -0.951140 0.252688
v -1.440496 1.848450 3.537270
vt 0.146447 0.146447
vn -0.205282 -0.932589 0.296880
v -2.127686 1.751733 2.753680
vt 0.103323 0.195619
vn -0.217641 -0.934363 0.282130
f 3058/3058/3058 3059/3059/3059 3060/3060/3060
v -0.501489 1.342832 2.598263
vt 0.205372 0.205372
vn -0.169693 -0.949787 0.262885
v 0.151503 1.382578 3.170921
vt 0.246349 0.169436
vn -0.180131 -0.950084 0.254741
v -0.656906 1.896146 4.224460
vt 0.195619 0.103323
vn -0.210100 -0.932615 0.293405
f 3061/3061/3061 3062/3062/3062 3063/3063/3063
v -0.501489 1.342832 2.598263
vt 0.205372 0.205372
vn -0.169693 -0.949787 0.262885
v -0.656906 1.896146 4.224460
vt 0.195619 0.103323
vn -0.210100 -0.932615 0.293405
v -1.440496 1.848450 3.537270
vt 0.146447 0.146447
vn -0.205282 -0.932589 0.296880
f 3064/3064/3064 3065/3065/3065 3066/3066/3066
v 0.151503 1.382578 3.170921
vt 0.246349 0.169436
vn -0.180131 -0.950084 0.254741
v 0.873656 1.365046 3.653448
vt 0.291667 0.139156
vn -0.194929 -0.949875 0.244418
v 0.209677 1.875107 4.803492
vt 0.250000 0.066987
vn -0.218703 -0.932531 0.287323
f 3067/3067/3067 3068/3068/3068 3069/3069/3069
v 0.151503 1.382578 3.170921
vt 0.246349 0.169436
vn -0.180131 -0.950084 0.254741
v 0.209677 1.875107 4.803492
vt 0.250000 0.066987
vn -0.218703 -0.932531 0.287323
v -0.656906 1.896146 4.224460
vt 0.195619 0.103323
vn -0.210100 -0.932615 0.293405
f 3070/3070/3070 3071/3071/3071 3072/3072/3072
v 0.873656 1.365046 3.653448
vt 0.291667 0.139156
vn -0.194929 -0.949875 0.244418
v 1.652613 1.297482 4.037587
vt 0.340549 0.115050
vn -0.194140 -0.950225 0.243684
v 1.144426 1.794031 5.264459
vt 0.308658 0.038060
vn -0.211965 -0.933281 0.289925
f 3073/3073/3073 3074/3074/3074 3075/3075/3075
v 0.873656 1.365046 3.653448
vt 0.291667 0.139156
vn -0.194929 -0.949875 0.244418
v 1.144426 1.794031 5.264459
vt 0.308658 0.038060
vn -0.211965 -0.933281 0.289925
v 0.209677 1.875107 4.803492
vt 0.250000 0.066987
vn -0.218703 -0.932531 0.287323
f 3076/3076/3076 3077/3077/3077 3078/3078/3078
v 1.652613 1.297482 4.037587
vt 0.340549 0.115050
vn -0.194140 -0.950225 0.243684
v 2.475046 1.207810 4.316766
vt 0.392159 0.097531
vn -0.161540 -0.953547 0.254268
v 2.131345 1.686424 5.599474
vt 0.370590 0.017037
vn -0.173783 -0.936994 0.303054
f 3079/3079/3079 3080/3080/3080 3081/3081/3081
v 1.652613 1.297482 4.037587
vt 0.340549 0.115050
vn -0.194140 -0.950225 0.243684
v 2.131345 1.686424 5.599474
vt 0.370590 0.017037
vn -0.173783 -0.936994 0.303054
v 1.144426 1.794031 5.264459
vt 0.308658 0.038060
vn -0.211965 -0.933281 0.289925
f 3082/3082/3082 3083/3083/3083 3084/3084/3084
v 2.475046 1.207810 4.316766
vt 0.392159 0.097531
vn -0.161540 -0.953547 0.254268
v 3.326883 1.133090 4.486207
vt 0.445614 0.086898
vn -0.092893 -0.958860 0.268252
v 3.153549 1.596760 5.802802
vt 0.434737 0.004278
vn -0.099295 -0.942580 0.318879
f 3085/3085/3085 3086/3086/3086 3087/3087/3087
v 2.475046 1.207810 4.316766
vt 0.392159 0.097531
vn -0.161540 -0.953547 0.254268
v 3.153549 1.596760 5.802802
vt 0.434737 0.004278
vn -0.099295 -0.942580 0.318879
v 2.131345 1.686424 5.599474
vt 0.370590 0.017037
vn -0.173783 -0.936994 0.303054
f 3088/3088/3088 3089/3089/3089 3090/3090/3090
v 3.326883 1.133090 4.486207
vt 0.445614 0.086898
vn -0.092893 -0.958860 0.268252
v 4.193548 1.104204 4.543011
vt 0.500000 0.083333
vn 0.000000 -0.961551 0.274625
v 4.193548 1.562097 5.870968
vt 0.500000 0.000000
vn 0.000000 -0.945378 0.325976
f 3091/3091/3091 3092/3092/3092 3093/3093/3093
v 3.326883 1.133090 4.486207
vt 0.445614 0.086898
vn -0.092893 -0.958860 0.268252
v 4.193548 1.562097 5.870968
vt 0.500000 0.000000
vn 0.000000 -0.945378 0.325976
v 3.153549 1.596760 5.802802
vt 0.434737 0.004278
vn -0.099295 -0.942580 0.318879
f 3094/3094/3094 3095/3095/3095 3096/3096/3096
v 4.193548 1.104204 4.543011
vt 0.500000 0.083333
vn 0.000000 -0.961551 0.274625
v 5.060214 1.133090 4.486207
vt 0.554386 0.086898
vn 0.092893 -0.958860 0.268252
v 5.233547 1.596760 5.802802
vt 0.565263 0.004278
vn 0.099295 -0.942580 0.318879
f 3097/3097/3097 3098/3098/3098 3099/3099/3099
v 4.193548 1.104204 4.543011
vt 0.500000 0.083333
vn 0.000000 -0.961551 0.274625
v 5.233547 1.596760 5.802802
vt 0.565263 0.004278
vn 0.099295 -0.942580 0.318879
v 4.193548 1.562097 5.870968
vt 0.500000 0.000000
vn 0.000000 -0.945378 0.325976
f 3100/3100/3100 3101/3101/3101 3102/3102/3102
v 5.060214 1.133090 4.486207
vt 0.554386 0.086898
vn 0.092893 -0.958860 0.268252
v 5.912051 1.207810 4.316766
vt 0.607841 0.097531
vn 0.161540 -0.953547 0.254268
v 6.255752 1.686424 5.599474
vt 0.629410 0.017037
vn 0.173783 -0.936994 0.303054
f 3103/3103/3103 3104/3104/3104 3105/3105/3105
v 5.060214 1.133090 4.486207
vt 0.554386 0.086898
vn 0.092893 -0.958860 0.268252
v 6.255752 1.686424 5.599474
vt 0.629410 0.017037
vn 0.173783 -0.936994 0.303054
v 5.233547 1.596760 5.802802
vt 0.565263 0.004278
vn 0.099295 -0.942580 0.318879
f 3106/3106/3106 3107/3107/3107 3108/3108/3108
v 5.912051 1.207810 4.316766
vt 0.607841 0.097531
vn 0.161540 -0.953547 0.254268
v 6.734484 1.297482 4.037587
vt 0.659451 0.115050
vn 0.194140 -0.950225 0.243684
v 7.242671 1.794031 5.264459
vt 0.691342 0.038060
vn 0.211965 -0.933281 0.289925
f 3109/3109/3109 3110/3110/3110 3111/3111/3111
v 5.912051 1.207810 4.316766
vt 0.607841 0.097531
vn 0.161540 -0.953547 0.254268
v 7.242671 1.794031 5.264459
vt 0.691342 0.038060
vn 0.211965 -0.933281 0.289925
v 6.255752 1.686424 5.599474
vt 0.629410 0.017037
vn 0.173783 -0.936994 0.303054
f 3112/3112/3112 3113/3113/3113 3114/3114/3114
v 6.734484 1.297482 4.037587
vt 0.659451 0.115050
vn 0.194140 -0.950225 0.243684
v 7.513441 1.365046 3.653448
vt 0.708333 0.139156
vn 0.194929 -0.949875 0.244418
v 8.177419 1.875107 4.803492
vt 0.750000 0.066987
vn 0.218703 -0.932531 0.287323
f 3115/3115/3115 3116/3116/3116 3117/3117/3117
v 6.734484 1.297482 4.037587
vt 0.659451 0.115050
vn 0.194140 -0.950225 0.243684
v 8.177419 1.875107 4.803492
vt 0.750000 0.066987
vn 0.218703 -0.932531 0.287323
v 7.242671 1.794031 5.264459
vt 0.691342 0.038060
vn 0.211965 -0.933281 0.289925
f 3118/3118/3118 3119/3119/3119 3120/3120/3120
v 7.513441 1.365046 3.653448
vt 0.708333 0.139156
vn 0.194929 -0.949875 0.244418
v 8.235594 1.382578 3.170921
vt 0.753651 0.169436
vn 0.180131 -0.950084 0.254742
v 9.044002 1.896146 4.224460
vt 0.804381 0.103323
vn 0.210100 -0.932615 0.293405
f 3121/3121/3121 3122/3122/3122 3123/3123/3123
v 7.513441 1.365046 3.653448
vt 0.708333 0.139156
vn 0.194929 -0.949875 0.244418
v 9.044002 1.896146 4.224460
vt 0.804381 0.103323
vn 0.210100 -0.932615 0.293405
v 8.177419 1.875107 4.803492
vt 0.750000 0.066987
vn 0.218703 -0.932531 0.287323
f 3124/3124/3124 3125/3125/3125 3126/3126/3126
v 8.235594 1.382578 3.170921
vt 0.753651 0.169436
vn 0.180131 -0.950084 0.254742
v 8.888585 1.342832 2.598263
vt 0.794628 0.205372
vn 0.169693 -0.949787 0.262885
v 9.827593 1.848450 3.537270
vt 0.853553 0.146447
vn 0.205282 -0.932589 0.296880
f 3127/3127/3127 3128/3128/3128 3129/3129/3129
v 8.235594 1.382578 3.170921
vt 0.753651 0.169436
vn 0.180131 -0.950084 0.254742
v 9.827593 1.848450 3.537270
vt 0.853553 0.146447
vn 0.205282 -0.932589 0.296880
v 9.044002 1.896146 4.224460
vt 0.804381 0.103323
vn 0.210100 -0.932615 0.293405
f 3130/3130/3130 3131/3131/3131 3132/3132/3132
v 8.888585 1.342832 2.598263
vt 0.794628 0.205372
vn 0.169693 -0.949787 0.262885
v 9.461244 1.262235 1.945271
vt 0.830564 0.246349
vn 0.177433 -0.951140 0.252688
v 10.514783 1.751733 2.753680
vt 0.896677 0.195619
vn 0.217641 -0.934363 0.282130
f 3133/3133/3133 3134/3134/3134 3135/3135/3135
v 8.888585 1.342832 2.598263
vt 0.794628 0.205372
vn 0.169693 -0.949787 0.262885
v 10.514783 1.751733 2.753680
vt 0.896677 0.195619
vn 0.217641 -0.934363 0.282130
v 9.827593 1.848450 3.537270
vt 0.853553 0.146447
vn 0.205282 -0.932589 0.296880
f 3136/3136/3136 3137/3137/3137 3138/3138/3138
v 9.461244 1.262235 1.945271
vt 0.830564 0.246349
vn 0.177433 -0.951140 0.252688
v 9.943771 1.174096 1.223118
vt 0.860844 0.291667
vn 0.204690 -0.955653 0.211729
v 11.093815 1.645968 1.887097
vt 0.933013 0.250000
vn 0.248800 -0.939225 0.236548
f 3139/3139/3139 3140/3140/3140 3141/3141/3141
v 9.461244 1.262235 1.945271
vt 0.830564 0.246349
vn 0.177433 -0.951140 0.252688
v 11.093815 1.645968 1.887097
vt 0.933013 0.250000
vn 0.248800 -0.939225 0.236548
v 10.514783 1.751733 2.753680
vt 0.896677 0.195619
vn 0.217641 -0.934363 0.282130
f 3142/3142/3142 3143/3143/3143 3144/3144/3144
v 9.943771 1.174096 1.223118
vt 0.860844 0.291667
vn 0.204690 -0.955653 0.211729
v 10.327910 1.114844 0.444161
vt 0.884950 0.340549
vn 0.241139 -0.960518 0.138772
v 11.554782 1.574865 0.952349
vt 0.961940 0.308658
vn 0.288518 -0.944305 0.158260
f 3145/3145/3145 3146/3146/3146 3147/3147/3147
v 9.943771 1.174096 1.223118
vt 0.860844 0.291667
vn 0.204690 -0.955653 0.211729
v 11.554782 1.574865 0.952349
vt 0.961940 0.308658
vn 0.288518 -0.944305 0.158260
v 11.093815 1.645968 1.887097
vt 0.933013 0.250000
vn 0.248800 -0.939225 0.236548
f 3148/3148/3148 3149/3149/3149 3150/3150/3150
v 10.327910 1.114844 0.444161
vt 0.884950 0.340549
vn 0.241139 -0.960518 0.138772
v 10.607088 1.108967 -0.378271
vt 0.902469 0.392159
vn 0.272105 -0.961083 0.047743
v 11.889796 1.567812 -0.034571
vt 0.982963 0.370590
vn 0.321633 -0.944891 0.061095
f 3151/3151/3151 3152/3152/3152 3153/3153/3153
v 10.327910 1.114844 0.444161
vt 0.884950 0.340549
vn 0.241139 -0.960518 0.138772
v 11.889796 1.567812 -0.034571
vt 0.982963 0.370590
vn 0.321633 -0.944891 0.061095
v 11.554782 1.574865 0.952349
vt 0.961940 0.308658
vn 0.288518 -0.944305 0.158260
f 3154/3154/3154 3155/3155/3155 3156/3156/3156
v 10.607088 1.108967 -0.378271
vt 0.902469 0.392159
vn 0.272105 -0.961083 0.047743
v 10.776529 1.158893 -1.230108
vt 0.913102 0.445614
vn 0.288529 -0.956759 -0.036934
v 12.093125 1.627724 -1.056775
vt 0.995722 0.434737
vn 0.338796 -0.940386 -0.029863
f 3157/3157/3157 3158/3158/3158 3159/3159/3159
v 10.607088 1.108967 -0.378271
vt 0.902469 0.392159
vn 0.272105 -0.961083 0.047743
v 12.093125 1.627724 -1.056775
vt 0.995722 0.434737
vn 0.338796 -0.940386 -0.029863
v 11.889796 1.567812 -0.034571
vt 0.982963 0.370590
vn 0.321633 -0.944891 0.061095
f 3160/3160/3160 3161/3161/3161 3162/3162/3162
v 10.776529 1.158893 -1.230108
vt 0.913102 0.445614
vn 0.288529 -0.956759 -0.036934
v 10.833333 1.243989 -2.096774
vt 0.916667 0.500000
vn 0.292149 -0.951811 -0.093296
v 12.161291 1.729839 -2.096774
vt 1.000000 0.500000
vn 0.342123 -0.935114 -0.092269
f 3163/3163/3163 3164/3164/3164 3165/3165/3165
v 10.776529 1.158893 -1.230108
vt 0.913102 0.445614
vn 0.288529 -0.956759 -0.036934
v 12.161291 1.729839 -2.096774
vt 1.000000 0.500000
vn 0.342123 -0.935114 -0.092269
v 12.093125 1.627724 -1.056775
vt 0.995722 0.434737
vn 0.338796 -0.940386 -0.029863
f 3166/3166/3166 3167/3167/3167 3168/3168/3168
o Flower_photo_relief
usemtl flower
v -1.572581 1.829749 3.669355
vt 0.000000 0.000000
vn -0.021967 0.794320 0.607102
v -1.205645 1.868666 3.669355
vt 0.050000 0.000000
vn -0.095169 0.827814 0.552872
v -1.205645 2.120347 3.302419
vt 0.050000 0.050000
vn -0.036554 0.797795 0.601820
f 3169/3169/3169 3170/3170/3170 3171/3171/3171
v -1.572581 1.829749 3.669355
vt 0.000000 0.000000
vn -0.021967 0.794320 0.607102
v -1.205645 2.120347 3.302419
vt 0.050000 0.050000
vn -0.036554 0.797795 0.601820
v -1.572581 2.138969 3.302419
vt 0.000000 0.050000
vn 0.017593 0.763979 0.645002
f 3172/3172/3172 3173/3173/3173 3174/3174/3174
v -1.205645 1.868666 3.669355
vt 0.050000 0.000000
vn -0.095169 0.827814 0.552872
v -0.838710 1.990684 3.669355
vt 0.100000 0.000000
vn -0.300074 0.869678 0.391938
v -0.838710 2.152280 3.302419
vt 0.100000 0.050000
vn -0.210884 0.857897 0.468551
f 3175/3175/3175 3176/3176/3176 3177/3177/3177
v -1.205645 1.868666 3.669355
vt 0.050000 0.000000
vn -0.095169 0.827814 0.552872
v -0.838710 2.152280 3.302419
vt 0.100000 0.050000
vn -0.210884 0.857897 0.468551
v -1.205645 2.120347 3.302419
vt 0.050000 0.050000
vn -0.036554 0.797795 0.601820
f 3178/3178/3178 3179/3179/3179 3180/3180/3180
v -0.838710 1.990684 3.669355
vt 0.100000 0.000000
vn -0.300074 0.869678 0.391938
v -0.471774 2.227851 3.669355
vt 0.150000 0.000000
vn -0.544955 0.819249 0.178482
v -0.471774 2.293173 3.302419
vt 0.150000 0.050000
vn -0.459894 0.848582 0.261547
f 3181/3181/3181 3182/3182/3182 3183/3183/3183
v -0.838710 1.990684 3.669355
vt 0.100000 0.000000
vn -0.300074 0.869678 0.391938
v -0.471774 2.293173 3.302419
vt 0.150000 0.050000
vn -0.459894 0.848582 0.261547
v -0.838710 2.152280 3.302419
vt 0.100000 0.050000
vn -0.210884 0.857897 0.468551
f 3184/3184/3184 3185/3185/3185 3186/3186/3186
v -0.471774 2.227851 3.669355
vt 0.150000 0.000000
vn -0.544955 0.819249 0.178482
v -0.104839 2.572682 3.669355
vt 0.200000 0.000000
vn -0.689138 0.722593 0.054299
v -0.104839 2.579922 3.302419
vt 0.200000 0.050000
vn -0.657103 0.749506 0.080357
f 3187/3187/3187 3188/3188/3188 3189/3189/3189
v -0.471774 2.227851 3.669355
vt 0.150000 0.000000
vn -0.544955 0.819249 0.178482
v -0.104839 2.579922 3.302419
vt 0.200000 0.050000
vn -0.657103 0.749506 0.080357
v -0.471774 2.293173 3.302419
vt 0.150000 0.050000
vn -0.459894 0.848582 0.261547
f 3190/3190/3190 3191/3191/3191 3192/3192/3192
v -0.104839 2.572682 3.669355
vt 0.200000 0.000000
vn -0.689138 0.722593 0.054299
v 0.262097 2.950326 3.669355
vt 0.250000 0.000000
vn -0.691590 0.716168 0.093839
v 0.262097 2.978719 3.302419
vt 0.250000 0.050000
vn -0.710486 0.700918 0.062640
f 3193/3193/3193 3194/3194/3194 3195/3195/3195
v -0.104839 2.572682 3.669355
vt 0.200000 0.000000
vn -0.689138 0.722593 0.054299
v 0.262097 2.978719 3.302419
vt 0.250000 0.050000
vn -0.710486 0.700918 0.062640
v -0.104839 2.579922 3.302419
vt 0.200000 0.050000
vn -0.657103 0.749506 0.080357
f 3196/3196/3196 3197/3197/3197 3198/3198/3198
v 0.262097 2.950326 3.669355
vt 0.250000 0.000000
vn -0.691590 0.716168 0.093839
v 0.629032 3.221807 3.669355
vt 0.300000 0.000000
vn -0.458693 0.836725 0.299153
v 0.629032 3.349188 3.302419
vt 0.300000 0.050000
vn -0.532550 0.809980 0.245608
f 3199/3199/3199 3200/3200/3200 3201/3201/3201
v 0.262097 2.950326 3.669355
vt 0.250000 0.000000
vn -0.691590 0.716168 0.093839
v 0.629032 3.349188 3.302419
vt 0.300000 0.050000
vn -0.532550 0.809980 0.245608
v 0.262097 2.978719 3.302419
vt 0.250000 0.050000
vn -0.710486 0.700918 0.062640
f 3202/3202/3202 3203/3203/3203 3204/3204/3204
v 0.629032 3.221807 3.669355
vt 0.300000 0.000000
vn -0.458693 0.836725 0.299153
v 0.995968 3.251184 3.669355
vt 0.350000 0.000000
vn 0.139758 0.849226 0.509199
v 0.995968 3.489613 3.302419
vt 0.350000 0.050000
vn 0.003010 0.877368 0.479809
f 3205/3205/3205 3206/3206/3206 3207/3207/3207
v 0.629032 3.221807 3.669355
vt 0.300000 0.000000
vn -0.458693 0.836725 0.299153
v 0.995968 3.489613 3.302419
vt 0.350000 0.050000
vn 0.003010 0.877368 0.479809
v 0.629032 3.349188 3.302419
vt 0.300000 0.050000
vn -0.532550 0.809980 0.245608
f 3208/3208/3208 3209/3209/3209 3210/3210/3210
v 0.995968 3.251184 3.669355
vt 0.350000 0.000000
vn 0.139758 0.849226 0.509199
v 1.362903 3.022406 3.669355
vt 0.400000 0.000000
vn 0.534409 0.691515 0.486019
v 1.362903 3.300022 3.302419
vt 0.400000 0.050000
vn 0.507853 0.704833 0.495273
f 3211/3211/3211 3212/3212/3212 3213/3213/3213
v 0.995968 3.251184 3.669355
vt 0.350000 0.000000
vn 0.139758 0.849226 0.509199
v 1.362903 3.300022 3.302419
vt 0.400000 0.050000
vn 0.507853 0.704833 0.495273
v 0.995968 3.489613 3.302419
vt 0.350000 0.050000
vn 0.003010 0.877368 0.479809
f 3214/3214/3214 3215/3215/3215 3216/3216/3216
v 1.362903 3.022406 3.669355
vt 0.400000 0.000000
vn 0.534409 0.691515 0.486019
v 1.729839 2.705517 3.669355
vt 0.450000 0.000000
vn 0.459872 0.748117 0.478370
v 1.729839 2.943504 3.302419
vt 0.450000 0.050000
vn 0.508855 0.719287 0.472961
f 3217/3217/3217 3218/3218/3218 3219/3219/3219
v 1.362903 3.022406 3.669355
vt 0.400000 0.000000
vn 0.534409 0.691515 0.486019
v 1.729839 2.943504 3.302419
vt 0.450000 0.050000
vn 0.508855 0.719287 0.472961
v 1.362903 3.300022 3.302419
vt 0.400000 0.050000
vn 0.507853 0.704833 0.495273
f 3220/3220/3220 3221/3221/3221 3222/3222/3222
v 1.729839 2.705517 3.669355
vt 0.450000 0.000000
vn 0.459872 0.748117 0.478370
v 2.096774 2.558065 3.669355
vt 0.500000 0.000000
vn -0.000000 0.855869 0.517193
v 2.096774 2.763548 3.302419
vt 0.500000 0.050000
vn -0.000000 0.853451 0.521173
f 3223/3223/3223 3224/3224/3224 3225/3225/3225
v 1.729839 2.705517 3.669355
vt 0.450000 0.000000
vn 0.459872 0.748117 0.478370
v 2.096774 2.763548 3.302419
vt 0.500000 0.050000
vn -0.000000 0.853451 0.521173
v 1.729839 2.943504 3.302419
vt 0.450000 0.050000
vn 0.508855 0.719287 0.472961
f 3226/3226/3226 3227/3227/3227 3228/3228/3228
v 2.096774 2.558065 3.669355
vt 0.500000 0.000000
vn -0.000000 0.855869 0.517193
v 2.463710 2.705517 3.669355
vt 0.550000 0.000000
vn -0.459872 0.748117 0.478371
v 2.463710 2.943504 3.302419
vt 0.550000 0.050000
vn -0.508855 0.719287 0.472961
f 3229/3229/3229 3230/3230/3230 3231/3231/3231
v 2.096774 2.558065 3.669355
vt 0.500000 0.000000
vn -0.000000 0.855869 0.517193
v 2.463710 2.943504 3.302419
vt 0.550000 0.050000
vn -0.508855 0.719287 0.472961
v 2.096774 2.763548 3.302419
vt 0.500000 0.050000
vn -0.000000 0.853451 0.521173
f 3232/3232/3232 3233/3233/3233 3234/3234/3234
v 2.463710 2.705517 3.669355
vt 0.550000 0.000000
vn -0.459872 0.748117 0.478371
v 2.830645 3.022406 3.669355
vt 0.600000 0.000000
vn -0.534409 0.691515 0.486019
v 2.830645 3.300022 3.302419
vt 0.600000 0.050000
vn -0.507853 0.704833 0.495273
f 3235/3235/3235 3236/3236/3236 3237/3237/3237
v 2.463710 2.705517 3.669355
vt 0.550000 0.000000
vn -0.459872 0.748117 0.478371
v 2.830645 3.300022 3.302419
vt 0.600000 0.050000
vn -0.507853 0.704833 0.495273
v 2.463710 2.943504 3.302419
vt 0.550000 0.050000
vn -0.508855 0.719287 0.472961
f 3238/3238/3238 3239/3239/3239 3240/3240/3240
v 2.830645 3.022406 3.669355
vt 0.600000 0.000000
vn -0.534409 0.691515 0.486019
v 3.197581 3.251184 3.669355
vt 0.650000 0.000000
vn -0.139758 0.849226 0.509199
v 3.197581 3.489613 3.302419
vt 0.650000 0.050000
vn -0.003010 0.877368 0.479809
f 3241/3241/3241 3242/3242/3242 3243/3243/3243
v 2.830645 3.022406 3.669355
vt 0.600000 0.000000
vn -0.534409 0.691515 0.486019
v 3.197581 3.489613 3.302419
vt 0.650000 0.050000
vn -0.003010 0.877368 0.479809
v 2.830645 3.300022 3.302419
vt 0.600000 0.050000
vn -0.507853 0.704833 0.495273
f 3244/3244/3244 3245/3245/3245 3246/3246/3246
v 3.197581 3.251184 3.669355
vt 0.650000 0.000000
vn -0.139758 0.849226 0.509199
v 3.564516 3.221807 3.669355
vt 0.700000 0.000000
vn 0.458693 0.836725 0.299153
v 3.564516 3.349188 3.302419
vt 0.700000 0.050000
vn 0.532550 0.809980 0.245608
f 3247/3247/3247 3248/3248/3248 3249/3249/3249
v 3.197581 3.251184 3.669355
vt 0.650000 0.000000
vn -0.139758 0.849226 0.509199
v 3.564516 3.349188 3.302419
vt 0.700000 0.050000
vn 0.532550 0.809980 0.245608
v 3.197581 3.489613 3.302419
vt 0.650000 0.050000
vn -0.003010 0.877368 0.479809
f 3250/3250/3250 3251/3251/3251 3252/3252/3252
v 3.564516 3.221807 3.669355
vt 0.700000 0.000000
vn 0.458693 0.836725 0.299153
v 3.931452 2.950326 3.669355
vt 0.750000 0.000000
vn 0.691591 0.716168 0.093839
v 3.931452 2.978719 3.302419
vt 0.750000 0.050000
vn 0.710486 0.700918 0.062640
f 3253/3253/3253 3254/3254/3254 3255/3255/3255
v 3.564516 3.221807 3.669355
vt 0.700000 0.000000
vn 0.458693 0.836725 0.299153
v 3.931452 2.978719 3.302419
vt 0.750000 0.050000
vn 0.710486 0.700918 0.062640
v 3.564516 3.349188 3.302419
vt 0.700000 0.050000
vn 0.532550 0.809980 0.245608
f 3256/3256/3256 3257/3257/3257 3258/3258/3258
v 3.931452 2.950326 3.669355
vt 0.750000 0.000000
vn 0.691591 0.716168 0.093839
v 4.298387 2.572682 3.669355
vt 0.800000 0.000000
vn 0.689138 0.722593 0.054298
v 4.298387 2.579922 3.302419
vt 0.800000 0.050000
vn 0.657103 0.749505 0.080356
f 3259/3259/3259 3260/3260/3260 3261/3261/3261
v 3.931452 2.950326 3.669355
vt 0.750000 0.000000
vn 0.691591 0.716168 0.093839
v 4.298387 2.579922 3.302419
vt 0.800000 0.050000
vn 0.657103 0.749505 0.080356
v 3.931452 2.978719 3.302419
vt 0.750000 0.050000
vn 0.710486 0.700918 0.062640
f 3262/3262/3262 3263/3263/3263 3264/3264/3264
v 4.298387 2.572682 3.669355
vt 0.800000 0.000000
vn 0.689138 0.722593 0.054298
v 4.665322 2.227851 3.669355
vt 0.850000 0.000000
vn 0.544955 0.819249 0.178482
v 4.665322 2.293173 3.302419
vt 0.850000 0.050000
vn 0.459894 0.848582 0.261547
f 3265/3265/3265 3266/3266/3266 3267/3267/3267
v 4.298387 2.572682 3.669355
vt 0.800000 0.000000
vn 0.689138 0.722593 0.054298
v 4.665322 2.293173 3.302419
vt 0.850000 0.050000
vn 0.459894 0.848582 0.261547
v 4.298387 2.579922 3.302419
vt 0.800000 0.050000
vn 0.657103 0.749505 0.080356
f 3268/3268/3268 3269/3269/3269 3270/3270/3270
v 4.665322 2.227851 3.669355
vt 0.850000 0.000000
vn 0.544955 0.819249 0.178482
v 5.032258 1.990684 3.669355
vt 0.900000 0.000000
vn 0.300074 0.869678 0.391938
v 5.032258 2.152280 3.302419
vt 0.900000 0.050000
vn 0.210884 0.857897 0.468551
f 3271/3271/3271 3272/3272/3272 3273/3273/3273
v 4.665322 2.227851 3.669355
vt 0.850000 0.000000
vn 0.544955 0.819249 0.178482
v 5.032258 2.152280 3.302419
vt 0.900000 0.050000
vn 0.210884 0.857897 0.468551
v 4.665322 2.293173 3.302419
vt 0.850000 0.050000
vn 0.459894 0.848582 0.261547
f 3274/3274/3274 3275/3275/3275 3276/3276/3276
v 5.032258 1.990684 3.669355
vt 0.900000 0.000000
vn 0.300074 0.869678 0.391938
v 5.399194 1.868666 3.669355
vt 0.950000 0.000000
vn 0.095169 0.827814 0.552872
v 5.399194 2.120347 3.302419
vt 0.950000 0.050000
vn 0.036554 0.797795 0.601819
f 3277/3277/3277 3278/3278/3278 3279/3279/3279
v 5.032258 1.990684 3.669355
vt 0.900000 0.000000
vn 0.300074 0.869678 0.391938
v 5.399194 2.120347 3.302419
vt 0.950000 0.050000
vn 0.036554 0.797795 0.601819
v 5.032258 2.152280 3.302419
vt 0.900000 0.050000
vn 0.210884 0.857897 0.468551
f 3280/3280/3280 3281/3281/3281 3282/3282/3282
v 5.399194 1.868666 3.669355
vt 0.950000 0.000000
vn 0.095169 0.827814 0.552872
v 5.766129 1.829749 3.669355
vt 1.000000 0.000000
vn 0.021967 0.794320 0.607103
v 5.766129 2.138969 3.302419
vt 1.000000 0.050000
vn -0.017593 0.763979 0.645002
f 3283/3283/3283 3284/3284/3284 3285/3285/3285
v 5.399194 1.868666 3.669355
vt 0.950000 0.000000
vn 0.095169 0.827814 0.552872
v 5.766129 2.138969 3.302419
vt 1.000000 0.050000
vn -0.017593 0.763979 0.645002
v 5.399194 2.120347 3.302419
vt 0.950000 0.050000
vn 0.036554 0.797795 0.601819
f 3286/3286/3286 3287/3287/3287 3288/3288/3288
v -1.572581 2.138969 3.302419
vt 0.000000 0.050000
vn 0.017593 0.763979 0.645002
v -1.205645 2.120347 3.302419
vt 0.050000 0.050000
vn -0.036554 0.797795 0.601820
v -1.205645 2.451477 2.935484
vt 0.050000 0.100000
vn 0.048377 0.733870 0.677565
f 3289/3289/3289 3290/3290/3290 3291/3291/3291
v -1.572581 2.138969 3.302419
vt 0.000000 0.050000
vn 0.017593 0.763979 0.645002
v -1.205645 2.451477 2.935484
vt 0.050000 0.100000
vn 0.048377 0.733870 0.677565
v -1.572581 2.488411 2.935484
vt 0.000000 0.100000
vn 0.042403 0.725591 0.686819
f 3292/3292/3292 3293/3293/3293 3294/3294/3294
v -1.205645 2.120347 3.302419
vt 0.050000 0.050000
vn -0.036554 0.797795 0.601820
v -0.838710 2.152280 3.302419
vt 0.100000 0.050000
vn -0.210884 0.857897 0.468551
v -0.838710 2.410945 2.935484
vt 0.100000 0.100000
vn -0.014514 0.786647 0.617232
f 3295/3295/3295 3296/3296/3296 3297/3297/3297
v -1.205645 2.120347 3.302419
vt 0.050000 0.050000
vn -0.036554 0.797795 0.601820
v -0.838710 2.410945 2.935484
vt 0.100000 0.100000
vn -0.014514 0.786647 0.617232
v -1.205645 2.451477 2.935484
vt 0.050000 0.100000
vn 0.048377 0.733870 0.677565
f 3298/3298/3298 3299/3299/3299 3300/3300/3300
v -0.838710 2.152280 3.302419
vt 0.100000 0.050000
vn -0.210884 0.857897 0.468551
v -0.471774 2.293173 3.302419
vt 0.150000 0.050000
vn -0.459894 0.848582 0.261547
v -0.471774 2.435835 2.935484
vt 0.150000 0.100000
vn -0.238134 0.860052 0.451224
f 3301/3301/3301 3302/3302/3302 3303/3303/3303
v -0.838710 2.152280 3.302419
vt 0.100000 0.050000
vn -0.210884 0.857897 0.468551
v -0.471774 2.435835 2.935484
vt 0.150000 0.100000
vn -0.238134 0.860052 0.451224
v -0.838710 2.410945 2.935484
vt 0.100000 0.100000
vn -0.014514 0.786647 0.617232
f 3304/3304/3304 3305/3305/3305 3306/3306/3306
v -0.471774 2.293173 3.302419
vt 0.150000 0.050000
vn -0.459894 0.848582 0.261547
v -0.104839 2.579922 3.302419
vt 0.200000 0.050000
vn -0.657103 0.749506 0.080357
v -0.104839 2.607740 2.935484
vt 0.200000 0.100000
vn -0.530650 0.823346 0.201275
f 3307/3307/3307 3308/3308/3308 3309/3309/3309
v -0.471774 2.293173 3.302419
vt 0.150000 0.050000
vn -0.459894 0.848582 0.261547
v -0.104839 2.607740 2.935484
vt 0.200000 0.100000
vn -0.530650 0.823346 0.201275
v -0.471774 2.435835 2.935484
vt 0.150000 0.100000
vn -0.238134 0.860052 0.451224
f 3310/3310/3310 3311/3311/3311 3312/3312/3312
v -0.104839 2.579922 3.302419
vt 0.200000 0.050000
vn -0.657103 0.749506 0.080357
v 0.262097 2.978719 3.302419
vt 0.250000 0.050000
vn -0.710486 0.700918 0.062640
v 0.262097 2.963802 2.935484
vt 0.250000 0.100000
vn -0.716309 0.697167 0.029333
f 3313/3313/3313 3314/3314/3314 3315/3315/3315
v -0.104839 2.579922 3.302419
vt 0.200000 0.050000
vn -0.657103 0.749506 0.080357
v 0.262097 2.963802 2.935484
vt 0.250000 0.100000
vn -0.716309 0.697167 0.029333
v -0.104839 2.607740 2.935484
vt 0.200000 0.100000
vn -0.530650 0.823346 0.201275
f 3316/3316/3316 3317/3317/3317 3318/3318/3318
v 0.262097 2.978719 3.302419
vt 0.250000 0.050000
vn -0.710486 0.700918 0.062640
v 0.629032 3.349188 3.302419
vt 0.300000 0.050000
vn -0.532550 0.809980 0.245608
v 0.629032 3.409802 2.935484
vt 0.300000 0.100000
vn -0.680165 0.724159 0.113881
f 3319/3319/3319 3320/3320/3320 3321/3321/3321
v 0.262097 2.978719 3.302419
vt 0.250000 0.050000
vn -0.710486 0.700918 0.062640
v 0.629032 3.409802 2.935484
vt 0.300000 0.100000
vn -0.680165 0.724159 0.113881
v 0.262097 2.963802 2.935484
vt 0.250000 0.100000
vn -0.716309 0.697167 0.029333
f 3322/3322/3322 3323/3323/3323 3324/3324/3324
v 0.629032 3.349188 3.302419
vt 0.300000 0.050000
vn -0.532550 0.809980 0.245608
v 0.995968 3.489613 3.302419
vt 0.350000 0.050000
vn 0.003010 0.877368 0.479809
v 0.995968 3.694359 2.935484
vt 0.350000 0.100000
vn -0.230132 0.888189 0.397692
f 3325/3325/3325 3326/3326/3326 3327/3327/3327
v 0.629032 3.349188 3.302419
vt 0.300000 0.050000
vn -0.532550 0.809980 0.245608
v 0.995968 3.694359 2.935484
vt 0.350000 0.100000
vn -0.230132 0.888189 0.397692
v 0.629032 3.409802 2.935484
vt 0.300000 0.100000
vn -0.680165 0.724159 0.113881
f 3328/3328/3328 3329/3329/3329 3330/3330/3330
v 0.995968 3.489613 3.302419
vt 0.350000 0.050000
vn 0.003010 0.877368 0.479809
v 1.362903 3.300022 3.302419
vt 0.400000 0.050000
vn 0.507853 0.704833 0.495273
v 1.362903 3.586213 2.935484
vt 0.400000 0.100000
vn 0.448806 0.739646 0.501495
f 3331/3331/3331 3332/3332/3332 3333/3333/3333
v 0.995968 3.489613 3.302419
vt 0.350000 0.050000
vn 0.003010 0.877368 0.479809
v 1.362903 3.586213 2.935484
vt 0.400000 0.100000
vn 0.448806 0.739646 0.501495
v 0.995968 3.694359 2.935484
vt 0.350000 0.100000
vn -0.230132 0.888189 0.397692
f 3334/3334/3334 3335/3335/3335 3336/3336/3336
v 1.362903 3.300022 3.302419
vt 0.400000 0.050000
vn 0.507853 0.704833 0.495273
v 1.729839 2.943504 3.302419
vt 0.450000 0.050000
vn 0.508855 0.719287 0.472961
v 1.729839 3.192585 2.935484
vt 0.450000 0.100000
vn 0.561315 0.684484 0.465196
f 3337/3337/3337 3338/3338/3338 3339/3339/3339
v 1.362903 3.300022 3.302419
vt 0.400000 0.050000
vn 0.507853 0.704833 0.495273
v 1.729839 3.192585 2.935484
vt 0.450000 0.100000
vn 0.561315 0.684484 0.465196
v 1.362903 3.586213 2.935484
vt 0.400000 0.100000
vn 0.448806 0.739646 0.501495
f 3340/3340/3340 3341/3341/3341 3342/3342/3342
v 1.729839 2.943504 3.302419
vt 0.450000 0.050000
vn 0.508855 0.719287 0.472961
v 2.096774 2.763548 3.302419
vt 0.500000 0.050000
vn -0.000000 0.853451 0.521173
v 2.096774 2.969032 2.935484
vt 0.500000 0.100000
vn -0.000000 0.846729 0.532025
f 3343/3343/3343 3344/3344/3344 3345/3345/3345
v 1.729839 2.943504 3.302419
vt 0.450000 0.050000
vn 0.508855 0.719287 0.472961
v 2.096774 2.969032 2.935484
vt 0.500000 0.100000
vn -0.000000 0.846729 0.532025
v 1.729839 3.192585 2.935484
vt 0.450000 0.100000
vn 0.561315 0.684484 0.465196
f 3346/3346/3346 3347/3347/3347 3348/3348/3348
v 2.096774 2.763548 3.302419
vt 0.500000 0.050000
vn -0.000000 0.853451 0.521173
v 2.463710 2.943504 3.302419
vt 0.550000 0.050000
vn -0.508855 0.719287 0.472961
v 2.463710 3.192585 2.935484
vt 0.550000 0.100000
vn -0.561315 0.684484 0.465196
f 3349/3349/3349 3350/3350/3350 3351/3351/3351
v 2.096774 2.763548 3.302419
vt 0.500000 0.050000
vn -0.000000 0.853451 0.521173
v 2.463710 3.192585 2.935484
vt 0.550000 0.100000
vn -0.561315 0.684484 0.465196
v 2.096774 2.969032 2.935484
vt 0.500000 0.100000
vn -0.000000 0.846729 0.532025
f 3352/3352/3352 3353/3353/3353 3354/3354/3354
v 2.463710 2.943504 3.302419
vt 0.550000 0.050000
vn -0.508855 0.719287 0.472961
v 2.830645 3.300022 3.302419
vt 0.600000 0.050000
vn -0.507853 0.704833 0.495273
v 2.830645 3.586213 2.935484
vt 0.600000 0.100000
vn -0.448806 0.739646 0.501495
f 3355/3355/3355 3356/3356/3356 3357/3357/3357
v 2.463710 2.943504 3.302419
vt 0.550000 0.050000
vn -0.508855 0.719287 0.472961
v 2.830645 3.586213 2.935484
vt 0.600000 0.100000
vn -0.448806 0.739646 0.501495
v 2.463710 3.192585 2.935484
vt 0.550000 0.100000
vn -0.561315 0.684484 0.465196
f 3358/3358/3358 3359/3359/3359 3360/3360/3360
v 2.830645 3.300022 3.302419
vt 0.600000 0.050000
vn -0.507853 0.704833 0.495273
v 3.197581 3.489613 3.302419
vt 0.650000 0.050000
vn -0.003010 0.877368 0.479809
v 3.197581 3.694359 2.935484
vt 0.650000 0.100000
vn 0.230132 0.888189 0.397693
f 3361/3361/3361 3362/3362/3362 3363/3363/3363
v 2.830645 3.300022 3.302419
vt 0.600000 0.050000
vn -0.507853 0.704833 0.495273
v 3.197581 3.694359 2.935484
vt 0.650000 0.100000
vn 0.230132 0.888189 0.397693
v 2.830645 3.586213 2.935484
vt 0.600000 0.100000
vn -0.448806 0.739646 0.501495
f 3364/3364/3364 3365/3365/3365 3366/3366/3366
v 3.197581 3.489613 3.302419
vt 0.650000 0.050000
vn -0.003010 0.877368 0.479809
v 3.564516 3.349188 3.302419
vt 0.700000 0.050000
vn 0.532550 0.809980 0.245608
v 3.564516 3.409802 2.935484
vt 0.700000 0.100000
vn 0.680165 0.724159 0.113881
f 3367/3367/3367 3368/3368/3368 3369/3369/3369
v 3.197581 3.489613 3.302419
vt 0.650000 0.050000
vn -0.003010 0.877368 0.479809
v 3.564516 3.409802 2.935484
vt 0.700000 0.100000
vn 0.680165 0.724159 0.113881
v 3.197581 3.694359 2.935484
vt 0.650000 0.100000
vn 0.230132 0.888189 0.397693
f 3370/3370/3370 3371/3371/3371 3372/3372/3372
v 3.564516 3.349188 3.302419
vt 0.700000 0.050000
vn 0.532550 0.809980 0.245608
v 3.931452 2.978719 3.302419
vt 0.750000 0.050000
vn 0.710486 0.700918 0.062640
v 3.931452 2.963802 2.935484
vt 0.750000 0.100000
vn 0.716309 0.697167 0.029333
f 3373/3373/3373 3374/3374/3374 3375/3375/3375
v 3.564516 3.349188 3.302419
vt 0.700000 0.050000
vn 0.532550 0.809980 0.245608
v 3.931452 2.963802 2.935484
vt 0.750000 0.100000
vn 0.716309 0.697167 0.029333
v 3.564516 3.409802 2.935484
vt 0.700000 0.100000
vn 0.680165 0.724159 0.113881
f 3376/3376/3376 3377/3377/3377 3378/3378/3378
v 3.931452 2.978719 3.302419
vt 0.750000 0.050000
vn 0.710486 0.700918 0.062640
v 4.298387 2.579922 3.302419
vt 0.800000 0.050000
vn 0.657103 0.749505 0.080356
v 4.298387 2.607740 2.935484
vt 0.800000 0.100000
vn 0.530650 0.823346 0.201275
f 3379/3379/3379 3380/3380/3380 3381/3381/3381
v 3.931452 2.978719 3.302419
vt 0.750000 0.050000
vn 0.710486 0.700918 0.062640
v 4.298387 2.607740 2.935484
vt 0.800000 0.100000
vn 0.530650 0.823346 0.201275
v 3.931452 2.963802 2.935484
vt 0.750000 0.100000
vn 0.716309 0.697167 0.029333
f 3382/3382/3382 3383/3383/3383 3384/3384/3384
v 4.298387 2.579922 3.302419
vt 0.800000 0.050000
vn 0.657103 0.749505 0.080356
v 4.665322 2.293173 3.302419
vt 0.850000 0.050000
vn 0.459894 0.848582 0.261547
v 4.665322 2.435835 2.935484
vt 0.850000 0.100000
vn 0.238133 0.860052 0.451224
f 3385/3385/3385 3386/3386/3386 3387/3387/3387
v 4.298387 2.579922 3.302419
vt 0.800000 0.050000
vn 0.657103 0.749505 0.080356
v 4.665322 2.435835 2.935484
vt 0.850000 0.100000
vn 0.238133 0.860052 0.451224
v 4.298387 2.607740 2.935484
vt 0.800000 0.100000
vn 0.530650 0.823346 0.201275
f 3388/3388/3388 3389/3389/3389 3390/3390/3390
v 4.665322 2.293173 3.302419
vt 0.850000 0.050000
vn 0.459894 0.848582 0.261547
v 5.032258 2.152280 3.302419
vt 0.900000 0.050000
vn 0.210884 0.857897 0.468551
v 5.032258 2.410945 2.935484
vt 0.900000 0.100000
vn 0.014513 0.786647 0.617232
f 3391/3391/3391 3392/3392/3392 3393/3393/3393
v 4.665322 2.293173 3.302419
vt 0.850000 0.050000
vn 0.459894 0.848582 0.261547
v 5.032258 2.410945 2.935484
vt 0.900000 0.100000
vn 0.014513 0.786647 0.617232
v 4.665322 2.435835 2.935484
vt 0.850000 0.100000
vn 0.238133 0.860052 0.451224
f 3394/3394/3394 3395/3395/3395 3396/3396/3396
v 5.032258 2.152280 3.302419
vt 0.900000 0.050000
vn 0.210884 0.857897 0.468551
v 5.399194 2.120347 3.302419
vt 0.950000 0.050000
vn 0.036554 0.797795 0.601819
v 5.399194 2.451477 2.935484
vt 0.950000 0.100000
vn -0.048377 0.733870 0.677565
f 3397/3397/3397 3398/3398/3398 3399/3399/3399
v 5.032258 2.152280 3.302419
vt 0.900000 0.050000
vn 0.210884 0.857897 0.468551
v 5.399194 2.451477 2.935484
vt 0.950000 0.100000
vn -0.048377 0.733870 0.677565
v 5.032258 2.410945 2.935484
vt 0.900000 0.100000
vn 0.014513 0.786647 0.617232
f 3400/3400/3400 3401/3401/3401 3402/3402/3402
v 5.399194 2.120347 3.302419
vt 0.950000 0.050000
vn 0.036554 0.797795 0.601819
v 5.766129 2.138969 3.302419
vt 1.000000 0.050000
vn -0.017593 0.763979 0.645002
v 5.766129 2.488411 2.935484
vt 1.000000 0.100000
vn -0.042403 0.725591 0.686819
f 3403/3403/3403 3404/3404/3404 3405/3405/3405
v 5.399194 2.120347 3.302419
vt 0.950000 0.050000
vn 0.036554 0.797795 0.601819
v 5.766129 2.488411 2.935484
vt 1.000000 0.100000
vn -0.042403 0.725591 0.686819
v 5.399194 2.451477 2.935484
vt 0.950000 0.100000
vn -0.048377 0.733870 0.677565
f 3406/3406/3406 3407/3407/3407 3408/3408/3408
v -1.572581 2.488411 2.935484
vt 0.000000 0.100000
vn 0.042403 0.725591 0.686819
v -1.205645 2.451477 2.935484
vt 0.050000 0.100000
vn 0.048377 0.733870 0.677565
v -1.205645 2.826776 2.568548
vt 0.050000 0.150000
vn 0.008605 0.732252 0.680979
f 3409/3409/3409 3410/3410/3410 3411/3411/3411
v -1.572581 2.488411 2.935484
vt 0.000000 0.100000
vn 0.042403 0.725591 0.686819
v -1.205645 2.826776 2.568548
vt 0.050000 0.150000
vn 0.008605 0.732252 0.680979
v -1.572581 2.820908 2.568548
vt 0.000000 0.150000
vn -0.046644 0.756545 0.652276
f 3412/3412/3412 3413/3413/3413 3414/3414/3414
v -1.205645 2.451477 2.935484
vt 0.050000 0.100000
vn 0.048377 0.733870 0.677565
v -0.838710 2.410945 2.935484
vt 0.100000 0.100000
vn -0.014514 0.786647 0.617232
v -0.838710 2.770266 2.568548
vt 0.100000 0.150000
vn 0.080793 0.708663 0.700906
f 3415/3415/3415 3416/3416/3416 3417/3417/3417
v -1.205645 2.451477 2.935484
vt 0.050000 0.100000
vn 0.048377 0.733870 0.677565
v -0.838710 2.770266 2.568548
vt 0.100000 0.150000
vn 0.080793 0.708663 0.700906
v -1.205645 2.826776 2.568548
vt 0.050000 0.150000
vn 0.008605 0.732252 0.680979
f 3418/3418/3418 3419/3419/3419 3420/3420/3420
v -0.838710 2.410945 2.935484
vt 0.100000 0.100000
vn -0.014514 0.786647 0.617232
v -0.471774 2.435835 2.935484
vt 0.150000 0.100000
vn -0.238134 0.860052 0.451224
v -0.471774 2.701543 2.568548
vt 0.150000 0.150000
vn 0.006744 0.774624 0.632386
f 3421/3421/3421 3422/3422/3422 3423/3423/3423
v -0.838710 2.410945 2.935484
vt 0.100000 0.100000
vn -0.014514 0.786647 0.617232
v -0.471774 2.701543 2.568548
vt 0.150000 0.150000
vn 0.006744 0.774624 0.632386
v -0.838710 2.770266 2.568548
vt 0.100000 0.150000
vn 0.080793 0.708663 0.700906
f 3424/3424/3424 3425/3425/3425 3426/3426/3426
v -0.471774 2.435835 2.935484
vt 0.150000 0.100000
vn -0.238134 0.860052 0.451224
v -0.104839 2.607740 2.935484
vt 0.200000 0.100000
vn -0.530650 0.823346 0.201275
v -0.104839 2.720305 2.568548
vt 0.200000 0.150000
vn -0.282731 0.860930 0.422922
f 3427/3427/3427 3428/3428/3428 3429/3429/3429
v -0.471774 2.435835 2.935484
vt 0.150000 0.100000
vn -0.238134 0.860052 0.451224
v -0.104839 2.720305 2.568548
vt 0.200000 0.150000
vn -0.282731 0.860930 0.422922
v -0.471774 2.701543 2.568548
vt 0.150000 0.150000
vn 0.006744 0.774624 0.632386
f 3430/3430/3430 3431/3431/3431 3432/3432/3432
v -0.104839 2.607740 2.935484
vt 0.200000 0.100000
vn -0.530650 0.823346 0.201275
v 0.262097 2.963802 2.935484
vt 0.250000 0.100000
vn -0.716309 0.697167 0.029333
v 0.262097 2.944133 2.568548
vt 0.250000 0.150000
vn -0.614023 0.778976 0.127174
f 3433/3433/3433 3434/3434/3434 3435/3435/3435
v -0.104839 2.607740 2.935484
vt 0.200000 0.100000
vn -0.530650 0.823346 0.201275
v 0.262097 2.944133 2.568548
vt 0.250000 0.150000
vn -0.614023 0.778976 0.127174
v -0.104839 2.720305 2.568548
vt 0.200000 0.150000
vn -0.282731 0.860930 0.422922
f 3436/3436/3436 3437/3437/3437 3438/3438/3438
v 0.262097 2.963802 2.935484
vt 0.250000 0.100000
vn -0.716309 0.697167 0.029333
v 0.629032 3.409802 2.935484
vt 0.300000 0.100000
vn -0.680165 0.724159 0.113881
v 0.629032 3.392395 2.568548
vt 0.300000 0.150000
vn -0.753901 0.656897 0.010893
f 3439/3439/3439 3440/3440/3440 3441/3441/3441
v 0.262097 2.963802 2.935484
vt 0.250000 0.100000
vn -0.716309 0.697167 0.029333
v 0.629032 3.392395 2.568548
vt 0.300000 0.150000
vn -0.753901 0.656897 0.010893
v 0.262097 2.944133 2.568548
vt 0.250000 0.150000
vn -0.614023 0.778976 0.127174
f 3442/3442/3442 3443/3443/3443 3444/3444/3444
v 0.629032 3.409802 2.935484
vt 0.300000 0.100000
vn -0.680165 0.724159 0.113881
v 0.995968 3.694359 2.935484
vt 0.350000 0.100000
vn -0.230132 0.888189 0.397692
v 0.995968 3.834868 2.568548
vt 0.350000 0.150000
vn -0.480881 0.835947 0.264472
f 3445/3445/3445 3446/3446/3446 3447/3447/3447
v 0.629032 3.409802 2.935484
vt 0.300000 0.100000
vn -0.680165 0.724159 0.113881
v 0.995968 3.834868 2.568548
vt 0.350000 0.150000
vn -0.480881 0.835947 0.264472
v 0.629032 3.392395 2.568548
vt 0.300000 0.150000
vn -0.753901 0.656897 0.010893
f 3448/3448/3448 3449/3449/3449 3450/3450/3450
v 0.995968 3.694359 2.935484
vt 0.350000 0.100000
vn -0.230132 0.888189 0.397692
v 1.362903 3.586213 2.935484
vt 0.400000 0.100000
vn 0.448806 0.739646 0.501495
v 1.362903 3.873452 2.568548
vt 0.400000 0.150000
vn 0.285536 0.821862 0.492963
f 3451/3451/3451 3452/3452/3452 3453/3453/3453
v 0.995968 3.694359 2.935484
vt 0.350000 0.100000
vn -0.230132 0.888189 0.397692
v 1.362903 3.873452 2.568548
vt 0.400000 0.150000
vn 0.285536 0.821862 0.492963
v 0.995968 3.834868 2.568548
vt 0.350000 0.150000
vn -0.480881 0.835947 0.264472
f 3454/3454/3454 3455/3455/3455 3456/3456/3456
v 1.362903 3.586213 2.935484
vt 0.400000 0.100000
vn 0.448806 0.739646 0.501495
v 1.729839 3.192585 2.935484
vt 0.450000 0.100000
vn 0.561315 0.684484 0.465196
v 1.729839 3.457857 2.568548
vt 0.450000 0.150000
vn 0.610802 0.647483 0.455727
f 3457/3457/3457 3458/3458/3458 3459/3459/3459
v 1.362903 3.586213 2.935484
vt 0.400000 0.100000
vn 0.448806 0.739646 0.501495
v 1.729839 3.457857 2.568548
vt 0.450000 0.150000
vn 0.610802 0.647483 0.455727
v 1.362903 3.873452 2.568548
vt 0.400000 0.150000
vn 0.285536 0.821862 0.492963
f 3460/3460/3460 3461/3461/3461 3462/3462/3462
v 1.729839 3.192585 2.935484
vt 0.450000 0.100000
vn 0.561315 0.684484 0.465196
v 2.096774 2.969032 2.935484
vt 0.500000 0.100000
vn -0.000000 0.846729 0.532025
v 2.096774 3.174516 2.568548
vt 0.500000 0.150000
vn -0.000000 0.836942 0.547292
f 3463/3463/3463 3464/3464/3464 3465/3465/3465
v 1.729839 3.192585 2.935484
vt 0.450000 0.100000
vn 0.561315 0.684484 0.465196
v 2.096774 3.174516 2.568548
vt 0.500000 0.150000
vn -0.000000 0.836942 0.547292
v 1.729839 3.457857 2.568548
vt 0.450000 0.150000
vn 0.610802 0.647483 0.455727
f 3466/3466/3466 3467/3467/3467 3468/3468/3468
v 2.096774 2.969032 2.935484
vt 0.500000 0.100000
vn -0.000000 0.846729 0.532025
v 2.463710 3.192585 2.935484
vt 0.550000 0.100000
vn -0.561315 0.684484 0.465196
v 2.463710 3.457857 2.568548
vt 0.550000 0.150000
vn -0.610802 0.647483 0.455727
f 3469/3469/3469 3470/3470/3470 3471/3471/3471
v 2.096774 2.969032 2.935484
vt 0.500000 0.100000
vn -0.000000 0.846729 0.532025
v 2.463710 3.457857 2.568548
vt 0.550000 0.150000
vn -0.610802 0.647483 0.455727
v 2.096774 3.174516 2.568548
vt 0.500000 0.150000
vn -0.000000 0.836942 0.547292
f 3472/3472/3472 3473/3473/3473 3474/3474/3474
v 2.463710 3.192585 2.935484
vt 0.550000 0.100000
vn -0.561315 0.684484 0.465196
v 2.830645 3.586213 2.935484
vt 0.600000 0.100000
vn -0.448806 0.739646 0.501495
v 2.830645 3.873452 2.568548
vt 0.600000 0.150000
vn -0.285536 0.821862 0.492963
f 3475/3475/3475 3476/3476/3476 3477/3477/3477
v 2.463710 3.192585 2.935484
vt 0.550000 0.100000
vn -0.561315 0.684484 0.465196
v 2.830645 3.873452 2.568548
vt 0.600000 0.150000
vn -0.285536 0.821862 0.492963
v 2.463710 3.457857 2.568548
vt 0.550000 0.150000
vn -0.610802 0.647483 0.455727
f 3478/3478/3478 3479/3479/3479 3480/3480/3480
v 2.830645 3.586213 2.935484
vt 0.600000 0.100000
vn -0.448806 0.739646 0.501495
v 3.197581 3.694359 2.935484
vt 0.650000 0.100000
vn 0.230132 0.888189 0.397693
v 3.197581 3.834868 2.568548
vt 0.650000 0.150000
vn 0.480881 0.835947 0.264472
f 3481/3481/3481 3482/3482/3482 3483/3483/3483
v 2.830645 3.586213 2.935484
vt 0.600000 0.100000
vn -0.448806 0.739646 0.501495
v 3.197581 3.834868 2.568548
vt 0.650000 0.150000
vn 0.480881 0.835947 0.264472
v 2.830645 3.873452 2.568548
vt 0.600000 0.150000
vn -0.285536 0.821862 0.492963
f 3484/3484/3484 3485/3485/3485 3486/3486/3486
v 3.197581 3.694359 2.935484
vt 0.650000 0.100000
vn 0.230132 0.888189 0.397693
v 3.564516 3.409802 2.935484
vt 0.700000 0.100000
vn 0.680165 0.724159 0.113881
v 3.564516 3.392395 2.568548
vt 0.700000 0.150000
vn 0.753901 0.656897 0.010893
f 3487/3487/3487 3488/3488/3488 3489/3489/3489
v 3.197581 3.694359 2.935484
vt 0.650000 0.100000
vn 0.230132 0.888189 0.397693
v 3.564516 3.392395 2.568548
vt 0.700000 0.150000
vn 0.753901 0.656897 0.010893
v 3.197581 3.834868 2.568548
vt 0.650000 0.150000
vn 0.480881 0.835947 0.264472
f 3490/3490/3490 3491/3491/3491 3492/3492/3492
v 3.564516 3.409802 2.935484
vt 0.700000 0.100000
vn 0.680165 0.724159 0.113881
v 3.931452 2.963802 2.935484
vt 0.750000 0.100000
vn 0.716309 0.697167 0.029333
v 3.931452 2.944133 2.568548
vt 0.750000 0.150000
vn 0.614023 0.778975 0.127174
f 3493/3493/3493 3494/3494/3494 3495/3495/3495
v 3.564516 3.409802 2.935484
vt 0.700000 0.100000
vn 0.680165 0.724159 0.113881
v 3.931452 2.944133 2.568548
vt 0.750000 0.150000
vn 0.614023 0.778975 0.127174
v 3.564516 3.392395 2.568548
vt 0.700000 0.150000
vn 0.753901 0.656897 0.010893
f 3496/3496/3496 3497/3497/3497 3498/3498/3498
v 3.931452 2.963802 2.935484
vt 0.750000 0.100000
vn 0.716309 0.697167 0.029333
v 4.298387 2.607740 2.935484
vt 0.800000 0.100000
vn 0.530650 0.823346 0.201275
v 4.298387 2.720305 2.568548
vt 0.800000 0.150000
vn 0.282731 0.860930 0.422922
f 3499/3499/3499 3500/3500/3500 3501/3501/3501
v 3.931452 2.963802 2.935484
vt 0.750000 0.100000
vn 0.716309 0.697167 0.029333
v 4.298387 2.720305 2.568548
vt 0.800000 0.150000
vn 0.282731 0.860930 0.422922
v 3.931452 2.944133 2.568548
vt 0.750000 0.150000
vn 0.614023 0.778975 0.127174
f 3502/3502/3502 3503/3503/3503 3504/3504/3504
v 4.298387 2.607740 2.935484
vt 0.800000 0.100000
vn 0.530650 0.823346 0.201275
v 4.665322 2.435835 2.935484
vt 0.850000 0.100000
vn 0.238133 0.860052 0.451224
v 4.665322 2.701543 2.568548
vt 0.850000 0.150000
vn -0.006744 0.774624 0.632386
f 3505/3505/3505 3506/3506/3506 3507/3507/3507
v 4.298387 2.607740 2.935484
vt 0.800000 0.100000
vn 0.530650 0.823346 0.201275
v 4.665322 2.701543 2.568548
vt 0.850000 0.150000
vn -0.006744 0.774624 0.632386
v 4.298387 2.720305 2.568548
vt 0.800000 0.150000
vn 0.282731 0.860930 0.422922
f 3508/3508/3508 3509/3509/3509 3510/3510/3510
v 4.665322 2.435835 2.935484
vt 0.850000 0.100000
vn 0.238133 0.860052 0.451224
v 5.032258 2.410945 2.935484
vt 0.900000 0.100000
vn 0.014513 0.786647 0.617232
v 5.032258 2.770266 2.568548
vt 0.900000 0.150000
vn -0.080793 0.708663 0.700906
f 3511/3511/3511 3512/3512/3512 3513/3513/3513
v 4.665322 2.435835 2.935484
vt 0.850000 0.100000
vn 0.238133 0.860052 0.451224
v 5.032258 2.770266 2.568548
vt 0.900000 0.150000
vn -0.080793 0.708663 0.700906
v 4.665322 2.701543 2.568548
vt 0.850000 0.150000
vn -0.006744 0.774624 0.632386
f 3514/3514/3514 3515/3515/3515 3516/3516/3516
v 5.032258 2.410945 2.935484
vt 0.900000 0.100000
vn 0.014513 0.786647 0.617232
v 5.399194 2.451477 2.935484
vt 0.950000 0.100000
vn -0.048377 0.733870 0.677565
v 5.399194 2.826776 2.568548
vt 0.950000 0.150000
vn -0.008605 0.732252 0.680979
f 3517/3517/3517 3518/3518/3518 3519/3519/3519
v 5.032258 2.410945 2.935484
vt 0.900000 0.100000
vn 0.014513 0.786647 0.617232
v 5.399194 2.826776 2.568548
vt 0.950000 0.150000
vn -0.008605 0.732252 0.680979
v 5.032258 2.770266 2.568548
vt 0.900000 0.150000
vn -0.080793 0.708663 0.700906
f 3520/3520/3520 3521/3521/3521 3522/3522/3522
v 5.399194 2.451477 2.935484
vt 0.950000 0.100000
vn -0.048377 0.733870 0.677565
v 5.766129 2.488411 2.935484
vt 1.000000 0.100000
vn -0.042403 0.725591 0.686819
v 5.766129 2.820908 2.568548
vt 1.000000 0.150000
vn 0.046644 0.756545 0.652276
f 3523/3523/3523 3524/3524/3524 3525/3525/3525
v 5.399194 2.451477 2.935484
vt 0.950000 0.100000
vn -0.048377 0.733870 0.677565
v 5.766129 2.820908 2.568548
vt 1.000000 0.150000
vn 0.046644 0.756545 0.652276
v 5.399194 2.826776 2.568548
vt 0.950000 0.150000
vn -0.008605 0.732252 0.680979
f 3526/3526/3526 3527/3527/3527 3528/3528/3528
v -1.572581 2.820908 2.568548
vt 0.000000 0.150000
vn -0.046644 0.756545 0.652276
v -1.205645 2.826776 2.568548
vt 0.050000 0.150000
vn 0.008605 0.732252 0.680979
v -1.205645 3.160469 2.201613
vt 0.050000 0.200000
vn -0.184263 0.822572 0.537981
f 3529/3529/3529 3530/3530/3530 3531/3531/3531
v -1.572581 2.820908 2.568548
vt 0.000000 0.150000
vn -0.046644 0.756545 0.652276
v -1.205645 3.160469 2.201613
vt 0.050000 0.200000
vn -0.184263 0.822572 0.537981
v -1.572581 3.050484 2.201613
vt 0.000000 0.200000
vn -0.267473 0.850835 0.452258
f 3532/3532/3532 3533/3533/3533 3534/3534/3534
v -1.205645 2.826776 2.568548
vt 0.050000 0.150000
vn 0.008605 0.732252 0.680979
v -0.838710 2.770266 2.568548
vt 0.100000 0.150000
vn 0.080793 0.708663 0.700906
v -0.838710 3.175398 2.201613
vt 0.100000 0.200000
vn -0.001093 0.731668 0.681660
f 3535/3535/3535 3536/3536/3536 3537/3537/3537
v -1.205645 2.826776 2.568548
vt 0.050000 0.150000
vn 0.008605 0.732252 0.680979
v -0.838710 3.175398 2.201613
vt 0.100000 0.200000
vn -0.001093 0.731668 0.681660
v -1.205645 3.160469 2.201613
vt 0.050000 0.200000
vn -0.184263 0.822572 0.537981
f 3538/3538/3538 3539/3539/3539 3540/3540/3540
v -0.838710 2.770266 2.568548
vt 0.100000 0.150000
vn 0.080793 0.708663 0.700906
v -0.471774 2.701543 2.568548
vt 0.150000 0.150000
vn 0.006744 0.774624 0.632386
v -0.471774 3.098241 2.201613
vt 0.150000 0.200000
vn 0.112064 0.680374 0.724247
f 3541/3541/3541 3542/3542/3542 3543/3543/3543
v -0.838710 2.770266 2.568548
vt 0.100000 0.150000
vn 0.080793 0.708663 0.700906
v -0.471774 3.098241 2.201613
vt 0.150000 0.200000
vn 0.112064 0.680374 0.724247
v -0.838710 3.175398 2.201613
vt 0.100000 0.200000
vn -0.001093 0.731668 0.681660
f 3544/3544/3544 3545/3545/3545 3546/3546/3546
v -0.471774 2.701543 2.568548
vt 0.150000 0.150000
vn 0.006744 0.774624 0.632386
v -0.104839 2.720305 2.568548
vt 0.200000 0.150000
vn -0.282731 0.860930 0.422922
v -0.104839 2.992141 2.201613
vt 0.200000 0.200000
vn 0.023107 0.763283 0.645650
f 3547/3547/3547 3548/3548/3548 3549/3549/3549
v -0.471774 2.701543 2.568548
vt 0.150000 0.150000
vn 0.006744 0.774624 0.632386
v -0.104839 2.992141 2.201613
vt 0.200000 0.200000
vn 0.023107 0.763283 0.645650
v -0.471774 3.098241 2.201613
vt 0.150000 0.200000
vn 0.112064 0.680374 0.724247
f 3550/3550/3550 3551/3551/3551 3552/3552/3552
v -0.104839 2.720305 2.568548
vt 0.200000 0.150000
vn -0.282731 0.860930 0.422922
v 0.262097 2.944133 2.568548
vt 0.250000 0.150000
vn -0.614023 0.778976 0.127174
v 0.262097 3.008218 2.201613
vt 0.250000 0.200000
vn -0.348856 0.856077 0.381354
f 3553/3553/3553 3554/3554/3554 3555/3555/3555
v -0.104839 2.720305 2.568548
vt 0.200000 0.150000
vn -0.282731 0.860930 0.422922
v 0.262097 3.008218 2.201613
vt 0.250000 0.200000
vn -0.348856 0.856077 0.381354
v -0.104839 2.992141 2.201613
vt 0.200000 0.200000
vn 0.023107 0.763283 0.645650
f 3556/3556/3556 3557/3557/3557 3558/3558/3558
v 0.262097 2.944133 2.568548
vt 0.250000 0.150000
vn -0.614023 0.778976 0.127174
v 0.629032 3.392395 2.568548
vt 0.300000 0.150000
vn -0.753901 0.656897 0.010893
v 0.629032 3.320805 2.201613
vt 0.300000 0.200000
vn -0.703809 0.708930 0.045513
f 3559/3559/3559 3560/3560/3560 3561/3561/3561
v 0.262097 2.944133 2.568548
vt 0.250000 0.150000
vn -0.614023 0.778976 0.127174
v 0.629032 3.320805 2.201613
vt 0.300000 0.200000
vn -0.703809 0.708930 0.045513
v 0.262097 3.008218 2.201613
vt 0.250000 0.200000
vn -0.348856 0.856077 0.381354
f 3562/3562/3562 3563/3563/3563 3564/3564/3564
v 0.629032 3.392395 2.568548
vt 0.300000 0.150000
vn -0.753901 0.656897 0.010893
v 0.995968 3.834868 2.568548
vt 0.350000 0.150000
vn -0.480881 0.835947 0.264472
v 0.995968 3.869278 2.201613
vt 0.350000 0.200000
vn -0.696971 0.711895 0.086237
f 3565/3565/3565 3566/3566/3566 3567/3567/3567
v 0.629032 3.392395 2.568548
vt 0.300000 0.150000
vn -0.753901 0.656897 0.010893
v 0.995968 3.869278 2.201613
vt 0.350000 0.200000
vn -0.696971 0.711895 0.086237
v 0.629032 3.320805 2.201613
vt 0.300000 0.200000
vn -0.703809 0.708930 0.045513
f 3568/3568/3568 3569/3569/3569 3570/3570/3570
v 0.995968 3.834868 2.568548
vt 0.350000 0.150000
vn -0.480881 0.835947 0.264472
v 1.362903 3.873452 2.568548
vt 0.400000 0.150000
vn 0.285536 0.821862 0.492963
v 1.362903 4.139410 2.201613
vt 0.400000 0.200000
vn 0.014197 0.913015 0.407678
f 3571/3571/3571 3572/3572/3572 3573/3573/3573
v 0.995968 3.834868 2.568548
vt 0.350000 0.150000
vn -0.480881 0.835947 0.264472
v 1.362903 4.139410 2.201613
vt 0.400000 0.200000
vn 0.014197 0.913015 0.407678
v 0.995968 3.869278 2.201613
vt 0.350000 0.200000
vn -0.696971 0.711895 0.086237
f 3574/3574/3574 3575/3575/3575 3576/3576/3576
v 1.362903 3.873452 2.568548
vt 0.400000 0.150000
vn 0.285536 0.821862 0.492963
v 1.729839 3.457857 2.568548
vt 0.450000 0.150000
vn 0.610802 0.647483 0.455727
v 1.729839 3.746973 2.201613
vt 0.450000 0.200000
vn 0.632028 0.626258 0.456445
f 3577/3577/3577 3578/3578/3578 3579/3579/3579
v 1.362903 3.873452 2.568548
vt 0.400000 0.150000
vn 0.285536 0.821862 0.492963
v 1.729839 3.746973 2.201613
vt 0.450000 0.200000
vn 0.632028 0.626258 0.456445
v 1.362903 4.139410 2.201613
vt 0.400000 0.200000
vn 0.014197 0.913015 0.407678
f 3580/3580/3580 3581/3581/3581 3582/3582/3582
v 1.729839 3.457857 2.568548
vt 0.450000 0.150000
vn 0.610802 0.647483 0.455727
v 2.096774 3.174516 2.568548
vt 0.500000 0.150000
vn -0.000000 0.836942 0.547292
v 2.096774 3.380000 2.201613
vt 0.500000 0.200000
vn -0.000000 0.815063 0.579373
f 3583/3583/3583 3584/3584/3584 3585/3585/3585
v 1.729839 3.457857 2.568548
vt 0.450000 0.150000
vn 0.610802 0.647483 0.455727
v 2.096774 3.380000 2.201613
vt 0.500000 0.200000
vn -0.000000 0.815063 0.579373
v 1.729839 3.746973 2.201613
vt 0.450000 0.200000
vn 0.632028 0.626258 0.456445
f 3586/3586/3586 3587/3587/3587 3588/3588/3588
v 2.096774 3.174516 2.568548
vt 0.500000 0.150000
vn -0.000000 0.836942 0.547292
v 2.463710 3.457857 2.568548
vt 0.550000 0.150000
vn -0.610802 0.647483 0.455727
v 2.463710 3.746973 2.201613
vt 0.550000 0.200000
vn -0.632028 0.626258 0.456444
f 3589/3589/3589 3590/3590/3590 3591/3591/3591
v 2.096774 3.174516 2.568548
vt 0.500000 0.150000
vn -0.000000 0.836942 0.547292
v 2.463710 3.746973 2.201613
vt 0.550000 0.200000
vn -0.632028 0.626258 0.456444
v 2.096774 3.380000 2.201613
vt 0.500000 0.200000
vn -0.000000 0.815063 0.579373
f 3592/3592/3592 3593/3593/3593 3594/3594/3594
v 2.463710 3.457857 2.568548
vt 0.550000 0.150000
vn -0.610802 0.647483 0.455727
v 2.830645 3.873452 2.568548
vt 0.600000 0.150000
vn -0.285536 0.821862 0.492963
v 2.830645 4.139410 2.201613
vt 0.600000 0.200000
vn -0.014197 0.913015 0.407678
f 3595/3595/3595 3596/3596/3596 3597/3597/3597
v 2.463710 3.457857 2.568548
vt 0.550000 0.150000
vn -0.610802 0.647483 0.455727
v 2.830645 4.139410 2.201613
vt 0.600000 0.200000
vn -0.014197 0.913015 0.407678
v 2.463710 3.746973 2.201613
vt 0.550000 0.200000
vn -0.632028 0.626258 0.456444
f 3598/3598/3598 3599/3599/3599 3600/3600/3600
v 2.830645 3.873452 2.568548
vt 0.600000 0.150000
vn -0.285536 0.821862 0.492963
v 3.197581 3.834868 2.568548
vt 0.650000 0.150000
vn 0.480881 0.835947 0.264472
v 3.197581 3.869278 2.201613
vt 0.650000 0.200000
vn 0.696971 0.711895 0.086237
f 3601/3601/3601 3602/3602/3602 3603/3603/3603
v 2.830645 3.873452 2.568548
vt 0.600000 0.150000
vn -0.285536 0.821862 0.492963
v 3.197581 3.869278 2.201613
vt 0.650000 0.200000
vn 0.696971 0.711895 0.086237
v 2.830645 4.139410 2.201613
vt 0.600000 0.200000
vn -0.014197 0.913015 0.407678
f 3604/3604/3604 3605/3605/3605 3606/3606/3606
v 3.197581 3.834868 2.568548
vt 0.650000 0.150000
vn 0.480881 0.835947 0.264472
v 3.564516 3.392395 2.568548
vt 0.700000 0.150000
vn 0.753901 0.656897 0.010893
v 3.564516 3.320805 2.201613
vt 0.700000 0.200000
vn 0.703809 0.708930 0.045513
f 3607/3607/3607 3608/3608/3608 3609/3609/3609
v 3.197581 3.834868 2.568548
vt 0.650000 0.150000
vn 0.480881 0.835947 0.264472
v 3.564516 3.320805 2.201613
vt 0.700000 0.200000
vn 0.703809 0.708930 0.045513
v 3.197581 3.869278 2.201613
vt 0.650000 0.200000
vn 0.696971 0.711895 0.086237
f 3610/3610/3610 3611/3611/3611 3612/3612/3612
v 3.564516 3.392395 2.568548
vt 0.700000 0.150000
vn 0.753901 0.656897 0.010893
v 3.931452 2.944133 2.568548
vt 0.750000 0.150000
vn 0.614023 0.778975 0.127174
v 3.931452 3.008218 2.201613
vt 0.750000 0.200000
vn 0.348856 0.856077 0.381354
f 3613/3613/3613 3614/3614/3614 3615/3615/3615
v 3.564516 3.392395 2.568548
vt 0.700000 0.150000
vn 0.753901 0.656897 0.010893
v 3.931452 3.008218 2.201613
vt 0.750000 0.200000
vn 0.348856 0.856077 0.381354
v 3.564516 3.320805 2.201613
vt 0.700000 0.200000
vn 0.703809 0.708930 0.045513
f 3616/3616/3616 3617/3617/3617 3618/3618/3618
v 3.931452 2.944133 2.568548
vt 0.750000 0.150000
vn 0.614023 0.778975 0.127174
v 4.298387 2.720305 2.568548
vt 0.800000 0.150000
vn 0.282731 0.860930 0.422922
v 4.298387 2.992141 2.201613
vt 0.800000 0.200000
vn -0.023107 0.763283 0.645651
f 3619/3619/3619 3620/3620/3620 3621/3621/3621
v 3.931452 2.944133 2.568548
vt 0.750000 0.150000
vn 0.614023 0.778975 0.127174
v 4.298387 2.992141 2.201613
vt 0.800000 0.200000
vn -0.023107 0.763283 0.645651
v 3.931452 3.008218 2.201613
vt 0.750000 0.200000
vn 0.348856 0.856077 0.381354
f 3622/3622/3622 3623/3623/3623 3624/3624/3624
v 4.298387 2.720305 2.568548
vt 0.800000 0.150000
vn 0.282731 0.860930 0.422922
v 4.665322 2.701543 2.568548
vt 0.850000 0.150000
vn -0.006744 0.774624 0.632386
v 4.665322 3.098241 2.201613
vt 0.850000 0.200000
vn -0.112063 0.680374 0.724247
f 3625/3625/3625 3626/3626/3626 3627/3627/3627
v 4.298387 2.720305 2.568548
vt 0.800000 0.150000
vn 0.282731 0.860930 0.422922
v 4.665322 3.098241 2.201613
vt 0.850000 0.200000
vn -0.112063 0.680374 0.724247
v 4.298387 2.992141 2.201613
vt 0.800000 0.200000
vn -0.023107 0.763283 0.645651
f 3628/3628/3628 3629/3629/3629 3630/3630/3630
v 4.665322 2.701543 2.568548
vt 0.850000 0.150000
vn -0.006744 0.774624 0.632386
v 5.032258 2.770266 2.568548
vt 0.900000 0.150000
vn -0.080793 0.708663 0.700906
v 5.032258 3.175398 2.201613
vt 0.900000 0.200000
vn 0.001093 0.731669 0.681660
f 3631/3631/3631 3632/3632/3632 3633/3633/3633
v 4.665322 2.701543 2.568548
vt 0.850000 0.150000
vn -0.006744 0.774624 0.632386
v 5.032258 3.175398 2.201613
vt 0.900000 0.200000
vn 0.001093 0.731669 0.681660
v 4.665322 3.098241 2.201613
vt 0.850000 0.200000
vn -0.112063 0.680374 0.724247
f 3634/3634/3634 3635/3635/3635 3636/3636/3636
v 5.032258 2.770266 2.568548
vt 0.900000 0.150000
vn -0.080793 0.708663 0.700906
v 5.399194 2.826776 2.568548
vt 0.950000 0.150000
vn -0.008605 0.732252 0.680979
v 5.399194 3.160469 2.201613
vt 0.950000 0.200000
vn 0.184263 0.822572 0.537981
f 3637/3637/3637 3638/3638/3638 3639/3639/3639
v 5.032258 2.770266 2.568548
vt 0.900000 0.150000
vn -0.080793 0.708663 0.700906
v 5.399194 3.160469 2.201613
vt 0.950000 0.200000
vn 0.184263 0.822572 0.537981
v 5.032258 3.175398 2.201613
vt 0.900000 0.200000
vn 0.001093 0.731669 0.681660
f 3640/3640/3640 3641/3641/3641 3642/3642/3642
v 5.399194 2.826776 2.568548
vt 0.950000 0.150000
vn -0.008605 0.732252 0.680979
v 5.766129 2.820908 2.568548
vt 1.000000 0.150000
vn 0.046644 0.756545 0.652276
v 5.766129 3.050484 2.201613
vt 1.000000 0.200000
vn 0.267473 0.850835 0.452258
f 3643/3643/3643 3644/3644/3644 3645/3645/3645
v 5.399194 2.826776 2.568548
vt 0.950000 0.150000
vn -0.008605 0.732252 0.680979
v 5.766129 3.050484 2.201613
vt 1.000000 0.200000
vn 0.267473 0.850835 0.452258
v 5.399194 3.160469 2.201613
vt 0.950000 0.200000
vn 0.184263 0.822572 0.537981
f 3646/3646/3646 3647/3647/3647 3648/3648/3648
v -1.572581 3.050484 2.201613
vt 0.000000 0.200000
vn -0.267473 0.850835 0.452258
v -1.205645 3.160469 2.201613
vt 0.050000 0.200000
vn -0.184263 0.822572 0.537981
v -1.205645 3.331411 1.834677
vt 0.050000 0.250000
vn -0.450955 0.879267 0.153391
f 3649/3649/3649 3650/3650/3650 3651/3651/3651
v -1.572581 3.050484 2.201613
vt 0.000000 0.200000
vn -0.267473 0.850835 0.452258
v -1.205645 3.331411 1.834677
vt 0.050000 0.250000
vn -0.450955 0.879267 0.153391
v -1.572581 3.094658 1.834677
vt 0.000000 0.250000
vn -0.521343 0.853308 -0.008209
f 3652/3652/3652 3653/3653/3653 3654/3654/3654
v -1.205645 3.160469 2.201613
vt 0.050000 0.200000
vn -0.184263 0.822572 0.537981
v -0.838710 3.175398 2.201613
vt 0.100000 0.200000
vn -0.001093 0.731668 0.681660
v -0.838710 3.492447 1.834677
vt 0.100000 0.250000
vn -0.277423 0.861182 0.425913
f 3655/3655/3655 3656/3656/3656 3657/3657/3657
v -1.205645 3.160469 2.201613
vt 0.050000 0.200000
vn -0.184263 0.822572 0.537981
v -0.838710 3.492447 1.834677
vt 0.100000 0.250000
vn -0.277423 0.861182 0.425913
v -1.205645 3.331411 1.834677
vt 0.050000 0.250000
vn -0.450955 0.879267 0.153391
f 3658/3658/3658 3659/3659/3659 3660/3660/3660
v -0.838710 3.175398 2.201613
vt 0.100000 0.200000
vn -0.001093 0.731668 0.681660
v -0.471774 3.098241 2.201613
vt 0.150000 0.200000
vn 0.112064 0.680374 0.724247
v -0.471774 3.535076 1.834677
vt 0.150000 0.250000
vn -0.046507 0.755335 0.653687
f 3661/3661/3661 3662/3662/3662 3663/3663/3663
v -0.838710 3.175398 2.201613
vt 0.100000 0.200000
vn -0.001093 0.731668 0.681660
v -0.471774 3.535076 1.834677
vt 0.150000 0.250000
vn -0.046507 0.755335 0.653687
v -0.838710 3.492447 1.834677
vt 0.100000 0.250000
vn -0.277423 0.861182 0.425913
f 3664/3664/3664 3665/3665/3665 3666/3666/3666
v -0.471774 3.098241 2.201613
vt 0.150000 0.200000
vn 0.112064 0.680374 0.724247
v -0.104839 2.992141 2.201613
vt 0.200000 0.200000
vn 0.023107 0.763283 0.645650
v -0.104839 3.440183 1.834677
vt 0.200000 0.250000
vn 0.134843 0.653452 0.744861
f 3667/3667/3667 3668/3668/3668 3669/3669/3669
v -0.471774 3.098241 2.201613
vt 0.150000 0.200000
vn 0.112064 0.680374 0.724247
v -0.104839 3.440183 1.834677
vt 0.200000 0.250000
vn 0.134843 0.653452 0.744861
v -0.471774 3.535076 1.834677
vt 0.150000 0.250000
vn -0.046507 0.755335 0.653687
f 3670/3670/3670 3671/3671/3671 3672/3672/3672
v -0.104839 2.992141 2.201613
vt 0.200000 0.200000
vn 0.023107 0.763283 0.645650
v 0.262097 3.008218 2.201613
vt 0.250000 0.200000
vn -0.348856 0.856077 0.381354
v 0.262097 3.282739 1.834677
vt 0.250000 0.250000
vn 0.024448 0.755823 0.654319
f 3673/3673/3673 3674/3674/3674 3675/3675/3675
v -0.104839 2.992141 2.201613
vt 0.200000 0.200000
vn 0.023107 0.763283 0.645650
v 0.262097 3.282739 1.834677
vt 0.250000 0.250000
vn 0.024448 0.755823 0.654319
v -0.104839 3.440183 1.834677
vt 0.200000 0.250000
vn 0.134843 0.653452 0.744861
f 3676/3676/3676 3677/3677/3677 3678/3678/3678
v 0.262097 3.008218 2.201613
vt 0.250000 0.200000
vn -0.348856 0.856077 0.381354
v 0.629032 3.320805 2.201613
vt 0.300000 0.200000
vn -0.703809 0.708930 0.045513
v 0.629032 3.306422 1.834677
vt 0.300000 0.250000
vn -0.441347 0.830467 0.339908
f 3679/3679/3679 3680/3680/3680 3681/3681/3681
v 0.262097 3.008218 2.201613
vt 0.250000 0.200000
vn -0.348856 0.856077 0.381354
v 0.629032 3.306422 1.834677
vt 0.300000 0.250000
vn -0.441347 0.830467 0.339908
v 0.262097 3.282739 1.834677
vt 0.250000 0.250000
vn 0.024448 0.755823 0.654319
f 3682/3682/3682 3683/3683/3683 3684/3684/3684
v 0.629032 3.320805 2.201613
vt 0.300000 0.200000
vn -0.703809 0.708930 0.045513
v 0.995968 3.869278 2.201613
vt 0.350000 0.200000
vn -0.696971 0.711895 0.086237
v 0.995968 3.770849 1.834677
vt 0.350000 0.250000
vn -0.766121 0.642663 0.006639
f 3685/3685/3685 3686/3686/3686 3687/3687/3687
v 0.629032 3.320805 2.201613
vt 0.300000 0.200000
vn -0.703809 0.708930 0.045513
v 0.995968 3.770849 1.834677
vt 0.350000 0.250000
vn -0.766121 0.642663 0.006639
v 0.629032 3.306422 1.834677
vt 0.300000 0.250000
vn -0.441347 0.830467 0.339908
f 3688/3688/3688 3689/3689/3689 3690/3690/3690
v 0.995968 3.869278 2.201613
vt 0.350000 0.200000
vn -0.696971 0.711895 0.086237
v 1.362903 4.139410 2.201613
vt 0.400000 0.200000
vn 0.014197 0.913015 0.407678
v 1.362903 4.305179 1.834677
vt 0.400000 0.250000
vn -0.253662 0.933236 0.254412
f 3691/3691/3691 3692/3692/3692 3693/3693/3693
v 0.995968 3.869278 2.201613
vt 0.350000 0.200000
vn -0.696971 0.711895 0.086237
v 1.362903 4.305179 1.834677
vt 0.400000 0.250000
vn -0.253662 0.933236 0.254412
v 0.995968 3.770849 1.834677
vt 0.350000 0.250000
vn -0.766121 0.642663 0.006639
f 3694/3694/3694 3695/3695/3695 3696/3696/3696
v 1.362903 4.139410 2.201613
vt 0.400000 0.200000
vn 0.014197 0.913015 0.407678
v 1.729839 3.746973 2.201613
vt 0.450000 0.200000
vn 0.632028 0.626258 0.456445
v 1.729839 4.060947 1.834677
vt 0.450000 0.250000
vn 0.567906 0.693054 0.444026
f 3697/3697/3697 3698/3698/3698 3699/3699/3699
v 1.362903 4.139410 2.201613
vt 0.400000 0.200000
vn 0.014197 0.913015 0.407678
v 1.729839 4.060947 1.834677
vt 0.450000 0.250000
vn 0.567906 0.693054 0.444026
v 1.362903 4.305179 1.834677
vt 0.400000 0.250000
vn -0.253662 0.933236 0.254412
f 3700/3700/3700 3701/3701/3701 3702/3702/3702
v 1.729839 3.746973 2.201613
vt 0.450000 0.200000
vn 0.632028 0.626258 0.456445
v 2.096774 3.380000 2.201613
vt 0.500000 0.200000
vn -0.000000 0.815063 0.579373
v 2.096774 3.637903 1.834677
vt 0.500000 0.250000
vn -0.000000 0.786951 0.617015
f 3703/3703/3703 3704/3704/3704 3705/3705/3705
v 1.729839 3.746973 2.201613
vt 0.450000 0.200000
vn 0.632028 0.626258 0.456445
v 2.096774 3.637903 1.834677
vt 0.500000 0.250000
vn -0.000000 0.786951 0.617015
v 1.729839 4.060947 1.834677
vt 0.450000 0.250000
vn 0.567906 0.693054 0.444026
f 3706/3706/3706 3707/3707/3707 3708/3708/3708
v 2.096774 3.380000 2.201613
vt 0.500000 0.200000
vn -0.000000 0.815063 0.579373
v 2.463710 3.746973 2.201613
vt 0.550000 0.200000
vn -0.632028 0.626258 0.456444
v 2.463710 4.060947 1.834677
vt 0.550000 0.250000
vn -0.567906 0.693054 0.444026
f 3709/3709/3709 3710/3710/3710 3711/3711/3711
v 2.096774 3.380000 2.201613
vt 0.500000 0.200000
vn -0.000000 0.815063 0.579373
v 2.463710 4.060947 1.834677
vt 0.550000 0.250000
vn -0.567906 0.693054 0.444026
v 2.096774 3.637903 1.834677
vt 0.500000 0.250000
vn -0.000000 0.786951 0.617015
f 3712/3712/3712 3713/3713/3713 3714/3714/3714
v 2.463710 3.746973 2.201613
vt 0.550000 0.200000
vn -0.632028 0.626258 0.456444
v 2.830645 4.139410 2.201613
vt 0.600000 0.200000
vn -0.014197 0.913015 0.407678
v 2.830645 4.305179 1.834677
vt 0.600000 0.250000
vn 0.253662 0.933236 0.254412
f 3715/3715/3715 3716/3716/3716 3717/3717/3717
v 2.463710 3.746973 2.201613
vt 0.550000 0.200000
vn -0.632028 0.626258 0.456444
v 2.830645 4.305179 1.834677
vt 0.600000 0.250000
vn 0.253662 0.933236 0.254412
v 2.463710 4.060947 1.834677
vt 0.550000 0.250000
vn -0.567906 0.693054 0.444026
f 3718/3718/3718 3719/3719/3719 3720/3720/3720
v 2.830645 4.139410 2.201613
vt 0.600000 0.200000
vn -0.014197 0.913015 0.407678
v 3.197581 3.869278 2.201613
vt 0.650000 0.200000
vn 0.696971 0.711895 0.086237
v 3.197581 3.770849 1.834677
vt 0.650000 0.250000
vn 0.766120 0.642663 0.006639
f 3721/3721/3721 3722/3722/3722 3723/3723/3723
v 2.830645 4.139410 2.201613
vt 0.600000 0.200000
vn -0.014197 0.913015 0.407678
v 3.197581 3.770849 1.834677
vt 0.650000 0.250000
vn 0.766120 0.642663 0.006639
v 2.830645 4.305179 1.834677
vt 0.600000 0.250000
vn 0.253662 0.933236 0.254412
f 3724/3724/3724 3725/3725/3725 3726/3726/3726
v 3.197581 3.869278 2.201613
vt 0.650000 0.200000
vn 0.696971 0.711895 0.086237
v 3.564516 3.320805 2.201613
vt 0.700000 0.200000
vn 0.703809 0.708930 0.045513
v 3.564516 3.306422 1.834677
vt 0.700000 0.250000
vn 0.441346 0.830467 0.339908
f 3727/3727/3727 3728/3728/3728 3729/3729/3729
v 3.197581 3.869278 2.201613
vt 0.650000 0.200000
vn 0.696971 0.711895 0.086237
v 3.564516 3.306422 1.834677
vt 0.700000 0.250000
vn 0.441346 0.830467 0.339908
v 3.197581 3.770849 1.834677
vt 0.650000 0.250000
vn 0.766120 0.642663 0.006639
f 3730/3730/3730 3731/3731/3731 3732/3732/3732
v 3.564516 3.320805 2.201613
vt 0.700000 0.200000
vn 0.703809 0.708930 0.045513
v 3.931452 3.008218 2.201613
vt 0.750000 0.200000
vn 0.348856 0.856077 0.381354
v 3.931452 3.282739 1.834677
vt 0.750000 0.250000
vn -0.024448 0.755823 0.654319
f 3733/3733/3733 3734/3734/3734 3735/3735/3735
v 3.564516 3.320805 2.201613
vt 0.700000 0.200000
vn 0.703809 0.708930 0.045513
v 3.931452 3.282739 1.834677
vt 0.750000 0.250000
vn -0.024448 0.755823 0.654319
v 3.564516 3.306422 1.834677
vt 0.700000 0.250000
vn 0.441346 0.830467 0.339908
f 3736/3736/3736 3737/3737/3737 3738/3738/3738
v 3.931452 3.008218 2.201613
vt 0.750000 0.200000
vn 0.348856 0.856077 0.381354
v 4.298387 2.992141 2.201613
vt 0.800000 0.200000
vn -0.023107 0.763283 0.645651
v 4.298387 3.440183 1.834677
vt 0.800000 0.250000
vn -0.134843 0.653452 0.744861
f 3739/3739/3739 3740/3740/3740 3741/3741/3741
v 3.931452 3.008218 2.201613
vt 0.750000 0.200000
vn 0.348856 0.856077 0.381354
v 4.298387 3.440183 1.834677
vt 0.800000 0.250000
vn -0.134843 0.653452 0.744861
v 3.931452 3.282739 1.834677
vt 0.750000 0.250000
vn -0.024448 0.755823 0.654319
f 3742/3742/3742 3743/3743/3743 3744/3744/3744
v 4.298387 2.992141 2.201613
vt 0.800000 0.200000
vn -0.023107 0.763283 0.645651
v 4.665322 3.098241 2.201613
vt 0.850000 0.200000
vn -0.112063 0.680374 0.724247
v 4.665322 3.535076 1.834677
vt 0.850000 0.250000
vn 0.046507 0.755335 0.653687
f 3745/3745/3745 3746/3746/3746 3747/3747/3747
v 4.298387 2.992141 2.201613
vt 0.800000 0.200000
vn -0.023107 0.763283 0.645651
v 4.665322 3.535076 1.834677
vt 0.850000 0.250000
vn 0.046507 0.755335 0.653687
v 4.298387 3.440183 1.834677
vt 0.800000 0.250000
vn -0.134843 0.653452 0.744861
f 3748/3748/3748 3749/3749/3749 3750/3750/3750
v 4.665322 3.098241 2.201613
vt 0.850000 0.200000
vn -0.112063 0.680374 0.724247
v 5.032258 3.175398 2.201613
vt 0.900000 0.200000
vn 0.001093 0.731669 0.681660
v 5.032258 3.492447 1.834677
vt 0.900000 0.250000
vn 0.277423 0.861182 0.425913
f 3751/3751/3751 3752/3752/3752 3753/3753/3753
v 4.665322 3.098241 2.201613
vt 0.850000 0.200000
vn -0.112063 0.680374 0.724247
v 5.032258 3.492447 1.834677
vt 0.900000 0.250000
vn 0.277423 0.861182 0.425913
v 4.665322 3.535076 1.834677
vt 0.850000 0.250000
vn 0.046507 0.755335 0.653687
f 3754/3754/3754 3755/3755/3755 3756/3756/3756
v 5.032258 3.175398 2.201613
vt 0.900000 0.200000
vn 0.001093 0.731669 0.681660
v 5.399194 3.160469 2.201613
vt 0.950000 0.200000
vn 0.184263 0.822572 0.537981
v 5.399194 3.331411 1.834677
vt 0.950000 0.250000
vn 0.450955 0.879267 0.153390
f 3757/3757/3757 3758/3758/3758 3759/3759/3759
v 5.032258 3.175398 2.201613
vt 0.900000 0.200000
vn 0.001093 0.731669 0.681660
v 5.399194 3.331411 1.834677
vt 0.950000 0.250000
vn 0.450955 0.879267 0.153390
v 5.032258 3.492447 1.834677
vt 0.900000 0.250000
vn 0.277423 0.861182 0.425913
f 3760/3760/3760 3761/3761/3761 3762/3762/3762
v 5.399194 3.160469 2.201613
vt 0.950000 0.200000
vn 0.184263 0.822572 0.537981
v 5.766129 3.050484 2.201613
vt 1.000000 0.200000
vn 0.267473 0.850835 0.452258
v 5.766129 3.094658 1.834677
vt 1.000000 0.250000
vn 0.521343 0.853308 -0.008210
f 3763/3763/3763 3764/3764/3764 3765/3765/3765
v 5.399194 3.160469 2.201613
vt 0.950000 0.200000
vn 0.184263 0.822572 0.537981
v 5.766129 3.094658 1.834677
vt 1.000000 0.250000
vn 0.521343 0.853308 -0.008210
v 5.399194 3.331411 1.834677
vt 0.950000 0.250000
vn 0.450955 0.879267 0.153390
f 3766/3766/3766 3767/3767/3767 3768/3768/3768
v -1.572581 3.094658 1.834677
vt 0.000000 0.250000
vn -0.521343 0.853308 -0.008209
v -1.205645 3.331411 1.834677
vt 0.050000 0.250000
vn -0.450955 0.879267 0.153391
v -1.205645 3.252964 1.467742
vt 0.050000 0.300000
vn -0.577855 0.753018 -0.314719
f 3769/3769/3769 3770/3770/3770 3771/3771/3771
v -1.572581 3.094658 1.834677
vt 0.000000 0.250000
vn -0.521343 0.853308 -0.008209
v -1.205645 3.252964 1.467742
vt 0.050000 0.300000
vn -0.577855 0.753018 -0.314719
v -1.572581 2.936214 1.467742
vt 0.000000 0.300000
vn -0.576383 0.716780 -0.392440
f 3772/3772/3772 3773/3773/3773 3774/3774/3774
v -1.205645 3.331411 1.834677
vt 0.050000 0.250000
vn -0.450955 0.879267 0.153391
v -0.838710 3.492447 1.834677
vt 0.100000 0.250000
vn -0.277423 0.861182 0.425913
v -0.838710 3.554133 1.467742
vt 0.100000 0.300000
vn -0.540437 0.834004 -0.111200
f 3775/3775/3775 3776/3776/3776 3777/3777/3777
v -1.205645 3.331411 1.834677
vt 0.050000 0.250000
vn -0.450955 0.879267 0.153391
v -0.838710 3.554133 1.467742
vt 0.100000 0.300000
vn -0.540437 0.834004 -0.111200
v -1.205645 3.252964 1.467742
vt 0.050000 0.300000
vn -0.577855 0.753018 -0.314719
f 3778/3778/3778 3779/3779/3779 3780/3780/3780
v -0.838710 3.492447 1.834677
vt 0.100000 0.250000
vn -0.277423 0.861182 0.425913
v -0.471774 3.535076 1.834677
vt 0.150000 0.250000
vn -0.046507 0.755335 0.653687
v -0.471774 3.794612 1.467742
vt 0.150000 0.300000
vn -0.399444 0.890542 0.217667
f 3781/3781/3781 3782/3782/3782 3783/3783/3783
v -0.838710 3.492447 1.834677
vt 0.100000 0.250000
vn -0.277423 0.861182 0.425913
v -0.471774 3.794612 1.467742
vt 0.150000 0.300000
vn -0.399444 0.890542 0.217667
v -0.838710 3.554133 1.467742
vt 0.100000 0.300000
vn -0.540437 0.834004 -0.111200
f 3784/3784/3784 3785/3785/3785 3786/3786/3786
v -0.471774 3.535076 1.834677
vt 0.150000 0.250000
vn -0.046507 0.755335 0.653687
v -0.104839 3.440183 1.834677
vt 0.200000 0.250000
vn 0.134843 0.653452 0.744861
v -0.104839 3.901352 1.467742
vt 0.200000 0.300000
vn -0.155579 0.822019 0.547795
f 3787/3787/3787 3788/3788/3788 3789/3789/3789
v -0.471774 3.535076 1.834677
vt 0.150000 0.250000
vn -0.046507 0.755335 0.653687
v -0.104839 3.901352 1.467742
vt 0.200000 0.300000
vn -0.155579 0.822019 0.547795
v -0.471774 3.794612 1.467742
vt 0.150000 0.300000
vn -0.399444 0.890542 0.217667
f 3790/3790/3790 3791/3791/3791 3792/3792/3792
v -0.104839 3.440183 1.834677
vt 0.200000 0.250000
vn 0.134843 0.653452 0.744861
v 0.262097 3.282739 1.834677
vt 0.250000 0.250000
vn 0.024448 0.755823 0.654319
v 0.262097 3.804150 1.467742
vt 0.250000 0.300000
vn 0.133345 0.648146 0.749750
f 3793/3793/3793 3794/3794/3794 3795/3795/3795
v -0.104839 3.440183 1.834677
vt 0.200000 0.250000
vn 0.134843 0.653452 0.744861
v 0.262097 3.804150 1.467742
vt 0.250000 0.300000
vn 0.133345 0.648146 0.749750
v -0.104839 3.901352 1.467742
vt 0.200000 0.300000
vn -0.155579 0.822019 0.547795
f 3796/3796/3796 3797/3797/3797 3798/3798/3798
v 0.262097 3.282739 1.834677
vt 0.250000 0.250000
vn 0.024448 0.755823 0.654319
v 0.629032 3.306422 1.834677
vt 0.300000 0.250000
vn -0.441347 0.830467 0.339908
v 0.629032 3.576317 1.467742
vt 0.300000 0.300000
vn -0.052689 0.750996 0.658202
f 3799/3799/3799 3800/3800/3800 3801/3801/3801
v 0.262097 3.282739 1.834677
vt 0.250000 0.250000
vn 0.024448 0.755823 0.654319
v 0.629032 3.576317 1.467742
vt 0.300000 0.300000
vn -0.052689 0.750996 0.658202
v 0.262097 3.804150 1.467742
vt 0.250000 0.300000
vn 0.133345 0.648146 0.749750
f 3802/3802/3802 3803/3803/3803 3804/3804/3804
v 0.629032 3.306422 1.834677
vt 0.300000 0.250000
vn -0.441347 0.830467 0.339908
v 0.995968 3.770849 1.834677
vt 0.350000 0.250000
vn -0.766121 0.642663 0.006639
v 0.995968 3.681369 1.467742
vt 0.350000 0.300000
vn -0.544899 0.771920 0.327451
f 3805/3805/3805 3806/3806/3806 3807/3807/3807
v 0.629032 3.306422 1.834677
vt 0.300000 0.250000
vn -0.441347 0.830467 0.339908
v 0.995968 3.681369 1.467742
vt 0.350000 0.300000
vn -0.544899 0.771920 0.327451
v 0.629032 3.576317 1.467742
vt 0.300000 0.300000
vn -0.052689 0.750996 0.658202
f 3808/3808/3808 3809/3809/3809 3810/3810/3810
v 0.995968 3.770849 1.834677
vt 0.350000 0.250000
vn -0.766121 0.642663 0.006639
v 1.362903 4.305179 1.834677
vt 0.400000 0.250000
vn -0.253662 0.933236 0.254412
v 1.362903 4.281920 1.467742
vt 0.400000 0.300000
vn -0.546088 0.826329 0.137725
f 3811/3811/3811 3812/3812/3812 3813/3813/3813
v 0.995968 3.770849 1.834677
vt 0.350000 0.250000
vn -0.766121 0.642663 0.006639
v 1.362903 4.281920 1.467742
vt 0.400000 0.300000
vn -0.546088 0.826329 0.137725
v 0.995968 3.681369 1.467742
vt 0.350000 0.300000
vn -0.544899 0.771920 0.327451
f 3814/3814/3814 3815/3815/3815 3816/3816/3816
v 1.362903 4.305179 1.834677
vt 0.400000 0.250000
vn -0.253662 0.933236 0.254412
v 1.729839 4.060947 1.834677
vt 0.450000 0.250000
vn 0.567906 0.693054 0.444026
v 1.729839 4.364271 1.467742
vt 0.450000 0.300000
vn 0.274631 0.875427 0.397751
f 3817/3817/3817 3818/3818/3818 3819/3819/3819
v 1.362903 4.305179 1.834677
vt 0.400000 0.250000
vn -0.253662 0.933236 0.254412
v 1.729839 4.364271 1.467742
vt 0.450000 0.300000
vn 0.274631 0.875427 0.397751
v 1.362903 4.281920 1.467742
vt 0.400000 0.300000
vn -0.546088 0.826329 0.137725
f 3820/3820/3820 3821/3821/3821 3822/3822/3822
v 1.729839 4.060947 1.834677
vt 0.450000 0.250000
vn 0.567906 0.693054 0.444026
v 2.096774 3.637903 1.834677
vt 0.500000 0.250000
vn -0.000000 0.786951 0.617015
v 2.096774 3.916774 1.467742
vt 0.500000 0.300000
vn -0.000000 0.794400 0.607395
f 3823/3823/3823 3824/3824/3824 3825/3825/3825
v 1.729839 4.060947 1.834677
vt 0.450000 0.250000
vn 0.567906 0.693054 0.444026
v 2.096774 3.916774 1.467742
vt 0.500000 0.300000
vn -0.000000 0.794400 0.607395
v 1.729839 4.364271 1.467742
vt 0.450000 0.300000
vn 0.274631 0.875427 0.397751
f 3826/3826/3826 3827/3827/3827 3828/3828/3828
v 2.096774 3.637903 1.834677
vt 0.500000 0.250000
vn -0.000000 0.786951 0.617015
v 2.463710 4.060947 1.834677
vt 0.550000 0.250000
vn -0.567906 0.693054 0.444026
v 2.463710 4.364271 1.467742
vt 0.550000 0.300000
vn -0.274631 0.875426 0.397752
f 3829/3829/3829 3830/3830/3830 3831/3831/3831
v 2.096774 3.637903 1.834677
vt 0.500000 0.250000
vn -0.000000 0.786951 0.617015
v 2.463710 4.364271 1.467742
vt 0.550000 0.300000
vn -0.274631 0.875426 0.397752
v 2.096774 3.916774 1.467742
vt 0.500000 0.300000
vn -0.000000 0.794400 0.607395
f 3832/3832/3832 3833/3833/3833 3834/3834/3834
v 2.463710 4.060947 1.834677
vt 0.550000 0.250000
vn -0.567906 0.693054 0.444026
v 2.830645 4.305179 1.834677
vt 0.600000 0.250000
vn 0.253662 0.933236 0.254412
v 2.830645 4.281920 1.467742
vt 0.600000 0.300000
vn 0.546088 0.826329 0.137725
f 3835/3835/3835 3836/3836/3836 3837/3837/3837
v 2.463710 4.060947 1.834677
vt 0.550000 0.250000
vn -0.567906 0.693054 0.444026
v 2.830645 4.281920 1.467742
vt 0.600000 0.300000
vn 0.546088 0.826329 0.137725
v 2.463710 4.364271 1.467742
vt 0.550000 0.300000
vn -0.274631 0.875426 0.397752
f 3838/3838/3838 3839/3839/3839 3840/3840/3840
v 2.830645 4.305179 1.834677
vt 0.600000 0.250000
vn 0.253662 0.933236 0.254412
v 3.197581 3.770849 1.834677
vt 0.650000 0.250000
vn 0.766120 0.642663 0.006639
v 3.197581 3.681369 1.467742
vt 0.650000 0.300000
vn 0.544899 0.771920 0.327451
f 3841/3841/3841 3842/3842/3842 3843/3843/3843
v 2.830645 4.305179 1.834677
vt 0.600000 0.250000
vn 0.253662 0.933236 0.254412
v 3.197581 3.681369 1.467742
vt 0.650000 0.300000
vn 0.544899 0.771920 0.327451
v 2.830645 4.281920 1.467742
vt 0.600000 0.300000
vn 0.546088 0.826329 0.137725
f 3844/3844/3844 3845/3845/3845 3846/3846/3846
v 3.197581 3.770849 1.834677
vt 0.650000 0.250000
vn 0.766120 0.642663 0.006639
v 3.564516 3.306422 1.834677
vt 0.700000 0.250000
vn 0.441346 0.830467 0.339908
v 3.564516 3.576317 1.467742
vt 0.700000 0.300000
vn 0.052689 0.750995 0.658202
f 3847/3847/3847 3848/3848/3848 3849/3849/3849
v 3.197581 3.770849 1.834677
vt 0.650000 0.250000
vn 0.766120 0.642663 0.006639
v 3.564516 3.576317 1.467742
vt 0.700000 0.300000
vn 0.052689 0.750995 0.658202
v 3.197581 3.681369 1.467742
vt 0.650000 0.300000
vn 0.544899 0.771920 0.327451
f 3850/3850/3850 3851/3851/3851 3852/3852/3852
v 3.564516 3.306422 1.834677
vt 0.700000 0.250000
vn 0.441346 0.830467 0.339908
v 3.931452 3.282739 1.834677
vt 0.750000 0.250000
vn -0.024448 0.755823 0.654319
v 3.931452 3.804150 1.467742
vt 0.750000 0.300000
vn -0.133345 0.648146 0.749750
f 3853/3853/3853 3854/3854/3854 3855/3855/3855
v 3.564516 3.306422 1.834677
vt 0.700000 0.250000
vn 0.441346 0.830467 0.339908
v 3.931452 3.804150 1.467742
vt 0.750000 0.300000
vn -0.133345 0.648146 0.749750
v 3.564516 3.576317 1.467742
vt 0.700000 0.300000
vn 0.052689 0.750995 0.658202
f 3856/3856/3856 3857/3857/3857 3858/3858/3858
v 3.931452 3.282739 1.834677
vt 0.750000 0.250000
vn -0.024448 0.755823 0.654319
v 4.298387 3.440183 1.834677
vt 0.800000 0.250000
vn -0.134843 0.653452 0.744861
v 4.298387 3.901352 1.467742
vt 0.800000 0.300000
vn 0.155579 0.822020 0.547795
f 3859/3859/3859 3860/3860/3860 3861/3861/3861
v 3.931452 3.282739 1.834677
vt 0.750000 0.250000
vn -0.024448 0.755823 0.654319
v 4.298387 3.901352 1.467742
vt 0.800000 0.300000
vn 0.155579 0.822020 0.547795
v 3.931452 3.804150 1.467742
vt 0.750000 0.300000
vn -0.133345 0.648146 0.749750
f 3862/3862/3862 3863/3863/3863 3864/3864/3864
v 4.298387 3.440183 1.834677
vt 0.800000 0.250000
vn -0.134843 0.653452 0.744861
v 4.665322 3.535076 1.834677
vt 0.850000 0.250000
vn 0.046507 0.755335 0.653687
v 4.665322 3.794612 1.467742
vt 0.850000 0.300000
vn 0.399444 0.890542 0.217667
f 3865/3865/3865 3866/3866/3866 3867/3867/3867
v 4.298387 3.440183 1.834677
vt 0.800000 0.250000
vn -0.134843 0.653452 0.744861
v 4.665322 3.794612 1.467742
vt 0.850000 0.300000
vn 0.399444 0.890542 0.217667
v 4.298387 3.901352 1.467742
vt 0.800000 0.300000
vn 0.155579 0.822020 0.547795
f 3868/3868/3868 3869/3869/3869 3870/3870/3870
v 4.665322 3.535076 1.834677
vt 0.850000 0.250000
vn 0.046507 0.755335 0.653687
v 5.032258 3.492447 1.834677
vt 0.900000 0.250000
vn 0.277423 0.861182 0.425913
v 5.032258 3.554133 1.467742
vt 0.900000 0.300000
vn 0.540437 0.834004 -0.111199
f 3871/3871/3871 3872/3872/3872 3873/3873/3873
v 4.665322 3.535076 1.834677
vt 0.850000 0.250000
vn 0.046507 0.755335 0.653687
v 5.032258 3.554133 1.467742
vt 0.900000 0.300000
vn 0.540437 0.834004 -0.111199
v 4.665322 3.794612 1.467742
vt 0.850000 0.300000
vn 0.399444 0.890542 0.217667
f 3874/3874/3874 3875/3875/3875 3876/3876/3876
v 5.032258 3.492447 1.834677
vt 0.900000 0.250000
vn 0.277423 0.861182 0.425913
v 5.399194 3.331411 1.834677
vt 0.950000 0.250000
vn 0.450955 0.879267 0.153390
v 5.399194 3.252964 1.467742
vt 0.950000 0.300000
vn 0.577855 0.753018 -0.314719
f 3877/3877/3877 3878/3878/3878 3879/3879/3879
v 5.032258 3.492447 1.834677
vt 0.900000 0.250000
vn 0.277423 0.861182 0.425913
v 5.399194 3.252964 1.467742
vt 0.950000 0.300000
vn 0.577855 0.753018 -0.314719
v 5.032258 3.554133 1.467742
vt 0.900000 0.300000
vn 0.540437 0.834004 -0.111199
f 3880/3880/3880 3881/3881/3881 3882/3882/3882
v 5.399194 3.331411 1.834677
vt 0.950000 0.250000
vn 0.450955 0.879267 0.153390
v 5.766129 3.094658 1.834677
vt 1.000000 0.250000
vn 0.521343 0.853308 -0.008210
v 5.766129 2.936214 1.467742
vt 1.000000 0.300000
vn 0.576384 0.716780 -0.392440
f 3883/3883/3883 3884/3884/3884 3885/3885/3885
v 5.399194 3.331411 1.834677
vt 0.950000 0.250000
vn 0.450955 0.879267 0.153390
v 5.766129 2.936214 1.467742
vt 1.000000 0.300000
vn 0.576384 0.716780 -0.392440
v 5.399194 3.252964 1.467742
vt 0.950000 0.300000
vn 0.577855 0.753018 -0.314719
f 3886/3886/3886 3887/3887/3887 3888/3888/3888
v -1.572581 2.936214 1.467742
vt 0.000000 0.300000
vn -0.576383 0.716780 -0.392440
v -1.205645 3.252964 1.467742
vt 0.050000 0.300000
vn -0.577855 0.753018 -0.314719
v -1.205645 2.980809 1.100806
vt 0.050000 0.350000
vn -0.553753 0.688431 -0.468424
f 3889/3889/3889 3890/3890/3890 3891/3891/3891
v -1.572581 2.936214 1.467742
vt 0.000000 0.300000
vn -0.576383 0.716780 -0.392440
v -1.205645 2.980809 1.100806
vt 0.050000 0.350000
vn -0.553753 0.688431 -0.468424
v -1.572581 2.679127 1.100806
vt 0.000000 0.350000
vn -0.548731 0.718284 -0.427741
f 3892/3892/3892 3893/3893/3893 3894/3894/3894
v -1.205645 3.252964 1.467742
vt 0.050000 0.300000
vn -0.577855 0.753018 -0.314719
v -0.838710 3.554133 1.467742
vt 0.100000 0.300000
vn -0.540437 0.834004 -0.111200
v -0.838710 3.313184 1.100806
vt 0.100000 0.350000
vn -0.561332 0.665180 -0.492385
f 3895/3895/3895 3896/3896/3896 3897/3897/3897
v -1.205645 3.252964 1.467742
vt 0.050000 0.300000
vn -0.577855 0.753018 -0.314719
v -0.838710 3.313184 1.100806
vt 0.100000 0.350000
vn -0.561332 0.665180 -0.492385
v -1.205645 2.980809 1.100806
vt 0.050000 0.350000
vn -0.553753 0.688431 -0.468424
f 3898/3898/3898 3899/3899/3899 3900/3900/3900
v -0.838710 3.554133 1.467742
vt 0.100000 0.300000
vn -0.540437 0.834004 -0.111200
v -0.471774 3.794612 1.467742
vt 0.150000 0.300000
vn -0.399444 0.890542 0.217667
v -0.471774 3.669284 1.100806
vt 0.150000 0.350000
vn -0.569442 0.707808 -0.418024
f 3901/3901/3901 3902/3902/3902 3903/3903/3903
v -0.838710 3.554133 1.467742
vt 0.100000 0.300000
vn -0.540437 0.834004 -0.111200
v -0.471774 3.669284 1.100806
vt 0.150000 0.350000
vn -0.569442 0.707808 -0.418024
v -0.838710 3.313184 1.100806
vt 0.100000 0.350000
vn -0.561332 0.665180 -0.492385
f 3904/3904/3904 3905/3905/3905 3906/3906/3906
v -0.471774 3.794612 1.467742
vt 0.150000 0.300000
vn -0.399444 0.890542 0.217667
v -0.104839 3.901352 1.467742
vt 0.200000 0.300000
vn -0.155579 0.822019 0.547795
v -0.104839 4.013609 1.100806
vt 0.200000 0.350000
vn -0.511461 0.850015 -0.126028
f 3907/3907/3907 3908/3908/3908 3909/3909/3909
v -0.471774 3.794612 1.467742
vt 0.150000 0.300000
vn -0.399444 0.890542 0.217667
v -0.104839 4.013609 1.100806
vt 0.200000 0.350000
vn -0.511461 0.850015 -0.126028
v -0.471774 3.669284 1.100806
vt 0.150000 0.350000
vn -0.569442 0.707808 -0.418024
f 3910/3910/3910 3911/3911/3911 3912/3912/3912
v -0.104839 3.901352 1.467742
vt 0.200000 0.300000
vn -0.155579 0.822019 0.547795
v 0.262097 3.804150 1.467742
vt 0.250000 0.300000
vn 0.133345 0.648146 0.749750
v 0.262097 4.248650 1.100806
vt 0.250000 0.350000
vn -0.263634 0.925338 0.272483
f 3913/3913/3913 3914/3914/3914 3915/3915/3915
v -0.104839 3.901352 1.467742
vt 0.200000 0.300000
vn -0.155579 0.822019 0.547795
v 0.262097 4.248650 1.100806
vt 0.250000 0.350000
vn -0.263634 0.925338 0.272483
v -0.104839 4.013609 1.100806
vt 0.200000 0.350000
vn -0.511461 0.850015 -0.126028
f 3916/3916/3916 3917/3917/3917 3918/3918/3918
v 0.262097 3.804150 1.467742
vt 0.250000 0.300000
vn 0.133345 0.648146 0.749750
v 0.629032 3.576317 1.467742
vt 0.300000 0.300000
vn -0.052689 0.750996 0.658202
v 0.629032 4.178070 1.100806
vt 0.300000 0.350000
vn 0.033386 0.769607 0.637645
f 3919/3919/3919 3920/3920/3920 3921/3921/3921
v 0.262097 3.804150 1.467742
vt 0.250000 0.300000
vn 0.133345 0.648146 0.749750
v 0.629032 4.178070 1.100806
vt 0.300000 0.350000
vn 0.033386 0.769607 0.637645
v 0.262097 4.248650 1.100806
vt 0.250000 0.350000
vn -0.263634 0.925338 0.272483
f 3922/3922/3922 3923/3923/3923 3924/3924/3924
v 0.629032 3.576317 1.467742
vt 0.300000 0.300000
vn -0.052689 0.750996 0.658202
v 0.995968 3.681369 1.467742
vt 0.350000 0.300000
vn -0.544899 0.771920 0.327451
v 0.995968 3.940302 1.100806
vt 0.350000 0.350000
vn -0.194161 0.763020 0.616524
f 3925/3925/3925 3926/3926/3926 3927/3927/3927
v 0.629032 3.576317 1.467742
vt 0.300000 0.300000
vn -0.052689 0.750996 0.658202
v 0.995968 3.940302 1.100806
vt 0.350000 0.350000
vn -0.194161 0.763020 0.616524
v 0.629032 4.178070 1.100806
vt 0.300000 0.350000
vn 0.033386 0.769607 0.637645
f 3928/3928/3928 3929/3929/3929 3930/3930/3930
v 0.995968 3.681369 1.467742
vt 0.350000 0.300000
vn -0.544899 0.771920 0.327451
v 1.362903 4.281920 1.467742
vt 0.400000 0.300000
vn -0.546088 0.826329 0.137725
v 1.362903 4.146449 1.100806
vt 0.400000 0.350000
vn -0.536774 0.775911 0.331413
f 3931/3931/3931 3932/3932/3932 3933/3933/3933
v 0.995968 3.681369 1.467742
vt 0.350000 0.300000
vn -0.544899 0.771920 0.327451
v 1.362903 4.146449 1.100806
vt 0.400000 0.350000
vn -0.536774 0.775911 0.331413
v 0.995968 3.940302 1.100806
vt 0.350000 0.350000
vn -0.194161 0.763020 0.616524
f 3934/3934/3934 3935/3935/3935 3936/3936/3936
v 1.362903 4.281920 1.467742
vt 0.400000 0.300000
vn -0.546088 0.826329 0.137725
v 1.729839 4.364271 1.467742
vt 0.450000 0.300000
vn 0.274631 0.875427 0.397751
v 1.729839 4.607554 1.100806
vt 0.450000 0.350000
vn -0.024634 0.935280 0.353052
f 3937/3937/3937 3938/3938/3938 3939/3939/3939
v 1.362903 4.281920 1.467742
vt 0.400000 0.300000
vn -0.546088 0.826329 0.137725
v 1.729839 4.607554 1.100806
vt 0.450000 0.350000
vn -0.024634 0.935280 0.353052
v 1.362903 4.146449 1.100806
vt 0.400000 0.350000
vn -0.536774 0.775911 0.331413
f 3940/3940/3940 3941/3941/3941 3942/3942/3942
v 1.729839 4.364271 1.467742
vt 0.450000 0.300000
vn 0.274631 0.875427 0.397751
v 2.096774 3.916774 1.467742
vt 0.500000 0.300000
vn -0.000000 0.794400 0.607395
v 2.096774 4.195645 1.100806
vt 0.500000 0.350000
vn -0.000000 0.855472 0.517849
f 3943/3943/3943 3944/3944/3944 3945/3945/3945
v 1.729839 4.364271 1.467742
vt 0.450000 0.300000
vn 0.274631 0.875427 0.397751
v 2.096774 4.195645 1.100806
vt 0.500000 0.350000
vn -0.000000 0.855472 0.517849
v 1.729839 4.607554 1.100806
vt 0.450000 0.350000
vn -0.024634 0.935280 0.353052
f 3946/3946/3946 3947/3947/3947 3948/3948/3948
v 2.096774 3.916774 1.467742
vt 0.500000 0.300000
vn -0.000000 0.794400 0.607395
v 2.463710 4.364271 1.467742
vt 0.550000 0.300000
vn -0.274631 0.875426 0.397752
v 2.463710 4.607554 1.100806
vt 0.550000 0.350000
vn 0.024634 0.935280 0.353051
f 3949/3949/3949 3950/3950/3950 3951/3951/3951
v 2.096774 3.916774 1.467742
vt 0.500000 0.300000
vn -0.000000 0.794400 0.607395
v 2.463710 4.607554 1.100806
vt 0.550000 0.350000
vn 0.024634 0.935280 0.353051
v 2.096774 4.195645 1.100806
vt 0.500000 0.350000
vn -0.000000 0.855472 0.517849
f 3952/3952/3952 3953/3953/3953 3954/3954/3954
v 2.463710 4.364271 1.467742
vt 0.550000 0.300000
vn -0.274631 0.875426 0.397752
v 2.830645 4.281920 1.467742
vt 0.600000 0.300000
vn 0.546088 0.826329 0.137725
v 2.830645 4.146449 1.100806
vt 0.600000 0.350000
vn 0.536774 0.775911 0.331413
f 3955/3955/3955 3956/3956/3956 3957/3957/3957
v 2.463710 4.364271 1.467742
vt 0.550000 0.300000
vn -0.274631 0.875426 0.397752
v 2.830645 4.146449 1.100806
vt 0.600000 0.350000
vn 0.536774 0.775911 0.331413
v 2.463710 4.607554 1.100806
vt 0.550000 0.350000
vn 0.024634 0.935280 0.353051
f 3958/3958/3958 3959/3959/3959 3960/3960/3960
v 2.830645 4.281920 1.467742
vt 0.600000 0.300000
vn 0.546088 0.826329 0.137725
v 3.197581 3.681369 1.467742
vt 0.650000 0.300000
vn 0.544899 0.771920 0.327451
v 3.197581 3.940302 1.100806
vt 0.650000 0.350000
vn 0.194161 0.763020 0.616524
f 3961/3961/3961 3962/3962/3962 3963/3963/3963
v 2.830645 4.281920 1.467742
vt 0.600000 0.300000
vn 0.546088 0.826329 0.137725
v 3.197581 3.940302 1.100806
vt 0.650000 0.350000
vn 0.194161 0.763020 0.616524
v 2.830645 4.146449 1.100806
vt 0.600000 0.350000
vn 0.536774 0.775911 0.331413
f 3964/3964/3964 3965/3965/3965 3966/3966/3966
v 3.197581 3.681369 1.467742
vt 0.650000 0.300000
vn 0.544899 0.771920 0.327451
v 3.564516 3.576317 1.467742
vt 0.700000 0.300000
vn 0.052689 0.750995 0.658202
v 3.564516 4.178070 1.100806
vt 0.700000 0.350000
vn -0.033386 0.769607 0.637645
f 3967/3967/3967 3968/3968/3968 3969/3969/3969
v 3.197581 3.681369 1.467742
vt 0.650000 0.300000
vn 0.544899 0.771920 0.327451
v 3.564516 4.178070 1.100806
vt 0.700000 0.350000
vn -0.033386 0.769607 0.637645
v 3.197581 3.940302 1.100806
vt 0.650000 0.350000
vn 0.194161 0.763020 0.616524
f 3970/3970/3970 3971/3971/3971 3972/3972/3972
v 3.564516 3.576317 1.467742
vt 0.700000 0.300000
vn 0.052689 0.750995 0.658202
v 3.931452 3.804150 1.467742
vt 0.750000 0.300000
vn -0.133345 0.648146 0.749750
v 3.931452 4.248650 1.100806
vt 0.750000 0.350000
vn 0.263635 0.925338 0.272483
f 3973/3973/3973 3974/3974/3974 3975/3975/3975
v 3.564516 3.576317 1.467742
vt 0.700000 0.300000
vn 0.052689 0.750995 0.658202
v 3.931452 4.248650 1.100806
vt 0.750000 0.350000
vn 0.263635 0.925338 0.272483
v 3.564516 4.178070 1.100806
vt 0.700000 0.350000
vn -0.033386 0.769607 0.637645
f 3976/3976/3976 3977/3977/3977 3978/3978/3978
v 3.931452 3.804150 1.467742
vt 0.750000 0.300000
vn -0.133345 0.648146 0.749750
v 4.298387 3.901352 1.467742
vt 0.800000 0.300000
vn 0.155579 0.822020 0.547795
v 4.298387 4.013609 1.100806
vt 0.800000 0.350000
vn 0.511461 0.850014 -0.126028
f 3979/3979/3979 3980/3980/3980 3981/3981/3981
v 3.931452 3.804150 1.467742
vt 0.750000 0.300000
vn -0.133345 0.648146 0.749750
v 4.298387 4.013609 1.100806
vt 0.800000 0.350000
vn 0.511461 0.850014 -0.126028
v 3.931452 4.248650 1.100806
vt 0.750000 0.350000
vn 0.263635 0.925338 0.272483
f 3982/3982/3982 3983/3983/3983 3984/3984/3984
v 4.298387 3.901352 1.467742
vt 0.800000 0.300000
vn 0.155579 0.822020 0.547795
v 4.665322 3.794612 1.467742
vt 0.850000 0.300000
vn 0.399444 0.890542 0.217667
v 4.665322 3.669284 1.100806
vt 0.850000 0.350000
vn 0.569442 0.707808 -0.418024
f 3985/3985/3985 3986/3986/3986 3987/3987/3987
v 4.298387 3.901352 1.467742
vt 0.800000 0.300000
vn 0.155579 0.822020 0.547795
v 4.665322 3.669284 1.100806
vt 0.850000 0.350000
vn 0.569442 0.707808 -0.418024
v 4.298387 4.013609 1.100806
vt 0.800000 0.350000
vn 0.511461 0.850014 -0.126028
f 3988/3988/3988 3989/3989/3989 3990/3990/3990
v 4.665322 3.794612 1.467742
vt 0.850000 0.300000
vn 0.399444 0.890542 0.217667
v 5.032258 3.554133 1.467742
vt 0.900000 0.300000
vn 0.540437 0.834004 -0.111199
v 5.032258 3.313184 1.100806
vt 0.900000 0.350000
vn 0.561332 0.665180 -0.492385
f 3991/3991/3991 3992/3992/3992 3993/3993/3993
v 4.665322 3.794612 1.467742
vt 0.850000 0.300000
vn 0.399444 0.890542 0.217667
v 5.032258 3.313184 1.100806
vt 0.900000 0.350000
vn 0.561332 0.665180 -0.492385
v 4.665322 3.669284 1.100806
vt 0.850000 0.350000
vn 0.569442 0.707808 -0.418024
f 3994/3994/3994 3995/3995/3995 3996/3996/3996
v 5.032258 3.554133 1.467742
vt 0.900000 0.300000
vn 0.540437 0.834004 -0.111199
v 5.399194 3.252964 1.467742
vt 0.950000 0.300000
vn 0.577855 0.753018 -0.314719
v 5.399194 2.980809 1.100806
vt 0.950000 0.350000
vn 0.553753 0.688431 -0.468424
f 3997/3997/3997 3998/3998/3998 3999/3999/3999
v 5.032258 3.554133 1.467742
vt 0.900000 0.300000
vn 0.540437 0.834004 -0.111199
v 5.399194 2.980809 1.100806
vt 0.950000 0.350000
vn 0.553753 0.688431 -0.468424
v 5.032258 3.313184 1.100806
vt 0.900000 0.350000
vn 0.561332 0.665180 -0.492385
f 4000/4000/4000 4001/4001/4001 4002/4002/4002
v 5.399194 3.252964 1.467742
vt 0.950000 0.300000
vn 0.577855 0.753018 -0.314719
v 5.766129 2.936214 1.467742
vt 1.000000 0.300000
vn 0.576384 0.716780 -0.392440
v 5.766129 2.679127 1.100806
vt 1.000000 0.350000
vn 0.548731 0.718284 -0.427741
f 4003/4003/4003 4004/4004/4004 4005/4005/4005
v 5.399194 3.252964 1.467742
vt 0.950000 0.300000
vn 0.577855 0.753018 -0.314719
v 5.766129 2.679127 1.100806
vt 1.000000 0.350000
vn 0.548731 0.718284 -0.427741
v 5.399194 2.980809 1.100806
vt 0.950000 0.350000
vn 0.553753 0.688431 -0.468424
f 4006/4006/4006 4007/4007/4007 4008/4008/4008
v -1.572581 2.679127 1.100806
vt 0.000000 0.350000
vn -0.548731 0.718284 -0.427741
v -1.205645 2.980809 1.100806
vt 0.050000 0.350000
vn -0.553753 0.688431 -0.468424
v -1.205645 2.751087 0.733871
vt 0.050000 0.400000
vn -0.537722 0.829731 -0.149673
f 4009/4009/4009 4010/4010/4010 4011/4011/4011
v -1.572581 2.679127 1.100806
vt 0.000000 0.350000
vn -0.548731 0.718284 -0.427741
v -1.205645 2.751087 0.733871
vt 0.050000 0.400000
vn -0.537722 0.829731 -0.149673
v -1.572581 2.526217 0.733871
vt 0.000000 0.400000
vn -0.529578 0.843662 -0.088208
f 4012/4012/4012 4013/4013/4013 4014/4014/4014
v -1.205645 2.980809 1.100806
vt 0.050000 0.350000
vn -0.553753 0.688431 -0.468424
v -0.838710 3.313184 1.100806
vt 0.100000 0.350000
vn -0.561332 0.665180 -0.492385
v -0.838710 2.999938 0.733871
vt 0.100000 0.400000
vn -0.549545 0.784294 -0.287895
f 4015/4015/4015 4016/4016/4016 4017/4017/4017
v -1.205645 2.980809 1.100806
vt 0.050000 0.350000
vn -0.553753 0.688431 -0.468424
v -0.838710 2.999938 0.733871
vt 0.100000 0.400000
vn -0.549545 0.784294 -0.287895
v -1.205645 2.751087 0.733871
vt 0.050000 0.400000
vn -0.537722 0.829731 -0.149673
f 4018/4018/4018 4019/4019/4019 4020/4020/4020
v -0.838710 3.313184 1.100806
vt 0.100000 0.350000
vn -0.561332 0.665180 -0.492385
v -0.471774 3.669284 1.100806
vt 0.150000 0.350000
vn -0.569442 0.707808 -0.418024
v -0.471774 3.286921 0.733871
vt 0.150000 0.400000
vn -0.550326 0.711425 -0.437054
f 4021/4021/4021 4022/4022/4022 4023/4023/4023
v -0.838710 3.313184 1.100806
vt 0.100000 0.350000
vn -0.561332 0.665180 -0.492385
v -0.471774 3.286921 0.733871
vt 0.150000 0.400000
vn -0.550326 0.711425 -0.437054
v -0.838710 2.999938 0.733871
vt 0.100000 0.400000
vn -0.549545 0.784294 -0.287895
f 4024/4024/4024 4025/4025/4025 4026/4026/4026
v -0.471774 3.669284 1.100806
vt 0.150000 0.350000
vn -0.569442 0.707808 -0.418024
v -0.104839 4.013609 1.100806
vt 0.200000 0.350000
vn -0.511461 0.850015 -0.126028
v -0.104839 3.630606 0.733871
vt 0.200000 0.400000
vn -0.550673 0.634695 -0.542146
f 4027/4027/4027 4028/4028/4028 4029/4029/4029
v -0.471774 3.669284 1.100806
vt 0.150000 0.350000
vn -0.569442 0.707808 -0.418024
v -0.104839 3.630606 0.733871
vt 0.200000 0.400000
vn -0.550673 0.634695 -0.542146
v -0.471774 3.286921 0.733871
vt 0.150000 0.400000
vn -0.550326 0.711425 -0.437054
f 4030/4030/4030 4031/4031/4031 4032/4032/4032
v -0.104839 4.013609 1.100806
vt 0.200000 0.350000
vn -0.511461 0.850015 -0.126028
v 0.262097 4.248650 1.100806
vt 0.250000 0.350000
vn -0.263634 0.925338 0.272483
v 0.262097 4.036035 0.733871
vt 0.250000 0.400000
vn -0.527183 0.691831 -0.493404
f 4033/4033/4033 4034/4034/4034 4035/4035/4035
v -0.104839 4.013609 1.100806
vt 0.200000 0.350000
vn -0.511461 0.850015 -0.126028
v 0.262097 4.036035 0.733871
vt 0.250000 0.400000
vn -0.527183 0.691831 -0.493404
v -0.104839 3.630606 0.733871
vt 0.200000 0.400000
vn -0.550673 0.634695 -0.542146
f 4036/4036/4036 4037/4037/4037 4038/4038/4038
v 0.262097 4.248650 1.100806
vt 0.250000 0.350000
vn -0.263634 0.925338 0.272483
v 0.629032 4.178070 1.100806
vt 0.300000 0.350000
vn 0.033386 0.769607 0.637645
v 0.629032 4.394878 0.733871
vt 0.300000 0.400000
vn -0.363570 0.925923 -0.102389
f 4039/4039/4039 4040/4040/4040 4041/4041/4041
v 0.262097 4.248650 1.100806
vt 0.250000 0.350000
vn -0.263634 0.925338 0.272483
v 0.629032 4.394878 0.733871
vt 0.300000 0.400000
vn -0.363570 0.925923 -0.102389
v 0.262097 4.036035 0.733871
vt 0.250000 0.400000
vn -0.527183 0.691831 -0.493404
f 4042/4042/4042 4043/4043/4043 4044/4044/4044
v 0.629032 4.178070 1.100806
vt 0.300000 0.350000
vn 0.033386 0.769607 0.637645
v 0.995968 3.940302 1.100806
vt 0.350000 0.350000
vn -0.194161 0.763020 0.616524
v 0.995968 4.512757 0.733871
vt 0.350000 0.400000
vn -0.194072 0.930647 0.310213
f 4045/4045/4045 4046/4046/4046 4047/4047/4047
v 0.629032 4.178070 1.100806
vt 0.300000 0.350000
vn 0.033386 0.769607 0.637645
v 0.995968 4.512757 0.733871
vt 0.350000 0.400000
vn -0.194072 0.930647 0.310213
v 0.629032 4.394878 0.733871
vt 0.300000 0.400000
vn -0.363570 0.925923 -0.102389
f 4048/4048/4048 4049/4049/4049 4050/4050/4050
v 0.995968 3.940302 1.100806
vt 0.350000 0.350000
vn -0.194161 0.763020 0.616524
v 1.362903 4.146449 1.100806
vt 0.400000 0.350000
vn -0.536774 0.775911 0.331413
v 1.362903 4.304288 0.733871
vt 0.400000 0.400000
vn -0.364092 0.817866 0.445569
f 4051/4051/4051 4052/4052/4052 4053/4053/4053
v 0.995968 3.940302 1.100806
vt 0.350000 0.350000
vn -0.194161 0.763020 0.616524
v 1.362903 4.304288 0.733871
vt 0.400000 0.400000
vn -0.364092 0.817866 0.445569
v 0.995968 4.512757 0.733871
vt 0.350000 0.400000
vn -0.194072 0.930647 0.310213
f 4054/4054/4054 4055/4055/4055 4056/4056/4056
v 1.362903 4.146449 1.100806
vt 0.400000 0.350000
vn -0.536774 0.775911 0.331413
v 1.729839 4.607554 1.100806
vt 0.450000 0.350000
vn -0.024634 0.935280 0.353052
v 1.729839 4.657089 0.733871
vt 0.450000 0.400000
vn -0.099934 0.913332 0.394763
f 4057/4057/4057 4058/4058/4058 4059/4059/4059
v 1.362903 4.146449 1.100806
vt 0.400000 0.350000
vn -0.536774 0.775911 0.331413
v 1.729839 4.657089 0.733871
vt 0.450000 0.400000
vn -0.099934 0.913332 0.394763
v 1.362903 4.304288 0.733871
vt 0.400000 0.400000
vn -0.364092 0.817866 0.445569
f 4060/4060/4060 4061/4061/4061 4062/4062/4062
v 1.729839 4.607554 1.100806
vt 0.450000 0.350000
vn -0.024634 0.935280 0.353052
v 2.096774 4.195645 1.100806
vt 0.500000 0.350000
vn -0.000000 0.855472 0.517849
v 2.096774 4.474516 0.733871
vt 0.500000 0.400000
vn -0.000000 0.921006 0.389548
f 4063/4063/4063 4064/4064/4064 4065/4065/4065
v 1.729839 4.607554 1.100806
vt 0.450000 0.350000
vn -0.024634 0.935280 0.353052
v 2.096774 4.474516 0.733871
vt 0.500000 0.400000
vn -0.000000 0.921006 0.389548
v 1.729839 4.657089 0.733871
vt 0.450000 0.400000
vn -0.099934 0.913332 0.394763
f 4066/4066/4066 4067/4067/4067 4068/4068/4068
v 2.096774 4.195645 1.100806
vt 0.500000 0.350000
vn -0.000000 0.855472 0.517849
v 2.463710 4.607554 1.100806
vt 0.550000 0.350000
vn 0.024634 0.935280 0.353051
v 2.463710 4.657089 0.733871
vt 0.550000 0.400000
vn 0.099934 0.913332 0.394763
f 4069/4069/4069 4070/4070/4070 4071/4071/4071
v 2.096774 4.195645 1.100806
vt 0.500000 0.350000
vn -0.000000 0.855472 0.517849
v 2.463710 4.657089 0.733871
vt 0.550000 0.400000
vn 0.099934 0.913332 0.394763
v 2.096774 4.474516 0.733871
vt 0.500000 0.400000
vn -0.000000 0.921006 0.389548
f 4072/4072/4072 4073/4073/4073 4074/4074/4074
v 2.463710 4.607554 1.100806
vt 0.550000 0.350000
vn 0.024634 0.935280 0.353051
v 2.830645 4.146449 1.100806
vt 0.600000 0.350000
vn 0.536774 0.775911 0.331413
v 2.830645 4.304288 0.733871
vt 0.600000 0.400000
vn 0.364092 0.817867 0.445568
f 4075/4075/4075 4076/4076/4076 4077/4077/4077
v 2.463710 4.607554 1.100806
vt 0.550000 0.350000
vn 0.024634 0.935280 0.353051
v 2.830645 4.304288 0.733871
vt 0.600000 0.400000
vn 0.364092 0.817867 0.445568
v 2.463710 4.657089 0.733871
vt 0.550000 0.400000
vn 0.099934 0.913332 0.394763
f 4078/4078/4078 4079/4079/4079 4080/4080/4080
v 2.830645 4.146449 1.100806
vt 0.600000 0.350000
vn 0.536774 0.775911 0.331413
v 3.197581 3.940302 1.100806
vt 0.650000 0.350000
vn 0.194161 0.763020 0.616524
v 3.197581 4.512757 0.733871
vt 0.650000 0.400000
vn 0.194072 0.930647 0.310212
f 4081/4081/4081 4082/4082/4082 4083/4083/4083
v 2.830645 4.146449 1.100806
vt 0.600000 0.350000
vn 0.536774 0.775911 0.331413
v 3.197581 4.512757 0.733871
vt 0.650000 0.400000
vn 0.194072 0.930647 0.310212
v 2.830645 4.304288 0.733871
vt 0.600000 0.400000
vn 0.364092 0.817867 0.445568
f 4084/4084/4084 4085/4085/4085 4086/4086/4086
v 3.197581 3.940302 1.100806
vt 0.650000 0.350000
vn 0.194161 0.763020 0.616524
v 3.564516 4.178070 1.100806
vt 0.700000 0.350000
vn -0.033386 0.769607 0.637645
v 3.564516 4.394878 0.733871
vt 0.700000 0.400000
vn 0.363570 0.925923 -0.102389
f 4087/4087/4087 4088/4088/4088 4089/4089/4089
v 3.197581 3.940302 1.100806
vt 0.650000 0.350000
vn 0.194161 0.763020 0.616524
v 3.564516 4.394878 0.733871
vt 0.700000 0.400000
vn 0.363570 0.925923 -0.102389
v 3.197581 4.512757 0.733871
vt 0.650000 0.400000
vn 0.194072 0.930647 0.310212
f 4090/4090/4090 4091/4091/4091 4092/4092/4092
v 3.564516 4.178070 1.100806
vt 0.700000 0.350000
vn -0.033386 0.769607 0.637645
v 3.931452 4.248650 1.100806
vt 0.750000 0.350000
vn 0.263635 0.925338 0.272483
v 3.931452 4.036035 0.733871
vt 0.750000 0.400000
vn 0.527183 0.691831 -0.493404
f 4093/4093/4093 4094/4094/4094 4095/4095/4095
v 3.564516 4.178070 1.100806
vt 0.700000 0.350000
vn -0.033386 0.769607 0.637645
v 3.931452 4.036035 0.733871
vt 0.750000 0.400000
vn 0.527183 0.691831 -0.493404
v 3.564516 4.394878 0.733871
vt 0.700000 0.400000
vn 0.363570 0.925923 -0.102389
f 4096/4096/4096 4097/4097/4097 4098/4098/4098
v 3.931452 4.248650 1.100806
vt 0.750000 0.350000
vn 0.263635 0.925338 0.272483
v 4.298387 4.013609 1.100806
vt 0.800000 0.350000
vn 0.511461 0.850014 -0.126028
v 4.298387 3.630606 0.733871
vt 0.800000 0.400000
vn 0.550673 0.634695 -0.542146
f 4099/4099/4099 4100/4100/4100 4101/4101/4101
v 3.931452 4.248650 1.100806
vt 0.750000 0.350000
vn 0.263635 0.925338 0.272483
v 4.298387 3.630606 0.733871
vt 0.800000 0.400000
vn 0.550673 0.634695 -0.542146
v 3.931452 4.036035 0.733871
vt 0.750000 0.400000
vn 0.527183 0.691831 -0.493404
f 4102/4102/4102 4103/4103/4103 4104/4104/4104
v 4.298387 4.013609 1.100806
vt 0.800000 0.350000
vn 0.511461 0.850014 -0.126028
v 4.665322 3.669284 1.100806
vt 0.850000 0.350000
vn 0.569442 0.707808 -0.418024
v 4.665322 3.286921 0.733871
vt 0.850000 0.400000
vn 0.550326 0.711425 -0.437054
f 4105/4105/4105 4106/4106/4106 4107/4107/4107
v 4.298387 4.013609 1.100806
vt 0.800000 0.350000
vn 0.511461 0.850014 -0.126028
v 4.665322 3.286921 0.733871
vt 0.850000 0.400000
vn 0.550326 0.711425 -0.437054
v 4.298387 3.630606 0.733871
vt 0.800000 0.400000
vn 0.550673 0.634695 -0.542146
f 4108/4108/4108 4109/4109/4109 4110/4110/4110
v 4.665322 3.669284 1.100806
vt 0.850000 0.350000
vn 0.569442 0.707808 -0.418024
v 5.032258 3.313184 1.100806
vt 0.900000 0.350000
vn 0.561332 0.665180 -0.492385
v 5.032258 2.999938 0.733871
vt 0.900000 0.400000
vn 0.549545 0.784294 -0.287895
f 4111/4111/4111 4112/4112/4112 4113/4113/4113
v 4.665322 3.669284 1.100806
vt 0.850000 0.350000
vn 0.569442 0.707808 -0.418024
v 5.032258 2.999938 0.733871
vt 0.900000 0.400000
vn 0.549545 0.784294 -0.287895
v 4.665322 3.286921 0.733871
vt 0.850000 0.400000
vn 0.550326 0.711425 -0.437054
f 4114/4114/4114 4115/4115/4115 4116/4116/4116
v 5.032258 3.313184 1.100806
vt 0.900000 0.350000
vn 0.561332 0.665180 -0.492385
v 5.399194 2.980809 1.100806
vt 0.950000 0.350000
vn 0.553753 0.688431 -0.468424
v 5.399194 2.751087 0.733871
vt 0.950000 0.400000
vn 0.537722 0.829731 -0.149673
f 4117/4117/4117 4118/4118/4118 4119/4119/4119
v 5.032258 3.313184 1.100806
vt 0.900000 0.350000
vn 0.561332 0.665180 -0.492385
v 5.399194 2.751087 0.733871
vt 0.950000 0.400000
vn 0.537722 0.829731 -0.149673
v 5.032258 2.999938 0.733871
vt 0.900000 0.400000
vn 0.549545 0.784294 -0.287895
f 4120/4120/4120 4121/4121/4121 4122/4122/4122
v 5.399194 2.980809 1.100806
vt 0.950000 0.350000
vn 0.553753 0.688431 -0.468424
v 5.766129 2.679127 1.100806
vt 1.000000 0.350000
vn 0.548731 0.718284 -0.427741
v 5.766129 2.526217 0.733871
vt 1.000000 0.400000
vn 0.529578 0.843662 -0.088207
f 4123/4123/4123 4124/4124/4124 4125/4125/4125
v 5.399194 2.980809 1.100806
vt 0.950000 0.350000
vn 0.553753 0.688431 -0.468424
v 5.766129 2.526217 0.733871
vt 1.000000 0.400000
vn 0.529578 0.843662 -0.088207
v 5.399194 2.751087 0.733871
vt 0.950000 0.400000
vn 0.537722 0.829731 -0.149673
f 4126/4126/4126 4127/4127/4127 4128/4128/4128
v -1.572581 2.526217 0.733871
vt 0.000000 0.400000
vn -0.529578 0.843662 -0.088208
v -1.205645 2.751087 0.733871
vt 0.050000 0.400000
vn -0.537722 0.829731 -0.149673
v -1.205645 2.819576 0.366935
vt 0.050000 0.450000
vn -0.437479 0.796750 0.416894
f 4129/4129/4129 4130/4130/4130 4131/4131/4131
v -1.572581 2.526217 0.733871
vt 0.000000 0.400000
vn -0.529578 0.843662 -0.088208
v -1.205645 2.819576 0.366935
vt 0.050000 0.450000
vn -0.437479 0.796750 0.416894
v -1.572581 2.639458 0.366935
vt 0.000000 0.450000
vn -0.434853 0.802216 0.409086
f 4132/4132/4132 4133/4133/4133 4134/4134/4134
v -1.205645 2.751087 0.733871
vt 0.050000 0.400000
vn -0.537722 0.829731 -0.149673
v -0.838710 2.999938 0.733871
vt 0.100000 0.400000
vn -0.549545 0.784294 -0.287895
v -0.838710 2.998280 0.366935
vt 0.100000 0.450000
vn -0.463894 0.810847 0.356832
f 4135/4135/4135 4136/4136/4136 4137/4137/4137
v -1.205645 2.751087 0.733871
vt 0.050000 0.400000
vn -0.537722 0.829731 -0.149673
v -0.838710 2.998280 0.366935
vt 0.100000 0.450000
vn -0.463894 0.810847 0.356832
v -1.205645 2.819576 0.366935
vt 0.050000 0.450000
vn -0.437479 0.796750 0.416894
f 4138/4138/4138 4139/4139/4139 4140/4140/4140
v -0.838710 2.999938 0.733871
vt 0.100000 0.400000
vn -0.549545 0.784294 -0.287895
v -0.471774 3.286921 0.733871
vt 0.150000 0.400000
vn -0.550326 0.711425 -0.437054
v -0.471774 3.177873 0.366935
vt 0.150000 0.450000
vn -0.501800 0.823296 0.265294
f 4141/4141/4141 4142/4142/4142 4143/4143/4143
v -0.838710 2.999938 0.733871
vt 0.100000 0.400000
vn -0.549545 0.784294 -0.287895
v -0.471774 3.177873 0.366935
vt 0.150000 0.450000
vn -0.501800 0.823296 0.265294
v -0.838710 2.998280 0.366935
vt 0.100000 0.450000
vn -0.463894 0.810847 0.356832
f 4144/4144/4144 4145/4145/4145 4146/4146/4146
v -0.471774 3.286921 0.733871
vt 0.150000 0.400000
vn -0.550326 0.711425 -0.437054
v -0.104839 3.630606 0.733871
vt 0.200000 0.400000
vn -0.550673 0.634695 -0.542146
v -0.104839 3.364488 0.366935
vt 0.200000 0.450000
vn -0.557573 0.816236 0.151232
f 4147/4147/4147 4148/4148/4148 4149/4149/4149
v -0.471774 3.286921 0.733871
vt 0.150000 0.400000
vn -0.550326 0.711425 -0.437054
v -0.104839 3.364488 0.366935
vt 0.200000 0.450000
vn -0.557573 0.816236 0.151232
v -0.471774 3.177873 0.366935
vt 0.150000 0.450000
vn -0.501800 0.823296 0.265294
f 4150/4150/4150 4151/4151/4151 4152/4152/4152
v -0.104839 3.630606 0.733871
vt 0.200000 0.400000
vn -0.550673 0.634695 -0.542146
v 0.262097 4.036035 0.733871
vt 0.250000 0.400000
vn -0.527183 0.691831 -0.493404
v 0.262097 3.618183 0.366935
vt 0.250000 0.450000
vn -0.614733 0.787960 0.034956
f 4153/4153/4153 4154/4154/4154 4155/4155/4155
v -0.104839 3.630606 0.733871
vt 0.200000 0.400000
vn -0.550673 0.634695 -0.542146
v 0.262097 3.618183 0.366935
vt 0.250000 0.450000
vn -0.614733 0.787960 0.034956
v -0.104839 3.364488 0.366935
vt 0.200000 0.450000
vn -0.557573 0.816236 0.151232
f 4156/4156/4156 4157/4157/4157 4158/4158/4158
v 0.262097 4.036035 0.733871
vt 0.250000 0.400000
vn -0.527183 0.691831 -0.493404
v 0.629032 4.394878 0.733871
vt 0.300000 0.400000
vn -0.363570 0.925923 -0.102389
v 0.629032 3.941248 0.366935
vt 0.300000 0.450000
vn -0.619850 0.780814 -0.078202
f 4159/4159/4159 4160/4160/4160 4161/4161/4161
v 0.262097 4.036035 0.733871
vt 0.250000 0.400000
vn -0.527183 0.691831 -0.493404
v 0.629032 3.941248 0.366935
vt 0.300000 0.450000
vn -0.619850 0.780814 -0.078202
v 0.262097 3.618183 0.366935
vt 0.250000 0.450000
vn -0.614733 0.787960 0.034956
f 4162/4162/4162 4163/4163/4163 4164/4164/4164
v 0.629032 4.394878 0.733871
vt 0.300000 0.400000
vn -0.363570 0.925923 -0.102389
v 0.995968 4.512757 0.733871
vt 0.350000 0.400000
vn -0.194072 0.930647 0.310213
v 0.995968 4.325982 0.366935
vt 0.350000 0.450000
vn -0.537977 0.842562 -0.025890
f 4165/4165/4165 4166/4166/4166 4167/4167/4167
v 0.629032 4.394878 0.733871
vt 0.300000 0.400000
vn -0.363570 0.925923 -0.102389
v 0.995968 4.325982 0.366935
vt 0.350000 0.450000
vn -0.537977 0.842562 -0.025890
v 0.629032 3.941248 0.366935
vt 0.300000 0.450000
vn -0.619850 0.780814 -0.078202
f 4168/4168/4168 4169/4169/4169 4170/4170/4170
v 0.995968 4.512757 0.733871
vt 0.350000 0.400000
vn -0.194072 0.930647 0.310213
v 1.362903 4.304288 0.733871
vt 0.400000 0.400000
vn -0.364092 0.817866 0.445569
v 0.995968 4.325982 0.366935
vt 0.350000 0.450000
vn -0.537977 0.842562 -0.025890
f 4171/4171/4171 4172/4172/4172 4173/4173/4173
v 1.362903 4.304288 0.733871
vt 0.400000 0.400000
vn -0.364092 0.817866 0.445569
v 1.362903 4.713568 0.366935
vt 0.400000 0.450000
vn -0.370768 0.904269 0.211727
v 0.995968 4.325982 0.366935
vt 0.350000 0.450000
vn -0.537977 0.842562 -0.025890
f 4174/4174/4174 4175/4175/4175 4176/4176/4176
v 1.362903 4.304288 0.733871
vt 0.400000 0.400000
vn -0.364092 0.817866 0.445569
v 1.729839 4.657089 0.733871
vt 0.450000 0.400000
vn -0.099934 0.913332 0.394763
v 1.729839 4.668273 0.366935
vt 0.450000 0.450000
vn -0.192353 0.911585 0.363336
f 4177/4177/4177 4178/4178/4178 4179/4179/4179
v 1.362903 4.304288 0.733871
vt 0.400000 0.400000
vn -0.364092 0.817866 0.445569
v 1.729839 4.668273 0.366935
vt 0.450000 0.450000
vn -0.192353 0.911585 0.363336
v 1.362903 4.713568 0.366935
vt 0.400000 0.450000
vn -0.370768 0.904269 0.211727
f 4180/4180/4180 4181/4181/4181 4182/4182/4182
v 1.729839 4.657089 0.733871
vt 0.450000 0.400000
vn -0.099934 0.913332 0.394763
v 2.096774 4.474516 0.733871
vt 0.500000 0.400000
vn -0.000000 0.921006 0.389548
v 2.096774 4.753387 0.366935
vt 0.500000 0.450000
vn 0.000000 0.895127 0.445810
f 4183/4183/4183 4184/4184/4184 4185/4185/4185
v 1.729839 4.657089 0.733871
vt 0.450000 0.400000
vn -0.099934 0.913332 0.394763
v 2.096774 4.753387 0.366935
vt 0.500000 0.450000
vn 0.000000 0.895127 0.445810
v 1.729839 4.668273 0.366935
vt 0.450000 0.450000
vn -0.192353 0.911585 0.363336
f 4186/4186/4186 4187/4187/4187 4188/4188/4188
v 2.096774 4.474516 0.733871
vt 0.500000 0.400000
vn -0.000000 0.921006 0.389548
v 2.463710 4.657089 0.733871
vt 0.550000 0.400000
vn 0.099934 0.913332 0.394763
v 2.463710 4.668273 0.366935
vt 0.550000 0.450000
vn 0.192353 0.911585 0.363336
f 4189/4189/4189 4190/4190/4190 4191/4191/4191
v 2.096774 4.474516 0.733871
vt 0.500000 0.400000
vn -0.000000 0.921006 0.389548
v 2.463710 4.668273 0.366935
vt 0.550000 0.450000
vn 0.192353 0.911585 0.363336
v 2.096774 4.753387 0.366935
vt 0.500000 0.450000
vn 0.000000 0.895127 0.445810
f 4192/4192/4192 4193/4193/4193 4194/4194/4194
v 2.463710 4.657089 0.733871
vt 0.550000 0.400000
vn 0.099934 0.913332 0.394763
v 2.830645 4.304288 0.733871
vt 0.600000 0.400000
vn 0.364092 0.817867 0.445568
v 2.830645 4.713568 0.366935
vt 0.600000 0.450000
vn 0.370768 0.904269 0.211727
f 4195/4195/4195 4196/4196/4196 4197/4197/4197
v 2.463710 4.657089 0.733871
vt 0.550000 0.400000
vn 0.099934 0.913332 0.394763
v 2.830645 4.713568 0.366935
vt 0.600000 0.450000
vn 0.370768 0.904269 0.211727
v 2.463710 4.668273 0.366935
vt 0.550000 0.450000
vn 0.192353 0.911585 0.363336
f 4198/4198/4198 4199/4199/4199 4200/4200/4200
v 2.830645 4.304288 0.733871
vt 0.600000 0.400000
vn 0.364092 0.817867 0.445568
v 3.197581 4.512757 0.733871
vt 0.650000 0.400000
vn 0.194072 0.930647 0.310212
v 2.830645 4.713568 0.366935
vt 0.600000 0.450000
vn 0.370768 0.904269 0.211727
f 4201/4201/4201 4202/4202/4202 4203/4203/4203
v 3.197581 4.512757 0.733871
vt 0.650000 0.400000
vn 0.194072 0.930647 0.310212
v 3.197581 4.325982 0.366935
vt 0.650000 0.450000
vn 0.537977 0.842562 -0.025890
v 2.830645 4.713568 0.366935
vt 0.600000 0.450000
vn 0.370768 0.904269 0.211727
f 4204/4204/4204 4205/4205/4205 4206/4206/4206
v 3.197581 4.512757 0.733871
vt 0.650000 0.400000
vn 0.194072 0.930647 0.310212
v 3.564516 4.394878 0.733871
vt 0.700000 0.400000
vn 0.363570 0.925923 -0.102389
v 3.564516 3.941248 0.366935
vt 0.700000 0.450000
vn 0.619850 0.780814 -0.078202
f 4207/4207/4207 4208/4208/4208 4209/4209/4209
v 3.197581 4.512757 0.733871
vt 0.650000 0.400000
vn 0.194072 0.930647 0.310212
v 3.564516 3.941248 0.366935
vt 0.700000 0.450000
vn 0.619850 0.780814 -0.078202
v 3.197581 4.325982 0.366935
vt 0.650000 0.450000
vn 0.537977 0.842562 -0.025890
f 4210/4210/4210 4211/4211/4211 4212/4212/4212
v 3.564516 4.394878 0.733871
vt 0.700000 0.400000
vn 0.363570 0.925923 -0.102389
v 3.931452 4.036035 0.733871
vt 0.750000 0.400000
vn 0.527183 0.691831 -0.493404
v 3.931452 3.618183 0.366935
vt 0.750000 0.450000
vn 0.614733 0.787960 0.034956
f 4213/4213/4213 4214/4214/4214 4215/4215/4215
v 3.564516 4.394878 0.733871
vt 0.700000 0.400000
vn 0.363570 0.925923 -0.102389
v 3.931452 3.618183 0.366935
vt 0.750000 0.450000
vn 0.614733 0.787960 0.034956
v 3.564516 3.941248 0.366935
vt 0.700000 0.450000
vn 0.619850 0.780814 -0.078202
f 4216/4216/4216 4217/4217/4217 4218/4218/4218
v 3.931452 4.036035 0.733871
vt 0.750000 0.400000
vn 0.527183 0.691831 -0.493404
v 4.298387 3.630606 0.733871
vt 0.800000 0.400000
vn 0.550673 0.634695 -0.542146
v 4.298387 3.364488 0.366935
vt 0.800000 0.450000
vn 0.557573 0.816236 0.151232
f 4219/4219/4219 4220/4220/4220 4221/4221/4221
v 3.931452 4.036035 0.733871
vt 0.750000 0.400000
vn 0.527183 0.691831 -0.493404
v 4.298387 3.364488 0.366935
vt 0.800000 0.450000
vn 0.557573 0.816236 0.151232
v 3.931452 3.618183 0.366935
vt 0.750000 0.450000
vn 0.614733 0.787960 0.034956
f 4222/4222/4222 4223/4223/4223 4224/4224/4224
v 4.298387 3.630606 0.733871
vt 0.800000 0.400000
vn 0.550673 0.634695 -0.542146
v 4.665322 3.286921 0.733871
vt 0.850000 0.400000
vn 0.550326 0.711425 -0.437054
v 4.665322 3.177873 0.366935
vt 0.850000 0.450000
vn 0.501800 0.823296 0.265294
f 4225/4225/4225 4226/4226/4226 4227/4227/4227
v 4.298387 3.630606 0.733871
vt 0.800000 0.400000
vn 0.550673 0.634695 -0.542146
v 4.665322 3.177873 0.366935
vt 0.850000 0.450000
vn 0.501800 0.823296 0.265294
v 4.298387 3.364488 0.366935
vt 0.800000 0.450000
vn 0.557573 0.816236 0.151232
f 4228/4228/4228 4229/4229/4229 4230/4230/4230
v 4.665322 3.286921 0.733871
vt 0.850000 0.400000
vn 0.550326 0.711425 -0.437054
v 5.032258 2.999938 0.733871
vt 0.900000 0.400000
vn 0.549545 0.784294 -0.287895
v 5.032258 2.998280 0.366935
vt 0.900000 0.450000
vn 0.463894 0.810847 0.356832
f 4231/4231/4231 4232/4232/4232 4233/4233/4233
v 4.665322 3.286921 0.733871
vt 0.850000 0.400000
vn 0.550326 0.711425 -0.437054
v 5.032258 2.998280 0.366935
vt 0.900000 0.450000
vn 0.463894 0.810847 0.356832
v 4.665322 3.177873 0.366935
vt 0.850000 0.450000
vn 0.501800 0.823296 0.265294
f 4234/4234/4234 4235/4235/4235 4236/4236/4236
v 5.032258 2.999938 0.733871
vt 0.900000 0.400000
vn 0.549545 0.784294 -0.287895
v 5.399194 2.751087 0.733871
vt 0.950000 0.400000
vn 0.537722 0.829731 -0.149673
v 5.399194 2.819576 0.366935
vt 0.950000 0.450000
vn 0.437479 0.796750 0.416894
f 4237/4237/4237 4238/4238/4238 4239/4239/4239
v 5.032258 2.999938 0.733871
vt 0.900000 0.400000
vn 0.549545 0.784294 -0.287895
v 5.399194 2.819576 0.366935
vt 0.950000 0.450000
vn 0.437479 0.796750 0.416894
v 5.032258 2.998280 0.366935
vt 0.900000 0.450000
vn 0.463894 0.810847 0.356832
f 4240/4240/4240 4241/4241/4241 4242/4242/4242
v 5.399194 2.751087 0.733871
vt 0.950000 0.400000
vn 0.537722 0.829731 -0.149673
v 5.766129 2.526217 0.733871
vt 1.000000 0.400000
vn 0.529578 0.843662 -0.088207
v 5.766129 2.639458 0.366935
vt 1.000000 0.450000
vn 0.434854 0.802216 0.409086
f 4243/4243/4243 4244/4244/4244 4245/4245/4245
v 5.399194 2.751087 0.733871
vt 0.950000 0.400000
vn 0.537722 0.829731 -0.149673
v 5.766129 2.639458 0.366935
vt 1.000000 0.450000
vn 0.434854 0.802216 0.409086
v 5.399194 2.819576 0.366935
vt 0.950000 0.450000
vn 0.437479 0.796750 0.416894
f 4246/4246/4246 4247/4247/4247 4248/4248/4248
v -1.572581 2.639458 0.366935
vt 0.000000 0.450000
vn -0.434853 0.802216 0.409086
v -1.205645 2.819576 0.366935
vt 0.050000 0.450000
vn -0.437479 0.796750 0.416894
v -1.205645 3.182903 -0.000000
vt 0.050000 0.500000
vn -0.373688 0.669242 0.642240
f 4249/4249/4249 4250/4250/4250 4251/4251/4251
v -1.572581 2.639458 0.366935
vt 0.000000 0.450000
vn -0.434853 0.802216 0.409086
v -1.205645 3.182903 -0.000000
vt 0.050000 0.500000
vn -0.373688 0.669242 0.642240
v -1.572581 2.977419 -0.000000
vt 0.000000 0.500000
vn -0.374195 0.678324 0.632340
f 4252/4252/4252 4253/4253/4253 4254/4254/4254
v -1.205645 2.819576 0.366935
vt 0.050000 0.450000
vn -0.437479 0.796750 0.416894
v -0.838710 2.998280 0.366935
vt 0.100000 0.450000
vn -0.463894 0.810847 0.356832
v -0.838710 3.388387 -0.000000
vt 0.100000 0.500000
vn -0.362945 0.650016 0.667645
f 4255/4255/4255 4256/4256/4256 4257/4257/4257
v -1.205645 2.819576 0.366935
vt 0.050000 0.450000
vn -0.437479 0.796750 0.416894
v -0.838710 3.388387 -0.000000
vt 0.100000 0.500000
vn -0.362945 0.650016 0.667645
v -1.205645 3.182903 -0.000000
vt 0.050000 0.500000
vn -0.373688 0.669242 0.642240
f 4258/4258/4258 4259/4259/4259 4260/4260/4260
v -0.838710 2.998280 0.366935
vt 0.100000 0.450000
vn -0.463894 0.810847 0.356832
v -0.471774 3.177873 0.366935
vt 0.150000 0.450000
vn -0.501800 0.823296 0.265294
v -0.471774 3.593871 -0.000000
vt 0.150000 0.500000
vn -0.353577 0.632824 0.688852
f 4261/4261/4261 4262/4262/4262 4263/4263/4263
v -0.838710 2.998280 0.366935
vt 0.100000 0.450000
vn -0.463894 0.810847 0.356832
v -0.471774 3.593871 -0.000000
vt 0.150000 0.500000
vn -0.353577 0.632824 0.688852
v -0.838710 3.388387 -0.000000
vt 0.100000 0.500000
vn -0.362945 0.650016 0.667645
f 4264/4264/4264 4265/4265/4265 4266/4266/4266
v -0.471774 3.177873 0.366935
vt 0.150000 0.450000
vn -0.501800 0.823296 0.265294
v -0.104839 3.364488 0.366935
vt 0.200000 0.450000
vn -0.557573 0.816236 0.151232
v -0.104839 3.799355 -0.000000
vt 0.200000 0.500000
vn -0.357085 0.630832 0.688870
f 4267/4267/4267 4268/4268/4268 4269/4269/4269
v -0.471774 3.177873 0.366935
vt 0.150000 0.450000
vn -0.501800 0.823296 0.265294
v -0.104839 3.799355 -0.000000
vt 0.200000 0.500000
vn -0.357085 0.630832 0.688870
v -0.471774 3.593871 -0.000000
vt 0.150000 0.500000
vn -0.353577 0.632824 0.688852
f 4270/4270/4270 4271/4271/4271 4272/4272/4272
v -0.104839 3.364488 0.366935
vt 0.200000 0.450000
vn -0.557573 0.816236 0.151232
v 0.262097 3.618183 0.366935
vt 0.250000 0.450000
vn -0.614733 0.787960 0.034956
v 0.262097 4.004839 -0.000000
vt 0.250000 0.500000
vn -0.376658 0.673872 0.635630
f 4273/4273/4273 4274/4274/4274 4275/4275/4275
v -0.104839 3.364488 0.366935
vt 0.200000 0.450000
vn -0.557573 0.816236 0.151232
v 0.262097 4.004839 -0.000000
vt 0.250000 0.500000
vn -0.376658 0.673872 0.635630
v -0.104839 3.799355 -0.000000
vt 0.200000 0.500000
vn -0.357085 0.630832 0.688870
f 4276/4276/4276 4277/4277/4277 4278/4278/4278
v 0.262097 3.618183 0.366935
vt 0.250000 0.450000
vn -0.614733 0.787960 0.034956
v 0.629032 3.941248 0.366935
vt 0.300000 0.450000
vn -0.619850 0.780814 -0.078202
v 0.629032 4.210322 -0.000000
vt 0.300000 0.500000
vn -0.420171 0.777913 0.467235
f 4279/4279/4279 4280/4280/4280 4281/4281/4281
v 0.262097 3.618183 0.366935
vt 0.250000 0.450000
vn -0.614733 0.787960 0.034956
v 0.629032 4.210322 -0.000000
vt 0.300000 0.500000
vn -0.420171 0.777913 0.467235
v 0.262097 4.004839 -0.000000
vt 0.250000 0.500000
vn -0.376658 0.673872 0.635630
f 4282/4282/4282 4283/4283/4283 4284/4284/4284
v 0.629032 3.941248 0.366935
vt 0.300000 0.450000
vn -0.619850 0.780814 -0.078202
v 0.995968 4.325982 0.366935
vt 0.350000 0.450000
vn -0.537977 0.842562 -0.025890
v 0.995968 4.415806 -0.000000
vt 0.350000 0.500000
vn -0.456569 0.882694 0.111336
f 4285/4285/4285 4286/4286/4286 4287/4287/4287
v 0.629032 3.941248 0.366935
vt 0.300000 0.450000
vn -0.619850 0.780814 -0.078202
v 0.995968 4.415806 -0.000000
vt 0.350000 0.500000
vn -0.456569 0.882694 0.111336
v 0.629032 4.210322 -0.000000
vt 0.300000 0.500000
vn -0.420171 0.777913 0.467235
f 4288/4288/4288 4289/4289/4289 4290/4290/4290
v 0.995968 4.325982 0.366935
vt 0.350000 0.450000
vn -0.537977 0.842562 -0.025890
v 1.362903 4.713568 0.366935
vt 0.400000 0.450000
vn -0.370768 0.904269 0.211727
v 1.362903 4.621290 -0.000000
vt 0.400000 0.500000
vn -0.462470 0.882187 -0.088703
f 4291/4291/4291 4292/4292/4292 4293/4293/4293
v 0.995968 4.325982 0.366935
vt 0.350000 0.450000
vn -0.537977 0.842562 -0.025890
v 1.362903 4.621290 -0.000000
vt 0.400000 0.500000
vn -0.462470 0.882187 -0.088703
v 0.995968 4.415806 -0.000000
vt 0.350000 0.500000
vn -0.456569 0.882694 0.111336
f 4294/4294/4294 4295/4295/4295 4296/4296/4296
v 1.362903 4.713568 0.366935
vt 0.400000 0.450000
vn -0.370768 0.904269 0.211727
v 1.729839 4.668273 0.366935
vt 0.450000 0.450000
vn -0.192353 0.911585 0.363336
v 1.729839 4.826774 -0.000000
vt 0.450000 0.500000
vn -0.402739 0.913215 0.061970
f 4297/4297/4297 4298/4298/4298 4299/4299/4299
v 1.362903 4.713568 0.366935
vt 0.400000 0.450000
vn -0.370768 0.904269 0.211727
v 1.729839 4.826774 -0.000000
vt 0.450000 0.500000
vn -0.402739 0.913215 0.061970
v 1.362903 4.621290 -0.000000
vt 0.400000 0.500000
vn -0.462470 0.882187 -0.088703
f 4300/4300/4300 4301/4301/4301 4302/4302/4302
v 1.729839 4.668273 0.366935
vt 0.450000 0.450000
vn -0.192353 0.911585 0.363336
v 2.096774 4.753387 0.366935
vt 0.500000 0.450000
vn 0.000000 0.895127 0.445810
v 2.096774 5.032258 -0.000000
vt 0.500000 0.500000
vn 0.000000 0.987890 0.155153
f 4303/4303/4303 4304/4304/4304 4305/4305/4305
v 1.729839 4.668273 0.366935
vt 0.450000 0.450000
vn -0.192353 0.911585 0.363336
v 2.096774 5.032258 -0.000000
vt 0.500000 0.500000
vn 0.000000 0.987890 0.155153
v 1.729839 4.826774 -0.000000
vt 0.450000 0.500000
vn -0.402739 0.913215 0.061970
f 4306/4306/4306 4307/4307/4307 4308/4308/4308
v 2.096774 4.753387 0.366935
vt 0.500000 0.450000
vn 0.000000 0.895127 0.445810
v 2.463710 4.668273 0.366935
vt 0.550000 0.450000
vn 0.192353 0.911585 0.363336
v 2.463710 4.826774 -0.000000
vt 0.550000 0.500000
vn 0.402739 0.913215 0.061970
f 4309/4309/4309 4310/4310/4310 4311/4311/4311
v 2.096774 4.753387 0.366935
vt 0.500000 0.450000
vn 0.000000 0.895127 0.445810
v 2.463710 4.826774 -0.000000
vt 0.550000 0.500000
vn 0.402739 0.913215 0.061970
v 2.096774 5.032258 -0.000000
vt 0.500000 0.500000
vn 0.000000 0.987890 0.155153
f 4312/4312/4312 4313/4313/4313 4314/4314/4314
v 2.463710 4.668273 0.366935
vt 0.550000 0.450000
vn 0.192353 0.911585 0.363336
v 2.830645 4.713568 0.366935
vt 0.600000 0.450000
vn 0.370768 0.904269 0.211727
v 2.830645 4.621290 -0.000000
vt 0.600000 0.500000
vn 0.462470 0.882187 -0.088703
f 4315/4315/4315 4316/4316/4316 4317/4317/4317
v 2.463710 4.668273 0.366935
vt 0.550000 0.450000
vn 0.192353 0.911585 0.363336
v 2.830645 4.621290 -0.000000
vt 0.600000 0.500000
vn 0.462470 0.882187 -0.088703
v 2.463710 4.826774 -0.000000
vt 0.550000 0.500000
vn 0.402739 0.913215 0.061970
f 4318/4318/4318 4319/4319/4319 4320/4320/4320
v 2.830645 4.713568 0.366935
vt 0.600000 0.450000
vn 0.370768 0.904269 0.211727
v 3.197581 4.325982 0.366935
vt 0.650000 0.450000
vn 0.537977 0.842562 -0.025890
v 3.197581 4.415806 -0.000000
vt 0.650000 0.500000
vn 0.456569 0.882694 0.111336
f 4321/4321/4321 4322/4322/4322 4323/4323/4323
v 2.830645 4.713568 0.366935
vt 0.600000 0.450000
vn 0.370768 0.904269 0.211727
v 3.197581 4.415806 -0.000000
vt 0.650000 0.500000
vn 0.456569 0.882694 0.111336
v 2.830645 4.621290 -0.000000
vt 0.600000 0.500000
vn 0.462470 0.882187 -0.088703
f 4324/4324/4324 4325/4325/4325 4326/4326/4326
v 3.197581 4.325982 0.366935
vt 0.650000 0.450000
vn 0.537977 0.842562 -0.025890
v 3.564516 3.941248 0.366935
vt 0.700000 0.450000
vn 0.619850 0.780814 -0.078202
v 3.564516 4.210322 -0.000000
vt 0.700000 0.500000
vn 0.420171 0.777912 0.467235
f 4327/4327/4327 4328/4328/4328 4329/4329/4329
v 3.197581 4.325982 0.366935
vt 0.650000 0.450000
vn 0.537977 0.842562 -0.025890
v 3.564516 4.210322 -0.000000
vt 0.700000 0.500000
vn 0.420171 0.777912 0.467235
v 3.197581 4.415806 -0.000000
vt 0.650000 0.500000
vn 0.456569 0.882694 0.111336
f 4330/4330/4330 4331/4331/4331 4332/4332/4332
v 3.564516 3.941248 0.366935
vt 0.700000 0.450000
vn 0.619850 0.780814 -0.078202
v 3.931452 3.618183 0.366935
vt 0.750000 0.450000
vn 0.614733 0.787960 0.034956
v 3.931452 4.004839 -0.000000
vt 0.750000 0.500000
vn 0.376658 0.673872 0.635630
f 4333/4333/4333 4334/4334/4334 4335/4335/4335
v 3.564516 3.941248 0.366935
vt 0.700000 0.450000
vn 0.619850 0.780814 -0.078202
v 3.931452 4.004839 -0.000000
vt 0.750000 0.500000
vn 0.376658 0.673872 0.635630
v 3.564516 4.210322 -0.000000
vt 0.700000 0.500000
vn 0.420171 0.777912 0.467235
f 4336/4336/4336 4337/4337/4337 4338/4338/4338
v 3.931452 3.618183 0.366935
vt 0.750000 0.450000
vn 0.614733 0.787960 0.034956
v 4.298387 3.364488 0.366935
vt 0.800000 0.450000
vn 0.557573 0.816236 0.151232
v 4.298387 3.799355 -0.000000
vt 0.800000 0.500000
vn 0.357085 0.630832 0.688870
f 4339/4339/4339 4340/4340/4340 4341/4341/4341
v 3.931452 3.618183 0.366935
vt 0.750000 0.450000
vn 0.614733 0.787960 0.034956
v 4.298387 3.799355 -0.000000
vt 0.800000 0.500000
vn 0.357085 0.630832 0.688870
v 3.931452 4.004839 -0.000000
vt 0.750000 0.500000
vn 0.376658 0.673872 0.635630
f 4342/4342/4342 4343/4343/4343 4344/4344/4344
v 4.298387 3.364488 0.366935
vt 0.800000 0.450000
vn 0.557573 0.816236 0.151232
v 4.665322 3.177873 0.366935
vt 0.850000 0.450000
vn 0.501800 0.823296 0.265294
v 4.665322 3.593871 -0.000000
vt 0.850000 0.500000
vn 0.353577 0.632824 0.688852
f 4345/4345/4345 4346/4346/4346 4347/4347/4347
v 4.298387 3.364488 0.366935
vt 0.800000 0.450000
vn 0.557573 0.816236 0.151232
v 4.665322 3.593871 -0.000000
vt 0.850000 0.500000
vn 0.353577 0.632824 0.688852
v 4.298387 3.799355 -0.000000
vt 0.800000 0.500000
vn 0.357085 0.630832 0.688870
f 4348/4348/4348 4349/4349/4349 4350/4350/4350
v 4.665322 3.177873 0.366935
vt 0.850000 0.450000
vn 0.501800 0.823296 0.265294
v 5.032258 2.998280 0.366935
vt 0.900000 0.450000
vn 0.463894 0.810847 0.356832
v 5.032258 3.388387 -0.000000
vt 0.900000 0.500000
vn 0.362945 0.650016 0.667645
f 4351/4351/4351 4352/4352/4352 4353/4353/4353
v 4.665322 3.177873 0.366935
vt 0.850000 0.450000
vn 0.501800 0.823296 0.265294
v 5.032258 3.388387 -0.000000
vt 0.900000 0.500000
vn 0.362945 0.650016 0.667645
v 4.665322 3.593871 -0.000000
vt 0.850000 0.500000
vn 0.353577 0.632824 0.688852
f 4354/4354/4354 4355/4355/4355 4356/4356/4356
v 5.032258 2.998280 0.366935
vt 0.900000 0.450000
vn 0.463894 0.810847 0.356832
v 5.399194 2.819576 0.366935
vt 0.950000 0.450000
vn 0.437479 0.796750 0.416894
v 5.399194 3.182903 -0.000000
vt 0.950000 0.500000
vn 0.373688 0.669242 0.642240
f 4357/4357/4357 4358/4358/4358 4359/4359/4359
v 5.032258 2.998280 0.366935
vt 0.900000 0.450000
vn 0.463894 0.810847 0.356832
v 5.399194 3.182903 -0.000000
vt 0.950000 0.500000
vn 0.373688 0.669242 0.642240
v 5.032258 3.388387 -0.000000
vt 0.900000 0.500000
vn 0.362945 0.650016 0.667645
f 4360/4360/4360 4361/4361/4361 4362/4362/4362
v 5.399194 2.819576 0.366935
vt 0.950000 0.450000
vn 0.437479 0.796750 0.416894
v 5.766129 2.639458 0.366935
vt 1.000000 0.450000
vn 0.434854 0.802216 0.409086
v 5.766129 2.977419 -0.000000
vt 1.000000 0.500000
vn 0.374195 0.678325 0.632340
f 4363/4363/4363 4364/4364/4364 4365/4365/4365
v 5.399194 2.819576 0.366935
vt 0.950000 0.450000
vn 0.437479 0.796750 0.416894
v 5.766129 2.977419 -0.000000
vt 1.000000 0.500000
vn 0.374195 0.678325 0.632340
v 5.399194 3.182903 -0.000000
vt 0.950000 0.500000
vn 0.373688 0.669242 0.642240
f 4366/4366/4366 4367/4367/4367 4368/4368/4368
v -1.572581 2.977419 -0.000000
vt 0.000000 0.500000
vn -0.374195 0.678324 0.632340
v -1.205645 3.182903 -0.000000
vt 0.050000 0.500000
vn -0.373688 0.669242 0.642240
v -1.205645 3.523469 -0.366935
vt 0.050000 0.550000
vn -0.461934 0.824643 0.326467
f 4369/4369/4369 4370/4370/4370 4371/4371/4371
v -1.572581 2.977419 -0.000000
vt 0.000000 0.500000
vn -0.374195 0.678324 0.632340
v -1.205645 3.523469 -0.366935
vt 0.050000 0.550000
vn -0.461934 0.824643 0.326467
v -1.572581 3.294884 -0.366935
vt 0.000000 0.550000
vn -0.457735 0.799842 0.388241
f 4372/4372/4372 4373/4373/4373 4374/4374/4374
v -1.205645 3.182903 -0.000000
vt 0.050000 0.500000
vn -0.373688 0.669242 0.642240
v -0.838710 3.388387 -0.000000
vt 0.100000 0.500000
vn -0.362945 0.650016 0.667645
v -0.838710 3.752908 -0.366935
vt 0.100000 0.550000
vn -0.455272 0.855648 0.246158
f 4375/4375/4375 4376/4376/4376 4377/4377/4377
v -1.205645 3.182903 -0.000000
vt 0.050000 0.500000
vn -0.373688 0.669242 0.642240
v -0.838710 3.752908 -0.366935
vt 0.100000 0.550000
vn -0.455272 0.855648 0.246158
v -1.205645 3.523469 -0.366935
vt 0.050000 0.550000
vn -0.461934 0.824643 0.326467
f 4378/4378/4378 4379/4379/4379 4380/4380/4380
v -0.838710 3.388387 -0.000000
vt 0.100000 0.500000
vn -0.362945 0.650016 0.667645
v -0.471774 3.593871 -0.000000
vt 0.150000 0.500000
vn -0.353577 0.632824 0.688852
v -0.471774 3.980663 -0.366935
vt 0.150000 0.550000
vn -0.433625 0.892498 0.124167
f 4381/4381/4381 4382/4382/4382 4383/4383/4383
v -0.838710 3.388387 -0.000000
vt 0.100000 0.500000
vn -0.362945 0.650016 0.667645
v -0.471774 3.980663 -0.366935
vt 0.150000 0.550000
vn -0.433625 0.892498 0.124167
v -0.838710 3.752908 -0.366935
vt 0.100000 0.550000
vn -0.455272 0.855648 0.246158
f 4384/4384/4384 4385/4385/4385 4386/4386/4386
v -0.471774 3.593871 -0.000000
vt 0.150000 0.500000
vn -0.353577 0.632824 0.688852
v -0.104839 3.799355 -0.000000
vt 0.200000 0.500000
vn -0.357085 0.630832 0.688870
v -0.104839 4.200209 -0.366935
vt 0.200000 0.550000
vn -0.361874 0.932120 -0.014145
f 4387/4387/4387 4388/4388/4388 4389/4389/4389
v -0.471774 3.593871 -0.000000
vt 0.150000 0.500000
vn -0.353577 0.632824 0.688852
v -0.104839 4.200209 -0.366935
vt 0.200000 0.550000
vn -0.361874 0.932120 -0.014145
v -0.471774 3.980663 -0.366935
vt 0.150000 0.550000
vn -0.433625 0.892498 0.124167
f 4390/4390/4390 4391/4391/4391 4392/4392/4392
v -0.104839 3.799355 -0.000000
vt 0.200000 0.500000
vn -0.357085 0.630832 0.688870
v 0.262097 4.004839 -0.000000
vt 0.250000 0.500000
vn -0.376658 0.673872 0.635630
v 0.262097 4.350801 -0.366935
vt 0.250000 0.550000
vn -0.288283 0.948415 -0.131914
f 4393/4393/4393 4394/4394/4394 4395/4395/4395
v -0.104839 3.799355 -0.000000
vt 0.200000 0.500000
vn -0.357085 0.630832 0.688870
v 0.262097 4.350801 -0.366935
vt 0.250000 0.550000
vn -0.288283 0.948415 -0.131914
v -0.104839 4.200209 -0.366935
vt 0.200000 0.550000
vn -0.361874 0.932120 -0.014145
f 4396/4396/4396 4397/4397/4397 4398/4398/4398
v 0.262097 4.004839 -0.000000
vt 0.250000 0.500000
vn -0.376658 0.673872 0.635630
v 0.629032 4.210322 -0.000000
vt 0.300000 0.500000
vn -0.420171 0.777913 0.467235
v 0.629032 4.428804 -0.366935
vt 0.300000 0.550000
vn -0.277974 0.931203 -0.235779
f 4399/4399/4399 4400/4400/4400 4401/4401/4401
v 0.262097 4.004839 -0.000000
vt 0.250000 0.500000
vn -0.376658 0.673872 0.635630
v 0.629032 4.428804 -0.366935
vt 0.300000 0.550000
vn -0.277974 0.931203 -0.235779
v 0.262097 4.350801 -0.366935
vt 0.250000 0.550000
vn -0.288283 0.948415 -0.131914
f 4402/4402/4402 4403/4403/4403 4404/4404/4404
v 0.629032 4.210322 -0.000000
vt 0.300000 0.500000
vn -0.420171 0.777913 0.467235
v 0.995968 4.415806 -0.000000
vt 0.350000 0.500000
vn -0.456569 0.882694 0.111336
v 0.995968 4.438940 -0.366935
vt 0.350000 0.550000
vn -0.356924 0.899775 -0.251019
f 4405/4405/4405 4406/4406/4406 4407/4407/4407
v 0.629032 4.210322 -0.000000
vt 0.300000 0.500000
vn -0.420171 0.777913 0.467235
v 0.995968 4.438940 -0.366935
vt 0.350000 0.550000
vn -0.356924 0.899775 -0.251019
v 0.629032 4.428804 -0.366935
vt 0.300000 0.550000
vn -0.277974 0.931203 -0.235779
f 4408/4408/4408 4409/4409/4409 4410/4410/4410
v 0.995968 4.415806 -0.000000
vt 0.350000 0.500000
vn -0.456569 0.882694 0.111336
v 1.362903 4.621290 -0.000000
vt 0.400000 0.500000
vn -0.462470 0.882187 -0.088703
v 1.362903 4.431996 -0.366935
vt 0.400000 0.550000
vn -0.445275 0.869294 -0.214612
f 4411/4411/4411 4412/4412/4412 4413/4413/4413
v 0.995968 4.415806 -0.000000
vt 0.350000 0.500000
vn -0.456569 0.882694 0.111336
v 1.362903 4.431996 -0.366935
vt 0.400000 0.550000
vn -0.445275 0.869294 -0.214612
v 0.995968 4.438940 -0.366935
vt 0.350000 0.550000
vn -0.356924 0.899775 -0.251019
f 4414/4414/4414 4415/4415/4415 4416/4416/4416
v 1.362903 4.621290 -0.000000
vt 0.400000 0.500000
vn -0.462470 0.882187 -0.088703
v 1.729839 4.826774 -0.000000
vt 0.450000 0.500000
vn -0.402739 0.913215 0.061970
v 1.729839 4.815047 -0.366935
vt 0.450000 0.550000
vn -0.440795 0.850958 -0.285607
f 4417/4417/4417 4418/4418/4418 4419/4419/4419
v 1.362903 4.621290 -0.000000
vt 0.400000 0.500000
vn -0.462470 0.882187 -0.088703
v 1.729839 4.815047 -0.366935
vt 0.450000 0.550000
vn -0.440795 0.850958 -0.285607
v 1.362903 4.431996 -0.366935
vt 0.400000 0.550000
vn -0.445275 0.869294 -0.214612
f 4420/4420/4420 4421/4421/4421 4422/4422/4422
v 1.729839 4.826774 -0.000000
vt 0.450000 0.500000
vn -0.402739 0.913215 0.061970
v 2.096774 5.032258 -0.000000
vt 0.500000 0.500000
vn 0.000000 0.987890 0.155153
v 2.096774 4.900161 -0.366935
vt 0.500000 0.550000
vn 0.000000 0.933761 -0.357897
f 4423/4423/4423 4424/4424/4424 4425/4425/4425
v 1.729839 4.826774 -0.000000
vt 0.450000 0.500000
vn -0.402739 0.913215 0.061970
v 2.096774 4.900161 -0.366935
vt 0.500000 0.550000
vn 0.000000 0.933761 -0.357897
v 1.729839 4.815047 -0.366935
vt 0.450000 0.550000
vn -0.440795 0.850958 -0.285607
f 4426/4426/4426 4427/4427/4427 4428/4428/4428
v 2.096774 5.032258 -0.000000
vt 0.500000 0.500000
vn 0.000000 0.987890 0.155153
v 2.463710 4.826774 -0.000000
vt 0.550000 0.500000
vn 0.402739 0.913215 0.061970
v 2.463710 4.815047 -0.366935
vt 0.550000 0.550000
vn 0.440795 0.850957 -0.285607
f 4429/4429/4429 4430/4430/4430 4431/4431/4431
v 2.096774 5.032258 -0.000000
vt 0.500000 0.500000
vn 0.000000 0.987890 0.155153
v 2.463710 4.815047 -0.366935
vt 0.550000 0.550000
vn 0.440795 0.850957 -0.285607
v 2.096774 4.900161 -0.366935
vt 0.500000 0.550000
vn 0.000000 0.933761 -0.357897
f 4432/4432/4432 4433/4433/4433 4434/4434/4434
v 2.463710 4.826774 -0.000000
vt 0.550000 0.500000
vn 0.402739 0.913215 0.061970
v 2.830645 4.621290 -0.000000
vt 0.600000 0.500000
vn 0.462470 0.882187 -0.088703
v 2.830645 4.431996 -0.366935
vt 0.600000 0.550000
vn 0.445275 0.869294 -0.214612
f 4435/4435/4435 4436/4436/4436 4437/4437/4437
v 2.463710 4.826774 -0.000000
vt 0.550000 0.500000
vn 0.402739 0.913215 0.061970
v 2.830645 4.431996 -0.366935
vt 0.600000 0.550000
vn 0.445275 0.869294 -0.214612
v 2.463710 4.815047 -0.366935
vt 0.550000 0.550000
vn 0.440795 0.850957 -0.285607
f 4438/4438/4438 4439/4439/4439 4440/4440/4440
v 2.830645 4.621290 -0.000000
vt 0.600000 0.500000
vn 0.462470 0.882187 -0.088703
v 3.197581 4.415806 -0.000000
vt 0.650000 0.500000
vn 0.456569 0.882694 0.111336
v 3.197581 4.438940 -0.366935
vt 0.650000 0.550000
vn 0.356924 0.899775 -0.251019
f 4441/4441/4441 4442/4442/4442 4443/4443/4443
v 2.830645 4.621290 -0.000000
vt 0.600000 0.500000
vn 0.462470 0.882187 -0.088703
v 3.197581 4.438940 -0.366935
vt 0.650000 0.550000
vn 0.356924 0.899775 -0.251019
v 2.830645 4.431996 -0.366935
vt 0.600000 0.550000
vn 0.445275 0.869294 -0.214612
f 4444/4444/4444 4445/4445/4445 4446/4446/4446
v 3.197581 4.415806 -0.000000
vt 0.650000 0.500000
vn 0.456569 0.882694 0.111336
v 3.564516 4.210322 -0.000000
vt 0.700000 0.500000
vn 0.420171 0.777912 0.467235
v 3.564516 4.428804 -0.366935
vt 0.700000 0.550000
vn 0.277974 0.931203 -0.235779
f 4447/4447/4447 4448/4448/4448 4449/4449/4449
v 3.197581 4.415806 -0.000000
vt 0.650000 0.500000
vn 0.456569 0.882694 0.111336
v 3.564516 4.428804 -0.366935
vt 0.700000 0.550000
vn 0.277974 0.931203 -0.235779
v 3.197581 4.438940 -0.366935
vt 0.650000 0.550000
vn 0.356924 0.899775 -0.251019
f 4450/4450/4450 4451/4451/4451 4452/4452/4452
v 3.564516 4.210322 -0.000000
vt 0.700000 0.500000
vn 0.420171 0.777912 0.467235
v 3.931452 4.004839 -0.000000
vt 0.750000 0.500000
vn 0.376658 0.673872 0.635630
v 3.931452 4.350801 -0.366935
vt 0.750000 0.550000
vn 0.288283 0.948415 -0.131914
f 4453/4453/4453 4454/4454/4454 4455/4455/4455
v 3.564516 4.210322 -0.000000
vt 0.700000 0.500000
vn 0.420171 0.777912 0.467235
v 3.931452 4.350801 -0.366935
vt 0.750000 0.550000
vn 0.288283 0.948415 -0.131914
v 3.564516 4.428804 -0.366935
vt 0.700000 0.550000
vn 0.277974 0.931203 -0.235779
f 4456/4456/4456 4457/4457/4457 4458/4458/4458
v 3.931452 4.004839 -0.000000
vt 0.750000 0.500000
vn 0.376658 0.673872 0.635630
v 4.298387 3.799355 -0.000000
vt 0.800000 0.500000
vn 0.357085 0.630832 0.688870
v 4.298387 4.200209 -0.366935
vt 0.800000 0.550000
vn 0.361874 0.932120 -0.014146
f 4459/4459/4459 4460/4460/4460 4461/4461/4461
v 3.931452 4.004839 -0.000000
vt 0.750000 0.500000
vn 0.376658 0.673872 0.635630
v 4.298387 4.200209 -0.366935
vt 0.800000 0.550000
vn 0.361874 0.932120 -0.014146
v 3.931452 4.350801 -0.366935
vt 0.750000 0.550000
vn 0.288283 0.948415 -0.131914
f 4462/4462/4462 4463/4463/4463 4464/4464/4464
v 4.298387 3.799355 -0.000000
vt 0.800000 0.500000
vn 0.357085 0.630832 0.688870
v 4.665322 3.593871 -0.000000
vt 0.850000 0.500000
vn 0.353577 0.632824 0.688852
v 4.665322 3.980663 -0.366935
vt 0.850000 0.550000
vn 0.433625 0.892498 0.124168
f 4465/4465/4465 4466/4466/4466 4467/4467/4467
v 4.298387 3.799355 -0.000000
vt 0.800000 0.500000
vn 0.357085 0.630832 0.688870
v 4.665322 3.980663 -0.366935
vt 0.850000 0.550000
vn 0.433625 0.892498 0.124168
v 4.298387 4.200209 -0.366935
vt 0.800000 0.550000
vn 0.361874 0.932120 -0.014146
f 4468/4468/4468 4469/4469/4469 4470/4470/4470
v 4.665322 3.593871 -0.000000
vt 0.850000 0.500000
vn 0.353577 0.632824 0.688852
v 5.032258 3.388387 -0.000000
vt 0.900000 0.500000
vn 0.362945 0.650016 0.667645
v 5.032258 3.752908 -0.366935
vt 0.900000 0.550000
vn 0.455272 0.855648 0.246158
f 4471/4471/4471 4472/4472/4472 4473/4473/4473
v 4.665322 3.593871 -0.000000
vt 0.850000 0.500000
vn 0.353577 0.632824 0.688852
v 5.032258 3.752908 -0.366935
vt 0.900000 0.550000
vn 0.455272 0.855648 0.246158
v 4.665322 3.980663 -0.366935
vt 0.850000 0.550000
vn 0.433625 0.892498 0.124168
f 4474/4474/4474 4475/4475/4475 4476/4476/4476
v 5.032258 3.388387 -0.000000
vt 0.900000 0.500000
vn 0.362945 0.650016 0.667645
v 5.399194 3.182903 -0.000000
vt 0.950000 0.500000
vn 0.373688 0.669242 0.642240
v 5.399194 3.523469 -0.366935
vt 0.950000 0.550000
vn 0.461934 0.824643 0.326467
f 4477/4477/4477 4478/4478/4478 4479/4479/4479
v 5.032258 3.388387 -0.000000
vt 0.900000 0.500000
vn 0.362945 0.650016 0.667645
v 5.399194 3.523469 -0.366935
vt 0.950000 0.550000
vn 0.461934 0.824643 0.326467
v 5.032258 3.752908 -0.366935
vt 0.900000 0.550000
vn 0.455272 0.855648 0.246158
f 4480/4480/4480 4481/4481/4481 4482/4482/4482
v 5.399194 3.182903 -0.000000
vt 0.950000 0.500000
vn 0.373688 0.669242 0.642240
v 5.766129 2.977419 -0.000000
vt 1.000000 0.500000
vn 0.374195 0.678325 0.632340
v 5.766129 3.294884 -0.366935
vt 1.000000 0.550000
vn 0.457735 0.799842 0.388241
f 4483/4483/4483 4484/4484/4484 4485/4485/4485
v 5.399194 3.182903 -0.000000
vt 0.950000 0.500000
vn 0.373688 0.669242 0.642240
v 5.766129 3.294884 -0.366935
vt 1.000000 0.550000
vn 0.457735 0.799842 0.388241
v 5.399194 3.523469 -0.366935
vt 0.950000 0.550000
vn 0.461934 0.824643 0.326467
f 4486/4486/4486 4487/4487/4487 4488/4488/4488
v -1.572581 3.294884 -0.366935
vt 0.000000 0.550000
vn -0.457735 0.799842 0.388241
v -1.205645 3.523469 -0.366935
vt 0.050000 0.550000
vn -0.461934 0.824643 0.326467
v -1.205645 3.524494 -0.733871
vt 0.050000 0.600000
vn -0.374320 0.852447 -0.364991
f 4489/4489/4489 4490/4490/4490 4491/4491/4491
v -1.572581 3.294884 -0.366935
vt 0.000000 0.550000
vn -0.457735 0.799842 0.388241
v -1.205645 3.524494 -0.733871
vt 0.050000 0.600000
vn -0.374320 0.852447 -0.364991
v -1.572581 3.347234 -0.733871
vt 0.000000 0.600000
vn -0.398115 0.863903 -0.308507
f 4492/4492/4492 4493/4493/4493 4494/4494/4494
v -1.205645 3.523469 -0.366935
vt 0.050000 0.550000
vn -0.461934 0.824643 0.326467
v -0.838710 3.752908 -0.366935
vt 0.100000 0.550000
vn -0.455272 0.855648 0.246158
v -0.838710 3.675651 -0.733871
vt 0.100000 0.600000
vn -0.307751 0.805624 -0.506221
f 4495/4495/4495 4496/4496/4496 4497/4497/4497
v -1.205645 3.523469 -0.366935
vt 0.050000 0.550000
vn -0.461934 0.824643 0.326467
v -0.838710 3.675651 -0.733871
vt 0.100000 0.600000
vn -0.307751 0.805624 -0.506221
v -1.205645 3.524494 -0.733871
vt 0.050000 0.600000
vn -0.374320 0.852447 -0.364991
f 4498/4498/4498 4499/4499/4499 4500/4500/4500
v -0.838710 3.752908 -0.366935
vt 0.100000 0.550000
vn -0.455272 0.855648 0.246158
v -0.471774 3.980663 -0.366935
vt 0.150000 0.550000
vn -0.433625 0.892498 0.124167
v -0.471774 3.785704 -0.733871
vt 0.150000 0.600000
vn -0.224981 0.731550 -0.643598
f 4501/4501/4501 4502/4502/4502 4503/4503/4503
v -0.838710 3.752908 -0.366935
vt 0.100000 0.550000
vn -0.455272 0.855648 0.246158
v -0.471774 3.785704 -0.733871
vt 0.150000 0.600000
vn -0.224981 0.731550 -0.643598
v -0.838710 3.675651 -0.733871
vt 0.100000 0.600000
vn -0.307751 0.805624 -0.506221
f 4504/4504/4504 4505/4505/4505 4506/4506/4506
v -0.471774 3.980663 -0.366935
vt 0.150000 0.550000
vn -0.433625 0.892498 0.124167
v -0.104839 4.200209 -0.366935
vt 0.200000 0.550000
vn -0.361874 0.932120 -0.014145
v -0.104839 3.834722 -0.733871
vt 0.200000 0.600000
vn -0.140288 0.653570 -0.743751
f 4507/4507/4507 4508/4508/4508 4509/4509/4509
v -0.471774 3.980663 -0.366935
vt 0.150000 0.550000
vn -0.433625 0.892498 0.124167
v -0.104839 3.834722 -0.733871
vt 0.200000 0.600000
vn -0.140288 0.653570 -0.743751
v -0.471774 3.785704 -0.733871
vt 0.150000 0.600000
vn -0.224981 0.731550 -0.643598
f 4510/4510/4510 4511/4511/4511 4512/4512/4512
v -0.104839 4.200209 -0.366935
vt 0.200000 0.550000
vn -0.361874 0.932120 -0.014145
v 0.262097 4.350801 -0.366935
vt 0.250000 0.550000
vn -0.288283 0.948415 -0.131914
v 0.262097 3.815352 -0.733871
vt 0.250000 0.600000
vn -0.189827 0.663562 -0.723638
f 4513/4513/4513 4514/4514/4514 4515/4515/4515
v -0.104839 4.200209 -0.366935
vt 0.200000 0.550000
vn -0.361874 0.932120 -0.014145
v 0.262097 3.815352 -0.733871
vt 0.250000 0.600000
vn -0.189827 0.663562 -0.723638
v -0.104839 3.834722 -0.733871
vt 0.200000 0.600000
vn -0.140288 0.653570 -0.743751
f 4516/4516/4516 4517/4517/4517 4518/4518/4518
v 0.262097 4.350801 -0.366935
vt 0.250000 0.550000
vn -0.288283 0.948415 -0.131914
v 0.629032 4.428804 -0.366935
vt 0.300000 0.550000
vn -0.277974 0.931203 -0.235779
v 0.629032 3.831735 -0.733871
vt 0.300000 0.600000
vn -0.432504 0.758802 -0.486991
f 4519/4519/4519 4520/4520/4520 4521/4521/4521
v 0.262097 4.350801 -0.366935
vt 0.250000 0.550000
vn -0.288283 0.948415 -0.131914
v 0.629032 3.831735 -0.733871
vt 0.300000 0.600000
vn -0.432504 0.758802 -0.486991
v 0.262097 3.815352 -0.733871
vt 0.250000 0.600000
vn -0.189827 0.663562 -0.723638
f 4522/4522/4522 4523/4523/4523 4524/4524/4524
v 0.629032 4.428804 -0.366935
vt 0.300000 0.550000
vn -0.277974 0.931203 -0.235779
v 0.995968 4.438940 -0.366935
vt 0.350000 0.550000
vn -0.356924 0.899775 -0.251019
v 0.995968 4.069994 -0.733871
vt 0.350000 0.600000
vn -0.578278 0.788704 -0.208663
f 4525/4525/4525 4526/4526/4526 4527/4527/4527
v 0.629032 4.428804 -0.366935
vt 0.300000 0.550000
vn -0.277974 0.931203 -0.235779
v 0.995968 4.069994 -0.733871
vt 0.350000 0.600000
vn -0.578278 0.788704 -0.208663
v 0.629032 3.831735 -0.733871
vt 0.300000 0.600000
vn -0.432504 0.758802 -0.486991
f 4528/4528/4528 4529/4529/4529 4530/4530/4530
v 0.995968 4.438940 -0.366935
vt 0.350000 0.550000
vn -0.356924 0.899775 -0.251019
v 1.362903 4.431996 -0.366935
vt 0.400000 0.550000
vn -0.445275 0.869294 -0.214612
v 1.362903 4.597836 -0.733871
vt 0.400000 0.600000
vn -0.289283 0.927717 -0.235916
f 4531/4531/4531 4532/4532/4532 4533/4533/4533
v 0.995968 4.438940 -0.366935
vt 0.350000 0.550000
vn -0.356924 0.899775 -0.251019
v 1.362903 4.597836 -0.733871
vt 0.400000 0.600000
vn -0.289283 0.927717 -0.235916
v 0.995968 4.069994 -0.733871
vt 0.350000 0.600000
vn -0.578278 0.788704 -0.208663
f 4534/4534/4534 4535/4535/4535 4536/4536/4536
v 1.362903 4.431996 -0.366935
vt 0.400000 0.550000
vn -0.445275 0.869294 -0.214612
v 1.729839 4.815047 -0.366935
vt 0.450000 0.550000
vn -0.440795 0.850958 -0.285607
v 1.729839 4.488475 -0.733871
vt 0.450000 0.600000
vn -0.270555 0.849916 -0.452153
f 4537/4537/4537 4538/4538/4538 4539/4539/4539
v 1.362903 4.431996 -0.366935
vt 0.400000 0.550000
vn -0.445275 0.869294 -0.214612
v 1.729839 4.488475 -0.733871
vt 0.450000 0.600000
vn -0.270555 0.849916 -0.452153
v 1.362903 4.597836 -0.733871
vt 0.400000 0.600000
vn -0.289283 0.927717 -0.235916
f 4540/4540/4540 4541/4541/4541 4542/4542/4542
v 1.729839 4.815047 -0.366935
vt 0.450000 0.550000
vn -0.440795 0.850958 -0.285607
v 2.096774 4.900161 -0.366935
vt 0.500000 0.550000
vn 0.000000 0.933761 -0.357897
v 2.096774 4.768064 -0.733871
vt 0.500000 0.600000
vn 0.000000 0.847092 -0.531446
f 4543/4543/4543 4544/4544/4544 4545/4545/4545
v 1.729839 4.815047 -0.366935
vt 0.450000 0.550000
vn -0.440795 0.850958 -0.285607
v 2.096774 4.768064 -0.733871
vt 0.500000 0.600000
vn 0.000000 0.847092 -0.531446
v 1.729839 4.488475 -0.733871
vt 0.450000 0.600000
vn -0.270555 0.849916 -0.452153
f 4546/4546/4546 4547/4547/4547 4548/4548/4548
v 2.096774 4.900161 -0.366935
vt 0.500000 0.550000
vn 0.000000 0.933761 -0.357897
v 2.463710 4.815047 -0.366935
vt 0.550000 0.550000
vn 0.440795 0.850957 -0.285607
v 2.463710 4.488475 -0.733871
vt 0.550000 0.600000
vn 0.270555 0.849916 -0.452153
f 4549/4549/4549 4550/4550/4550 4551/4551/4551
v 2.096774 4.900161 -0.366935
vt 0.500000 0.550000
vn 0.000000 0.933761 -0.357897
v 2.463710 4.488475 -0.733871
vt 0.550000 0.600000
vn 0.270555 0.849916 -0.452153
v 2.096774 4.768064 -0.733871
vt 0.500000 0.600000
vn 0.000000 0.847092 -0.531446
f 4552/4552/4552 4553/4553/4553 4554/4554/4554
v 2.463710 4.815047 -0.366935
vt 0.550000 0.550000
vn 0.440795 0.850957 -0.285607
v 2.830645 4.431996 -0.366935
vt 0.600000 0.550000
vn 0.445275 0.869294 -0.214612
v 2.830645 4.597836 -0.733871
vt 0.600000 0.600000
vn 0.289283 0.927717 -0.235916
f 4555/4555/4555 4556/4556/4556 4557/4557/4557
v 2.463710 4.815047 -0.366935
vt 0.550000 0.550000
vn 0.440795 0.850957 -0.285607
v 2.830645 4.597836 -0.733871
vt 0.600000 0.600000
vn 0.289283 0.927717 -0.235916
v 2.463710 4.488475 -0.733871
vt 0.550000 0.600000
vn 0.270555 0.849916 -0.452153
f 4558/4558/4558 4559/4559/4559 4560/4560/4560
v 2.830645 4.431996 -0.366935
vt 0.600000 0.550000
vn 0.445275 0.869294 -0.214612
v 3.197581 4.438940 -0.366935
vt 0.650000 0.550000
vn 0.356924 0.899775 -0.251019
v 3.197581 4.069994 -0.733871
vt 0.650000 0.600000
vn 0.578278 0.788704 -0.208663
f 4561/4561/4561 4562/4562/4562 4563/4563/4563
v 2.830645 4.431996 -0.366935
vt 0.600000 0.550000
vn 0.445275 0.869294 -0.214612
v 3.197581 4.069994 -0.733871
vt 0.650000 0.600000
vn 0.578278 0.788704 -0.208663
v 2.830645 4.597836 -0.733871
vt 0.600000 0.600000
vn 0.289283 0.927717 -0.235916
f 4564/4564/4564 4565/4565/4565 4566/4566/4566
v 3.197581 4.438940 -0.366935
vt 0.650000 0.550000
vn 0.356924 0.899775 -0.251019
v 3.564516 4.428804 -0.366935
vt 0.700000 0.550000
vn 0.277974 0.931203 -0.235779
v 3.564516 3.831735 -0.733871
vt 0.700000 0.600000
vn 0.432504 0.758801 -0.486992
f 4567/4567/4567 4568/4568/4568 4569/4569/4569
v 3.197581 4.438940 -0.366935
vt 0.650000 0.550000
vn 0.356924 0.899775 -0.251019
v 3.564516 3.831735 -0.733871
vt 0.700000 0.600000
vn 0.432504 0.758801 -0.486992
v 3.197581 4.069994 -0.733871
vt 0.650000 0.600000
vn 0.578278 0.788704 -0.208663
f 4570/4570/4570 4571/4571/4571 4572/4572/4572
v 3.564516 4.428804 -0.366935
vt 0.700000 0.550000
vn 0.277974 0.931203 -0.235779
v 3.931452 4.350801 -0.366935
vt 0.750000 0.550000
vn 0.288283 0.948415 -0.131914
v 3.931452 3.815352 -0.733871
vt 0.750000 0.600000
vn 0.189827 0.663562 -0.723638
f 4573/4573/4573 4574/4574/4574 4575/4575/4575
v 3.564516 4.428804 -0.366935
vt 0.700000 0.550000
vn 0.277974 0.931203 -0.235779
v 3.931452 3.815352 -0.733871
vt 0.750000 0.600000
vn 0.189827 0.663562 -0.723638
v 3.564516 3.831735 -0.733871
vt 0.700000 0.600000
vn 0.432504 0.758801 -0.486992
f 4576/4576/4576 4577/4577/4577 4578/4578/4578
v 3.931452 4.350801 -0.366935
vt 0.750000 0.550000
vn 0.288283 0.948415 -0.131914
v 4.298387 4.200209 -0.366935
vt 0.800000 0.550000
vn 0.361874 0.932120 -0.014146
v 4.298387 3.834722 -0.733871
vt 0.800000 0.600000
vn 0.140288 0.653570 -0.743751
f 4579/4579/4579 4580/4580/4580 4581/4581/4581
v 3.931452 4.350801 -0.366935
vt 0.750000 0.550000
vn 0.288283 0.948415 -0.131914
v 4.298387 3.834722 -0.733871
vt 0.800000 0.600000
vn 0.140288 0.653570 -0.743751
v 3.931452 3.815352 -0.733871
vt 0.750000 0.600000
vn 0.189827 0.663562 -0.723638
f 4582/4582/4582 4583/4583/4583 4584/4584/4584
v 4.298387 4.200209 -0.366935
vt 0.800000 0.550000
vn 0.361874 0.932120 -0.014146
v 4.665322 3.980663 -0.366935
vt 0.850000 0.550000
vn 0.433625 0.892498 0.124168
v 4.665322 3.785704 -0.733871
vt 0.850000 0.600000
vn 0.224981 0.731550 -0.643598
f 4585/4585/4585 4586/4586/4586 4587/4587/4587
v 4.298387 4.200209 -0.366935
vt 0.800000 0.550000
vn 0.361874 0.932120 -0.014146
v 4.665322 3.785704 -0.733871
vt 0.850000 0.600000
vn 0.224981 0.731550 -0.643598
v 4.298387 3.834722 -0.733871
vt 0.800000 0.600000
vn 0.140288 0.653570 -0.743751
f 4588/4588/4588 4589/4589/4589 4590/4590/4590
v 4.665322 3.980663 -0.366935
vt 0.850000 0.550000
vn 0.433625 0.892498 0.124168
v 5.032258 3.752908 -0.366935
vt 0.900000 0.550000
vn 0.455272 0.855648 0.246158
v 5.032258 3.675651 -0.733871
vt 0.900000 0.600000
vn 0.307751 0.805624 -0.506221
f 4591/4591/4591 4592/4592/4592 4593/4593/4593
v 4.665322 3.980663 -0.366935
vt 0.850000 0.550000
vn 0.433625 0.892498 0.124168
v 5.032258 3.675651 -0.733871
vt 0.900000 0.600000
vn 0.307751 0.805624 -0.506221
v 4.665322 3.785704 -0.733871
vt 0.850000 0.600000
vn 0.224981 0.731550 -0.643598
f 4594/4594/4594 4595/4595/4595 4596/4596/4596
v 5.032258 3.752908 -0.366935
vt 0.900000 0.550000
vn 0.455272 0.855648 0.246158
v 5.399194 3.523469 -0.366935
vt 0.950000 0.550000
vn 0.461934 0.824643 0.326467
v 5.399194 3.524494 -0.733871
vt 0.950000 0.600000
vn 0.374320 0.852447 -0.364992
f 4597/4597/4597 4598/4598/4598 4599/4599/4599
v 5.032258 3.752908 -0.366935
vt 0.900000 0.550000
vn 0.455272 0.855648 0.246158
v 5.399194 3.524494 -0.733871
vt 0.950000 0.600000
vn 0.374320 0.852447 -0.364992
v 5.032258 3.675651 -0.733871
vt 0.900000 0.600000
vn 0.307751 0.805624 -0.506221
f 4600/4600/4600 4601/4601/4601 4602/4602/4602
v 5.399194 3.523469 -0.366935
vt 0.950000 0.550000
vn 0.461934 0.824643 0.326467
v 5.766129 3.294884 -0.366935
vt 1.000000 0.550000
vn 0.457735 0.799842 0.388241
v 5.766129 3.347234 -0.733871
vt 1.000000 0.600000
vn 0.398115 0.863903 -0.308507
f 4603/4603/4603 4604/4604/4604 4605/4605/4605
v 5.399194 3.523469 -0.366935
vt 0.950000 0.550000
vn 0.461934 0.824643 0.326467
v 5.766129 3.347234 -0.733871
vt 1.000000 0.600000
vn 0.398115 0.863903 -0.308507
v 5.399194 3.524494 -0.733871
vt 0.950000 0.600000
vn 0.374320 0.852447 -0.364992
f 4606/4606/4606 4607/4607/4607 4608/4608/4608
v -1.572581 3.347234 -0.733871
vt 0.000000 0.600000
vn -0.398115 0.863903 -0.308507
v -1.205645 3.524494 -0.733871
vt 0.050000 0.600000
vn -0.374320 0.852447 -0.364991
v -1.205645 3.184925 -1.100806
vt 0.050000 0.650000
vn -0.181337 0.691756 -0.698993
f 4609/4609/4609 4610/4610/4610 4611/4611/4611
v -1.572581 3.347234 -0.733871
vt 0.000000 0.600000
vn -0.398115 0.863903 -0.308507
v -1.205645 3.184925 -1.100806
vt 0.050000 0.650000
vn -0.181337 0.691756 -0.698993
v -1.572581 3.094760 -1.100806
vt 0.000000 0.650000
vn -0.199629 0.705672 -0.679835
f 4612/4612/4612 4613/4613/4613 4614/4614/4614
v -1.205645 3.524494 -0.733871
vt 0.050000 0.600000
vn -0.374320 0.852447 -0.364991
v -0.838710 3.675651 -0.733871
vt 0.100000 0.600000
vn -0.307751 0.805624 -0.506221
v -0.838710 3.240022 -1.100806
vt 0.100000 0.650000
vn -0.141100 0.664691 -0.733673
f 4615/4615/4615 4616/4616/4616 4617/4617/4617
v -1.205645 3.524494 -0.733871
vt 0.050000 0.600000
vn -0.374320 0.852447 -0.364991
v -0.838710 3.240022 -1.100806
vt 0.100000 0.650000
vn -0.141100 0.664691 -0.733673
v -1.205645 3.184925 -1.100806
vt 0.050000 0.650000
vn -0.181337 0.691756 -0.698993
f 4618/4618/4618 4619/4619/4619 4620/4620/4620
v -0.838710 3.675651 -0.733871
vt 0.100000 0.600000
vn -0.307751 0.805624 -0.506221
v -0.471774 3.785704 -0.733871
vt 0.150000 0.600000
vn -0.224981 0.731550 -0.643598
v -0.471774 3.265395 -1.100806
vt 0.150000 0.650000
vn -0.160855 0.694501 -0.701280
f 4621/4621/4621 4622/4622/4622 4623/4623/4623
v -0.838710 3.675651 -0.733871
vt 0.100000 0.600000
vn -0.307751 0.805624 -0.506221
v -0.471774 3.265395 -1.100806
vt 0.150000 0.650000
vn -0.160855 0.694501 -0.701280
v -0.838710 3.240022 -1.100806
vt 0.100000 0.650000
vn -0.141100 0.664691 -0.733673
f 4624/4624/4624 4625/4625/4625 4626/4626/4626
v -0.471774 3.785704 -0.733871
vt 0.150000 0.600000
vn -0.224981 0.731550 -0.643598
v -0.104839 3.834722 -0.733871
vt 0.200000 0.600000
vn -0.140288 0.653570 -0.743751
v -0.104839 3.294051 -1.100806
vt 0.200000 0.650000
vn -0.308021 0.793098 -0.525470
f 4627/4627/4627 4628/4628/4628 4629/4629/4629
v -0.471774 3.785704 -0.733871
vt 0.150000 0.600000
vn -0.224981 0.731550 -0.643598
v -0.104839 3.294051 -1.100806
vt 0.200000 0.650000
vn -0.308021 0.793098 -0.525470
v -0.471774 3.265395 -1.100806
vt 0.150000 0.650000
vn -0.160855 0.694501 -0.701280
f 4630/4630/4630 4631/4631/4631 4632/4632/4632
v -0.104839 3.834722 -0.733871
vt 0.200000 0.600000
vn -0.140288 0.653570 -0.743751
v 0.262097 3.815352 -0.733871
vt 0.250000 0.600000
vn -0.189827 0.663562 -0.723638
v 0.262097 3.419533 -1.100806
vt 0.250000 0.650000
vn -0.523298 0.818733 -0.236295
f 4633/4633/4633 4634/4634/4634 4635/4635/4635
v -0.104839 3.834722 -0.733871
vt 0.200000 0.600000
vn -0.140288 0.653570 -0.743751
v 0.262097 3.419533 -1.100806
vt 0.250000 0.650000
vn -0.523298 0.818733 -0.236295
v -0.104839 3.294051 -1.100806
vt 0.200000 0.650000
vn -0.308021 0.793098 -0.525470
f 4636/4636/4636 4637/4637/4637 4638/4638/4638
v 0.262097 3.815352 -0.733871
vt 0.250000 0.600000
vn -0.189827 0.663562 -0.723638
v 0.629032 3.831735 -0.733871
vt 0.300000 0.600000
vn -0.432504 0.758802 -0.486991
v 0.629032 3.831607 -1.100806
vt 0.300000 0.650000
vn -0.688570 0.708623 0.154031
f 4639/4639/4639 4640/4640/4640 4641/4641/4641
v 0.262097 3.815352 -0.733871
vt 0.250000 0.600000
vn -0.189827 0.663562 -0.723638
v 0.629032 3.831607 -1.100806
vt 0.300000 0.650000
vn -0.688570 0.708623 0.154031
v 0.262097 3.419533 -1.100806
vt 0.250000 0.650000
vn -0.523298 0.818733 -0.236295
f 4642/4642/4642 4643/4643/4643 4644/4644/4644
v 0.629032 3.831735 -0.733871
vt 0.300000 0.600000
vn -0.432504 0.758802 -0.486991
v 0.995968 4.069994 -0.733871
vt 0.350000 0.600000
vn -0.578278 0.788704 -0.208663
v 0.995968 4.380625 -1.100806
vt 0.350000 0.650000
vn -0.462912 0.886380 0.006542
f 4645/4645/4645 4646/4646/4646 4647/4647/4647
v 0.629032 3.831735 -0.733871
vt 0.300000 0.600000
vn -0.432504 0.758802 -0.486991
v 0.995968 4.380625 -1.100806
vt 0.350000 0.650000
vn -0.462912 0.886380 0.006542
v 0.629032 3.831607 -1.100806
vt 0.300000 0.650000
vn -0.688570 0.708623 0.154031
f 4648/4648/4648 4649/4649/4649 4650/4650/4650
v 0.995968 4.069994 -0.733871
vt 0.350000 0.600000
vn -0.578278 0.788704 -0.208663
v 1.362903 4.597836 -0.733871
vt 0.400000 0.600000
vn -0.289283 0.927717 -0.235916
v 1.362903 4.436302 -1.100806
vt 0.400000 0.650000
vn 0.089437 0.897993 -0.430824
f 4651/4651/4651 4652/4652/4652 4653/4653/4653
v 0.995968 4.069994 -0.733871
vt 0.350000 0.600000
vn -0.578278 0.788704 -0.208663
v 1.362903 4.436302 -1.100806
vt 0.400000 0.650000
vn 0.089437 0.897993 -0.430824
v 0.995968 4.380625 -1.100806
vt 0.350000 0.650000
vn -0.462912 0.886380 0.006542
f 4654/4654/4654 4655/4655/4655 4656/4656/4656
v 1.362903 4.597836 -0.733871
vt 0.400000 0.600000
vn -0.289283 0.927717 -0.235916
v 1.729839 4.488475 -0.733871
vt 0.450000 0.600000
vn -0.270555 0.849916 -0.452153
v 1.729839 4.157368 -1.100806
vt 0.450000 0.650000
vn -0.260365 0.807951 -0.528607
f 4657/4657/4657 4658/4658/4658 4659/4659/4659
v 1.362903 4.597836 -0.733871
vt 0.400000 0.600000
vn -0.289283 0.927717 -0.235916
v 1.729839 4.157368 -1.100806
vt 0.450000 0.650000
vn -0.260365 0.807951 -0.528607
v 1.362903 4.436302 -1.100806
vt 0.400000 0.650000
vn 0.089437 0.897993 -0.430824
f 4660/4660/4660 4661/4661/4661 4662/4662/4662
v 1.729839 4.488475 -0.733871
vt 0.450000 0.600000
vn -0.270555 0.849916 -0.452153
v 2.096774 4.768064 -0.733871
vt 0.500000 0.600000
vn 0.000000 0.847092 -0.531446
v 2.096774 4.635968 -1.100806
vt 0.500000 0.650000
vn 0.000000 0.881726 -0.471762
f 4663/4663/4663 4664/4664/4664 4665/4665/4665
v 1.729839 4.488475 -0.733871
vt 0.450000 0.600000
vn -0.270555 0.849916 -0.452153
v 2.096774 4.635968 -1.100806
vt 0.500000 0.650000
vn 0.000000 0.881726 -0.471762
v 1.729839 4.157368 -1.100806
vt 0.450000 0.650000
vn -0.260365 0.807951 -0.528607
f 4666/4666/4666 4667/4667/4667 4668/4668/4668
v 2.096774 4.768064 -0.733871
vt 0.500000 0.600000
vn 0.000000 0.847092 -0.531446
v 2.463710 4.488475 -0.733871
vt 0.550000 0.600000
vn 0.270555 0.849916 -0.452153
v 2.463710 4.157368 -1.100806
vt 0.550000 0.650000
vn 0.260366 0.807951 -0.528607
f 4669/4669/4669 4670/4670/4670 4671/4671/4671
v 2.096774 4.768064 -0.733871
vt 0.500000 0.600000
vn 0.000000 0.847092 -0.531446
v 2.463710 4.157368 -1.100806
vt 0.550000 0.650000
vn 0.260366 0.807951 -0.528607
v 2.096774 4.635968 -1.100806
vt 0.500000 0.650000
vn 0.000000 0.881726 -0.471762
f 4672/4672/4672 4673/4673/4673 4674/4674/4674
v 2.463710 4.488475 -0.733871
vt 0.550000 0.600000
vn 0.270555 0.849916 -0.452153
v 2.830645 4.597836 -0.733871
vt 0.600000 0.600000
vn 0.289283 0.927717 -0.235916
v 2.830645 4.436302 -1.100806
vt 0.600000 0.650000
vn -0.089436 0.897993 -0.430824
f 4675/4675/4675 4676/4676/4676 4677/4677/4677
v 2.463710 4.488475 -0.733871
vt 0.550000 0.600000
vn 0.270555 0.849916 -0.452153
v 2.830645 4.436302 -1.100806
vt 0.600000 0.650000
vn -0.089436 0.897993 -0.430824
v 2.463710 4.157368 -1.100806
vt 0.550000 0.650000
vn 0.260366 0.807951 -0.528607
f 4678/4678/4678 4679/4679/4679 4680/4680/4680
v 2.830645 4.597836 -0.733871
vt 0.600000 0.600000
vn 0.289283 0.927717 -0.235916
v 3.197581 4.069994 -0.733871
vt 0.650000 0.600000
vn 0.578278 0.788704 -0.208663
v 3.197581 4.380625 -1.100806
vt 0.650000 0.650000
vn 0.462912 0.886380 0.006543
f 4681/4681/4681 4682/4682/4682 4683/4683/4683
v 2.830645 4.597836 -0.733871
vt 0.600000 0.600000
vn 0.289283 0.927717 -0.235916
v 3.197581 4.380625 -1.100806
vt 0.650000 0.650000
vn 0.462912 0.886380 0.006543
v 2.830645 4.436302 -1.100806
vt 0.600000 0.650000
vn -0.089436 0.897993 -0.430824
f 4684/4684/4684 4685/4685/4685 4686/4686/4686
v 3.197581 4.069994 -0.733871
vt 0.650000 0.600000
vn 0.578278 0.788704 -0.208663
v 3.564516 3.831735 -0.733871
vt 0.700000 0.600000
vn 0.432504 0.758801 -0.486992
v 3.564516 3.831607 -1.100806
vt 0.700000 0.650000
vn 0.688570 0.708623 0.154031
f 4687/4687/4687 4688/4688/4688 4689/4689/4689
v 3.197581 4.069994 -0.733871
vt 0.650000 0.600000
vn 0.578278 0.788704 -0.208663
v 3.564516 3.831607 -1.100806
vt 0.700000 0.650000
vn 0.688570 0.708623 0.154031
v 3.197581 4.380625 -1.100806
vt 0.650000 0.650000
vn 0.462912 0.886380 0.006543
f 4690/4690/4690 4691/4691/4691 4692/4692/4692
v 3.564516 3.831735 -0.733871
vt 0.700000 0.600000
vn 0.432504 0.758801 -0.486992
v 3.931452 3.815352 -0.733871
vt 0.750000 0.600000
vn 0.189827 0.663562 -0.723638
v 3.931452 3.419533 -1.100806
vt 0.750000 0.650000
vn 0.523298 0.818733 -0.236295
f 4693/4693/4693 4694/4694/4694 4695/4695/4695
v 3.564516 3.831735 -0.733871
vt 0.700000 0.600000
vn 0.432504 0.758801 -0.486992
v 3.931452 3.419533 -1.100806
vt 0.750000 0.650000
vn 0.523298 0.818733 -0.236295
v 3.564516 3.831607 -1.100806
vt 0.700000 0.650000
vn 0.688570 0.708623 0.154031
f 4696/4696/4696 4697/4697/4697 4698/4698/4698
v 3.931452 3.815352 -0.733871
vt 0.750000 0.600000
vn 0.189827 0.663562 -0.723638
v 4.298387 3.834722 -0.733871
vt 0.800000 0.600000
vn 0.140288 0.653570 -0.743751
v 4.298387 3.294051 -1.100806
vt 0.800000 0.650000
vn 0.308021 0.793098 -0.525470
f 4699/4699/4699 4700/4700/4700 4701/4701/4701
v 3.931452 3.815352 -0.733871
vt 0.750000 0.600000
vn 0.189827 0.663562 -0.723638
v 4.298387 3.294051 -1.100806
vt 0.800000 0.650000
vn 0.308021 0.793098 -0.525470
v 3.931452 3.419533 -1.100806
vt 0.750000 0.650000
vn 0.523298 0.818733 -0.236295
f 4702/4702/4702 4703/4703/4703 4704/4704/4704
v 4.298387 3.834722 -0.733871
vt 0.800000 0.600000
vn 0.140288 0.653570 -0.743751
v 4.665322 3.785704 -0.733871
vt 0.850000 0.600000
vn 0.224981 0.731550 -0.643598
v 4.665322 3.265395 -1.100806
vt 0.850000 0.650000
vn 0.160854 0.694501 -0.701280
f 4705/4705/4705 4706/4706/4706 4707/4707/4707
v 4.298387 3.834722 -0.733871
vt 0.800000 0.600000
vn 0.140288 0.653570 -0.743751
v 4.665322 3.265395 -1.100806
vt 0.850000 0.650000
vn 0.160854 0.694501 -0.701280
v 4.298387 3.294051 -1.100806
vt 0.800000 0.650000
vn 0.308021 0.793098 -0.525470
f 4708/4708/4708 4709/4709/4709 4710/4710/4710
v 4.665322 3.785704 -0.733871
vt 0.850000 0.600000
vn 0.224981 0.731550 -0.643598
v 5.032258 3.675651 -0.733871
vt 0.900000 0.600000
vn 0.307751 0.805624 -0.506221
v 5.032258 3.240022 -1.100806
vt 0.900000 0.650000
vn 0.141100 0.664691 -0.733674
f 4711/4711/4711 4712/4712/4712 4713/4713/4713
v 4.665322 3.785704 -0.733871
vt 0.850000 0.600000
vn 0.224981 0.731550 -0.643598
v 5.032258 3.240022 -1.100806
vt 0.900000 0.650000
vn 0.141100 0.664691 -0.733674
v 4.665322 3.265395 -1.100806
vt 0.850000 0.650000
vn 0.160854 0.694501 -0.701280
f 4714/4714/4714 4715/4715/4715 4716/4716/4716
v 5.032258 3.675651 -0.733871
vt 0.900000 0.600000
vn 0.307751 0.805624 -0.506221
v 5.399194 3.524494 -0.733871
vt 0.950000 0.600000
vn 0.374320 0.852447 -0.364992
v 5.399194 3.184925 -1.100806
vt 0.950000 0.650000
vn 0.181338 0.691756 -0.698993
f 4717/4717/4717 4718/4718/4718 4719/4719/4719
v 5.032258 3.675651 -0.733871
vt 0.900000 0.600000
vn 0.307751 0.805624 -0.506221
v 5.399194 3.184925 -1.100806
vt 0.950000 0.650000
vn 0.181338 0.691756 -0.698993
v 5.032258 3.240022 -1.100806
vt 0.900000 0.650000
vn 0.141100 0.664691 -0.733674
f 4720/4720/4720 4721/4721/4721 4722/4722/4722
v 5.399194 3.524494 -0.733871
vt 0.950000 0.600000
vn 0.374320 0.852447 -0.364992
v 5.766129 3.347234 -0.733871
vt 1.000000 0.600000
vn 0.398115 0.863903 -0.308507
v 5.766129 3.094760 -1.100806
vt 1.000000 0.650000
vn 0.199629 0.705672 -0.679835
f 4723/4723/4723 4724/4724/4724 4725/4725/4725
v 5.399194 3.524494 -0.733871
vt 0.950000 0.600000
vn 0.374320 0.852447 -0.364992
v 5.766129 3.094760 -1.100806
vt 1.000000 0.650000
vn 0.199629 0.705672 -0.679835
v 5.399194 3.184925 -1.100806
vt 0.950000 0.650000
vn 0.181338 0.691756 -0.698993
f 4726/4726/4726 4727/4727/4727 4728/4728/4728
v -1.572581 3.094760 -1.100806
vt 0.000000 0.650000
vn -0.199629 0.705672 -0.679835
v -1.205645 3.184925 -1.100806
vt 0.050000 0.650000
vn -0.181337 0.691756 -0.698993
v -1.205645 2.763989 -1.467742
vt 0.050000 0.700000
vn -0.191881 0.742011 -0.642341
f 4729/4729/4729 4730/4730/4730 4731/4731/4731
v -1.572581 3.094760 -1.100806
vt 0.000000 0.650000
vn -0.199629 0.705672 -0.679835
v -1.205645 2.763989 -1.467742
vt 0.050000 0.700000
vn -0.191881 0.742011 -0.642341
v -1.572581 2.702044 -1.467742
vt 0.000000 0.700000
vn -0.169906 0.720353 -0.672475
f 4732/4732/4732 4733/4733/4733 4734/4734/4734
v -1.205645 3.184925 -1.100806
vt 0.050000 0.650000
vn -0.181337 0.691756 -0.698993
v -0.838710 3.240022 -1.100806
vt 0.100000 0.650000
vn -0.141100 0.664691 -0.733673
v -0.838710 2.834575 -1.467742
vt 0.100000 0.700000
vn -0.281165 0.806646 -0.519873
f 4735/4735/4735 4736/4736/4736 4737/4737/4737
v -1.205645 3.184925 -1.100806
vt 0.050000 0.650000
vn -0.181337 0.691756 -0.698993
v -0.838710 2.834575 -1.467742
vt 0.100000 0.700000
vn -0.281165 0.806646 -0.519873
v -1.205645 2.763989 -1.467742
vt 0.050000 0.700000
vn -0.191881 0.742011 -0.642341
f 4738/4738/4738 4739/4739/4739 4740/4740/4740
v -0.838710 3.240022 -1.100806
vt 0.100000 0.650000
vn -0.141100 0.664691 -0.733673
v -0.471774 3.265395 -1.100806
vt 0.150000 0.650000
vn -0.160855 0.694501 -0.701280
v -0.471774 2.956576 -1.467742
vt 0.150000 0.700000
vn -0.433253 0.854060 -0.287876
f 4741/4741/4741 4742/4742/4742 4743/4743/4743
v -0.838710 3.240022 -1.100806
vt 0.100000 0.650000
vn -0.141100 0.664691 -0.733673
v -0.471774 2.956576 -1.467742
vt 0.150000 0.700000
vn -0.433253 0.854060 -0.287876
v -0.838710 2.834575 -1.467742
vt 0.100000 0.700000
vn -0.281165 0.806646 -0.519873
f 4744/4744/4744 4745/4745/4745 4746/4746/4746
v -0.471774 3.265395 -1.100806
vt 0.150000 0.650000
vn -0.160855 0.694501 -0.701280
v -0.104839 3.294051 -1.100806
vt 0.200000 0.650000
vn -0.308021 0.793098 -0.525470
v -0.104839 3.199634 -1.467742
vt 0.200000 0.700000
vn -0.598422 0.799621 0.049975
f 4747/4747/4747 4748/4748/4748 4749/4749/4749
v -0.471774 3.265395 -1.100806
vt 0.150000 0.650000
vn -0.160855 0.694501 -0.701280
v -0.104839 3.199634 -1.467742
vt 0.200000 0.700000
vn -0.598422 0.799621 0.049975
v -0.471774 2.956576 -1.467742
vt 0.150000 0.700000
vn -0.433253 0.854060 -0.287876
f 4750/4750/4750 4751/4751/4751 4752/4752/4752
v -0.104839 3.294051 -1.100806
vt 0.200000 0.650000
vn -0.308021 0.793098 -0.525470
v 0.262097 3.419533 -1.100806
vt 0.250000 0.650000
vn -0.523298 0.818733 -0.236295
v 0.262097 3.628889 -1.467742
vt 0.250000 0.700000
vn -0.703597 0.639461 0.309905
f 4753/4753/4753 4754/4754/4754 4755/4755/4755
v -0.104839 3.294051 -1.100806
vt 0.200000 0.650000
vn -0.308021 0.793098 -0.525470
v 0.262097 3.628889 -1.467742
vt 0.250000 0.700000
vn -0.703597 0.639461 0.309905
v -0.104839 3.199634 -1.467742
vt 0.200000 0.700000
vn -0.598422 0.799621 0.049975
f 4756/4756/4756 4757/4757/4757 4758/4758/4758
v 0.262097 3.419533 -1.100806
vt 0.250000 0.650000
vn -0.523298 0.818733 -0.236295
v 0.629032 3.831607 -1.100806
vt 0.300000 0.650000
vn -0.688570 0.708623 0.154031
v 0.629032 4.163414 -1.467742
vt 0.300000 0.700000
vn -0.569044 0.819996 0.061611
f 4759/4759/4759 4760/4760/4760 4761/4761/4761
v 0.262097 3.419533 -1.100806
vt 0.250000 0.650000
vn -0.523298 0.818733 -0.236295
v 0.629032 4.163414 -1.467742
vt 0.300000 0.700000
vn -0.569044 0.819996 0.061611
v 0.262097 3.628889 -1.467742
vt 0.250000 0.700000
vn -0.703597 0.639461 0.309905
f 4762/4762/4762 4763/4763/4763 4764/4764/4764
v 0.629032 3.831607 -1.100806
vt 0.300000 0.650000
vn -0.688570 0.708623 0.154031
v 0.995968 4.380625 -1.100806
vt 0.350000 0.650000
vn -0.462912 0.886380 0.006542
v 0.995968 4.328308 -1.467742
vt 0.350000 0.700000
vn 0.024776 0.911527 -0.410494
f 4765/4765/4765 4766/4766/4766 4767/4767/4767
v 0.629032 3.831607 -1.100806
vt 0.300000 0.650000
vn -0.688570 0.708623 0.154031
v 0.995968 4.328308 -1.467742
vt 0.350000 0.700000
vn 0.024776 0.911527 -0.410494
v 0.629032 4.163414 -1.467742
vt 0.300000 0.700000
vn -0.569044 0.819996 0.061611
f 4768/4768/4768 4769/4769/4769 4770/4770/4770
v 0.995968 4.380625 -1.100806
vt 0.350000 0.650000
vn -0.462912 0.886380 0.006542
v 1.362903 4.436302 -1.100806
vt 0.400000 0.650000
vn 0.089437 0.897993 -0.430824
v 1.362903 3.944692 -1.467742
vt 0.400000 0.700000
vn 0.191013 0.742720 -0.641780
f 4771/4771/4771 4772/4772/4772 4773/4773/4773
v 0.995968 4.380625 -1.100806
vt 0.350000 0.650000
vn -0.462912 0.886380 0.006542
v 1.362903 3.944692 -1.467742
vt 0.400000 0.700000
vn 0.191013 0.742720 -0.641780
v 0.995968 4.328308 -1.467742
vt 0.350000 0.700000
vn 0.024776 0.911527 -0.410494
f 4774/4774/4774 4775/4775/4775 4776/4776/4776
v 1.362903 4.436302 -1.100806
vt 0.400000 0.650000
vn 0.089437 0.897993 -0.430824
v 1.729839 4.157368 -1.100806
vt 0.450000 0.650000
vn -0.260365 0.807951 -0.528607
v 1.729839 4.005782 -1.467742
vt 0.450000 0.700000
vn -0.486111 0.752775 -0.443876
f 4777/4777/4777 4778/4778/4778 4779/4779/4779
v 1.362903 4.436302 -1.100806
vt 0.400000 0.650000
vn 0.089437 0.897993 -0.430824
v 1.729839 4.005782 -1.467742
vt 0.450000 0.700000
vn -0.486111 0.752775 -0.443876
v 1.362903 3.944692 -1.467742
vt 0.400000 0.700000
vn 0.191013 0.742720 -0.641780
f 4780/4780/4780 4781/4781/4781 4782/4782/4782
v 1.729839 4.157368 -1.100806
vt 0.450000 0.650000
vn -0.260365 0.807951 -0.528607
v 2.096774 4.635968 -1.100806
vt 0.500000 0.650000
vn 0.000000 0.881726 -0.471762
v 2.096774 4.503871 -1.467742
vt 0.500000 0.700000
vn 0.000000 0.942082 -0.335381
f 4783/4783/4783 4784/4784/4784 4785/4785/4785
v 1.729839 4.157368 -1.100806
vt 0.450000 0.650000
vn -0.260365 0.807951 -0.528607
v 2.096774 4.503871 -1.467742
vt 0.500000 0.700000
vn 0.000000 0.942082 -0.335381
v 1.729839 4.005782 -1.467742
vt 0.450000 0.700000
vn -0.486111 0.752775 -0.443876
f 4786/4786/4786 4787/4787/4787 4788/4788/4788
v 2.096774 4.635968 -1.100806
vt 0.500000 0.650000
vn 0.000000 0.881726 -0.471762
v 2.463710 4.157368 -1.100806
vt 0.550000 0.650000
vn 0.260366 0.807951 -0.528607
v 2.463710 4.005782 -1.467742
vt 0.550000 0.700000
vn 0.486112 0.752775 -0.443876
f 4789/4789/4789 4790/4790/4790 4791/4791/4791
v 2.096774 4.635968 -1.100806
vt 0.500000 0.650000
vn 0.000000 0.881726 -0.471762
v 2.463710 4.005782 -1.467742
vt 0.550000 0.700000
vn 0.486112 0.752775 -0.443876
v 2.096774 4.503871 -1.467742
vt 0.500000 0.700000
vn 0.000000 0.942082 -0.335381
f 4792/4792/4792 4793/4793/4793 4794/4794/4794
v 2.463710 4.157368 -1.100806
vt 0.550000 0.650000
vn 0.260366 0.807951 -0.528607
v 2.830645 4.436302 -1.100806
vt 0.600000 0.650000
vn -0.089436 0.897993 -0.430824
v 2.830645 3.944692 -1.467742
vt 0.600000 0.700000
vn -0.191013 0.742720 -0.641780
f 4795/4795/4795 4796/4796/4796 4797/4797/4797
v 2.463710 4.157368 -1.100806
vt 0.550000 0.650000
vn 0.260366 0.807951 -0.528607
v 2.830645 3.944692 -1.467742
vt 0.600000 0.700000
vn -0.191013 0.742720 -0.641780
v 2.463710 4.005782 -1.467742
vt 0.550000 0.700000
vn 0.486112 0.752775 -0.443876
f 4798/4798/4798 4799/4799/4799 4800/4800/4800
v 2.830645 4.436302 -1.100806
vt 0.600000 0.650000
vn -0.089436 0.897993 -0.430824
v 3.197581 4.380625 -1.100806
vt 0.650000 0.650000
vn 0.462912 0.886380 0.006543
v 3.197581 4.328308 -1.467742
vt 0.650000 0.700000
vn -0.024776 0.911527 -0.410494
f 4801/4801/4801 4802/4802/4802 4803/4803/4803
v 2.830645 4.436302 -1.100806
vt 0.600000 0.650000
vn -0.089436 0.897993 -0.430824
v 3.197581 4.328308 -1.467742
vt 0.650000 0.700000
vn -0.024776 0.911527 -0.410494
v 2.830645 3.944692 -1.467742
vt 0.600000 0.700000
vn -0.191013 0.742720 -0.641780
f 4804/4804/4804 4805/4805/4805 4806/4806/4806
v 3.197581 4.380625 -1.100806
vt 0.650000 0.650000
vn 0.462912 0.886380 0.006543
v 3.564516 3.831607 -1.100806
vt 0.700000 0.650000
vn 0.688570 0.708623 0.154031
v 3.564516 4.163414 -1.467742
vt 0.700000 0.700000
vn 0.569044 0.819996 0.061611
f 4807/4807/4807 4808/4808/4808 4809/4809/4809
v 3.197581 4.380625 -1.100806
vt 0.650000 0.650000
vn 0.462912 0.886380 0.006543
v 3.564516 4.163414 -1.467742
vt 0.700000 0.700000
vn 0.569044 0.819996 0.061611
v 3.197581 4.328308 -1.467742
vt 0.650000 0.700000
vn -0.024776 0.911527 -0.410494
f 4810/4810/4810 4811/4811/4811 4812/4812/4812
v 3.564516 3.831607 -1.100806
vt 0.700000 0.650000
vn 0.688570 0.708623 0.154031
v 3.931452 3.419533 -1.100806
vt 0.750000 0.650000
vn 0.523298 0.818733 -0.236295
v 3.931452 3.628889 -1.467742
vt 0.750000 0.700000
vn 0.703597 0.639461 0.309905
f 4813/4813/4813 4814/4814/4814 4815/4815/4815
v 3.564516 3.831607 -1.100806
vt 0.700000 0.650000
vn 0.688570 0.708623 0.154031
v 3.931452 3.628889 -1.467742
vt 0.750000 0.700000
vn 0.703597 0.639461 0.309905
v 3.564516 4.163414 -1.467742
vt 0.700000 0.700000
vn 0.569044 0.819996 0.061611
f 4816/4816/4816 4817/4817/4817 4818/4818/4818
v 3.931452 3.419533 -1.100806
vt 0.750000 0.650000
vn 0.523298 0.818733 -0.236295
v 4.298387 3.294051 -1.100806
vt 0.800000 0.650000
vn 0.308021 0.793098 -0.525470
v 4.298387 3.199634 -1.467742
vt 0.800000 0.700000
vn 0.598422 0.799621 0.049975
f 4819/4819/4819 4820/4820/4820 4821/4821/4821
v 3.931452 3.419533 -1.100806
vt 0.750000 0.650000
vn 0.523298 0.818733 -0.236295
v 4.298387 3.199634 -1.467742
vt 0.800000 0.700000
vn 0.598422 0.799621 0.049975
v 3.931452 3.628889 -1.467742
vt 0.750000 0.700000
vn 0.703597 0.639461 0.309905
f 4822/4822/4822 4823/4823/4823 4824/4824/4824
v 4.298387 3.294051 -1.100806
vt 0.800000 0.650000
vn 0.308021 0.793098 -0.525470
v 4.665322 3.265395 -1.100806
vt 0.850000 0.650000
vn 0.160854 0.694501 -0.701280
v 4.665322 2.956576 -1.467742
vt 0.850000 0.700000
vn 0.433253 0.854060 -0.287876
f 4825/4825/4825 4826/4826/4826 4827/4827/4827
v 4.298387 3.294051 -1.100806
vt 0.800000 0.650000
vn 0.308021 0.793098 -0.525470
v 4.665322 2.956576 -1.467742
vt 0.850000 0.700000
vn 0.433253 0.854060 -0.287876
v 4.298387 3.199634 -1.467742
vt 0.800000 0.700000
vn 0.598422 0.799621 0.049975
f 4828/4828/4828 4829/4829/4829 4830/4830/4830
v 4.665322 3.265395 -1.100806
vt 0.850000 0.650000
vn 0.160854 0.694501 -0.701280
v 5.032258 3.240022 -1.100806
vt 0.900000 0.650000
vn 0.141100 0.664691 -0.733674
v 5.032258 2.834575 -1.467742
vt 0.900000 0.700000
vn 0.281165 0.806646 -0.519873
f 4831/4831/4831 4832/4832/4832 4833/4833/4833
v 4.665322 3.265395 -1.100806
vt 0.850000 0.650000
vn 0.160854 0.694501 -0.701280
v 5.032258 2.834575 -1.467742
vt 0.900000 0.700000
vn 0.281165 0.806646 -0.519873
v 4.665322 2.956576 -1.467742
vt 0.850000 0.700000
vn 0.433253 0.854060 -0.287876
f 4834/4834/4834 4835/4835/4835 4836/4836/4836
v 5.032258 3.240022 -1.100806
vt 0.900000 0.650000
vn 0.141100 0.664691 -0.733674
v 5.399194 3.184925 -1.100806
vt 0.950000 0.650000
vn 0.181338 0.691756 -0.698993
v 5.399194 2.763989 -1.467742
vt 0.950000 0.700000
vn 0.191881 0.742011 -0.642341
f 4837/4837/4837 4838/4838/4838 4839/4839/4839
v 5.032258 3.240022 -1.100806
vt 0.900000 0.650000
vn 0.141100 0.664691 -0.733674
v 5.399194 2.763989 -1.467742
vt 0.950000 0.700000
vn 0.191881 0.742011 -0.642341
v 5.032258 2.834575 -1.467742
vt 0.900000 0.700000
vn 0.281165 0.806646 -0.519873
f 4840/4840/4840 4841/4841/4841 4842/4842/4842
v 5.399194 3.184925 -1.100806
vt 0.950000 0.650000
vn 0.181338 0.691756 -0.698993
v 5.766129 3.094760 -1.100806
vt 1.000000 0.650000
vn 0.199629 0.705672 -0.679835
v 5.766129 2.702044 -1.467742
vt 1.000000 0.700000
vn 0.169906 0.720353 -0.672475
f 4843/4843/4843 4844/4844/4844 4845/4845/4845
v 5.399194 3.184925 -1.100806
vt 0.950000 0.650000
vn 0.181338 0.691756 -0.698993
v 5.766129 2.702044 -1.467742
vt 1.000000 0.700000
vn 0.169906 0.720353 -0.672475
v 5.399194 2.763989 -1.467742
vt 0.950000 0.700000
vn 0.191881 0.742011 -0.642341
f 4846/4846/4846 4847/4847/4847 4848/4848/4848
v -1.572581 2.702044 -1.467742
vt 0.000000 0.700000
vn -0.169906 0.720353 -0.672475
v -1.205645 2.763989 -1.467742
vt 0.050000 0.700000
vn -0.191881 0.742011 -0.642341
v -1.205645 2.501933 -1.834677
vt 0.050000 0.750000
vn -0.392467 0.858571 -0.329888
f 4849/4849/4849 4850/4850/4850 4851/4851/4851
v -1.572581 2.702044 -1.467742
vt 0.000000 0.700000
vn -0.169906 0.720353 -0.672475
v -1.205645 2.501933 -1.834677
vt 0.050000 0.750000
vn -0.392467 0.858571 -0.329888
v -1.572581 2.375100 -1.834677
vt 0.000000 0.750000
vn -0.336715 0.846167 -0.413068
f 4852/4852/4852 4853/4853/4853 4854/4854/4854
v -1.205645 2.763989 -1.467742
vt 0.050000 0.700000
vn -0.191881 0.742011 -0.642341
v -0.838710 2.834575 -1.467742
vt 0.100000 0.700000
vn -0.281165 0.806646 -0.519873
v -0.838710 2.695007 -1.834677
vt 0.100000 0.750000
vn -0.525884 0.846068 -0.087263
f 4855/4855/4855 4856/4856/4856 4857/4857/4857
v -1.205645 2.763989 -1.467742
vt 0.050000 0.700000
vn -0.191881 0.742011 -0.642341
v -0.838710 2.695007 -1.834677
vt 0.100000 0.750000
vn -0.525884 0.846068 -0.087263
v -1.205645 2.501933 -1.834677
vt 0.050000 0.750000
vn -0.392467 0.858571 -0.329888
f 4858/4858/4858 4859/4859/4859 4860/4860/4860
v -0.838710 2.834575 -1.467742
vt 0.100000 0.700000
vn -0.281165 0.806646 -0.519873
v -0.471774 2.956576 -1.467742
vt 0.150000 0.700000
vn -0.433253 0.854060 -0.287876
v -0.471774 2.994162 -1.834677
vt 0.150000 0.750000
vn -0.642450 0.745841 0.176006
f 4861/4861/4861 4862/4862/4862 4863/4863/4863
v -0.838710 2.834575 -1.467742
vt 0.100000 0.700000
vn -0.281165 0.806646 -0.519873
v -0.471774 2.994162 -1.834677
vt 0.150000 0.750000
vn -0.642450 0.745841 0.176006
v -0.838710 2.695007 -1.834677
vt 0.100000 0.750000
vn -0.525884 0.846068 -0.087263
f 4864/4864/4864 4865/4865/4865 4866/4866/4866
v -0.471774 2.956576 -1.467742
vt 0.150000 0.700000
vn -0.433253 0.854060 -0.287876
v -0.104839 3.199634 -1.467742
vt 0.200000 0.700000
vn -0.598422 0.799621 0.049975
v -0.104839 3.414572 -1.834677
vt 0.200000 0.750000
vn -0.702345 0.653048 0.283266
f 4867/4867/4867 4868/4868/4868 4869/4869/4869
v -0.471774 2.956576 -1.467742
vt 0.150000 0.700000
vn -0.433253 0.854060 -0.287876
v -0.104839 3.414572 -1.834677
vt 0.200000 0.750000
vn -0.702345 0.653048 0.283266
v -0.471774 2.994162 -1.834677
vt 0.150000 0.750000
vn -0.642450 0.745841 0.176006
f 4870/4870/4870 4871/4871/4871 4872/4872/4872
v -0.104839 3.199634 -1.467742
vt 0.200000 0.700000
vn -0.598422 0.799621 0.049975
v 0.262097 3.628889 -1.467742
vt 0.250000 0.700000
vn -0.703597 0.639461 0.309905
v 0.262097 3.875796 -1.834677
vt 0.250000 0.750000
vn -0.628523 0.776380 0.046834
f 4873/4873/4873 4874/4874/4874 4875/4875/4875
v -0.104839 3.199634 -1.467742
vt 0.200000 0.700000
vn -0.598422 0.799621 0.049975
v 0.262097 3.875796 -1.834677
vt 0.250000 0.750000
vn -0.628523 0.776380 0.046834
v -0.104839 3.414572 -1.834677
vt 0.200000 0.750000
vn -0.702345 0.653048 0.283266
f 4876/4876/4876 4877/4877/4877 4878/4878/4878
v 0.262097 3.628889 -1.467742
vt 0.250000 0.700000
vn -0.703597 0.639461 0.309905
v 0.629032 4.163414 -1.467742
vt 0.300000 0.700000
vn -0.569044 0.819996 0.061611
v 0.629032 4.126616 -1.834677
vt 0.300000 0.750000
vn -0.160721 0.901742 -0.401285
f 4879/4879/4879 4880/4880/4880 4881/4881/4881
v 0.262097 3.628889 -1.467742
vt 0.250000 0.700000
vn -0.703597 0.639461 0.309905
v 0.629032 4.126616 -1.834677
vt 0.300000 0.750000
vn -0.160721 0.901742 -0.401285
v 0.262097 3.875796 -1.834677
vt 0.250000 0.750000
vn -0.628523 0.776380 0.046834
f 4882/4882/4882 4883/4883/4883 4884/4884/4884
v 0.629032 4.163414 -1.467742
vt 0.300000 0.700000
vn -0.569044 0.819996 0.061611
v 0.995968 4.328308 -1.467742
vt 0.350000 0.700000
vn 0.024776 0.911527 -0.410494
v 0.995968 3.897334 -1.834677
vt 0.350000 0.750000
vn 0.424211 0.651050 -0.629428
f 4885/4885/4885 4886/4886/4886 4887/4887/4887
v 0.629032 4.163414 -1.467742
vt 0.300000 0.700000
vn -0.569044 0.819996 0.061611
v 0.995968 3.897334 -1.834677
vt 0.350000 0.750000
vn 0.424211 0.651050 -0.629428
v 0.629032 4.126616 -1.834677
vt 0.300000 0.750000
vn -0.160721 0.901742 -0.401285
f 4888/4888/4888 4889/4889/4889 4890/4890/4890
v 0.995968 4.328308 -1.467742
vt 0.350000 0.700000
vn 0.024776 0.911527 -0.410494
v 1.362903 3.944692 -1.467742
vt 0.400000 0.700000
vn 0.191013 0.742720 -0.641780
v 1.362903 3.546208 -1.834677
vt 0.400000 0.750000
vn -0.098244 0.797252 -0.595599
f 4891/4891/4891 4892/4892/4892 4893/4893/4893
v 0.995968 4.328308 -1.467742
vt 0.350000 0.700000
vn 0.024776 0.911527 -0.410494
v 1.362903 3.546208 -1.834677
vt 0.400000 0.750000
vn -0.098244 0.797252 -0.595599
v 0.995968 3.897334 -1.834677
vt 0.350000 0.750000
vn 0.424211 0.651050 -0.629428
f 4894/4894/4894 4895/4895/4895 4896/4896/4896
v 1.362903 3.944692 -1.467742
vt 0.400000 0.700000
vn 0.191013 0.742720 -0.641780
v 1.729839 4.005782 -1.467742
vt 0.450000 0.700000
vn -0.486111 0.752775 -0.443876
v 1.729839 3.908037 -1.834677
vt 0.450000 0.750000
vn -0.676403 0.669852 -0.306231
f 4897/4897/4897 4898/4898/4898 4899/4899/4899
v 1.362903 3.944692 -1.467742
vt 0.400000 0.700000
vn 0.191013 0.742720 -0.641780
v 1.729839 3.908037 -1.834677
vt 0.450000 0.750000
vn -0.676403 0.669852 -0.306231
v 1.362903 3.546208 -1.834677
vt 0.400000 0.750000
vn -0.098244 0.797252 -0.595599
f 4900/4900/4900 4901/4901/4901 4902/4902/4902
v 1.729839 4.005782 -1.467742
vt 0.450000 0.700000
vn -0.486111 0.752775 -0.443876
v 2.096774 4.503871 -1.467742
vt 0.500000 0.700000
vn 0.000000 0.942082 -0.335381
v 2.096774 4.371774 -1.834677
vt 0.500000 0.750000
vn 0.000000 0.952156 -0.305614
f 4903/4903/4903 4904/4904/4904 4905/4905/4905
v 1.729839 4.005782 -1.467742
vt 0.450000 0.700000
vn -0.486111 0.752775 -0.443876
v 2.096774 4.371774 -1.834677
vt 0.500000 0.750000
vn 0.000000 0.952156 -0.305614
v 1.729839 3.908037 -1.834677
vt 0.450000 0.750000
vn -0.676403 0.669852 -0.306231
f 4906/4906/4906 4907/4907/4907 4908/4908/4908
v 2.096774 4.503871 -1.467742
vt 0.500000 0.700000
vn 0.000000 0.942082 -0.335381
v 2.463710 4.005782 -1.467742
vt 0.550000 0.700000
vn 0.486112 0.752775 -0.443876
v 2.463710 3.908037 -1.834677
vt 0.550000 0.750000
vn 0.676403 0.669852 -0.306231
f 4909/4909/4909 4910/4910/4910 4911/4911/4911
v 2.096774 4.503871 -1.467742
vt 0.500000 0.700000
vn 0.000000 0.942082 -0.335381
v 2.463710 3.908037 -1.834677
vt 0.550000 0.750000
vn 0.676403 0.669852 -0.306231
v 2.096774 4.371774 -1.834677
vt 0.500000 0.750000
vn 0.000000 0.952156 -0.305614
f 4912/4912/4912 4913/4913/4913 4914/4914/4914
v 2.463710 4.005782 -1.467742
vt 0.550000 0.700000
vn 0.486112 0.752775 -0.443876
v 2.830645 3.944692 -1.467742
vt 0.600000 0.700000
vn -0.191013 0.742720 -0.641780
v 2.830645 3.546208 -1.834677
vt 0.600000 0.750000
vn 0.098244 0.797252 -0.595598
f 4915/4915/4915 4916/4916/4916 4917/4917/4917
v 2.463710 4.005782 -1.467742
vt 0.550000 0.700000
vn 0.486112 0.752775 -0.443876
v 2.830645 3.546208 -1.834677
vt 0.600000 0.750000
vn 0.098244 0.797252 -0.595598
v 2.463710 3.908037 -1.834677
vt 0.550000 0.750000
vn 0.676403 0.669852 -0.306231
f 4918/4918/4918 4919/4919/4919 4920/4920/4920
v 2.830645 3.944692 -1.467742
vt 0.600000 0.700000
vn -0.191013 0.742720 -0.641780
v 3.197581 4.328308 -1.467742
vt 0.650000 0.700000
vn -0.024776 0.911527 -0.410494
v 3.197581 3.897334 -1.834677
vt 0.650000 0.750000
vn -0.424211 0.651050 -0.629428
f 4921/4921/4921 4922/4922/4922 4923/4923/4923
v 2.830645 3.944692 -1.467742
vt 0.600000 0.700000
vn -0.191013 0.742720 -0.641780
v 3.197581 3.897334 -1.834677
vt 0.650000 0.750000
vn -0.424211 0.651050 -0.629428
v 2.830645 3.546208 -1.834677
vt 0.600000 0.750000
vn 0.098244 0.797252 -0.595598
f 4924/4924/4924 4925/4925/4925 4926/4926/4926
v 3.197581 4.328308 -1.467742
vt 0.650000 0.700000
vn -0.024776 0.911527 -0.410494
v 3.564516 4.163414 -1.467742
vt 0.700000 0.700000
vn 0.569044 0.819996 0.061611
v 3.564516 4.126616 -1.834677
vt 0.700000 0.750000
vn 0.160721 0.901742 -0.401285
f 4927/4927/4927 4928/4928/4928 4929/4929/4929
v 3.197581 4.328308 -1.467742
vt 0.650000 0.700000
vn -0.024776 0.911527 -0.410494
v 3.564516 4.126616 -1.834677
vt 0.700000 0.750000
vn 0.160721 0.901742 -0.401285
v 3.197581 3.897334 -1.834677
vt 0.650000 0.750000
vn -0.424211 0.651050 -0.629428
f 4930/4930/4930 4931/4931/4931 4932/4932/4932
v 3.564516 4.163414 -1.467742
vt 0.700000 0.700000
vn 0.569044 0.819996 0.061611
v 3.931452 3.628889 -1.467742
vt 0.750000 0.700000
vn 0.703597 0.639461 0.309905
v 3.931452 3.875796 -1.834677
vt 0.750000 0.750000
vn 0.628523 0.776379 0.046834
f 4933/4933/4933 4934/4934/4934 4935/4935/4935
v 3.564516 4.163414 -1.467742
vt 0.700000 0.700000
vn 0.569044 0.819996 0.061611
v 3.931452 3.875796 -1.834677
vt 0.750000 0.750000
vn 0.628523 0.776379 0.046834
v 3.564516 4.126616 -1.834677
vt 0.700000 0.750000
vn 0.160721 0.901742 -0.401285
f 4936/4936/4936 4937/4937/4937 4938/4938/4938
v 3.931452 3.628889 -1.467742
vt 0.750000 0.700000
vn 0.703597 0.639461 0.309905
v 4.298387 3.199634 -1.467742
vt 0.800000 0.700000
vn 0.598422 0.799621 0.049975
v 4.298387 3.414572 -1.834677
vt 0.800000 0.750000
vn 0.702345 0.653048 0.283266
f 4939/4939/4939 4940/4940/4940 4941/4941/4941
v 3.931452 3.628889 -1.467742
vt 0.750000 0.700000
vn 0.703597 0.639461 0.309905
v 4.298387 3.414572 -1.834677
vt 0.800000 0.750000
vn 0.702345 0.653048 0.283266
v 3.931452 3.875796 -1.834677
vt 0.750000 0.750000
vn 0.628523 0.776379 0.046834
f 4942/4942/4942 4943/4943/4943 4944/4944/4944
v 4.298387 3.199634 -1.467742
vt 0.800000 0.700000
vn 0.598422 0.799621 0.049975
v 4.665322 2.956576 -1.467742
vt 0.850000 0.700000
vn 0.433253 0.854060 -0.287876
v 4.665322 2.994162 -1.834677
vt 0.850000 0.750000
vn 0.642450 0.745842 0.176006
f 4945/4945/4945 4946/4946/4946 4947/4947/4947
v 4.298387 3.199634 -1.467742
vt 0.800000 0.700000
vn 0.598422 0.799621 0.049975
v 4.665322 2.994162 -1.834677
vt 0.850000 0.750000
vn 0.642450 0.745842 0.176006
v 4.298387 3.414572 -1.834677
vt 0.800000 0.750000
vn 0.702345 0.653048 0.283266
f 4948/4948/4948 4949/4949/4949 4950/4950/4950
v 4.665322 2.956576 -1.467742
vt 0.850000 0.700000
vn 0.433253 0.854060 -0.287876
v 5.032258 2.834575 -1.467742
vt 0.900000 0.700000
vn 0.281165 0.806646 -0.519873
v 5.032258 2.695007 -1.834677
vt 0.900000 0.750000
vn 0.525883 0.846068 -0.087263
f 4951/4951/4951 4952/4952/4952 4953/4953/4953
v 4.665322 2.956576 -1.467742
vt 0.850000 0.700000
vn 0.433253 0.854060 -0.287876
v 5.032258 2.695007 -1.834677
vt 0.900000 0.750000
vn 0.525883 0.846068 -0.087263
v 4.665322 2.994162 -1.834677
vt 0.850000 0.750000
vn 0.642450 0.745842 0.176006
f 4954/4954/4954 4955/4955/4955 4956/4956/4956
v 5.032258 2.834575 -1.467742
vt 0.900000 0.700000
vn 0.281165 0.806646 -0.519873
v 5.399194 2.763989 -1.467742
vt 0.950000 0.700000
vn 0.191881 0.742011 -0.642341
v 5.399194 2.501933 -1.834677
vt 0.950000 0.750000
vn 0.392467 0.858570 -0.329888
f 4957/4957/4957 4958/4958/4958 4959/4959/4959
v 5.032258 2.834575 -1.467742
vt 0.900000 0.700000
vn 0.281165 0.806646 -0.519873
v 5.399194 2.501933 -1.834677
vt 0.950000 0.750000
vn 0.392467 0.858570 -0.329888
v 5.032258 2.695007 -1.834677
vt 0.900000 0.750000
vn 0.525883 0.846068 -0.087263
f 4960/4960/4960 4961/4961/4961 4962/4962/4962
v 5.399194 2.763989 -1.467742
vt 0.950000 0.700000
vn 0.191881 0.742011 -0.642341
v 5.766129 2.702044 -1.467742
vt 1.000000 0.700000
vn 0.169906 0.720353 -0.672475
v 5.766129 2.375100 -1.834677
vt 1.000000 0.750000
vn 0.336715 0.846167 -0.413068
f 4963/4963/4963 4964/4964/4964 4965/4965/4965
v 5.399194 2.763989 -1.467742
vt 0.950000 0.700000
vn 0.191881 0.742011 -0.642341
v 5.766129 2.375100 -1.834677
vt 1.000000 0.750000
vn 0.336715 0.846167 -0.413068
v 5.399194 2.501933 -1.834677
vt 0.950000 0.750000
vn 0.392467 0.858570 -0.329888
f 4966/4966/4966 4967/4967/4967 4968/4968/4968
v -1.572581 2.375100 -1.834677
vt 0.000000 0.750000
vn -0.336715 0.846167 -0.413068
v -1.205645 2.501933 -1.834677
vt 0.050000 0.750000
vn -0.392467 0.858571 -0.329888
v -1.205645 2.458751 -2.201613
vt 0.050000 0.800000
vn -0.578006 0.815422 0.031551
f 4969/4969/4969 4970/4970/4970 4971/4971/4971
v -1.572581 2.375100 -1.834677
vt 0.000000 0.750000
vn -0.336715 0.846167 -0.413068
v -1.205645 2.458751 -2.201613
vt 0.050000 0.800000
vn -0.578006 0.815422 0.031551
v -1.572581 2.221366 -2.201613
vt 0.000000 0.800000
vn -0.534693 0.843394 -0.052815
f 4972/4972/4972 4973/4973/4973 4974/4974/4974
v -1.205645 2.501933 -1.834677
vt 0.050000 0.750000
vn -0.392467 0.858571 -0.329888
v -0.838710 2.695007 -1.834677
vt 0.100000 0.750000
vn -0.525884 0.846068 -0.087263
v -0.838710 2.779440 -2.201613
vt 0.100000 0.800000
vn -0.656754 0.727393 0.198932
f 4975/4975/4975 4976/4976/4976 4977/4977/4977
v -1.205645 2.501933 -1.834677
vt 0.050000 0.750000
vn -0.392467 0.858571 -0.329888
v -0.838710 2.779440 -2.201613
vt 0.100000 0.800000
vn -0.656754 0.727393 0.198932
v -1.205645 2.458751 -2.201613
vt 0.050000 0.800000
vn -0.578006 0.815422 0.031551
f 4978/4978/4978 4979/4979/4979 4980/4980/4980
v -0.838710 2.695007 -1.834677
vt 0.100000 0.750000
vn -0.525884 0.846068 -0.087263
v -0.471774 2.994162 -1.834677
vt 0.150000 0.750000
vn -0.642450 0.745841 0.176006
v -0.471774 3.177340 -2.201613
vt 0.150000 0.800000
vn -0.694124 0.681679 0.231311
f 4981/4981/4981 4982/4982/4982 4983/4983/4983
v -0.838710 2.695007 -1.834677
vt 0.100000 0.750000
vn -0.525884 0.846068 -0.087263
v -0.471774 3.177340 -2.201613
vt 0.150000 0.800000
vn -0.694124 0.681679 0.231311
v -0.838710 2.779440 -2.201613
vt 0.100000 0.800000
vn -0.656754 0.727393 0.198932
f 4984/4984/4984 4985/4985/4985 4986/4986/4986
v -0.471774 2.994162 -1.834677
vt 0.150000 0.750000
vn -0.642450 0.745841 0.176006
v -0.104839 3.414572 -1.834677
vt 0.200000 0.750000
vn -0.702345 0.653048 0.283266
v -0.104839 3.585198 -2.201613
vt 0.200000 0.800000
vn -0.629601 0.776179 0.033886
f 4987/4987/4987 4988/4988/4988 4989/4989/4989
v -0.471774 2.994162 -1.834677
vt 0.150000 0.750000
vn -0.642450 0.745841 0.176006
v -0.104839 3.585198 -2.201613
vt 0.200000 0.800000
vn -0.629601 0.776179 0.033886
v -0.471774 3.177340 -2.201613
vt 0.150000 0.800000
vn -0.694124 0.681679 0.231311
f 4990/4990/4990 4991/4991/4991 4992/4992/4992
v -0.104839 3.414572 -1.834677
vt 0.200000 0.750000
vn -0.702345 0.653048 0.283266
v 0.262097 3.875796 -1.834677
vt 0.250000 0.750000
vn -0.628523 0.776380 0.046834
v 0.262097 3.846537 -2.201613
vt 0.250000 0.800000
vn -0.285269 0.888466 -0.359513
f 4993/4993/4993 4994/4994/4994 4995/4995/4995
v -0.104839 3.414572 -1.834677
vt 0.200000 0.750000
vn -0.702345 0.653048 0.283266
v 0.262097 3.846537 -2.201613
vt 0.250000 0.800000
vn -0.285269 0.888466 -0.359513
v -0.104839 3.585198 -2.201613
vt 0.200000 0.800000
vn -0.629601 0.776179 0.033886
f 4996/4996/4996 4997/4997/4997 4998/4998/4998
v 0.262097 3.875796 -1.834677
vt 0.250000 0.750000
vn -0.628523 0.776380 0.046834
v 0.629032 4.126616 -1.834677
vt 0.300000 0.750000
vn -0.160721 0.901742 -0.401285
v 0.629032 3.780181 -2.201613
vt 0.300000 0.800000
vn 0.273914 0.725238 -0.631665
f 4999/4999/4999 5000/5000/5000 5001/5001/5001
v 0.262097 3.875796 -1.834677
vt 0.250000 0.750000
vn -0.628523 0.776380 0.046834
v 0.629032 3.780181 -2.201613
vt 0.300000 0.800000
vn 0.273914 0.725238 -0.631665
v 0.262097 3.846537 -2.201613
vt 0.250000 0.800000
vn -0.285269 0.888466 -0.359513
f 5002/5002/5002 5003/5003/5003 5004/5004/5004
v 0.629032 4.126616 -1.834677
vt 0.300000 0.750000
vn -0.160721 0.901742 -0.401285
v 0.995968 3.897334 -1.834677
vt 0.350000 0.750000
vn 0.424211 0.651050 -0.629428
v 0.995968 3.438383 -2.201613
vt 0.350000 0.800000
vn 0.371306 0.689370 -0.622013
f 5005/5005/5005 5006/5006/5006 5007/5007/5007
v 0.629032 4.126616 -1.834677
vt 0.300000 0.750000
vn -0.160721 0.901742 -0.401285
v 0.995968 3.438383 -2.201613
vt 0.350000 0.800000
vn 0.371306 0.689370 -0.622013
v 0.629032 3.780181 -2.201613
vt 0.300000 0.800000
vn 0.273914 0.725238 -0.631665
f 5008/5008/5008 5009/5009/5009 5010/5010/5010
v 0.995968 3.897334 -1.834677
vt 0.350000 0.750000
vn 0.424211 0.651050 -0.629428
v 1.362903 3.546208 -1.834677
vt 0.400000 0.750000
vn -0.098244 0.797252 -0.595599
v 1.362903 3.325917 -2.201613
vt 0.400000 0.800000
vn -0.327408 0.815241 -0.477688
f 5011/5011/5011 5012/5012/5012 5013/5013/5013
v 0.995968 3.897334 -1.834677
vt 0.350000 0.750000
vn 0.424211 0.651050 -0.629428
v 1.362903 3.325917 -2.201613
vt 0.400000 0.800000
vn -0.327408 0.815241 -0.477688
v 0.995968 3.438383 -2.201613
vt 0.350000 0.800000
vn 0.371306 0.689370 -0.622013
f 5014/5014/5014 5015/5015/5015 5016/5016/5016
v 1.362903 3.546208 -1.834677
vt 0.400000 0.750000
vn -0.098244 0.797252 -0.595599
v 1.729839 3.908037 -1.834677
vt 0.450000 0.750000
vn -0.676403 0.669852 -0.306231
v 1.729839 3.817724 -2.201613
vt 0.450000 0.800000
vn -0.729393 0.637256 -0.248778
f 5017/5017/5017 5018/5018/5018 5019/5019/5019
v 1.362903 3.546208 -1.834677
vt 0.400000 0.750000
vn -0.098244 0.797252 -0.595599
v 1.729839 3.817724 -2.201613
vt 0.450000 0.800000
vn -0.729393 0.637256 -0.248778
v 1.362903 3.325917 -2.201613
vt 0.400000 0.800000
vn -0.327408 0.815241 -0.477688
f 5020/5020/5020 5021/5021/5021 5022/5022/5022
v 1.729839 3.908037 -1.834677
vt 0.450000 0.750000
vn -0.676403 0.669852 -0.306231
v 2.096774 4.371774 -1.834677
vt 0.500000 0.750000
vn 0.000000 0.952156 -0.305614
v 2.096774 4.218710 -2.201613
vt 0.500000 0.800000
vn 0.000000 0.936019 -0.351949
f 5023/5023/5023 5024/5024/5024 5025/5025/5025
v 1.729839 3.908037 -1.834677
vt 0.450000 0.750000
vn -0.676403 0.669852 -0.306231
v 2.096774 4.218710 -2.201613
vt 0.500000 0.800000
vn 0.000000 0.936019 -0.351949
v 1.729839 3.817724 -2.201613
vt 0.450000 0.800000
vn -0.729393 0.637256 -0.248778
f 5026/5026/5026 5027/5027/5027 5028/5028/5028
v 2.096774 4.371774 -1.834677
vt 0.500000 0.750000
vn 0.000000 0.952156 -0.305614
v 2.463710 3.908037 -1.834677
vt 0.550000 0.750000
vn 0.676403 0.669852 -0.306231
v 2.463710 3.817724 -2.201613
vt 0.550000 0.800000
vn 0.729393 0.637256 -0.248778
f 5029/5029/5029 5030/5030/5030 5031/5031/5031
v 2.096774 4.371774 -1.834677
vt 0.500000 0.750000
vn 0.000000 0.952156 -0.305614
v 2.463710 3.817724 -2.201613
vt 0.550000 0.800000
vn 0.729393 0.637256 -0.248778
v 2.096774 4.218710 -2.201613
vt 0.500000 0.800000
vn 0.000000 0.936019 -0.351949
f 5032/5032/5032 5033/5033/5033 5034/5034/5034
v 2.463710 3.908037 -1.834677
vt 0.550000 0.750000
vn 0.676403 0.669852 -0.306231
v 2.830645 3.546208 -1.834677
vt 0.600000 0.750000
vn 0.098244 0.797252 -0.595598
v 2.830645 3.325917 -2.201613
vt 0.600000 0.800000
vn 0.327408 0.815241 -0.477688
f 5035/5035/5035 5036/5036/5036 5037/5037/5037
v 2.463710 3.908037 -1.834677
vt 0.550000 0.750000
vn 0.676403 0.669852 -0.306231
v 2.830645 3.325917 -2.201613
vt 0.600000 0.800000
vn 0.327408 0.815241 -0.477688
v 2.463710 3.817724 -2.201613
vt 0.550000 0.800000
vn 0.729393 0.637256 -0.248778
f 5038/5038/5038 5039/5039/5039 5040/5040/5040
v 2.830645 3.546208 -1.834677
vt 0.600000 0.750000
vn 0.098244 0.797252 -0.595598
v 3.197581 3.897334 -1.834677
vt 0.650000 0.750000
vn -0.424211 0.651050 -0.629428
v 3.197581 3.438383 -2.201613
vt 0.650000 0.800000
vn -0.371306 0.689370 -0.622013
f 5041/5041/5041 5042/5042/5042 5043/5043/5043
v 2.830645 3.546208 -1.834677
vt 0.600000 0.750000
vn 0.098244 0.797252 -0.595598
v 3.197581 3.438383 -2.201613
vt 0.650000 0.800000
vn -0.371306 0.689370 -0.622013
v 2.830645 3.325917 -2.201613
vt 0.600000 0.800000
vn 0.327408 0.815241 -0.477688
f 5044/5044/5044 5045/5045/5045 5046/5046/5046
v 3.197581 3.897334 -1.834677
vt 0.650000 0.750000
vn -0.424211 0.651050 -0.629428
v 3.564516 4.126616 -1.834677
vt 0.700000 0.750000
vn 0.160721 0.901742 -0.401285
v 3.564516 3.780181 -2.201613
vt 0.700000 0.800000
vn -0.273914 0.725238 -0.631665
f 5047/5047/5047 5048/5048/5048 5049/5049/5049
v 3.197581 3.897334 -1.834677
vt 0.650000 0.750000
vn -0.424211 0.651050 -0.629428
v 3.564516 3.780181 -2.201613
vt 0.700000 0.800000
vn -0.273914 0.725238 -0.631665
v 3.197581 3.438383 -2.201613
vt 0.650000 0.800000
vn -0.371306 0.689370 -0.622013
f 5050/5050/5050 5051/5051/5051 5052/5052/5052
v 3.564516 4.126616 -1.834677
vt 0.700000 0.750000
vn 0.160721 0.901742 -0.401285
v 3.931452 3.875796 -1.834677
vt 0.750000 0.750000
vn 0.628523 0.776379 0.046834
v 3.931452 3.846537 -2.201613
vt 0.750000 0.800000
vn 0.285269 0.888466 -0.359512
f 5053/5053/5053 5054/5054/5054 5055/5055/5055
v 3.564516 4.126616 -1.834677
vt 0.700000 0.750000
vn 0.160721 0.901742 -0.401285
v 3.931452 3.846537 -2.201613
vt 0.750000 0.800000
vn 0.285269 0.888466 -0.359512
v 3.564516 3.780181 -2.201613
vt 0.700000 0.800000
vn -0.273914 0.725238 -0.631665
f 5056/5056/5056 5057/5057/5057 5058/5058/5058
v 3.931452 3.875796 -1.834677
vt 0.750000 0.750000
vn 0.628523 0.776379 0.046834
v 4.298387 3.414572 -1.834677
vt 0.800000 0.750000
vn 0.702345 0.653048 0.283266
v 4.298387 3.585198 -2.201613
vt 0.800000 0.800000
vn 0.629601 0.776179 0.033886
f 5059/5059/5059 5060/5060/5060 5061/5061/5061
v 3.931452 3.875796 -1.834677
vt 0.750000 0.750000
vn 0.628523 0.776379 0.046834
v 4.298387 3.585198 -2.201613
vt 0.800000 0.800000
vn 0.629601 0.776179 0.033886
v 3.931452 3.846537 -2.201613
vt 0.750000 0.800000
vn 0.285269 0.888466 -0.359512
f 5062/5062/5062 5063/5063/5063 5064/5064/5064
v 4.298387 3.414572 -1.834677
vt 0.800000 0.750000
vn 0.702345 0.653048 0.283266
v 4.665322 2.994162 -1.834677
vt 0.850000 0.750000
vn 0.642450 0.745842 0.176006
v 4.665322 3.177340 -2.201613
vt 0.850000 0.800000
vn 0.694124 0.681679 0.231311
f 5065/5065/5065 5066/5066/5066 5067/5067/5067
v 4.298387 3.414572 -1.834677
vt 0.800000 0.750000
vn 0.702345 0.653048 0.283266
v 4.665322 3.177340 -2.201613
vt 0.850000 0.800000
vn 0.694124 0.681679 0.231311
v 4.298387 3.585198 -2.201613
vt 0.800000 0.800000
vn 0.629601 0.776179 0.033886
f 5068/5068/5068 5069/5069/5069 5070/5070/5070
v 4.665322 2.994162 -1.834677
vt 0.850000 0.750000
vn 0.642450 0.745842 0.176006
v 5.032258 2.695007 -1.834677
vt 0.900000 0.750000
vn 0.525883 0.846068 -0.087263
v 5.032258 2.779440 -2.201613
vt 0.900000 0.800000
vn 0.656754 0.727393 0.198932
f 5071/5071/5071 5072/5072/5072 5073/5073/5073
v 4.665322 2.994162 -1.834677
vt 0.850000 0.750000
vn 0.642450 0.745842 0.176006
v 5.032258 2.779440 -2.201613
vt 0.900000 0.800000
vn 0.656754 0.727393 0.198932
v 4.665322 3.177340 -2.201613
vt 0.850000 0.800000
vn 0.694124 0.681679 0.231311
f 5074/5074/5074 5075/5075/5075 5076/5076/5076
v 5.032258 2.695007 -1.834677
vt 0.900000 0.750000
vn 0.525883 0.846068 -0.087263
v 5.399194 2.501933 -1.834677
vt 0.950000 0.750000
vn 0.392467 0.858570 -0.329888
v 5.399194 2.458751 -2.201613
vt 0.950000 0.800000
vn 0.578006 0.815422 0.031551
f 5077/5077/5077 5078/5078/5078 5079/5079/5079
v 5.032258 2.695007 -1.834677
vt 0.900000 0.750000
vn 0.525883 0.846068 -0.087263
v 5.399194 2.458751 -2.201613
vt 0.950000 0.800000
vn 0.578006 0.815422 0.031551
v 5.032258 2.779440 -2.201613
vt 0.900000 0.800000
vn 0.656754 0.727393 0.198932
f 5080/5080/5080 5081/5081/5081 5082/5082/5082
v 5.399194 2.501933 -1.834677
vt 0.950000 0.750000
vn 0.392467 0.858570 -0.329888
v 5.766129 2.375100 -1.834677
vt 1.000000 0.750000
vn 0.336715 0.846167 -0.413068
v 5.766129 2.221366 -2.201613
vt 1.000000 0.800000
vn 0.534693 0.843394 -0.052815
f 5083/5083/5083 5084/5084/5084 5085/5085/5085
v 5.399194 2.501933 -1.834677
vt 0.950000 0.750000
vn 0.392467 0.858570 -0.329888
v 5.766129 2.221366 -2.201613
vt 1.000000 0.800000
vn 0.534693 0.843394 -0.052815
v 5.399194 2.458751 -2.201613
vt 0.950000 0.800000
vn 0.578006 0.815422 0.031551
f 5086/5086/5086 5087/5087/5087 5088/5088/5088
v -1.572581 2.221366 -2.201613
vt 0.000000 0.800000
vn -0.534693 0.843394 -0.052815
v -1.205645 2.458751 -2.201613
vt 0.050000 0.800000
vn -0.578006 0.815422 0.031551
v -1.205645 2.551987 -2.568548
vt 0.050000 0.850000
vn -0.658067 0.730414 0.182875
f 5089/5089/5089 5090/5090/5090 5091/5091/5091
v -1.572581 2.221366 -2.201613
vt 0.000000 0.800000
vn -0.534693 0.843394 -0.052815
v -1.205645 2.551987 -2.568548
vt 0.050000 0.850000
vn -0.658067 0.730414 0.182875
v -1.572581 2.227108 -2.568548
vt 0.000000 0.850000
vn -0.634282 0.758680 0.148631
f 5092/5092/5092 5093/5093/5093 5094/5094/5094
v -1.205645 2.458751 -2.201613
vt 0.050000 0.800000
vn -0.578006 0.815422 0.031551
v -0.838710 2.779440 -2.201613
vt 0.100000 0.800000
vn -0.656754 0.727393 0.198932
v -0.838710 2.925603 -2.568548
vt 0.100000 0.850000
vn -0.680410 0.710547 0.179348
f 5095/5095/5095 5096/5096/5096 5097/5097/5097
v -1.205645 2.458751 -2.201613
vt 0.050000 0.800000
vn -0.578006 0.815422 0.031551
v -0.838710 2.925603 -2.568548
vt 0.100000 0.850000
vn -0.680410 0.710547 0.179348
v -1.205645 2.551987 -2.568548
vt 0.050000 0.850000
vn -0.658067 0.730414 0.182875
f 5098/5098/5098 5099/5099/5099 5100/5100/5100
v -0.838710 2.779440 -2.201613
vt 0.100000 0.800000
vn -0.656754 0.727393 0.198932
v -0.471774 3.177340 -2.201613
vt 0.150000 0.800000
vn -0.694124 0.681679 0.231311
v -0.471774 3.294600 -2.568548
vt 0.150000 0.850000
vn -0.621162 0.783565 0.013546
f 5101/5101/5101 5102/5102/5102 5103/5103/5103
v -0.838710 2.779440 -2.201613
vt 0.100000 0.800000
vn -0.656754 0.727393 0.198932
v -0.471774 3.294600 -2.568548
vt 0.150000 0.850000
vn -0.621162 0.783565 0.013546
v -0.838710 2.925603 -2.568548
vt 0.100000 0.850000
vn -0.680410 0.710547 0.179348
f 5104/5104/5104 5105/5105/5105 5106/5106/5106
v -0.471774 3.177340 -2.201613
vt 0.150000 0.800000
vn -0.694124 0.681679 0.231311
v -0.104839 3.585198 -2.201613
vt 0.200000 0.800000
vn -0.629601 0.776179 0.033886
v -0.104839 3.555276 -2.568548
vt 0.200000 0.850000
vn -0.355611 0.880840 -0.312510
f 5107/5107/5107 5108/5108/5108 5109/5109/5109
v -0.471774 3.177340 -2.201613
vt 0.150000 0.800000
vn -0.694124 0.681679 0.231311
v -0.104839 3.555276 -2.568548
vt 0.200000 0.850000
vn -0.355611 0.880840 -0.312510
v -0.471774 3.294600 -2.568548
vt 0.150000 0.850000
vn -0.621162 0.783565 0.013546
f 5110/5110/5110 5111/5111/5111 5112/5112/5112
v -0.104839 3.585198 -2.201613
vt 0.200000 0.800000
vn -0.629601 0.776179 0.033886
v 0.262097 3.846537 -2.201613
vt 0.250000 0.800000
vn -0.285269 0.888466 -0.359513
v 0.262097 3.585105 -2.568548
vt 0.250000 0.850000
vn 0.103899 0.798057 -0.593558
f 5113/5113/5113 5114/5114/5114 5115/5115/5115
v -0.104839 3.585198 -2.201613
vt 0.200000 0.800000
vn -0.629601 0.776179 0.033886
v 0.262097 3.585105 -2.568548
vt 0.250000 0.850000
vn 0.103899 0.798057 -0.593558
v -0.104839 3.555276 -2.568548
vt 0.200000 0.850000
vn -0.355611 0.880840 -0.312510
f 5116/5116/5116 5117/5117/5117 5118/5118/5118
v 0.262097 3.846537 -2.201613
vt 0.250000 0.800000
vn -0.285269 0.888466 -0.359513
v 0.629032 3.780181 -2.201613
vt 0.300000 0.800000
vn 0.273914 0.725238 -0.631665
v 0.629032 3.358794 -2.568548
vt 0.300000 0.850000
vn 0.407350 0.655748 -0.635658
f 5119/5119/5119 5120/5120/5120 5121/5121/5121
v 0.262097 3.846537 -2.201613
vt 0.250000 0.800000
vn -0.285269 0.888466 -0.359513
v 0.629032 3.358794 -2.568548
vt 0.300000 0.850000
vn 0.407350 0.655748 -0.635658
v 0.262097 3.585105 -2.568548
vt 0.250000 0.850000
vn 0.103899 0.798057 -0.593558
f 5122/5122/5122 5123/5123/5123 5124/5124/5124
v 0.629032 3.780181 -2.201613
vt 0.300000 0.800000
vn 0.273914 0.725238 -0.631665
v 0.995968 3.438383 -2.201613
vt 0.350000 0.800000
vn 0.371306 0.689370 -0.622013
v 0.995968 3.099811 -2.568548
vt 0.350000 0.850000
vn 0.112901 0.810937 -0.574138
f 5125/5125/5125 5126/5126/5126 5127/5127/5127
v 0.629032 3.780181 -2.201613
vt 0.300000 0.800000
vn 0.273914 0.725238 -0.631665
v 0.995968 3.099811 -2.568548
vt 0.350000 0.850000
vn 0.112901 0.810937 -0.574138
v 0.629032 3.358794 -2.568548
vt 0.300000 0.850000
vn 0.407350 0.655748 -0.635658
f 5128/5128/5128 5129/5129/5129 5130/5130/5130
v 0.995968 3.438383 -2.201613
vt 0.350000 0.800000
vn 0.371306 0.689370 -0.622013
v 1.362903 3.325917 -2.201613
vt 0.400000 0.800000
vn -0.327408 0.815241 -0.477688
v 1.362903 3.199174 -2.568548
vt 0.400000 0.850000
vn -0.515645 0.775457 -0.364384
f 5131/5131/5131 5132/5132/5132 5133/5133/5133
v 0.995968 3.438383 -2.201613
vt 0.350000 0.800000
vn 0.371306 0.689370 -0.622013
v 1.362903 3.199174 -2.568548
vt 0.400000 0.850000
vn -0.515645 0.775457 -0.364384
v 0.995968 3.099811 -2.568548
vt 0.350000 0.850000
vn 0.112901 0.810937 -0.574138
f 5134/5134/5134 5135/5135/5135 5136/5136/5136
v 1.362903 3.325917 -2.201613
vt 0.400000 0.800000
vn -0.327408 0.815241 -0.477688
v 1.729839 3.817724 -2.201613
vt 0.450000 0.800000
vn -0.729393 0.637256 -0.248778
v 1.729839 3.700678 -2.568548
vt 0.450000 0.850000
vn -0.703339 0.658825 -0.266952
f 5137/5137/5137 5138/5138/5138 5139/5139/5139
v 1.362903 3.325917 -2.201613
vt 0.400000 0.800000
vn -0.327408 0.815241 -0.477688
v 1.729839 3.700678 -2.568548
vt 0.450000 0.850000
vn -0.703339 0.658825 -0.266952
v 1.362903 3.199174 -2.568548
vt 0.400000 0.850000
vn -0.515645 0.775457 -0.364384
f 5140/5140/5140 5141/5141/5141 5142/5142/5142
v 1.729839 3.817724 -2.201613
vt 0.450000 0.800000
vn -0.729393 0.637256 -0.248778
v 2.096774 4.218710 -2.201613
vt 0.500000 0.800000
vn 0.000000 0.936019 -0.351949
v 2.096774 4.013226 -2.568548
vt 0.500000 0.850000
vn 0.000000 0.910646 -0.413187
f 5143/5143/5143 5144/5144/5144 5145/5145/5145
v 1.729839 3.817724 -2.201613
vt 0.450000 0.800000
vn -0.729393 0.637256 -0.248778
v 2.096774 4.013226 -2.568548
vt 0.500000 0.850000
vn 0.000000 0.910646 -0.413187
v 1.729839 3.700678 -2.568548
vt 0.450000 0.850000
vn -0.703339 0.658825 -0.266952
f 5146/5146/5146 5147/5147/5147 5148/5148/5148
v 2.096774 4.218710 -2.201613
vt 0.500000 0.800000
vn 0.000000 0.936019 -0.351949
v 2.463710 3.817724 -2.201613
vt 0.550000 0.800000
vn 0.729393 0.637256 -0.248778
v 2.463710 3.700678 -2.568548
vt 0.550000 0.850000
vn 0.703339 0.658825 -0.266952
f 5149/5149/5149 5150/5150/5150 5151/5151/5151
v 2.096774 4.218710 -2.201613
vt 0.500000 0.800000
vn 0.000000 0.936019 -0.351949
v 2.463710 3.700678 -2.568548
vt 0.550000 0.850000
vn 0.703339 0.658825 -0.266952
v 2.096774 4.013226 -2.568548
vt 0.500000 0.850000
vn 0.000000 0.910646 -0.413187
f 5152/5152/5152 5153/5153/5153 5154/5154/5154
v 2.463710 3.817724 -2.201613
vt 0.550000 0.800000
vn 0.729393 0.637256 -0.248778
v 2.830645 3.325917 -2.201613
vt 0.600000 0.800000
vn 0.327408 0.815241 -0.477688
v 2.830645 3.199174 -2.568548
vt 0.600000 0.850000
vn 0.515645 0.775457 -0.364384
f 5155/5155/5155 5156/5156/5156 5157/5157/5157
v 2.463710 3.817724 -2.201613
vt 0.550000 0.800000
vn 0.729393 0.637256 -0.248778
v 2.830645 3.199174 -2.568548
vt 0.600000 0.850000
vn 0.515645 0.775457 -0.364384
v 2.463710 3.700678 -2.568548
vt 0.550000 0.850000
vn 0.703339 0.658825 -0.266952
f 5158/5158/5158 5159/5159/5159 5160/5160/5160
v 2.830645 3.325917 -2.201613
vt 0.600000 0.800000
vn 0.327408 0.815241 -0.477688
v 3.197581 3.438383 -2.201613
vt 0.650000 0.800000
vn -0.371306 0.689370 -0.622013
v 3.197581 3.099811 -2.568548
vt 0.650000 0.850000
vn -0.112901 0.810937 -0.574138
f 5161/5161/5161 5162/5162/5162 5163/5163/5163
v 2.830645 3.325917 -2.201613
vt 0.600000 0.800000
vn 0.327408 0.815241 -0.477688
v 3.197581 3.099811 -2.568548
vt 0.650000 0.850000
vn -0.112901 0.810937 -0.574138
v 2.830645 3.199174 -2.568548
vt 0.600000 0.850000
vn 0.515645 0.775457 -0.364384
f 5164/5164/5164 5165/5165/5165 5166/5166/5166
v 3.197581 3.438383 -2.201613
vt 0.650000 0.800000
vn -0.371306 0.689370 -0.622013
v 3.564516 3.780181 -2.201613
vt 0.700000 0.800000
vn -0.273914 0.725238 -0.631665
v 3.564516 3.358794 -2.568548
vt 0.700000 0.850000
vn -0.407350 0.655747 -0.635658
f 5167/5167/5167 5168/5168/5168 5169/5169/5169
v 3.197581 3.438383 -2.201613
vt 0.650000 0.800000
vn -0.371306 0.689370 -0.622013
v 3.564516 3.358794 -2.568548
vt 0.700000 0.850000
vn -0.407350 0.655747 -0.635658
v 3.197581 3.099811 -2.568548
vt 0.650000 0.850000
vn -0.112901 0.810937 -0.574138
f 5170/5170/5170 5171/5171/5171 5172/5172/5172
v 3.564516 3.780181 -2.201613
vt 0.700000 0.800000
vn -0.273914 0.725238 -0.631665
v 3.931452 3.846537 -2.201613
vt 0.750000 0.800000
vn 0.285269 0.888466 -0.359512
v 3.931452 3.585105 -2.568548
vt 0.750000 0.850000
vn -0.103899 0.798057 -0.593558
f 5173/5173/5173 5174/5174/5174 5175/5175/5175
v 3.564516 3.780181 -2.201613
vt 0.700000 0.800000
vn -0.273914 0.725238 -0.631665
v 3.931452 3.585105 -2.568548
vt 0.750000 0.850000
vn -0.103899 0.798057 -0.593558
v 3.564516 3.358794 -2.568548
vt 0.700000 0.850000
vn -0.407350 0.655747 -0.635658
f 5176/5176/5176 5177/5177/5177 5178/5178/5178
v 3.931452 3.846537 -2.201613
vt 0.750000 0.800000
vn 0.285269 0.888466 -0.359512
v 4.298387 3.585198 -2.201613
vt 0.800000 0.800000
vn 0.629601 0.776179 0.033886
v 4.298387 3.555276 -2.568548
vt 0.800000 0.850000
vn 0.355611 0.880840 -0.312510
f 5179/5179/5179 5180/5180/5180 5181/5181/5181
v 3.931452 3.846537 -2.201613
vt 0.750000 0.800000
vn 0.285269 0.888466 -0.359512
v 4.298387 3.555276 -2.568548
vt 0.800000 0.850000
vn 0.355611 0.880840 -0.312510
v 3.931452 3.585105 -2.568548
vt 0.750000 0.850000
vn -0.103899 0.798057 -0.593558
f 5182/5182/5182 5183/5183/5183 5184/5184/5184
v 4.298387 3.585198 -2.201613
vt 0.800000 0.800000
vn 0.629601 0.776179 0.033886
v 4.665322 3.177340 -2.201613
vt 0.850000 0.800000
vn 0.694124 0.681679 0.231311
v 4.665322 3.294600 -2.568548
vt 0.850000 0.850000
vn 0.621162 0.783565 0.013546
f 5185/5185/5185 5186/5186/5186 5187/5187/5187
v 4.298387 3.585198 -2.201613
vt 0.800000 0.800000
vn 0.629601 0.776179 0.033886
v 4.665322 3.294600 -2.568548
vt 0.850000 0.850000
vn 0.621162 0.783565 0.013546
v 4.298387 3.555276 -2.568548
vt 0.800000 0.850000
vn 0.355611 0.880840 -0.312510
f 5188/5188/5188 5189/5189/5189 5190/5190/5190
v 4.665322 3.177340 -2.201613
vt 0.850000 0.800000
vn 0.694124 0.681679 0.231311
v 5.032258 2.779440 -2.201613
vt 0.900000 0.800000
vn 0.656754 0.727393 0.198932
v 5.032258 2.925603 -2.568548
vt 0.900000 0.850000
vn 0.680410 0.710547 0.179348
f 5191/5191/5191 5192/5192/5192 5193/5193/5193
v 4.665322 3.177340 -2.201613
vt 0.850000 0.800000
vn 0.694124 0.681679 0.231311
v 5.032258 2.925603 -2.568548
vt 0.900000 0.850000
vn 0.680410 0.710547 0.179348
v 4.665322 3.294600 -2.568548
vt 0.850000 0.850000
vn 0.621162 0.783565 0.013546
f 5194/5194/5194 5195/5195/5195 5196/5196/5196
v 5.032258 2.779440 -2.201613
vt 0.900000 0.800000
vn 0.656754 0.727393 0.198932
v 5.399194 2.458751 -2.201613
vt 0.950000 0.800000
vn 0.578006 0.815422 0.031551
v 5.399194 2.551987 -2.568548
vt 0.950000 0.850000
vn 0.658067 0.730414 0.182875
f 5197/5197/5197 5198/5198/5198 5199/5199/5199
v 5.032258 2.779440 -2.201613
vt 0.900000 0.800000
vn 0.656754 0.727393 0.198932
v 5.399194 2.551987 -2.568548
vt 0.950000 0.850000
vn 0.658067 0.730414 0.182875
v 5.032258 2.925603 -2.568548
vt 0.900000 0.850000
vn 0.680410 0.710547 0.179348
f 5200/5200/5200 5201/5201/5201 5202/5202/5202
v 5.399194 2.458751 -2.201613
vt 0.950000 0.800000
vn 0.578006 0.815422 0.031551
v 5.766129 2.221366 -2.201613
vt 1.000000 0.800000
vn 0.534693 0.843394 -0.052815
v 5.766129 2.227108 -2.568548
vt 1.000000 0.850000
vn 0.634282 0.758680 0.148631
f 5203/5203/5203 5204/5204/5204 5205/5205/5205
v 5.399194 2.458751 -2.201613
vt 0.950000 0.800000
vn 0.578006 0.815422 0.031551
v 5.766129 2.227108 -2.568548
vt 1.000000 0.850000
vn 0.634282 0.758680 0.148631
v 5.399194 2.551987 -2.568548
vt 0.950000 0.850000
vn 0.658067 0.730414 0.182875
f 5206/5206/5206 5207/5207/5207 5208/5208/5208
v -1.572581 2.227108 -2.568548
vt 0.000000 0.850000
vn -0.634282 0.758680 0.148631
v -1.205645 2.551987 -2.568548
vt 0.050000 0.850000
vn -0.658067 0.730414 0.182875
v -1.205645 2.664332 -2.935484
vt 0.050000 0.900000
vn -0.664210 0.735855 0.131694
f 5209/5209/5209 5210/5210/5210 5211/5211/5211
v -1.572581 2.227108 -2.568548
vt 0.000000 0.850000
vn -0.634282 0.758680 0.148631
v -1.205645 2.664332 -2.935484
vt 0.050000 0.900000
vn -0.664210 0.735855 0.131694
v -1.572581 2.313150 -2.935484
vt 0.000000 0.900000
vn -0.666093 0.726966 0.166851
f 5212/5212/5212 5213/5213/5213 5214/5214/5214
v -1.205645 2.551987 -2.568548
vt 0.050000 0.850000
vn -0.658067 0.730414 0.182875
v -0.838710 2.925603 -2.568548
vt 0.100000 0.850000
vn -0.680410 0.710547 0.179348
v -0.838710 3.004002 -2.935484
vt 0.100000 0.900000
vn -0.608999 0.793112 -0.009679
f 5215/5215/5215 5216/5216/5216 5217/5217/5217
v -1.205645 2.551987 -2.568548
vt 0.050000 0.850000
vn -0.658067 0.730414 0.182875
v -0.838710 3.004002 -2.935484
vt 0.100000 0.900000
vn -0.608999 0.793112 -0.009679
v -1.205645 2.664332 -2.935484
vt 0.050000 0.900000
vn -0.664210 0.735855 0.131694
f 5218/5218/5218 5219/5219/5219 5220/5220/5220
v -0.838710 2.925603 -2.568548
vt 0.100000 0.850000
vn -0.680410 0.710547 0.179348
v -0.471774 3.294600 -2.568548
vt 0.150000 0.850000
vn -0.621162 0.783565 0.013546
v -0.471774 3.260034 -2.935484
vt 0.150000 0.900000
vn -0.401791 0.872933 -0.276680
f 5221/5221/5221 5222/5222/5222 5223/5223/5223
v -0.838710 2.925603 -2.568548
vt 0.100000 0.850000
vn -0.680410 0.710547 0.179348
v -0.471774 3.260034 -2.935484
vt 0.150000 0.900000
vn -0.401791 0.872933 -0.276680
v -0.838710 3.004002 -2.935484
vt 0.100000 0.900000
vn -0.608999 0.793112 -0.009679
f 5224/5224/5224 5225/5225/5225 5226/5226/5226
v -0.471774 3.294600 -2.568548
vt 0.150000 0.850000
vn -0.621162 0.783565 0.013546
v -0.104839 3.555276 -2.568548
vt 0.200000 0.850000
vn -0.355611 0.880840 -0.312510
v -0.104839 3.347099 -2.935484
vt 0.200000 0.900000
vn -0.030720 0.839964 -0.541772
f 5227/5227/5227 5228/5228/5228 5229/5229/5229
v -0.471774 3.294600 -2.568548
vt 0.150000 0.850000
vn -0.621162 0.783565 0.013546
v -0.104839 3.347099 -2.935484
vt 0.200000 0.900000
vn -0.030720 0.839964 -0.541772
v -0.471774 3.260034 -2.935484
vt 0.150000 0.900000
vn -0.401791 0.872933 -0.276680
f 5230/5230/5230 5231/5231/5231 5232/5232/5232
v -0.104839 3.555276 -2.568548
vt 0.200000 0.850000
vn -0.355611 0.880840 -0.312510
v 0.262097 3.585105 -2.568548
vt 0.250000 0.850000
vn 0.103899 0.798057 -0.593558
v 0.262097 3.223652 -2.935484
vt 0.250000 0.900000
vn 0.311289 0.701750 -0.640817
f 5233/5233/5233 5234/5234/5234 5235/5235/5235
v -0.104839 3.555276 -2.568548
vt 0.200000 0.850000
vn -0.355611 0.880840 -0.312510
v 0.262097 3.223652 -2.935484
vt 0.250000 0.900000
vn 0.311289 0.701750 -0.640817
v -0.104839 3.347099 -2.935484
vt 0.200000 0.900000
vn -0.030720 0.839964 -0.541772
f 5236/5236/5236 5237/5237/5237 5238/5238/5238
v 0.262097 3.585105 -2.568548
vt 0.250000 0.850000
vn 0.103899 0.798057 -0.593558
v 0.629032 3.358794 -2.568548
vt 0.300000 0.850000
vn 0.407350 0.655748 -0.635658
v 0.629032 2.978907 -2.935484
vt 0.300000 0.900000
vn 0.334285 0.716919 -0.611785
f 5239/5239/5239 5240/5240/5240 5241/5241/5241
v 0.262097 3.585105 -2.568548
vt 0.250000 0.850000
vn 0.103899 0.798057 -0.593558
v 0.629032 2.978907 -2.935484
vt 0.300000 0.900000
vn 0.334285 0.716919 -0.611785
v 0.262097 3.223652 -2.935484
vt 0.250000 0.900000
vn 0.311289 0.701750 -0.640817
f 5242/5242/5242 5243/5243/5243 5244/5244/5244
v 0.629032 3.358794 -2.568548
vt 0.300000 0.850000
vn 0.407350 0.655748 -0.635658
v 0.995968 3.099811 -2.568548
vt 0.350000 0.850000
vn 0.112901 0.810937 -0.574138
v 0.995968 2.858847 -2.935484
vt 0.350000 0.900000
vn -0.133292 0.854160 -0.502636
f 5245/5245/5245 5246/5246/5246 5247/5247/5247
v 0.629032 3.358794 -2.568548
vt 0.300000 0.850000
vn 0.407350 0.655748 -0.635658
v 0.995968 2.858847 -2.935484
vt 0.350000 0.900000
vn -0.133292 0.854160 -0.502636
v 0.629032 2.978907 -2.935484
vt 0.300000 0.900000
vn 0.334285 0.716919 -0.611785
f 5248/5248/5248 5249/5249/5249 5250/5250/5250
v 0.995968 3.099811 -2.568548
vt 0.350000 0.850000
vn 0.112901 0.810937 -0.574138
v 1.362903 3.199174 -2.568548
vt 0.400000 0.850000
vn -0.515645 0.775457 -0.364384
v 1.362903 3.089377 -2.935484
vt 0.400000 0.900000
vn -0.625153 0.722392 -0.295522
f 5251/5251/5251 5252/5252/5252 5253/5253/5253
v 0.995968 3.099811 -2.568548
vt 0.350000 0.850000
vn 0.112901 0.810937 -0.574138
v 1.362903 3.089377 -2.935484
vt 0.400000 0.900000
vn -0.625153 0.722392 -0.295522
v 0.995968 2.858847 -2.935484
vt 0.350000 0.900000
vn -0.133292 0.854160 -0.502636
f 5254/5254/5254 5255/5255/5255 5256/5256/5256
v 1.362903 3.199174 -2.568548
vt 0.400000 0.850000
vn -0.515645 0.775457 -0.364384
v 1.729839 3.700678 -2.568548
vt 0.450000 0.850000
vn -0.703339 0.658825 -0.266952
v 1.729839 3.558604 -2.935484
vt 0.450000 0.900000
vn -0.653687 0.695333 -0.298672
f 5257/5257/5257 5258/5258/5258 5259/5259/5259
v 1.362903 3.199174 -2.568548
vt 0.400000 0.850000
vn -0.515645 0.775457 -0.364384
v 1.729839 3.558604 -2.935484
vt 0.450000 0.900000
vn -0.653687 0.695333 -0.298672
v 1.362903 3.089377 -2.935484
vt 0.400000 0.900000
vn -0.625153 0.722392 -0.295522
f 5260/5260/5260 5261/5261/5261 5262/5262/5262
v 1.729839 3.700678 -2.568548
vt 0.450000 0.850000
vn -0.703339 0.658825 -0.266952
v 2.096774 4.013226 -2.568548
vt 0.500000 0.850000
vn 0.000000 0.910646 -0.413187
v 2.096774 3.807742 -2.935484
vt 0.500000 0.900000
vn 0.000000 0.900317 -0.435235
f 5263/5263/5263 5264/5264/5264 5265/5265/5265
v 1.729839 3.700678 -2.568548
vt 0.450000 0.850000
vn -0.703339 0.658825 -0.266952
v 2.096774 3.807742 -2.935484
vt 0.500000 0.900000
vn 0.000000 0.900317 -0.435235
v 1.729839 3.558604 -2.935484
vt 0.450000 0.900000
vn -0.653687 0.695333 -0.298672
f 5266/5266/5266 5267/5267/5267 5268/5268/5268
v 2.096774 4.013226 -2.568548
vt 0.500000 0.850000
vn 0.000000 0.910646 -0.413187
v 2.463710 3.700678 -2.568548
vt 0.550000 0.850000
vn 0.703339 0.658825 -0.266952
v 2.463710 3.558604 -2.935484
vt 0.550000 0.900000
vn 0.653687 0.695333 -0.298672
f 5269/5269/5269 5270/5270/5270 5271/5271/5271
v 2.096774 4.013226 -2.568548
vt 0.500000 0.850000
vn 0.000000 0.910646 -0.413187
v 2.463710 3.558604 -2.935484
vt 0.550000 0.900000
vn 0.653687 0.695333 -0.298672
v 2.096774 3.807742 -2.935484
vt 0.500000 0.900000
vn 0.000000 0.900317 -0.435235
f 5272/5272/5272 5273/5273/5273 5274/5274/5274
v 2.463710 3.700678 -2.568548
vt 0.550000 0.850000
vn 0.703339 0.658825 -0.266952
v 2.830645 3.199174 -2.568548
vt 0.600000 0.850000
vn 0.515645 0.775457 -0.364384
v 2.830645 3.089377 -2.935484
vt 0.600000 0.900000
vn 0.625153 0.722392 -0.295522
f 5275/5275/5275 5276/5276/5276 5277/5277/5277
v 2.463710 3.700678 -2.568548
vt 0.550000 0.850000
vn 0.703339 0.658825 -0.266952
v 2.830645 3.089377 -2.935484
vt 0.600000 0.900000
vn 0.625153 0.722392 -0.295522
v 2.463710 3.558604 -2.935484
vt 0.550000 0.900000
vn 0.653687 0.695333 -0.298672
f 5278/5278/5278 5279/5279/5279 5280/5280/5280
v 2.830645 3.199174 -2.568548
vt 0.600000 0.850000
vn 0.515645 0.775457 -0.364384
v 3.197581 3.099811 -2.568548
vt 0.650000 0.850000
vn -0.112901 0.810937 -0.574138
v 3.197581 2.858847 -2.935484
vt 0.650000 0.900000
vn 0.133292 0.854160 -0.502636
f 5281/5281/5281 5282/5282/5282 5283/5283/5283
v 2.830645 3.199174 -2.568548
vt 0.600000 0.850000
vn 0.515645 0.775457 -0.364384
v 3.197581 2.858847 -2.935484
vt 0.650000 0.900000
vn 0.133292 0.854160 -0.502636
v 2.830645 3.089377 -2.935484
vt 0.600000 0.900000
vn 0.625153 0.722392 -0.295522
f 5284/5284/5284 5285/5285/5285 5286/5286/5286
v 3.197581 3.099811 -2.568548
vt 0.650000 0.850000
vn -0.112901 0.810937 -0.574138
v 3.564516 3.358794 -2.568548
vt 0.700000 0.850000
vn -0.407350 0.655747 -0.635658
v 3.564516 2.978907 -2.935484
vt 0.700000 0.900000
vn -0.334285 0.716919 -0.611785
f 5287/5287/5287 5288/5288/5288 5289/5289/5289
v 3.197581 3.099811 -2.568548
vt 0.650000 0.850000
vn -0.112901 0.810937 -0.574138
v 3.564516 2.978907 -2.935484
vt 0.700000 0.900000
vn -0.334285 0.716919 -0.611785
v 3.197581 2.858847 -2.935484
vt 0.650000 0.900000
vn 0.133292 0.854160 -0.502636
f 5290/5290/5290 5291/5291/5291 5292/5292/5292
v 3.564516 3.358794 -2.568548
vt 0.700000 0.850000
vn -0.407350 0.655747 -0.635658
v 3.931452 3.585105 -2.568548
vt 0.750000 0.850000
vn -0.103899 0.798057 -0.593558
v 3.931452 3.223652 -2.935484
vt 0.750000 0.900000
vn -0.311289 0.701750 -0.640817
f 5293/5293/5293 5294/5294/5294 5295/5295/5295
v 3.564516 3.358794 -2.568548
vt 0.700000 0.850000
vn -0.407350 0.655747 -0.635658
v 3.931452 3.223652 -2.935484
vt 0.750000 0.900000
vn -0.311289 0.701750 -0.640817
v 3.564516 2.978907 -2.935484
vt 0.700000 0.900000
vn -0.334285 0.716919 -0.611785
f 5296/5296/5296 5297/5297/5297 5298/5298/5298
v 3.931452 3.585105 -2.568548
vt 0.750000 0.850000
vn -0.103899 0.798057 -0.593558
v 4.298387 3.555276 -2.568548
vt 0.800000 0.850000
vn 0.355611 0.880840 -0.312510
v 4.298387 3.347099 -2.935484
vt 0.800000 0.900000
vn 0.030720 0.839964 -0.541772
f 5299/5299/5299 5300/5300/5300 5301/5301/5301
v 3.931452 3.585105 -2.568548
vt 0.750000 0.850000
vn -0.103899 0.798057 -0.593558
v 4.298387 3.347099 -2.935484
vt 0.800000 0.900000
vn 0.030720 0.839964 -0.541772
v 3.931452 3.223652 -2.935484
vt 0.750000 0.900000
vn -0.311289 0.701750 -0.640817
f 5302/5302/5302 5303/5303/5303 5304/5304/5304
v 4.298387 3.555276 -2.568548
vt 0.800000 0.850000
vn 0.355611 0.880840 -0.312510
v 4.665322 3.294600 -2.568548
vt 0.850000 0.850000
vn 0.621162 0.783565 0.013546
v 4.665322 3.260034 -2.935484
vt 0.850000 0.900000
vn 0.401791 0.872933 -0.276680
f 5305/5305/5305 5306/5306/5306 5307/5307/5307
v 4.298387 3.555276 -2.568548
vt 0.800000 0.850000
vn 0.355611 0.880840 -0.312510
v 4.665322 3.260034 -2.935484
vt 0.850000 0.900000
vn 0.401791 0.872933 -0.276680
v 4.298387 3.347099 -2.935484
vt 0.800000 0.900000
vn 0.030720 0.839964 -0.541772
f 5308/5308/5308 5309/5309/5309 5310/5310/5310
v 4.665322 3.294600 -2.568548
vt 0.850000 0.850000
vn 0.621162 0.783565 0.013546
v 5.032258 2.925603 -2.568548
vt 0.900000 0.850000
vn 0.680410 0.710547 0.179348
v 5.032258 3.004002 -2.935484
vt 0.900000 0.900000
vn 0.608999 0.793112 -0.009679
f 5311/5311/5311 5312/5312/5312 5313/5313/5313
v 4.665322 3.294600 -2.568548
vt 0.850000 0.850000
vn 0.621162 0.783565 0.013546
v 5.032258 3.004002 -2.935484
vt 0.900000 0.900000
vn 0.608999 0.793112 -0.009679
v 4.665322 3.260034 -2.935484
vt 0.850000 0.900000
vn 0.401791 0.872933 -0.276680
f 5314/5314/5314 5315/5315/5315 5316/5316/5316
v 5.032258 2.925603 -2.568548
vt 0.900000 0.850000
vn 0.680410 0.710547 0.179348
v 5.399194 2.551987 -2.568548
vt 0.950000 0.850000
vn 0.658067 0.730414 0.182875
v 5.399194 2.664332 -2.935484
vt 0.950000 0.900000
vn 0.664210 0.735855 0.131694
f 5317/5317/5317 5318/5318/5318 5319/5319/5319
v 5.032258 2.925603 -2.568548
vt 0.900000 0.850000
vn 0.680410 0.710547 0.179348
v 5.399194 2.664332 -2.935484
vt 0.950000 0.900000
vn 0.664210 0.735855 0.131694
v 5.032258 3.004002 -2.935484
vt 0.900000 0.900000
vn 0.608999 0.793112 -0.009679
f 5320/5320/5320 5321/5321/5321 5322/5322/5322
v 5.399194 2.551987 -2.568548
vt 0.950000 0.850000
vn 0.658067 0.730414 0.182875
v 5.766129 2.227108 -2.568548
vt 1.000000 0.850000
vn 0.634282 0.758680 0.148631
v 5.766129 2.313150 -2.935484
vt 1.000000 0.900000
vn 0.666093 0.726966 0.166852
f 5323/5323/5323 5324/5324/5324 5325/5325/5325
v 5.399194 2.551987 -2.568548
vt 0.950000 0.850000
vn 0.658067 0.730414 0.182875
v 5.766129 2.313150 -2.935484
vt 1.000000 0.900000
vn 0.666093 0.726966 0.166852
v 5.399194 2.664332 -2.935484
vt 0.950000 0.900000
vn 0.664210 0.735855 0.131694
f 5326/5326/5326 5327/5327/5327 5328/5328/5328
v -1.572581 2.313150 -2.935484
vt 0.000000 0.900000
vn -0.666093 0.726966 0.166851
v -1.205645 2.664332 -2.935484
vt 0.050000 0.900000
vn -0.664210 0.735855 0.131694
v -1.205645 2.713404 -3.302419
vt 0.050000 0.950000
vn -0.595593 0.802613 -0.032878
f 5329/5329/5329 5330/5330/5330 5331/5331/5331
v -1.572581 2.313150 -2.935484
vt 0.000000 0.900000
vn -0.666093 0.726966 0.166851
v -1.205645 2.713404 -3.302419
vt 0.050000 0.950000
vn -0.595593 0.802613 -0.032878
v -1.572581 2.396542 -3.302419
vt 0.000000 0.950000
vn -0.641452 0.764816 0.059972
f 5332/5332/5332 5333/5333/5333 5334/5334/5334
v -1.205645 2.664332 -2.935484
vt 0.050000 0.900000
vn -0.664210 0.735855 0.131694
v -0.838710 3.004002 -2.935484
vt 0.100000 0.900000
vn -0.608999 0.793112 -0.009679
v -0.838710 2.963529 -3.302419
vt 0.100000 0.950000
vn -0.430511 0.866658 -0.252118
f 5335/5335/5335 5336/5336/5336 5337/5337/5337
v -1.205645 2.664332 -2.935484
vt 0.050000 0.900000
vn -0.664210 0.735855 0.131694
v -0.838710 2.963529 -3.302419
vt 0.100000 0.950000
vn -0.430511 0.866658 -0.252118
v -1.205645 2.713404 -3.302419
vt 0.050000 0.950000
vn -0.595593 0.802613 -0.032878
f 5338/5338/5338 5339/5339/5339 5340/5340/5340
v -0.838710 3.004002 -2.935484
vt 0.100000 0.900000
vn -0.608999 0.793112 -0.009679
v -0.471774 3.260034 -2.935484
vt 0.150000 0.900000
vn -0.401791 0.872933 -0.276680
v -0.471774 3.085590 -3.302419
vt 0.150000 0.950000
vn -0.131292 0.861177 -0.491056
f 5341/5341/5341 5342/5342/5342 5343/5343/5343
v -0.838710 3.004002 -2.935484
vt 0.100000 0.900000
vn -0.608999 0.793112 -0.009679
v -0.471774 3.085590 -3.302419
vt 0.150000 0.950000
vn -0.131292 0.861177 -0.491056
v -0.838710 2.963529 -3.302419
vt 0.100000 0.950000
vn -0.430511 0.866658 -0.252118
f 5344/5344/5344 5345/5345/5345 5346/5346/5346
v -0.471774 3.260034 -2.935484
vt 0.150000 0.900000
vn -0.401791 0.872933 -0.276680
v -0.104839 3.347099 -2.935484
vt 0.200000 0.900000
vn -0.030720 0.839964 -0.541772
v -0.104839 3.039298 -3.302419
vt 0.200000 0.950000
vn 0.193876 0.756609 -0.624464
f 5347/5347/5347 5348/5348/5348 5349/5349/5349
v -0.471774 3.260034 -2.935484
vt 0.150000 0.900000
vn -0.401791 0.872933 -0.276680
v -0.104839 3.039298 -3.302419
vt 0.200000 0.950000
vn 0.193876 0.756609 -0.624464
v -0.471774 3.085590 -3.302419
vt 0.150000 0.950000
vn -0.131292 0.861177 -0.491056
f 5350/5350/5350 5351/5351/5351 5352/5352/5352
v -0.104839 3.347099 -2.935484
vt 0.200000 0.900000
vn -0.030720 0.839964 -0.541772
v 0.262097 3.223652 -2.935484
vt 0.250000 0.900000
vn 0.311289 0.701750 -0.640817
v 0.262097 2.854626 -3.302419
vt 0.250000 0.950000
vn 0.340360 0.700082 -0.627726
f 5353/5353/5353 5354/5354/5354 5355/5355/5355
v -0.104839 3.347099 -2.935484
vt 0.200000 0.900000
vn -0.030720 0.839964 -0.541772
v 0.262097 2.854626 -3.302419
vt 0.250000 0.950000
vn 0.340360 0.700082 -0.627726
v -0.104839 3.039298 -3.302419
vt 0.200000 0.950000
vn 0.193876 0.756609 -0.624464
f 5356/5356/5356 5357/5357/5357 5358/5358/5358
v 0.262097 3.223652 -2.935484
vt 0.250000 0.900000
vn 0.311289 0.701750 -0.640817
v 0.629032 2.978907 -2.935484
vt 0.300000 0.900000
vn 0.334285 0.716919 -0.611785
v 0.629032 2.667765 -3.302419
vt 0.300000 0.950000
vn 0.168050 0.800480 -0.575318
f 5359/5359/5359 5360/5360/5360 5361/5361/5361
v 0.262097 3.223652 -2.935484
vt 0.250000 0.900000
vn 0.311289 0.701750 -0.640817
v 0.629032 2.667765 -3.302419
vt 0.300000 0.950000
vn 0.168050 0.800480 -0.575318
v 0.262097 2.854626 -3.302419
vt 0.250000 0.950000
vn 0.340360 0.700082 -0.627726
f 5362/5362/5362 5363/5363/5363 5364/5364/5364
v 0.629032 2.978907 -2.935484
vt 0.300000 0.900000
vn 0.334285 0.716919 -0.611785
v 0.995968 2.858847 -2.935484
vt 0.350000 0.900000
vn -0.133292 0.854160 -0.502636
v 0.995968 2.676121 -3.302419
vt 0.350000 0.950000
vn -0.316893 0.845663 -0.429456
f 5365/5365/5365 5366/5366/5366 5367/5367/5367
v 0.629032 2.978907 -2.935484
vt 0.300000 0.900000
vn 0.334285 0.716919 -0.611785
v 0.995968 2.676121 -3.302419
vt 0.350000 0.950000
vn -0.316893 0.845663 -0.429456
v 0.629032 2.667765 -3.302419
vt 0.300000 0.950000
vn 0.168050 0.800480 -0.575318
f 5368/5368/5368 5369/5369/5369 5370/5370/5370
v 0.995968 2.858847 -2.935484
vt 0.350000 0.900000
vn -0.133292 0.854160 -0.502636
v 1.362903 3.089377 -2.935484
vt 0.400000 0.900000
vn -0.625153 0.722392 -0.295522
v 1.362903 2.975559 -3.302419
vt 0.400000 0.950000
vn -0.661429 0.698353 -0.273523
f 5371/5371/5371 5372/5372/5372 5373/5373/5373
v 0.995968 2.858847 -2.935484
vt 0.350000 0.900000
vn -0.133292 0.854160 -0.502636
v 1.362903 2.975559 -3.302419
vt 0.400000 0.950000
vn -0.661429 0.698353 -0.273523
v 0.995968 2.676121 -3.302419
vt 0.350000 0.950000
vn -0.316893 0.845663 -0.429456
f 5374/5374/5374 5375/5375/5375 5376/5376/5376
v 1.362903 3.089377 -2.935484
vt 0.400000 0.900000
vn -0.625153 0.722392 -0.295522
v 1.729839 3.558604 -2.935484
vt 0.450000 0.900000
vn -0.653687 0.695333 -0.298672
v 1.729839 3.399540 -3.302419
vt 0.450000 0.950000
vn -0.599218 0.729376 -0.330074
f 5377/5377/5377 5378/5378/5378 5379/5379/5379
v 1.362903 3.089377 -2.935484
vt 0.400000 0.900000
vn -0.625153 0.722392 -0.295522
v 1.729839 3.399540 -3.302419
vt 0.450000 0.950000
vn -0.599218 0.729376 -0.330074
v 1.362903 2.975559 -3.302419
vt 0.400000 0.950000
vn -0.661429 0.698353 -0.273523
f 5380/5380/5380 5381/5381/5381 5382/5382/5382
v 1.729839 3.558604 -2.935484
vt 0.450000 0.900000
vn -0.653687 0.695333 -0.298672
v 2.096774 3.807742 -2.935484
vt 0.500000 0.900000
vn 0.000000 0.900317 -0.435235
v 2.096774 3.602258 -3.302419
vt 0.500000 0.950000
vn 0.000000 0.893133 -0.449793
f 5383/5383/5383 5384/5384/5384 5385/5385/5385
v 1.729839 3.558604 -2.935484
vt 0.450000 0.900000
vn -0.653687 0.695333 -0.298672
v 2.096774 3.602258 -3.302419
vt 0.500000 0.950000
vn 0.000000 0.893133 -0.449793
v 1.729839 3.399540 -3.302419
vt 0.450000 0.950000
vn -0.599218 0.729376 -0.330074
f 5386/5386/5386 5387/5387/5387 5388/5388/5388
v 2.096774 3.807742 -2.935484
vt 0.500000 0.900000
vn 0.000000 0.900317 -0.435235
v 2.463710 3.558604 -2.935484
vt 0.550000 0.900000
vn 0.653687 0.695333 -0.298672
v 2.463710 3.399540 -3.302419
vt 0.550000 0.950000
vn 0.599218 0.729376 -0.330075
f 5389/5389/5389 5390/5390/5390 5391/5391/5391
v 2.096774 3.807742 -2.935484
vt 0.500000 0.900000
vn 0.000000 0.900317 -0.435235
v 2.463710 3.399540 -3.302419
vt 0.550000 0.950000
vn 0.599218 0.729376 -0.330075
v 2.096774 3.602258 -3.302419
vt 0.500000 0.950000
vn 0.000000 0.893133 -0.449793
f 5392/5392/5392 5393/5393/5393 5394/5394/5394
v 2.463710 3.558604 -2.935484
vt 0.550000 0.900000
vn 0.653687 0.695333 -0.298672
v 2.830645 3.089377 -2.935484
vt 0.600000 0.900000
vn 0.625153 0.722392 -0.295522
v 2.830645 2.975559 -3.302419
vt 0.600000 0.950000
vn 0.661429 0.698353 -0.273523
f 5395/5395/5395 5396/5396/5396 5397/5397/5397
v 2.463710 3.558604 -2.935484
vt 0.550000 0.900000
vn 0.653687 0.695333 -0.298672
v 2.830645 2.975559 -3.302419
vt 0.600000 0.950000
vn 0.661429 0.698353 -0.273523
v 2.463710 3.399540 -3.302419
vt 0.550000 0.950000
vn 0.599218 0.729376 -0.330075
f 5398/5398/5398 5399/5399/5399 5400/5400/5400
v 2.830645 3.089377 -2.935484
vt 0.600000 0.900000
vn 0.625153 0.722392 -0.295522
v 3.197581 2.858847 -2.935484
vt 0.650000 0.900000
vn 0.133292 0.854160 -0.502636
v 3.197581 2.676121 -3.302419
vt 0.650000 0.950000
vn 0.316893 0.845663 -0.429456
f 5401/5401/5401 5402/5402/5402 5403/5403/5403
v 2.830645 3.089377 -2.935484
vt 0.600000 0.900000
vn 0.625153 0.722392 -0.295522
v 3.197581 2.676121 -3.302419
vt 0.650000 0.950000
vn 0.316893 0.845663 -0.429456
v 2.830645 2.975559 -3.302419
vt 0.600000 0.950000
vn 0.661429 0.698353 -0.273523
f 5404/5404/5404 5405/5405/5405 5406/5406/5406
v 3.197581 2.858847 -2.935484
vt 0.650000 0.900000
vn 0.133292 0.854160 -0.502636
v 3.564516 2.978907 -2.935484
vt 0.700000 0.900000
vn -0.334285 0.716919 -0.611785
v 3.564516 2.667765 -3.302419
vt 0.700000 0.950000
vn -0.168050 0.800480 -0.575318
f 5407/5407/5407 5408/5408/5408 5409/5409/5409
v 3.197581 2.858847 -2.935484
vt 0.650000 0.900000
vn 0.133292 0.854160 -0.502636
v 3.564516 2.667765 -3.302419
vt 0.700000 0.950000
vn -0.168050 0.800480 -0.575318
v 3.197581 2.676121 -3.302419
vt 0.650000 0.950000
vn 0.316893 0.845663 -0.429456
f 5410/5410/5410 5411/5411/5411 5412/5412/5412
v 3.564516 2.978907 -2.935484
vt 0.700000 0.900000
vn -0.334285 0.716919 -0.611785
v 3.931452 3.223652 -2.935484
vt 0.750000 0.900000
vn -0.311289 0.701750 -0.640817
v 3.931452 2.854626 -3.302419
vt 0.750000 0.950000
vn -0.340360 0.700082 -0.627726
f 5413/5413/5413 5414/5414/5414 5415/5415/5415
v 3.564516 2.978907 -2.935484
vt 0.700000 0.900000
vn -0.334285 0.716919 -0.611785
v 3.931452 2.854626 -3.302419
vt 0.750000 0.950000
vn -0.340360 0.700082 -0.627726
v 3.564516 2.667765 -3.302419
vt 0.700000 0.950000
vn -0.168050 0.800480 -0.575318
f 5416/5416/5416 5417/5417/5417 5418/5418/5418
v 3.931452 3.223652 -2.935484
vt 0.750000 0.900000
vn -0.311289 0.701750 -0.640817
v 4.298387 3.347099 -2.935484
vt 0.800000 0.900000
vn 0.030720 0.839964 -0.541772
v 4.298387 3.039298 -3.302419
vt 0.800000 0.950000
vn -0.193876 0.756609 -0.624464
f 5419/5419/5419 5420/5420/5420 5421/5421/5421
v 3.931452 3.223652 -2.935484
vt 0.750000 0.900000
vn -0.311289 0.701750 -0.640817
v 4.298387 3.039298 -3.302419
vt 0.800000 0.950000
vn -0.193876 0.756609 -0.624464
v 3.931452 2.854626 -3.302419
vt 0.750000 0.950000
vn -0.340360 0.700082 -0.627726
f 5422/5422/5422 5423/5423/5423 5424/5424/5424
v 4.298387 3.347099 -2.935484
vt 0.800000 0.900000
vn 0.030720 0.839964 -0.541772
v 4.665322 3.260034 -2.935484
vt 0.850000 0.900000
vn 0.401791 0.872933 -0.276680
v 4.665322 3.085590 -3.302419
vt 0.850000 0.950000
vn 0.131291 0.861177 -0.491056
f 5425/5425/5425 5426/5426/5426 5427/5427/5427
v 4.298387 3.347099 -2.935484
vt 0.800000 0.900000
vn 0.030720 0.839964 -0.541772
v 4.665322 3.085590 -3.302419
vt 0.850000 0.950000
vn 0.131291 0.861177 -0.491056
v 4.298387 3.039298 -3.302419
vt 0.800000 0.950000
vn -0.193876 0.756609 -0.624464
f 5428/5428/5428 5429/5429/5429 5430/5430/5430
v 4.665322 3.260034 -2.935484
vt 0.850000 0.900000
vn 0.401791 0.872933 -0.276680
v 5.032258 3.004002 -2.935484
vt 0.900000 0.900000
vn 0.608999 0.793112 -0.009679
v 5.032258 2.963529 -3.302419
vt 0.900000 0.950000
vn 0.430511 0.866658 -0.252118
f 5431/5431/5431 5432/5432/5432 5433/5433/5433
v 4.665322 3.260034 -2.935484
vt 0.850000 0.900000
vn 0.401791 0.872933 -0.276680
v 5.032258 2.963529 -3.302419
vt 0.900000 0.950000
vn 0.430511 0.866658 -0.252118
v 4.665322 3.085590 -3.302419
vt 0.850000 0.950000
vn 0.131291 0.861177 -0.491056
f 5434/5434/5434 5435/5435/5435 5436/5436/5436
v 5.032258 3.004002 -2.935484
vt 0.900000 0.900000
vn 0.608999 0.793112 -0.009679
v 5.399194 2.664332 -2.935484
vt 0.950000 0.900000
vn 0.664210 0.735855 0.131694
v 5.399194 2.713404 -3.302419
vt 0.950000 0.950000
vn 0.595593 0.802613 -0.032878
f 5437/5437/5437 5438/5438/5438 5439/5439/5439
v 5.032258 3.004002 -2.935484
vt 0.900000 0.900000
vn 0.608999 0.793112 -0.009679
v 5.399194 2.713404 -3.302419
vt 0.950000 0.950000
vn 0.595593 0.802613 -0.032878
v 5.032258 2.963529 -3.302419
vt 0.900000 0.950000
vn 0.430511 0.866658 -0.252118
f 5440/5440/5440 5441/5441/5441 5442/5442/5442
v 5.399194 2.664332 -2.935484
vt 0.950000 0.900000
vn 0.664210 0.735855 0.131694
v 5.766129 2.313150 -2.935484
vt 1.000000 0.900000
vn 0.666093 0.726966 0.166852
v 5.766129 2.396542 -3.302419
vt 1.000000 0.950000
vn 0.641452 0.764815 0.059973
f 5443/5443/5443 5444/5444/5444 5445/5445/5445
v 5.399194 2.664332 -2.935484
vt 0.950000 0.900000
vn 0.664210 0.735855 0.131694
v 5.766129 2.396542 -3.302419
vt 1.000000 0.950000
vn 0.641452 0.764815 0.059973
v 5.399194 2.713404 -3.302419
vt 0.950000 0.950000
vn 0.595593 0.802613 -0.032878
f 5446/5446/5446 5447/5447/5447 5448/5448/5448
v -1.572581 2.396542 -3.302419
vt 0.000000 0.950000
vn -0.641452 0.764816 0.059972
v -1.205645 2.713404 -3.302419
vt 0.050000 0.950000
vn -0.595593 0.802613 -0.032878
v -1.205645 2.666845 -3.669355
vt 0.050000 1.000000
vn -0.541069 0.831709 -0.124517
f 5449/5449/5449 5450/5450/5450 5451/5451/5451
v -1.572581 2.396542 -3.302419
vt 0.000000 0.950000
vn -0.641452 0.764816 0.059972
v -1.205645 2.666845 -3.669355
vt 0.050000 1.000000
vn -0.541069 0.831709 -0.124517
v -1.572581 2.422806 -3.669355
vt 0.000000 1.000000
vn -0.607103 0.794320 -0.021966
f 5452/5452/5452 5453/5453/5453 5454/5454/5454
v -1.205645 2.713404 -3.302419
vt 0.050000 0.950000
vn -0.595593 0.802613 -0.032878
v -0.838710 2.963529 -3.302419
vt 0.100000 0.950000
vn -0.430511 0.866658 -0.252118
v -0.838710 2.810877 -3.669355
vt 0.100000 1.000000
vn -0.320427 0.875274 -0.362246
f 5455/5455/5455 5456/5456/5456 5457/5457/5457
v -1.205645 2.713404 -3.302419
vt 0.050000 0.950000
vn -0.595593 0.802613 -0.032878
v -0.838710 2.810877 -3.669355
vt 0.100000 1.000000
vn -0.320427 0.875274 -0.362246
v -1.205645 2.666845 -3.669355
vt 0.050000 1.000000
vn -0.541069 0.831709 -0.124517
f 5458/5458/5458 5459/5459/5459 5460/5460/5460
v -0.838710 2.963529 -3.302419
vt 0.100000 0.950000
vn -0.430511 0.866658 -0.252118
v -0.471774 3.085590 -3.302419
vt 0.150000 0.950000
vn -0.131292 0.861177 -0.491056
v -0.471774 2.820165 -3.669355
vt 0.150000 1.000000
vn 0.018367 0.820595 -0.571216
f 5461/5461/5461 5462/5462/5462 5463/5463/5463
v -0.838710 2.963529 -3.302419
vt 0.100000 0.950000
vn -0.430511 0.866658 -0.252118
v -0.471774 2.820165 -3.669355
vt 0.150000 1.000000
vn 0.018367 0.820595 -0.571216
v -0.838710 2.810877 -3.669355
vt 0.100000 1.000000
vn -0.320427 0.875274 -0.362246
f 5464/5464/5464 5465/5465/5465 5466/5466/5466
v -0.471774 3.085590 -3.302419
vt 0.150000 0.950000
vn -0.131292 0.861177 -0.491056
v -0.104839 3.039298 -3.302419
vt 0.200000 0.950000
vn 0.193876 0.756609 -0.624464
v -0.104839 2.699167 -3.669355
vt 0.200000 1.000000
vn 0.272943 0.722886 -0.634774
f 5467/5467/5467 5468/5468/5468 5469/5469/5469
v -0.471774 3.085590 -3.302419
vt 0.150000 0.950000
vn -0.131292 0.861177 -0.491056
v -0.104839 2.699167 -3.669355
vt 0.200000 1.000000
vn 0.272943 0.722886 -0.634774
v -0.471774 2.820165 -3.669355
vt 0.150000 1.000000
vn 0.018367 0.820595 -0.571216
f 5470/5470/5470 5471/5471/5471 5472/5472/5472
v -0.104839 3.039298 -3.302419
vt 0.200000 0.950000
vn 0.193876 0.756609 -0.624464
v 0.262097 2.854626 -3.302419
vt 0.250000 0.950000
vn 0.340360 0.700082 -0.627726
v 0.262097 2.519431 -3.669355
vt 0.250000 1.000000
vn 0.315395 0.723850 -0.613651
f 5473/5473/5473 5474/5474/5474 5475/5475/5475
v -0.104839 3.039298 -3.302419
vt 0.200000 0.950000
vn 0.193876 0.756609 -0.624464
v 0.262097 2.519431 -3.669355
vt 0.250000 1.000000
vn 0.315395 0.723850 -0.613651
v -0.104839 2.699167 -3.669355
vt 0.200000 1.000000
vn 0.272943 0.722886 -0.634774
f 5476/5476/5476 5477/5477/5477 5478/5478/5478
v 0.262097 2.854626 -3.302419
vt 0.250000 0.950000
vn 0.340360 0.700082 -0.627726
v 0.629032 2.667765 -3.302419
vt 0.300000 0.950000
vn 0.168050 0.800480 -0.575318
v 0.629032 2.416451 -3.669355
vt 0.300000 1.000000
vn 0.082233 0.829391 -0.552584
f 5479/5479/5479 5480/5480/5480 5481/5481/5481
v 0.262097 2.854626 -3.302419
vt 0.250000 0.950000
vn 0.340360 0.700082 -0.627726
v 0.629032 2.416451 -3.669355
vt 0.300000 1.000000
vn 0.082233 0.829391 -0.552584
v 0.262097 2.519431 -3.669355
vt 0.250000 1.000000
vn 0.315395 0.723850 -0.613651
f 5482/5482/5482 5483/5483/5483 5484/5484/5484
v 0.629032 2.667765 -3.302419
vt 0.300000 0.950000
vn 0.168050 0.800480 -0.575318
v 0.995968 2.676121 -3.302419
vt 0.350000 0.950000
vn -0.316893 0.845663 -0.429456
v 0.995968 2.522703 -3.669355
vt 0.350000 1.000000
vn -0.363642 0.838828 -0.405131
f 5485/5485/5485 5486/5486/5486 5487/5487/5487
v 0.629032 2.667765 -3.302419
vt 0.300000 0.950000
vn 0.168050 0.800480 -0.575318
v 0.995968 2.522703 -3.669355
vt 0.350000 1.000000
vn -0.363642 0.838828 -0.405131
v 0.629032 2.416451 -3.669355
vt 0.300000 1.000000
vn 0.082233 0.829391 -0.552584
f 5488/5488/5488 5489/5489/5489 5490/5490/5490
v 0.995968 2.676121 -3.302419
vt 0.350000 0.950000
vn -0.316893 0.845663 -0.429456
v 1.362903 2.975559 -3.302419
vt 0.400000 0.950000
vn -0.661429 0.698353 -0.273523
v 1.362903 2.851045 -3.669355
vt 0.400000 1.000000
vn -0.663153 0.697761 -0.270844
f 5491/5491/5491 5492/5492/5492 5493/5493/5493
v 0.995968 2.676121 -3.302419
vt 0.350000 0.950000
vn -0.316893 0.845663 -0.429456
v 1.362903 2.851045 -3.669355
vt 0.400000 1.000000
vn -0.663153 0.697761 -0.270844
v 0.995968 2.522703 -3.669355
vt 0.350000 1.000000
vn -0.363642 0.838828 -0.405131
f 5494/5494/5494 5495/5495/5495 5496/5496/5496
v 1.362903 2.975559 -3.302419
vt 0.400000 0.950000
vn -0.661429 0.698353 -0.273523
v 1.729839 3.399540 -3.302419
vt 0.450000 0.950000
vn -0.599218 0.729376 -0.330074
v 1.729839 3.228824 -3.669355
vt 0.450000 1.000000
vn -0.593511 0.732478 -0.333498
f 5497/5497/5497 5498/5498/5498 5499/5499/5499
v 1.362903 2.975559 -3.302419
vt 0.400000 0.950000
vn -0.661429 0.698353 -0.273523
v 1.729839 3.228824 -3.669355
vt 0.450000 1.000000
vn -0.593511 0.732478 -0.333498
v 1.362903 2.851045 -3.669355
vt 0.400000 1.000000
vn -0.663153 0.697761 -0.270844
f 5500/5500/5500 5501/5501/5501 5502/5502/5502
v 1.729839 3.399540 -3.302419
vt 0.450000 0.950000
vn -0.599218 0.729376 -0.330074
v 2.096774 3.602258 -3.302419
vt 0.500000 0.950000
vn 0.000000 0.893133 -0.449793
v 2.096774 3.396774 -3.669355
vt 0.500000 1.000000
vn 0.000000 0.889888 -0.456178
f 5503/5503/5503 5504/5504/5504 5505/5505/5505
v 1.729839 3.399540 -3.302419
vt 0.450000 0.950000
vn -0.599218 0.729376 -0.330074
v 2.096774 3.396774 -3.669355
vt 0.500000 1.000000
vn 0.000000 0.889888 -0.456178
v 1.729839 3.228824 -3.669355
vt 0.450000 1.000000
vn -0.593511 0.732478 -0.333498
f 5506/5506/5506 5507/5507/5507 5508/5508/5508
v 2.096774 3.602258 -3.302419
vt 0.500000 0.950000
vn 0.000000 0.893133 -0.449793
v 2.463710 3.399540 -3.302419
vt 0.550000 0.950000
vn 0.599218 0.729376 -0.330075
v 2.463710 3.228824 -3.669355
vt 0.550000 1.000000
vn 0.593511 0.732478 -0.333498
f 5509/5509/5509 5510/5510/5510 5511/5511/5511
v 2.096774 3.602258 -3.302419
vt 0.500000 0.950000
vn 0.000000 0.893133 -0.449793
v 2.463710 3.228824 -3.669355
vt 0.550000 1.000000
vn 0.593511 0.732478 -0.333498
v 2.096774 3.396774 -3.669355
vt 0.500000 1.000000
vn 0.000000 0.889888 -0.456178
f 5512/5512/5512 5513/5513/5513 5514/5514/5514
v 2.463710 3.399540 -3.302419
vt 0.550000 0.950000
vn 0.599218 0.729376 -0.330075
v 2.830645 2.975559 -3.302419
vt 0.600000 0.950000
vn 0.661429 0.698353 -0.273523
v 2.830645 2.851045 -3.669355
vt 0.600000 1.000000
vn 0.663153 0.697762 -0.270844
f 5515/5515/5515 5516/5516/5516 5517/5517/5517
v 2.463710 3.399540 -3.302419
vt 0.550000 0.950000
vn 0.599218 0.729376 -0.330075
v 2.830645 2.851045 -3.669355
vt 0.600000 1.000000
vn 0.663153 0.697762 -0.270844
v 2.463710 3.228824 -3.669355
vt 0.550000 1.000000
vn 0.593511 0.732478 -0.333498
f 5518/5518/5518 5519/5519/5519 5520/5520/5520
v 2.830645 2.975559 -3.302419
vt 0.600000 0.950000
vn 0.661429 0.698353 -0.273523
v 3.197581 2.676121 -3.302419
vt 0.650000 0.950000
vn 0.316893 0.845663 -0.429456
v 3.197581 2.522703 -3.669355
vt 0.650000 1.000000
vn 0.363642 0.838828 -0.405131
f 5521/5521/5521 5522/5522/5522 5523/5523/5523
v 2.830645 2.975559 -3.302419
vt 0.600000 0.950000
vn 0.661429 0.698353 -0.273523
v 3.197581 2.522703 -3.669355
vt 0.650000 1.000000
vn 0.363642 0.838828 -0.405131
v 2.830645 2.851045 -3.669355
vt 0.600000 1.000000
vn 0.663153 0.697762 -0.270844
f 5524/5524/5524 5525/5525/5525 5526/5526/5526
v 3.197581 2.676121 -3.302419
vt 0.650000 0.950000
vn 0.316893 0.845663 -0.429456
v 3.564516 2.667765 -3.302419
vt 0.700000 0.950000
vn -0.168050 0.800480 -0.575318
v 3.564516 2.416451 -3.669355
vt 0.700000 1.000000
vn -0.082233 0.829391 -0.552584
f 5527/5527/5527 5528/5528/5528 5529/5529/5529
v 3.197581 2.676121 -3.302419
vt 0.650000 0.950000
vn 0.316893 0.845663 -0.429456
v 3.564516 2.416451 -3.669355
vt 0.700000 1.000000
vn -0.082233 0.829391 -0.552584
v 3.197581 2.522703 -3.669355
vt 0.650000 1.000000
vn 0.363642 0.838828 -0.405131
f 5530/5530/5530 5531/5531/5531 5532/5532/5532
v 3.564516 2.667765 -3.302419
vt 0.700000 0.950000
vn -0.168050 0.800480 -0.575318
v 3.931452 2.854626 -3.302419
vt 0.750000 0.950000
vn -0.340360 0.700082 -0.627726
v 3.931452 2.519431 -3.669355
vt 0.750000 1.000000
vn -0.315395 0.723850 -0.613651
f 5533/5533/5533 5534/5534/5534 5535/5535/5535
v 3.564516 2.667765 -3.302419
vt 0.700000 0.950000
vn -0.168050 0.800480 -0.575318
v 3.931452 2.519431 -3.669355
vt 0.750000 1.000000
vn -0.315395 0.723850 -0.613651
v 3.564516 2.416451 -3.669355
vt 0.700000 1.000000
vn -0.082233 0.829391 -0.552584
f 5536/5536/5536 5537/5537/5537 5538/5538/5538
v 3.931452 2.854626 -3.302419
vt 0.750000 0.950000
vn -0.340360 0.700082 -0.627726
v 4.298387 3.039298 -3.302419
vt 0.800000 0.950000
vn -0.193876 0.756609 -0.624464
v 4.298387 2.699167 -3.669355
vt 0.800000 1.000000
vn -0.272943 0.722886 -0.634774
f 5539/5539/5539 5540/5540/5540 5541/5541/5541
v 3.931452 2.854626 -3.302419
vt 0.750000 0.950000
vn -0.340360 0.700082 -0.627726
v 4.298387 2.699167 -3.669355
vt 0.800000 1.000000
vn -0.272943 0.722886 -0.634774
v 3.931452 2.519431 -3.669355
vt 0.750000 1.000000
vn -0.315395 0.723850 -0.613651
f 5542/5542/5542 5543/5543/5543 5544/5544/5544
v 4.298387 3.039298 -3.302419
vt 0.800000 0.950000
vn -0.193876 0.756609 -0.624464
v 4.665322 3.085590 -3.302419
vt 0.850000 0.950000
vn 0.131291 0.861177 -0.491056
v 4.665322 2.820165 -3.669355
vt 0.850000 1.000000
vn -0.018367 0.820594 -0.571216
f 5545/5545/5545 5546/5546/5546 5547/5547/5547
v 4.298387 3.039298 -3.302419
vt 0.800000 0.950000
vn -0.193876 0.756609 -0.624464
v 4.665322 2.820165 -3.669355
vt 0.850000 1.000000
vn -0.018367 0.820594 -0.571216
v 4.298387 2.699167 -3.669355
vt 0.800000 1.000000
vn -0.272943 0.722886 -0.634774
f 5548/5548/5548 5549/5549/5549 5550/5550/5550
v 4.665322 3.085590 -3.302419
vt 0.850000 0.950000
vn 0.131291 0.861177 -0.491056
v 5.032258 2.963529 -3.302419
vt 0.900000 0.950000
vn 0.430511 0.866658 -0.252118
v 5.032258 2.810877 -3.669355
vt 0.900000 1.000000
vn 0.320427 0.875274 -0.362247
f 5551/5551/5551 5552/5552/5552 5553/5553/5553
v 4.665322 3.085590 -3.302419
vt 0.850000 0.950000
vn 0.131291 0.861177 -0.491056
v 5.032258 2.810877 -3.669355
vt 0.900000 1.000000
vn 0.320427 0.875274 -0.362247
v 4.665322 2.820165 -3.669355
vt 0.850000 1.000000
vn -0.018367 0.820594 -0.571216
f 5554/5554/5554 5555/5555/5555 5556/5556/5556
v 5.032258 2.963529 -3.302419
vt 0.900000 0.950000
vn 0.430511 0.866658 -0.252118
v 5.399194 2.713404 -3.302419
vt 0.950000 0.950000
vn 0.595593 0.802613 -0.032878
v 5.399194 2.666845 -3.669355
vt 0.950000 1.000000
vn 0.541070 0.831709 -0.124517
f 5557/5557/5557 5558/5558/5558 5559/5559/5559
v 5.032258 2.963529 -3.302419
vt 0.900000 0.950000
vn 0.430511 0.866658 -0.252118
v 5.399194 2.666845 -3.669355
vt 0.950000 1.000000
vn 0.541070 0.831709 -0.124517
v 5.032258 2.810877 -3.669355
vt 0.900000 1.000000
vn 0.320427 0.875274 -0.362247
f 5560/5560/5560 5561/5561/5561 5562/5562/5562
v 5.399194 2.713404 -3.302419
vt 0.950000 0.950000
vn 0.595593 0.802613 -0.032878
v 5.766129 2.396542 -3.302419
vt 1.000000 0.950000
vn 0.641452 0.764815 0.059973
v 5.766129 2.422806 -3.669355
vt 1.000000 1.000000
vn 0.607103 0.794320 -0.021967
f 5563/5563/5563 5564/5564/5564 5565/5565/5565
v 5.399194 2.713404 -3.302419
vt 0.950000 0.950000
vn 0.595593 0.802613 -0.032878
v 5.766129 2.422806 -3.669355
vt 1.000000 1.000000
vn 0.607103 0.794320 -0.021967
v 5.399194 2.666845 -3.669355
vt 0.950000 1.000000
vn 0.541070 0.831709 -0.124517
f 5566/5566/5566 5567/5567/5567 5568/5568/5568