mtllib materials.mtl
o Photo_pad_0.001
usemtl pad_small
v -5.241935 0.629032 2.096774
vt 0.500000 0.500000
vn 0.000000 1.000000 0.000000
v -4.071237 0.581952 2.096774
vt 0.583333 0.500000
vn 0.651867 -0.753685 -0.083834
v -4.081252 0.598971 1.943967
vt 0.582620 0.510877
vn 0.646915 -0.747256 -0.152019
f 1/1/1 2/2/2 3/3/3
v -5.241935 0.629032 2.096774
vt 0.500000 0.500000
vn 0.000000 1.000000 0.000000
v -4.081252 0.598971 1.943967
vt 0.582620 0.510877
vn 0.646915 -0.747256 -0.152019
v -4.111127 0.608956 1.793775
vt 0.580494 0.521568
vn 0.636742 -0.746500 -0.193125
f 4/4/4 5/5/5 6/6/6
v -5.241935 0.629032 2.096774
vt 0.500000 0.500000
vn 0.000000 1.000000 0.000000
v -4.111127 0.608956 1.793775
vt 0.580494 0.521568
vn 0.636742 -0.746500 -0.193125
v -4.160351 0.607781 1.648767
vt 0.576990 0.531890
vn 0.626335 -0.746478 -0.224668
f 7/7/7 8/8/8 9/9/9
v -5.241935 0.629032 2.096774
vt 0.500000 0.500000
vn 0.000000 1.000000 0.000000
v -4.160351 0.607781 1.648767
vt 0.576990 0.531890
vn 0.626335 -0.746478 -0.224668
v -4.228081 0.595930 1.511425
vt 0.572169 0.541667
vn 0.607585 -0.747926 -0.267296
f 10/10/10 11/11/11 12/12/12
v -5.241935 0.629032 2.096774
vt 0.500000 0.500000
vn 0.000000 1.000000 0.000000
v -4.228081 0.595930 1.511425
vt 0.572169 0.541667
vn 0.607585 -0.747926 -0.267296
v -4.313157 0.578303 1.384098
vt 0.566113 0.550730
vn 0.565913 -0.755901 -0.329177
f 13/13/13 14/14/14 15/15/15
v -5.241935 0.629032 2.096774
vt 0.500000 0.500000
vn 0.000000 1.000000 0.000000
v -4.313157 0.578303 1.384098
vt 0.566113 0.550730
vn 0.565913 -0.755901 -0.329177
v -4.414126 0.562183 1.268965
vt 0.558926 0.558926
vn 0.492777 -0.769158 -0.406898
f 16/16/16 17/17/17 18/18/18
v -5.241935 0.629032 2.096774
vt 0.500000 0.500000
vn 0.000000 1.000000 0.000000
v -4.414126 0.562183 1.268965
vt 0.558926 0.558926
vn 0.492777 -0.769158 -0.406898
v -4.529259 0.554234 1.167996
vt 0.550730 0.566113
vn 0.391504 -0.777907 -0.491513
f 19/19/19 20/20/20 21/21/21
v -5.241935 0.629032 2.096774
vt 0.500000 0.500000
vn 0.000000 1.000000 0.000000
v -4.529259 0.554234 1.167996
vt 0.550730 0.566113
vn 0.391504 -0.777907 -0.491513
v -4.656586 0.557740 1.082919
vt 0.541667 0.572169
vn 0.278443 -0.773861 -0.568867
f 22/22/22 23/23/23 24/24/24
v -5.241935 0.629032 2.096774
vt 0.500000 0.500000
vn 0.000000 1.000000 0.000000
v -4.656586 0.557740 1.082919
vt 0.541667 0.572169
vn 0.278443 -0.773861 -0.568867
v -4.793928 0.571253 1.015189
vt 0.531890 0.576990
vn 0.174151 -0.760980 -0.624965
f 25/25/25 26/26/26 27/27/27
v -5.241935 0.629032 2.096774
vt 0.500000 0.500000
vn 0.000000 1.000000 0.000000
v -4.793928 0.571253 1.015189
vt 0.531890 0.576990
vn 0.174151 -0.760980 -0.624965
v -4.938936 0.589188 0.965966
vt 0.521568 0.580494
vn 0.091911 -0.750175 -0.654820
f 28/28/28 29/29/29 30/30/30
v -5.241935 0.629032 2.096774
vt 0.500000 0.500000
vn 0.000000 1.000000 0.000000
v -4.938936 0.589188 0.965966
vt 0.521568 0.580494
vn 0.091911 -0.750175 -0.654820
v -5.089128 0.604132 0.936091
vt 0.510877 0.582620
vn 0.036057 -0.746579 -0.664319
f 31/31/31 32/32/32 33/33/33
v -5.241935 0.629032 2.096774
vt 0.500000 0.500000
vn 0.000000 1.000000 0.000000
v -5.089128 0.604132 0.936091
vt 0.510877 0.582620
vn 0.036057 -0.746579 -0.664319
v -5.241935 0.609909 0.926075
vt 0.500000 0.583333
vn 0.000000 -0.746554 -0.665325
f 34/34/34 35/35/35 36/36/36
v -5.241935 0.629032 2.096774
vt 0.500000 0.500000
vn 0.000000 1.000000 0.000000
v -5.241935 0.609909 0.926075
vt 0.500000 0.583333
vn 0.000000 -0.746554 -0.665325
v -5.394742 0.604132 0.936091
vt 0.489123 0.582620
vn -0.036057 -0.746579 -0.664319
f 37/37/37 38/38/38 39/39/39
v -5.241935 0.629032 2.096774
vt 0.500000 0.500000
vn 0.000000 1.000000 0.000000
v -5.394742 0.604132 0.936091
vt 0.489123 0.582620
vn -0.036057 -0.746579 -0.664319
v -5.544935 0.589188 0.965966
vt 0.478432 0.580494
vn -0.091912 -0.750175 -0.654820
f 40/40/40 41/41/41 42/42/42
v -5.241935 0.629032 2.096774
vt 0.500000 0.500000
vn 0.000000 1.000000 0.000000
v -5.544935 0.589188 0.965966
vt 0.478432 0.580494
vn -0.091912 -0.750175 -0.654820
v -5.689943 0.571253 1.015189
vt 0.468110 0.576990
vn -0.174151 -0.760980 -0.624965
f 43/43/43 44/44/44 45/45/45
v -5.241935 0.629032 2.096774
vt 0.500000 0.500000
vn 0.000000 1.000000 0.000000
v -5.689943 0.571253 1.015189
vt 0.468110 0.576990
vn -0.174151 -0.760980 -0.624965
v -5.827285 0.557740 1.082919
vt 0.458333 0.572169
vn -0.278443 -0.773861 -0.568867
f 46/46/46 47/47/47 48/48/48
v -5.241935 0.629032 2.096774
vt 0.500000 0.500000
vn 0.000000 1.000000 0.000000
v -5.827285 0.557740 1.082919
vt 0.458333 0.572169
vn -0.278443 -0.773861 -0.568867
v -5.954612 0.554234 1.167996
vt 0.449270 0.566113
vn -0.391504 -0.777907 -0.491514
f 49/49/49 50/50/50 51/51/51
v -5.241935 0.629032 2.096774
vt 0.500000 0.500000
vn 0.000000 1.000000 0.000000
v -5.954612 0.554234 1.167996
vt 0.449270 0.566113
vn -0.391504 -0.777907 -0.491514
v -6.069745 0.562183 1.268965
vt 0.441074 0.558926
vn -0.492778 -0.769158 -0.406898
f 52/52/52 53/53/53 54/54/54
v -5.241935 0.629032 2.096774
vt 0.500000 0.500000
vn 0.000000 1.000000 0.000000
v -6.069745 0.562183 1.268965
vt 0.441074 0.558926
vn -0.492778 -0.769158 -0.406898
v -6.170714 0.578303 1.384098
vt 0.433887 0.550730
vn -0.565913 -0.755900 -0.329177
f 55/55/55 56/56/56 57/57/57
v -5.241935 0.629032 2.096774
vt 0.500000 0.500000
vn 0.000000 1.000000 0.000000
v -6.170714 0.578303 1.384098
vt 0.433887 0.550730
vn -0.565913 -0.755900 -0.329177
v -6.255790 0.595930 1.511425
vt 0.427831 0.541667
vn -0.607581 -0.747929 -0.267295
f 58/58/58 59/59/59 60/60/60
v -5.241935 0.629032 2.096774
vt 0.500000 0.500000
vn 0.000000 1.000000 0.000000
v -6.255790 0.595930 1.511425
vt 0.427831 0.541667
vn -0.607581 -0.747929 -0.267295
v -6.323520 0.607781 1.648767
vt 0.423010 0.531890
vn -0.626342 -0.746470 -0.224672
f 61/61/61 62/62/62 63/63/63
v -5.241935 0.629032 2.096774
vt 0.500000 0.500000
vn 0.000000 1.000000 0.000000
v -6.323520 0.607781 1.648767
vt 0.423010 0.531890
vn -0.626342 -0.746470 -0.224672
v -6.372744 0.608956 1.793775
vt 0.419506 0.521568
vn -0.636737 -0.746504 -0.193123
f 64/64/64 65/65/65 66/66/66
v -5.241935 0.629032 2.096774
vt 0.500000 0.500000
vn 0.000000 1.000000 0.000000
v -6.372744 0.608956 1.793775
vt 0.419506 0.521568
vn -0.636737 -0.746504 -0.193123
v -6.402619 0.598971 1.943967
vt 0.417380 0.510877
vn -0.646920 -0.747252 -0.152018
f 67/67/67 68/68/68 69/69/69
v -5.241935 0.629032 2.096774
vt 0.500000 0.500000
vn 0.000000 1.000000 0.000000
v -6.402619 0.598971 1.943967
vt 0.417380 0.510877
vn -0.646920 -0.747252 -0.152018
v -6.412634 0.581952 2.096774
vt 0.416667 0.500000
vn -0.651857 -0.753694 -0.083834
f 70/70/70 71/71/71 72/72/72
v -5.241935 0.629032 2.096774
vt 0.500000 0.500000
vn 0.000000 1.000000 0.000000
v -6.412634 0.581952 2.096774
vt 0.416667 0.500000
vn -0.651857 -0.753694 -0.083834
v -6.402619 0.564933 2.249581
vt 0.417380 0.489123
vn -0.642066 -0.766480 0.016123
f 73/73/73 74/74/74 75/75/75
v -5.241935 0.629032 2.096774
vt 0.500000 0.500000
vn 0.000000 1.000000 0.000000
v -6.402619 0.564933 2.249581
vt 0.417380 0.489123
vn -0.642066 -0.766480 0.016123
v -6.372744 0.554948 2.399773
vt 0.419506 0.478432
vn -0.613425 -0.777060 0.141028
f 76/76/76 77/77/77 78/78/78
v -5.241935 0.629032 2.096774
vt 0.500000 0.500000
vn 0.000000 1.000000 0.000000
v -6.372744 0.554948 2.399773
vt 0.419506 0.478432
vn -0.613425 -0.777060 0.141028
v -6.323520 0.556123 2.544781
vt 0.423010 0.468110
vn -0.569543 -0.775688 0.271899
f 79/79/79 80/80/80 81/81/81
v -5.241935 0.629032 2.096774
vt 0.500000 0.500000
vn 0.000000 1.000000 0.000000
v -6.323520 0.556123 2.544781
vt 0.423010 0.468110
vn -0.569543 -0.775688 0.271899
v -6.255790 0.567973 2.682124
vt 0.427831 0.458333
vn -0.518564 -0.763717 0.384484
f 82/82/82 83/83/83 84/84/84
v -5.241935 0.629032 2.096774
vt 0.500000 0.500000
vn 0.000000 1.000000 0.000000
v -6.255790 0.567973 2.682124
vt 0.427831 0.458333
vn -0.518564 -0.763717 0.384484
v -6.170714 0.585601 2.809451
vt 0.433887 0.449270
vn -0.468502 -0.751780 0.464040
f 85/85/85 86/86/86 87/87/87
v -5.241935 0.629032 2.096774
vt 0.500000 0.500000
vn 0.000000 1.000000 0.000000
v -6.170714 0.585601 2.809451
vt 0.433887 0.449270
vn -0.468502 -0.751780 0.464040
v -6.069745 0.601721 2.924583
vt 0.441074 0.441074
vn -0.426573 -0.746817 0.510195
f 88/88/88 89/89/89 90/90/90
v -5.241935 0.629032 2.096774
vt 0.500000 0.500000
vn 0.000000 1.000000 0.000000
v -6.069745 0.601721 2.924583
vt 0.441074 0.441074
vn -0.426573 -0.746817 0.510195
v -5.954612 0.609670 3.025552
vt 0.449270 0.433887
vn -0.396275 -0.746540 0.534456
f 91/91/91 92/92/92 93/93/93
v -5.241935 0.629032 2.096774
vt 0.500000 0.500000
vn 0.000000 1.000000 0.000000
v -5.954612 0.609670 3.025552
vt 0.449270 0.433887
vn -0.396275 -0.746540 0.534456
v -5.827285 0.606163 3.110629
vt 0.458333 0.427831
vn -0.368343 -0.746480 0.554158
f 94/94/94 95/95/95 96/96/96
v -5.241935 0.629032 2.096774
vt 0.500000 0.500000
vn 0.000000 1.000000 0.000000
v -5.827285 0.606163 3.110629
vt 0.458333 0.427831
vn -0.368343 -0.746480 0.554158
v -5.689943 0.592651 3.178359
vt 0.468110 0.423010
vn -0.323134 -0.748904 0.578556
f 97/97/97 98/98/98 99/99/99
v -5.241935 0.629032 2.096774
vt 0.500000 0.500000
vn 0.000000 1.000000 0.000000
v -5.689943 0.592651 3.178359
vt 0.468110 0.423010
vn -0.323134 -0.748904 0.578556
v -5.544935 0.574716 3.227582
vt 0.478432 0.419506
vn -0.246109 -0.758340 0.603615
f 100/100/100 101/101/101 102/102/102
v -5.241935 0.629032 2.096774
vt 0.500000 0.500000
vn 0.000000 1.000000 0.000000
v -5.544935 0.574716 3.227582
vt 0.478432 0.419506
vn -0.246109 -0.758340 0.603615
v -5.394742 0.559772 3.257458
vt 0.489123 0.417380
vn -0.134801 -0.771654 0.621593
f 103/103/103 104/104/104 105/105/105
v -5.241935 0.629032 2.096774
vt 0.500000 0.500000
vn 0.000000 1.000000 0.000000
v -5.394742 0.559772 3.257458
vt 0.489123 0.417380
vn -0.134801 -0.771654 0.621593
v -5.241935 0.553995 3.267473
vt 0.500000 0.416667
vn 0.000000 -0.778190 0.628028
f 106/106/106 107/107/107 108/108/108
v -5.241935 0.629032 2.096774
vt 0.500000 0.500000
vn 0.000000 1.000000 0.000000
v -5.241935 0.553995 3.267473
vt 0.500000 0.416667
vn 0.000000 -0.778190 0.628028
v -5.089128 0.559772 3.257458
vt 0.510877 0.417380
vn 0.134801 -0.771654 0.621593
f 109/109/109 110/110/110 111/111/111
v -5.241935 0.629032 2.096774
vt 0.500000 0.500000
vn 0.000000 1.000000 0.000000
v -5.089128 0.559772 3.257458
vt 0.510877 0.417380
vn 0.134801 -0.771654 0.621593
v -4.938936 0.574716 3.227582
vt 0.521568 0.419506
vn 0.246109 -0.758341 0.603614
f 112/112/112 113/113/113 114/114/114
v -5.241935 0.629032 2.096774
vt 0.500000 0.500000
vn 0.000000 1.000000 0.000000
v -4.938936 0.574716 3.227582
vt 0.521568 0.419506
vn 0.246109 -0.758341 0.603614
v -4.793928 0.592651 3.178359
vt 0.531890 0.423010
vn 0.323135 -0.748904 0.578556
f 115/115/115 116/116/116 117/117/117
v -5.241935 0.629032 2.096774
vt 0.500000 0.500000
vn 0.000000 1.000000 0.000000
v -4.793928 0.592651 3.178359
vt 0.531890 0.423010
vn 0.323135 -0.748904 0.578556
v -4.656586 0.606163 3.110629
vt 0.541667 0.427831
vn 0.368343 -0.746479 0.554159
f 118/118/118 119/119/119 120/120/120
v -5.241935 0.629032 2.096774
vt 0.500000 0.500000
vn 0.000000 1.000000 0.000000
v -4.656586 0.606163 3.110629
vt 0.541667 0.427831
vn 0.368343 -0.746479 0.554159
v -4.529259 0.609670 3.025552
vt 0.550730 0.433887
vn 0.396275 -0.746541 0.534456
f 121/121/121 122/122/122 123/123/123
v -5.241935 0.629032 2.096774
vt 0.500000 0.500000
vn 0.000000 1.000000 0.000000
v -4.529259 0.609670 3.025552
vt 0.550730 0.433887
vn 0.396275 -0.746541 0.534456
v -4.414126 0.601721 2.924583
vt 0.558926 0.441074
vn 0.426572 -0.746817 0.510196
f 124/124/124 125/125/125 126/126/126
v -5.241935 0.629032 2.096774
vt 0.500000 0.500000
vn 0.000000 1.000000 0.000000
v -4.414126 0.601721 2.924583
vt 0.558926 0.441074
vn 0.426572 -0.746817 0.510196
v -4.313157 0.585601 2.809451
vt 0.566113 0.449270
vn 0.468501 -0.751780 0.464040
f 127/127/127 128/128/128 129/129/129
v -5.241935 0.629032 2.096774
vt 0.500000 0.500000
vn 0.000000 1.000000 0.000000
v -4.313157 0.585601 2.809451
vt 0.566113 0.449270
vn 0.468501 -0.751780 0.464040
v -4.228081 0.567973 2.682124
vt 0.572169 0.458333
vn 0.518568 -0.763713 0.384486
f 130/130/130 131/131/131 132/132/132
v -5.241935 0.629032 2.096774
vt 0.500000 0.500000
vn 0.000000 1.000000 0.000000
v -4.228081 0.567973 2.682124
vt 0.572169 0.458333
vn 0.518568 -0.763713 0.384486
v -4.160351 0.556123 2.544781
vt 0.576990 0.468110
vn 0.569535 -0.775695 0.271896
f 133/133/133 134/134/134 135/135/135
v -5.241935 0.629032 2.096774
vt 0.500000 0.500000
vn 0.000000 1.000000 0.000000
v -4.160351 0.556123 2.544781
vt 0.576990 0.468110
vn 0.569535 -0.775695 0.271896
v -4.111127 0.554948 2.399773
vt 0.580494 0.478432
vn 0.613429 -0.777056 0.141029
f 136/136/136 137/137/137 138/138/138
v -5.241935 0.629032 2.096774
vt 0.500000 0.500000
vn 0.000000 1.000000 0.000000
v -4.111127 0.554948 2.399773
vt 0.580494 0.478432
vn 0.613429 -0.777056 0.141029
v -4.081252 0.564933 2.249581
vt 0.582620 0.489123
vn 0.642062 -0.766484 0.016121
f 139/139/139 140/140/140 141/141/141
v -5.241935 0.629032 2.096774
vt 0.500000 0.500000
vn 0.000000 1.000000 0.000000
v -4.081252 0.564933 2.249581
vt 0.582620 0.489123
vn 0.642062 -0.766484 0.016121
v -4.071237 0.581952 2.096774
vt 0.583333 0.500000
vn 0.651867 -0.753685 -0.083834
f 142/142/142 143/143/143 144/144/144
v -4.071237 0.581952 2.096774
vt 0.583333 0.500000
vn 0.651867 -0.753685 -0.083834
v -4.081252 0.598971 1.943967
vt 0.582620 0.510877
vn 0.646915 -0.747256 -0.152019
v -2.920568 0.653363 1.791160
vt 0.665241 0.521754
vn 0.062340 -0.993356 -0.096730
f 145/145/145 146/146/146 147/147/147
v -4.071237 0.581952 2.096774
vt 0.583333 0.500000
vn 0.651867 -0.753685 -0.083834
v -2.920568 0.653363 1.791160
vt 0.665241 0.521754
vn 0.062340 -0.993356 -0.096730
v -2.900538 0.619325 2.096774
vt 0.666667 0.500000
vn 0.059895 -0.992072 -0.110477
f 148/148/148 149/149/149 150/150/150
v -4.081252 0.598971 1.943967
vt 0.582620 0.510877
vn 0.646915 -0.747256 -0.152019
v -4.111127 0.608956 1.793775
vt 0.580494 0.521568
vn 0.636742 -0.746500 -0.193125
v -2.980319 0.673334 1.490776
vt 0.660988 0.543137
vn 0.072894 -0.996123 -0.049244
f 151/151/151 152/152/152 153/153/153
v -4.081252 0.598971 1.943967
vt 0.582620 0.510877
vn 0.646915 -0.747256 -0.152019
v -2.980319 0.673334 1.490776
vt 0.660988 0.543137
vn 0.072894 -0.996123 -0.049244
v -2.920568 0.653363 1.791160
vt 0.665241 0.521754
vn 0.062340 -0.993356 -0.096730
f 154/154/154 155/155/155 156/156/156
v -4.111127 0.608956 1.793775
vt 0.580494 0.521568
vn 0.636742 -0.746500 -0.193125
v -4.160351 0.607781 1.648767
vt 0.576990 0.531890
vn 0.626335 -0.746478 -0.224668
v -3.078766 0.670983 1.200760
vt 0.653980 0.563781
vn 0.092102 -0.995719 0.007766
f 157/157/157 158/158/158 159/159/159
v -4.111127 0.608956 1.793775
vt 0.580494 0.521568
vn 0.636742 -0.746500 -0.193125
v -3.078766 0.670983 1.200760
vt 0.653980 0.563781
vn 0.092102 -0.995719 0.007766
v -2.980319 0.673334 1.490776
vt 0.660988 0.543137
vn 0.072894 -0.996123 -0.049244
f 160/160/160 161/161/161 162/162/162
v -4.160351 0.607781 1.648767
vt 0.576990 0.531890
vn 0.626335 -0.746478 -0.224668
v -4.228081 0.595930 1.511425
vt 0.572169 0.541667
vn 0.607585 -0.747926 -0.267296
v -3.214225 0.647282 0.926075
vt 0.644338 0.583333
vn 0.110067 -0.992811 0.047025
f 163/163/163 164/164/164 165/165/165
v -4.160351 0.607781 1.648767
vt 0.576990 0.531890
vn 0.626335 -0.746478 -0.224668
v -3.214225 0.647282 0.926075
vt 0.644338 0.583333
vn 0.110067 -0.992811 0.047025
v -3.078766 0.670983 1.200760
vt 0.653980 0.563781
vn 0.092102 -0.995719 0.007766
f 166/166/166 167/167/167 168/168/168
v -4.228081 0.595930 1.511425
vt 0.572169 0.541667
vn 0.607585 -0.747926 -0.267296
v -4.313157 0.578303 1.384098
vt 0.566113 0.550730
vn 0.565913 -0.755901 -0.329177
v -3.384380 0.612027 0.671422
vt 0.632226 0.601460
vn 0.111764 -0.992356 0.052323
f 169/169/169 170/170/170 171/171/171
v -4.228081 0.595930 1.511425
vt 0.572169 0.541667
vn 0.607585 -0.747926 -0.267296
v -3.384380 0.612027 0.671422
vt 0.632226 0.601460
vn 0.111764 -0.992356 0.052323
v -3.214225 0.647282 0.926075
vt 0.644338 0.583333
vn 0.110067 -0.992811 0.047025
f 172/172/172 173/173/173 174/174/174
v -4.313157 0.578303 1.384098
vt 0.566113 0.550730
vn 0.565913 -0.755901 -0.329177
v -4.414126 0.562183 1.268965
vt 0.558926 0.558926
vn 0.492777 -0.769158 -0.406898
v -3.586317 0.579788 0.441156
vt 0.617851 0.617851
vn 0.086010 -0.995987 0.024762
f 175/175/175 176/176/176 177/177/177
v -4.313157 0.578303 1.384098
vt 0.566113 0.550730
vn 0.565913 -0.755901 -0.329177
v -3.586317 0.579788 0.441156
vt 0.617851 0.617851
vn 0.086010 -0.995987 0.024762
v -3.384380 0.612027 0.671422
vt 0.632226 0.601460
vn 0.111764 -0.992356 0.052323
f 178/178/178 179/179/179 180/180/180
v -4.414126 0.562183 1.268965
vt 0.558926 0.558926
vn 0.492777 -0.769158 -0.406898
v -4.529259 0.554234 1.167996
vt 0.550730 0.566113
vn 0.391504 -0.777907 -0.491513
v -3.816583 0.563889 0.239218
vt 0.601460 0.632226
vn 0.033820 -0.999222 -0.020269
f 181/181/181 182/182/182 183/183/183
v -4.414126 0.562183 1.268965
vt 0.558926 0.558926
vn 0.492777 -0.769158 -0.406898
v -3.816583 0.563889 0.239218
vt 0.601460 0.632226
vn 0.033820 -0.999222 -0.020269
v -3.586317 0.579788 0.441156
vt 0.617851 0.617851
vn 0.086010 -0.995987 0.024762
f 184/184/184 185/185/185 186/186/186
v -4.529259 0.554234 1.167996
vt 0.550730 0.566113
vn 0.391504 -0.777907 -0.491513
v -4.656586 0.557740 1.082919
vt 0.541667 0.572169
vn 0.278443 -0.773861 -0.568867
v -4.071237 0.570902 0.069064
vt 0.583333 0.644338
vn -0.028225 -0.997676 -0.062019
f 187/187/187 188/188/188 189/189/189
v -4.529259 0.554234 1.167996
vt 0.550730 0.566113
vn 0.391504 -0.777907 -0.491513
v -4.071237 0.570902 0.069064
vt 0.583333 0.644338
vn -0.028225 -0.997676 -0.062019
v -3.816583 0.563889 0.239218
vt 0.601460 0.632226
vn 0.033820 -0.999222 -0.020269
f 190/190/190 191/191/191 192/192/192
v -4.656586 0.557740 1.082919
vt 0.541667 0.572169
vn 0.278443 -0.773861 -0.568867
v -4.793928 0.571253 1.015189
vt 0.531890 0.576990
vn 0.174151 -0.760980 -0.624965
v -4.345921 0.597928 -0.066395
vt 0.563781 0.653980
vn -0.074904 -0.993465 -0.086115
f 193/193/193 194/194/194 195/195/195
v -4.656586 0.557740 1.082919
vt 0.541667 0.572169
vn 0.278443 -0.773861 -0.568867
v -4.345921 0.597928 -0.066395
vt 0.563781 0.653980
vn -0.074904 -0.993465 -0.086115
v -4.071237 0.570902 0.069064
vt 0.583333 0.644338
vn -0.028225 -0.997676 -0.062019
f 196/196/196 197/197/197 198/198/198
v -4.793928 0.571253 1.015189
vt 0.531890 0.576990
vn 0.174151 -0.760980 -0.624965
v -4.938936 0.589188 0.965966
vt 0.521568 0.580494
vn 0.091911 -0.750175 -0.654820
v -4.635937 0.633797 -0.164842
vt 0.543137 0.660988
vn -0.086002 -0.992093 -0.091408
f 199/199/199 200/200/200 201/201/201
v -4.793928 0.571253 1.015189
vt 0.531890 0.576990
vn 0.174151 -0.760980 -0.624965
v -4.635937 0.633797 -0.164842
vt 0.543137 0.660988
vn -0.086002 -0.992093 -0.091408
v -4.345921 0.597928 -0.066395
vt 0.563781 0.653980
vn -0.074904 -0.993465 -0.086115
f 202/202/202 203/203/203 204/204/204
v -4.938936 0.589188 0.965966
vt 0.521568 0.580494
vn 0.091911 -0.750175 -0.654820
v -5.089128 0.604132 0.936091
vt 0.510877 0.582620
vn 0.036057 -0.746579 -0.664319
v -4.936322 0.663685 -0.224593
vt 0.521754 0.665241
vn -0.056540 -0.994599 -0.087044
f 205/205/205 206/206/206 207/207/207
v -4.938936 0.589188 0.965966
vt 0.521568 0.580494
vn 0.091911 -0.750175 -0.654820
v -4.936322 0.663685 -0.224593
vt 0.521754 0.665241
vn -0.056540 -0.994599 -0.087044
v -4.635937 0.633797 -0.164842
vt 0.543137 0.660988
vn -0.086002 -0.992093 -0.091408
f 208/208/208 209/209/209 210/210/210
v -5.089128 0.604132 0.936091
vt 0.510877 0.582620
vn 0.036057 -0.746579 -0.664319
v -5.241935 0.609909 0.926075
vt 0.500000 0.583333
vn 0.000000 -0.746554 -0.665325
v -5.241935 0.675239 -0.244624
vt 0.500000 0.666667
vn 0.000000 -0.996466 -0.083998
f 211/211/211 212/212/212 213/213/213
v -5.089128 0.604132 0.936091
vt 0.510877 0.582620
vn 0.036057 -0.746579 -0.664319
v -5.241935 0.675239 -0.244624
vt 0.500000 0.666667
vn 0.000000 -0.996466 -0.083998
v -4.936322 0.663685 -0.224593
vt 0.521754 0.665241
vn -0.056540 -0.994599 -0.087044
f 214/214/214 215/215/215 216/216/216
v -5.241935 0.609909 0.926075
vt 0.500000 0.583333
vn 0.000000 -0.746554 -0.665325
v -5.394742 0.604132 0.936091
vt 0.489123 0.582620
vn -0.036057 -0.746579 -0.664319
v -5.547549 0.663685 -0.224593
vt 0.478246 0.665241
vn 0.056540 -0.994599 -0.087044
f 217/217/217 218/218/218 219/219/219
v -5.241935 0.609909 0.926075
vt 0.500000 0.583333
vn 0.000000 -0.746554 -0.665325
v -5.547549 0.663685 -0.224593
vt 0.478246 0.665241
vn 0.056540 -0.994599 -0.087044
v -5.241935 0.675239 -0.244624
vt 0.500000 0.666667
vn 0.000000 -0.996466 -0.083998
f 220/220/220 221/221/221 222/222/222
v -5.394742 0.604132 0.936091
vt 0.489123 0.582620
vn -0.036057 -0.746579 -0.664319
v -5.544935 0.589188 0.965966
vt 0.478432 0.580494
vn -0.091912 -0.750175 -0.654820
v -5.847934 0.633797 -0.164842
vt 0.456863 0.660988
vn 0.086002 -0.992093 -0.091408
f 223/223/223 224/224/224 225/225/225
v -5.394742 0.604132 0.936091
vt 0.489123 0.582620
vn -0.036057 -0.746579 -0.664319
v -5.847934 0.633797 -0.164842
vt 0.456863 0.660988
vn 0.086002 -0.992093 -0.091408
v -5.547549 0.663685 -0.224593
vt 0.478246 0.665241
vn 0.056540 -0.994599 -0.087044
f 226/226/226 227/227/227 228/228/228
v -5.544935 0.589188 0.965966
vt 0.478432 0.580494
vn -0.091912 -0.750175 -0.654820
v -5.689943 0.571253 1.015189
vt 0.468110 0.576990
vn -0.174151 -0.760980 -0.624965
v -6.137949 0.597928 -0.066395
vt 0.436219 0.653980
vn 0.074904 -0.993465 -0.086115
f 229/229/229 230/230/230 231/231/231
v -5.544935 0.589188 0.965966
vt 0.478432 0.580494
vn -0.091912 -0.750175 -0.654820
v -6.137949 0.597928 -0.066395
vt 0.436219 0.653980
vn 0.074904 -0.993465 -0.086115
v -5.847934 0.633797 -0.164842
vt 0.456863 0.660988
vn 0.086002 -0.992093 -0.091408
f 232/232/232 233/233/233 234/234/234
v -5.689943 0.571253 1.015189
vt 0.468110 0.576990
vn -0.174151 -0.760980 -0.624965
v -5.827285 0.557740 1.082919
vt 0.458333 0.572169
vn -0.278443 -0.773861 -0.568867
v -6.412634 0.570902 0.069064
vt 0.416667 0.644338
vn 0.028225 -0.997676 -0.062019
f 235/235/235 236/236/236 237/237/237
v -5.689943 0.571253 1.015189
vt 0.468110 0.576990
vn -0.174151 -0.760980 -0.624965
v -6.412634 0.570902 0.069064
vt 0.416667 0.644338
vn 0.028225 -0.997676 -0.062019
v -6.137949 0.597928 -0.066395
vt 0.436219 0.653980
vn 0.074904 -0.993465 -0.086115
f 238/238/238 239/239/239 240/240/240
v -5.827285 0.557740 1.082919
vt 0.458333 0.572169
vn -0.278443 -0.773861 -0.568867
v -5.954612 0.554234 1.167996
vt 0.449270 0.566113
vn -0.391504 -0.777907 -0.491514
v -6.667288 0.563889 0.239218
vt 0.398540 0.632226
vn -0.033820 -0.999222 -0.020269
f 241/241/241 242/242/242 243/243/243
v -5.827285 0.557740 1.082919
vt 0.458333 0.572169
vn -0.278443 -0.773861 -0.568867
v -6.667288 0.563889 0.239218
vt 0.398540 0.632226
vn -0.033820 -0.999222 -0.020269
v -6.412634 0.570902 0.069064
vt 0.416667 0.644338
vn 0.028225 -0.997676 -0.062019
f 244/244/244 245/245/245 246/246/246
v -5.954612 0.554234 1.167996
vt 0.449270 0.566113
vn -0.391504 -0.777907 -0.491514
v -6.069745 0.562183 1.268965
vt 0.441074 0.558926
vn -0.492778 -0.769158 -0.406898
v -6.897554 0.579788 0.441156
vt 0.382149 0.617851
vn -0.086009 -0.995987 0.024762
f 247/247/247 248/248/248 249/249/249
v -5.954612 0.554234 1.167996
vt 0.449270 0.566113
vn -0.391504 -0.777907 -0.491514
v -6.897554 0.579788 0.441156
vt 0.382149 0.617851
vn -0.086009 -0.995987 0.024762
v -6.667288 0.563889 0.239218
vt 0.398540 0.632226
vn -0.033820 -0.999222 -0.020269
f 250/250/250 251/251/251 252/252/252
v -6.069745 0.562183 1.268965
vt 0.441074 0.558926
vn -0.492778 -0.769158 -0.406898
v -6.170714 0.578303 1.384098
vt 0.433887 0.550730
vn -0.565913 -0.755900 -0.329177
v -7.099491 0.612027 0.671422
vt 0.367774 0.601460
vn -0.111764 -0.992356 0.052323
f 253/253/253 254/254/254 255/255/255
v -6.069745 0.562183 1.268965
vt 0.441074 0.558926
vn -0.492778 -0.769158 -0.406898
v -7.099491 0.612027 0.671422
vt 0.367774 0.601460
vn -0.111764 -0.992356 0.052323
v -6.897554 0.579788 0.441156
vt 0.382149 0.617851
vn -0.086009 -0.995987 0.024762
f 256/256/256 257/257/257 258/258/258
v -6.170714 0.578303 1.384098
vt 0.433887 0.550730
vn -0.565913 -0.755900 -0.329177
v -6.255790 0.595930 1.511425
vt 0.427831 0.541667
vn -0.607581 -0.747929 -0.267295
v -7.269646 0.647282 0.926075
vt 0.355662 0.583333
vn -0.110067 -0.992811 0.047025
f 259/259/259 260/260/260 261/261/261
v -6.170714 0.578303 1.384098
vt 0.433887 0.550730
vn -0.565913 -0.755900 -0.329177
v -7.269646 0.647282 0.926075
vt 0.355662 0.583333
vn -0.110067 -0.992811 0.047025
v -7.099491 0.612027 0.671422
vt 0.367774 0.601460
vn -0.111764 -0.992356 0.052323
f 262/262/262 263/263/263 264/264/264
v -6.255790 0.595930 1.511425
vt 0.427831 0.541667
vn -0.607581 -0.747929 -0.267295
v -6.323520 0.607781 1.648767
vt 0.423010 0.531890
vn -0.626342 -0.746470 -0.224672
v -7.405105 0.670983 1.200760
vt 0.346020 0.563781
vn -0.092102 -0.995719 0.007766
f 265/265/265 266/266/266 267/267/267
v -6.255790 0.595930 1.511425
vt 0.427831 0.541667
vn -0.607581 -0.747929 -0.267295
v -7.405105 0.670983 1.200760
vt 0.346020 0.563781
vn -0.092102 -0.995719 0.007766
v -7.269646 0.647282 0.926075
vt 0.355662 0.583333
vn -0.110067 -0.992811 0.047025
f 268/268/268 269/269/269 270/270/270
v -6.323520 0.607781 1.648767
vt 0.423010 0.531890
vn -0.626342 -0.746470 -0.224672
v -6.372744 0.608956 1.793775
vt 0.419506 0.521568
vn -0.636737 -0.746504 -0.193123
v -7.503552 0.673334 1.490776
vt 0.339012 0.543137
vn -0.072894 -0.996123 -0.049244
f 271/271/271 272/272/272 273/273/273
v -6.323520 0.607781 1.648767
vt 0.423010 0.531890
vn -0.626342 -0.746470 -0.224672
v -7.503552 0.673334 1.490776
vt 0.339012 0.543137
vn -0.072894 -0.996123 -0.049244
v -7.405105 0.670983 1.200760
vt 0.346020 0.563781
vn -0.092102 -0.995719 0.007766
f 274/274/274 275/275/275 276/276/276
v -6.372744 0.608956 1.793775
vt 0.419506 0.521568
vn -0.636737 -0.746504 -0.193123
v -6.402619 0.598971 1.943967
vt 0.417380 0.510877
vn -0.646920 -0.747252 -0.152018
v -7.563302 0.653363 1.791160
vt 0.334759 0.521754
vn -0.062340 -0.993356 -0.096730
f 277/277/277 278/278/278 279/279/279
v -6.372744 0.608956 1.793775
vt 0.419506 0.521568
vn -0.636737 -0.746504 -0.193123
v -7.563302 0.653363 1.791160
vt 0.334759 0.521754
vn -0.062340 -0.993356 -0.096730
v -7.503552 0.673334 1.490776
vt 0.339012 0.543137
vn -0.072894 -0.996123 -0.049244
f 280/280/280 281/281/281 282/282/282
v -6.402619 0.598971 1.943967
vt 0.417380 0.510877
vn -0.646920 -0.747252 -0.152018
v -6.412634 0.581952 2.096774
vt 0.416667 0.500000
vn -0.651857 -0.753694 -0.083834
v -7.583333 0.619325 2.096774
vt 0.333333 0.500000
vn -0.059895 -0.992072 -0.110477
f 283/283/283 284/284/284 285/285/285
v -6.402619 0.598971 1.943967
vt 0.417380 0.510877
vn -0.646920 -0.747252 -0.152018
v -7.583333 0.619325 2.096774
vt 0.333333 0.500000
vn -0.059895 -0.992072 -0.110477
v -7.563302 0.653363 1.791160
vt 0.334759 0.521754
vn -0.062340 -0.993356 -0.096730
f 286/286/286 287/287/287 288/288/288
v -6.412634 0.581952 2.096774
vt 0.416667 0.500000
vn -0.651857 -0.753694 -0.083834
v -6.402619 0.564933 2.249581
vt 0.417380 0.489123
vn -0.642066 -0.766480 0.016123
v -7.563302 0.585287 2.402388
vt 0.334759 0.478246
vn -0.056679 -0.995091 -0.081120
f 289/289/289 290/290/290 291/291/291
v -6.412634 0.581952 2.096774
vt 0.416667 0.500000
vn -0.651857 -0.753694 -0.083834
v -7.563302 0.585287 2.402388
vt 0.334759 0.478246
vn -0.056679 -0.995091 -0.081120
v -7.583333 0.619325 2.096774
vt 0.333333 0.500000
vn -0.059895 -0.992072 -0.110477
f 292/292/292 293/293/293 294/294/294
v -6.402619 0.564933 2.249581
vt 0.417380 0.489123
vn -0.642066 -0.766480 0.016123
v -6.372744 0.554948 2.399773
vt 0.419506 0.478432
vn -0.613425 -0.777060 0.141028
v -7.503552 0.565316 2.702772
vt 0.339012 0.456863
vn -0.043431 -0.998892 -0.018106
f 295/295/295 296/296/296 297/297/297
v -6.402619 0.564933 2.249581
vt 0.417380 0.489123
vn -0.642066 -0.766480 0.016123
v -7.503552 0.565316 2.702772
vt 0.339012 0.456863
vn -0.043431 -0.998892 -0.018106
v -7.563302 0.585287 2.402388
vt 0.334759 0.478246
vn -0.056679 -0.995091 -0.081120
f 298/298/298 299/299/299 300/300/300
v -6.372744 0.554948 2.399773
vt 0.419506 0.478432
vn -0.613425 -0.777060 0.141028
v -6.323520 0.556123 2.544781
vt 0.423010 0.468110
vn -0.569543 -0.775688 0.271899
v -7.405105 0.567667 2.992788
vt 0.346020 0.436219
vn -0.019085 -0.998366 0.053868
f 301/301/301 302/302/302 303/303/303
v -6.372744 0.554948 2.399773
vt 0.419506 0.478432
vn -0.613425 -0.777060 0.141028
v -7.405105 0.567667 2.992788
vt 0.346020 0.436219
vn -0.019085 -0.998366 0.053868
v -7.503552 0.565316 2.702772
vt 0.339012 0.456863
vn -0.043431 -0.998892 -0.018106
f 304/304/304 305/305/305 306/306/306
v -6.323520 0.556123 2.544781
vt 0.423010 0.468110
vn -0.569543 -0.775688 0.271899
v -6.255790 0.567973 2.682124
vt 0.427831 0.458333
vn -0.518564 -0.763717 0.384484
v -7.269646 0.591368 3.267473
vt 0.355662 0.416667
vn 0.006207 -0.994234 0.107049
f 307/307/307 308/308/308 309/309/309
v -6.323520 0.556123 2.544781
vt 0.423010 0.468110
vn -0.569543 -0.775688 0.271899
v -7.269646 0.591368 3.267473
vt 0.355662 0.416667
vn 0.006207 -0.994234 0.107049
v -7.405105 0.567667 2.992788
vt 0.346020 0.436219
vn -0.019085 -0.998366 0.053868
f 310/310/310 311/311/311 312/312/312
v -6.255790 0.567973 2.682124
vt 0.427831 0.458333
vn -0.518564 -0.763717 0.384484
v -6.170714 0.585601 2.809451
vt 0.433887 0.449270
vn -0.468502 -0.751780 0.464040
v -7.099491 0.626623 3.522127
vt 0.367774 0.398540
vn 0.016710 -0.991986 0.125240
f 313/313/313 314/314/314 315/315/315
v -6.255790 0.567973 2.682124
vt 0.427831 0.458333
vn -0.518564 -0.763717 0.384484
v -7.099491 0.626623 3.522127
vt 0.367774 0.398540
vn 0.016710 -0.991986 0.125240
v -7.269646 0.591368 3.267473
vt 0.355662 0.416667
vn 0.006207 -0.994234 0.107049
f 316/316/316 317/317/317 318/318/318
v -6.170714 0.585601 2.809451
vt 0.433887 0.449270
vn -0.468502 -0.751780 0.464040
v -6.069745 0.601721 2.924583
vt 0.441074 0.441074
vn -0.426573 -0.746817 0.510195
v -6.897554 0.658862 3.752392
vt 0.382149 0.382149
vn 0.001024 -0.993968 0.109661
f 319/319/319 320/320/320 321/321/321
v -6.170714 0.585601 2.809451
vt 0.433887 0.449270
vn -0.468502 -0.751780 0.464040
v -6.897554 0.658862 3.752392
vt 0.382149 0.382149
vn 0.001024 -0.993968 0.109661
v -7.099491 0.626623 3.522127
vt 0.367774 0.398540
vn 0.016710 -0.991986 0.125240
f 322/322/322 323/323/323 324/324/324
v -6.069745 0.601721 2.924583
vt 0.441074 0.441074
vn -0.426573 -0.746817 0.510195
v -5.954612 0.609670 3.025552
vt 0.449270 0.433887
vn -0.396275 -0.746540 0.534456
v -6.667288 0.674761 3.954330
vt 0.398540 0.367774
vn -0.039521 -0.996379 0.075285
f 325/325/325 326/326/326 327/327/327
v -6.069745 0.601721 2.924583
vt 0.441074 0.441074
vn -0.426573 -0.746817 0.510195
v -6.667288 0.674761 3.954330
vt 0.398540 0.367774
vn -0.039521 -0.996379 0.075285
v -6.897554 0.658862 3.752392
vt 0.382149 0.382149
vn 0.001024 -0.993968 0.109661
f 328/328/328 329/329/329 330/330/330
v -5.954612 0.609670 3.025552
vt 0.449270 0.433887
vn -0.396275 -0.746540 0.534456
v -5.827285 0.606163 3.110629
vt 0.458333 0.427831
vn -0.368343 -0.746480 0.554158
v -6.412634 0.667748 4.124484
vt 0.416667 0.355662
vn -0.088328 -0.995198 0.042186
f 331/331/331 332/332/332 333/333/333
v -5.954612 0.609670 3.025552
vt 0.449270 0.433887
vn -0.396275 -0.746540 0.534456
v -6.412634 0.667748 4.124484
vt 0.416667 0.355662
vn -0.088328 -0.995198 0.042186
v -6.667288 0.674761 3.954330
vt 0.398540 0.367774
vn -0.039521 -0.996379 0.075285
f 334/334/334 335/335/335 336/336/336
v -5.827285 0.606163 3.110629
vt 0.458333 0.427831
vn -0.368343 -0.746480 0.554158
v -5.689943 0.592651 3.178359
vt 0.468110 0.423010
vn -0.323134 -0.748904 0.578556
v -6.137949 0.640722 4.259944
vt 0.436219 0.346020
vn -0.120743 -0.992377 0.024664
f 337/337/337 338/338/338 339/339/339
v -5.827285 0.606163 3.110629
vt 0.458333 0.427831
vn -0.368343 -0.746480 0.554158
v -6.137949 0.640722 4.259944
vt 0.436219 0.346020
vn -0.120743 -0.992377 0.024664
v -6.412634 0.667748 4.124484
vt 0.416667 0.355662
vn -0.088328 -0.995198 0.042186
f 340/340/340 341/341/341 342/342/342
v -5.689943 0.592651 3.178359
vt 0.468110 0.423010
vn -0.323134 -0.748904 0.578556
v -5.544935 0.574716 3.227582
vt 0.478432 0.419506
vn -0.246109 -0.758340 0.603615
v -5.847934 0.604853 4.358391
vt 0.456863 0.339012
vn -0.117047 -0.992828 0.024335
f 343/343/343 344/344/344 345/345/345
v -5.689943 0.592651 3.178359
vt 0.468110 0.423010
vn -0.323134 -0.748904 0.578556
v -5.847934 0.604853 4.358391
vt 0.456863 0.339012
vn -0.117047 -0.992828 0.024335
v -6.137949 0.640722 4.259944
vt 0.436219 0.346020
vn -0.120743 -0.992377 0.024664
f 346/346/346 347/347/347 348/348/348
v -5.544935 0.574716 3.227582
vt 0.478432 0.419506
vn -0.246109 -0.758340 0.603615
v -5.394742 0.559772 3.257458
vt 0.489123 0.417380
vn -0.134801 -0.771654 0.621593
v -5.547549 0.574965 4.418141
vt 0.478246 0.334759
vn -0.072289 -0.996866 0.032134
f 349/349/349 350/350/350 351/351/351
v -5.544935 0.574716 3.227582
vt 0.478432 0.419506
vn -0.246109 -0.758340 0.603615
v -5.547549 0.574965 4.418141
vt 0.478246 0.334759
vn -0.072289 -0.996866 0.032134
v -5.847934 0.604853 4.358391
vt 0.456863 0.339012
vn -0.117047 -0.992828 0.024335
f 352/352/352 353/353/353 354/354/354
v -5.394742 0.559772 3.257458
vt 0.489123 0.417380
vn -0.134801 -0.771654 0.621593
v -5.241935 0.553995 3.267473
vt 0.500000 0.416667
vn 0.000000 -0.778190 0.628028
v -5.241935 0.563411 4.438172
vt 0.500000 0.333333
vn 0.000000 -0.999335 0.036469
f 355/355/355 356/356/356 357/357/357
v -5.394742 0.559772 3.257458
vt 0.489123 0.417380
vn -0.134801 -0.771654 0.621593
v -5.241935 0.563411 4.438172
vt 0.500000 0.333333
vn 0.000000 -0.999335 0.036469
v -5.547549 0.574965 4.418141
vt 0.478246 0.334759
vn -0.072289 -0.996866 0.032134
f 358/358/358 359/359/359 360/360/360
v -5.241935 0.553995 3.267473
vt 0.500000 0.416667
vn 0.000000 -0.778190 0.628028
v -5.089128 0.559772 3.257458
vt 0.510877 0.417380
vn 0.134801 -0.771654 0.621593
v -4.936322 0.574965 4.418141
vt 0.521754 0.334759
vn 0.072289 -0.996866 0.032134
f 361/361/361 362/362/362 363/363/363
v -5.241935 0.553995 3.267473
vt 0.500000 0.416667
vn 0.000000 -0.778190 0.628028
v -4.936322 0.574965 4.418141
vt 0.521754 0.334759
vn 0.072289 -0.996866 0.032134
v -5.241935 0.563411 4.438172
vt 0.500000 0.333333
vn 0.000000 -0.999335 0.036469
f 364/364/364 365/365/365 366/366/366
v -5.089128 0.559772 3.257458
vt 0.510877 0.417380
vn 0.134801 -0.771654 0.621593
v -4.938936 0.574716 3.227582
vt 0.521568 0.419506
vn 0.246109 -0.758341 0.603614
v -4.635937 0.604853 4.358391
vt 0.543137 0.339012
vn 0.117047 -0.992828 0.024335
f 367/367/367 368/368/368 369/369/369
v -5.089128 0.559772 3.257458
vt 0.510877 0.417380
vn 0.134801 -0.771654 0.621593
v -4.635937 0.604853 4.358391
vt 0.543137 0.339012
vn 0.117047 -0.992828 0.024335
v -4.936322 0.574965 4.418141
vt 0.521754 0.334759
vn 0.072289 -0.996866 0.032134
f 370/370/370 371/371/371 372/372/372
v -4.938936 0.574716 3.227582
vt 0.521568 0.419506
vn 0.246109 -0.758341 0.603614
v -4.793928 0.592651 3.178359
vt 0.531890 0.423010
vn 0.323135 -0.748904 0.578556
v -4.345921 0.640722 4.259944
vt 0.563781 0.346020
vn 0.120743 -0.992377 0.024664
f 373/373/373 374/374/374 375/375/375
v -4.938936 0.574716 3.227582
vt 0.521568 0.419506
vn 0.246109 -0.758341 0.603614
v -4.345921 0.640722 4.259944
vt 0.563781 0.346020
vn 0.120743 -0.992377 0.024664
v -4.635937 0.604853 4.358391
vt 0.543137 0.339012
vn 0.117047 -0.992828 0.024335
f 376/376/376 377/377/377 378/378/378
v -4.793928 0.592651 3.178359
vt 0.531890 0.423010
vn 0.323135 -0.748904 0.578556
v -4.656586 0.606163 3.110629
vt 0.541667 0.427831
vn 0.368343 -0.746479 0.554159
v -4.071237 0.667748 4.124484
vt 0.583333 0.355662
vn 0.088328 -0.995198 0.042187
f 379/379/379 380/380/380 381/381/381
v -4.793928 0.592651 3.178359
vt 0.531890 0.423010
vn 0.323135 -0.748904 0.578556
v -4.071237 0.667748 4.124484
vt 0.583333 0.355662
vn 0.088328 -0.995198 0.042187
v -4.345921 0.640722 4.259944
vt 0.563781 0.346020
vn 0.120743 -0.992377 0.024664
f 382/382/382 383/383/383 384/384/384
v -4.656586 0.606163 3.110629
vt 0.541667 0.427831
vn 0.368343 -0.746479 0.554159
v -4.529259 0.609670 3.025552
vt 0.550730 0.433887
vn 0.396275 -0.746541 0.534456
v -3.816583 0.674761 3.954330
vt 0.601460 0.367774
vn 0.039521 -0.996379 0.075285
f 385/385/385 386/386/386 387/387/387
v -4.656586 0.606163 3.110629
vt 0.541667 0.427831
vn 0.368343 -0.746479 0.554159
v -3.816583 0.674761 3.954330
vt 0.601460 0.367774
vn 0.039521 -0.996379 0.075285
v -4.071237 0.667748 4.124484
vt 0.583333 0.355662
vn 0.088328 -0.995198 0.042187
f 388/388/388 389/389/389 390/390/390
v -4.529259 0.609670 3.025552
vt 0.550730 0.433887
vn 0.396275 -0.746541 0.534456
v -4.414126 0.601721 2.924583
vt 0.558926 0.441074
vn 0.426572 -0.746817 0.510196
v -3.586317 0.658862 3.752392
vt 0.617851 0.382149
vn -0.001024 -0.993969 0.109661
f 391/391/391 392/392/392 393/393/393
v -4.529259 0.609670 3.025552
vt 0.550730 0.433887
vn 0.396275 -0.746541 0.534456
v -3.586317 0.658862 3.752392
vt 0.617851 0.382149
vn -0.001024 -0.993969 0.109661
v -3.816583 0.674761 3.954330
vt 0.601460 0.367774
vn 0.039521 -0.996379 0.075285
f 394/394/394 395/395/395 396/396/396
v -4.414126 0.601721 2.924583
vt 0.558926 0.441074
vn 0.426572 -0.746817 0.510196
v -4.313157 0.585601 2.809451
vt 0.566113 0.449270
vn 0.468501 -0.751780 0.464040
v -3.384380 0.626623 3.522127
vt 0.632226 0.398540
vn -0.016710 -0.991986 0.125240
f 397/397/397 398/398/398 399/399/399
v -4.414126 0.601721 2.924583
vt 0.558926 0.441074
vn 0.426572 -0.746817 0.510196
v -3.384380 0.626623 3.522127
vt 0.632226 0.398540
vn -0.016710 -0.991986 0.125240
v -3.586317 0.658862 3.752392
vt 0.617851 0.382149
vn -0.001024 -0.993969 0.109661
f 400/400/400 401/401/401 402/402/402
v -4.313157 0.585601 2.809451
vt 0.566113 0.449270
vn 0.468501 -0.751780 0.464040
v -4.228081 0.567973 2.682124
vt 0.572169 0.458333
vn 0.518568 -0.763713 0.384486
v -3.214225 0.591368 3.267473
vt 0.644338 0.416667
vn -0.006207 -0.994234 0.107049
f 403/403/403 404/404/404 405/405/405
v -4.313157 0.585601 2.809451
vt 0.566113 0.449270
vn 0.468501 -0.751780 0.464040
v -3.214225 0.591368 3.267473
vt 0.644338 0.416667
vn -0.006207 -0.994234 0.107049
v -3.384380 0.626623 3.522127
vt 0.632226 0.398540
vn -0.016710 -0.991986 0.125240
f 406/406/406 407/407/407 408/408/408
v -4.228081 0.567973 2.682124
vt 0.572169 0.458333
vn 0.518568 -0.763713 0.384486
v -4.160351 0.556123 2.544781
vt 0.576990 0.468110
vn 0.569535 -0.775695 0.271896
v -3.078766 0.567667 2.992788
vt 0.653980 0.436219
vn 0.019085 -0.998366 0.053868
f 409/409/409 410/410/410 411/411/411
v -4.228081 0.567973 2.682124
vt 0.572169 0.458333
vn 0.518568 -0.763713 0.384486
v -3.078766 0.567667 2.992788
vt 0.653980 0.436219
vn 0.019085 -0.998366 0.053868
v -3.214225 0.591368 3.267473
vt 0.644338 0.416667
vn -0.006207 -0.994234 0.107049
f 412/412/412 413/413/413 414/414/414
v -4.160351 0.556123 2.544781
vt 0.576990 0.468110
vn 0.569535 -0.775695 0.271896
v -4.111127 0.554948 2.399773
vt 0.580494 0.478432
vn 0.613429 -0.777056 0.141029
v -2.980319 0.565316 2.702772
vt 0.660988 0.456863
vn 0.043431 -0.998892 -0.018106
f 415/415/415 416/416/416 417/417/417
v -4.160351 0.556123 2.544781
vt 0.576990 0.468110
vn 0.569535 -0.775695 0.271896
v -2.980319 0.565316 2.702772
vt 0.660988 0.456863
vn 0.043431 -0.998892 -0.018106
v -3.078766 0.567667 2.992788
vt 0.653980 0.436219
vn 0.019085 -0.998366 0.053868
f 418/418/418 419/419/419 420/420/420
v -4.111127 0.554948 2.399773
vt 0.580494 0.478432
vn 0.613429 -0.777056 0.141029
v -4.081252 0.564933 2.249581
vt 0.582620 0.489123
vn 0.642062 -0.766484 0.016121
v -2.920568 0.585287 2.402388
vt 0.665241 0.478246
vn 0.056679 -0.995091 -0.081120
f 421/421/421 422/422/422 423/423/423
v -4.111127 0.554948 2.399773
vt 0.580494 0.478432
vn 0.613429 -0.777056 0.141029
v -2.920568 0.585287 2.402388
vt 0.665241 0.478246
vn 0.056679 -0.995091 -0.081120
v -2.980319 0.565316 2.702772
vt 0.660988 0.456863
vn 0.043431 -0.998892 -0.018106
f 424/424/424 425/425/425 426/426/426
v -4.081252 0.564933 2.249581
vt 0.582620 0.489123
vn 0.642062 -0.766484 0.016121
v -4.071237 0.581952 2.096774
vt 0.583333 0.500000
vn 0.651867 -0.753685 -0.083834
v -2.900538 0.619325 2.096774
vt 0.666667 0.500000
vn 0.059895 -0.992072 -0.110477
f 427/427/427 428/428/428 429/429/429
v -4.081252 0.564933 2.249581
vt 0.582620 0.489123
vn 0.642062 -0.766484 0.016121
v -2.900538 0.619325 2.096774
vt 0.666667 0.500000
vn 0.059895 -0.992072 -0.110477
v -2.920568 0.585287 2.402388
vt 0.665241 0.478246
vn 0.056679 -0.995091 -0.081120
f 430/430/430 431/431/431 432/432/432
v -2.900538 0.619325 2.096774
vt 0.666667 0.500000
vn 0.059895 -0.992072 -0.110477
v -2.920568 0.653363 1.791160
vt 0.665241 0.521754
vn 0.062340 -0.993356 -0.096730
v -1.759885 0.771824 1.638354
vt 0.747861 0.532632
vn 0.129179 -0.986059 -0.104880
f 433/433/433 434/434/434 435/435/435
v -2.900538 0.619325 2.096774
vt 0.666667 0.500000
vn 0.059895 -0.992072 -0.110477
v -1.759885 0.771824 1.638354
vt 0.747861 0.532632
vn 0.129179 -0.986059 -0.104880
v -1.729839 0.720766 2.096774
vt 0.750000 0.500000
vn 0.127332 -0.985771 -0.109737
f 436/436/436 437/437/437 438/438/438
v -2.920568 0.653363 1.791160
vt 0.665241 0.521754
vn 0.062340 -0.993356 -0.096730
v -2.980319 0.673334 1.490776
vt 0.660988 0.543137
vn 0.072894 -0.996123 -0.049244
v -1.849510 0.801779 1.187777
vt 0.741481 0.564705
vn 0.138046 -0.988193 -0.066472
f 439/439/439 440/440/440 441/441/441
v -2.920568 0.653363 1.791160
vt 0.665241 0.521754
vn 0.062340 -0.993356 -0.096730
v -1.849510 0.801779 1.187777
vt 0.741481 0.564705
vn 0.138046 -0.988193 -0.066472
v -1.759885 0.771824 1.638354
vt 0.747861 0.532632
vn 0.129179 -0.986059 -0.104880
f 442/442/442 443/443/443 444/444/444
v -2.980319 0.673334 1.490776
vt 0.660988 0.543137
vn 0.072894 -0.996123 -0.049244
v -3.078766 0.670983 1.200760
vt 0.653980 0.563781
vn 0.092102 -0.995719 0.007766
v -1.997181 0.798253 0.752753
vt 0.730970 0.595671
vn 0.154227 -0.987866 -0.018320
f 445/445/445 446/446/446 447/447/447
v -2.980319 0.673334 1.490776
vt 0.660988 0.543137
vn 0.072894 -0.996123 -0.049244
v -1.997181 0.798253 0.752753
vt 0.730970 0.595671
vn 0.154227 -0.987866 -0.018320
v -1.849510 0.801779 1.187777
vt 0.741481 0.564705
vn 0.138046 -0.988193 -0.066472
f 448/448/448 449/449/449 450/450/450
v -3.078766 0.670983 1.200760
vt 0.653980 0.563781
vn 0.092102 -0.995719 0.007766
v -3.214225 0.647282 0.926075
vt 0.644338 0.583333
vn 0.110067 -0.992811 0.047025
v -2.200371 0.762702 0.340726
vt 0.716506 0.625000
vn 0.168032 -0.985699 0.012761
f 451/451/451 452/452/452 453/453/453
v -3.078766 0.670983 1.200760
vt 0.653980 0.563781
vn 0.092102 -0.995719 0.007766
v -2.200371 0.762702 0.340726
vt 0.716506 0.625000
vn 0.168032 -0.985699 0.012761
v -1.997181 0.798253 0.752753
vt 0.730970 0.595671
vn 0.154227 -0.987866 -0.018320
f 454/454/454 455/455/455 456/456/456
v -3.214225 0.647282 0.926075
vt 0.644338 0.583333
vn 0.110067 -0.992811 0.047025
v -3.384380 0.612027 0.671422
vt 0.632226 0.601460
vn 0.111764 -0.992356 0.052323
v -2.455602 0.709819 -0.041255
vt 0.698338 0.652190
vn 0.164873 -0.986257 0.010664
f 457/457/457 458/458/458 459/459/459
v -3.214225 0.647282 0.926075
vt 0.644338 0.583333
vn 0.110067 -0.992811 0.047025
v -2.455602 0.709819 -0.041255
vt 0.698338 0.652190
vn 0.164873 -0.986257 0.010664
v -2.200371 0.762702 0.340726
vt 0.716506 0.625000
vn 0.168032 -0.985699 0.012761
f 460/460/460 461/461/461 462/462/462
v -3.384380 0.612027 0.671422
vt 0.632226 0.601460
vn 0.111764 -0.992356 0.052323
v -3.586317 0.579788 0.441156
vt 0.617851 0.617851
vn 0.086010 -0.995987 0.024762
v -2.758508 0.661460 -0.386653
vt 0.676777 0.676777
vn 0.133683 -0.990744 -0.023579
f 463/463/463 464/464/464 465/465/465
v -3.384380 0.612027 0.671422
vt 0.632226 0.601460
vn 0.111764 -0.992356 0.052323
v -2.758508 0.661460 -0.386653
vt 0.676777 0.676777
vn 0.133683 -0.990744 -0.023579
v -2.455602 0.709819 -0.041255
vt 0.698338 0.652190
vn 0.164873 -0.986257 0.010664
f 466/466/466 467/467/467 468/468/468
v -3.586317 0.579788 0.441156
vt 0.617851 0.617851
vn 0.086010 -0.995987 0.024762
v -3.816583 0.563889 0.239218
vt 0.601460 0.632226
vn 0.033820 -0.999222 -0.020269
v -3.103906 0.637613 -0.689559
vt 0.652190 0.698338
vn 0.075258 -0.994384 -0.074409
f 469/469/469 470/470/470 471/471/471
v -3.586317 0.579788 0.441156
vt 0.617851 0.617851
vn 0.086010 -0.995987 0.024762
v -3.103906 0.637613 -0.689559
vt 0.652190 0.698338
vn 0.075258 -0.994384 -0.074409
v -2.758508 0.661460 -0.386653
vt 0.676777 0.676777
vn 0.133683 -0.990744 -0.023579
f 472/472/472 473/473/473 474/474/474
v -3.816583 0.563889 0.239218
vt 0.601460 0.632226
vn 0.033820 -0.999222 -0.020269
v -4.071237 0.570902 0.069064
vt 0.583333 0.644338
vn -0.028225 -0.997676 -0.062019
v -3.485887 0.648132 -0.944791
vt 0.625000 0.716506
vn 0.006080 -0.992660 -0.120785
f 475/475/475 476/476/476 477/477/477
v -3.816583 0.563889 0.239218
vt 0.601460 0.632226
vn 0.033820 -0.999222 -0.020269
v -3.485887 0.648132 -0.944791
vt 0.625000 0.716506
vn 0.006080 -0.992660 -0.120785
v -3.103906 0.637613 -0.689559
vt 0.652190 0.698338
vn 0.075258 -0.994384 -0.074409
f 478/478/478 479/479/479 480/480/480
v -4.071237 0.570902 0.069064
vt 0.583333 0.644338
vn -0.028225 -0.997676 -0.062019
v -4.345921 0.597928 -0.066395
vt 0.563781 0.653980
vn -0.074904 -0.993465 -0.086115
v -3.897914 0.688670 -1.147980
vt 0.595671 0.730970
vn -0.048423 -0.987748 -0.148358
f 481/481/481 482/482/482 483/483/483
v -4.071237 0.570902 0.069064
vt 0.583333 0.644338
vn -0.028225 -0.997676 -0.062019
v -3.897914 0.688670 -1.147980
vt 0.595671 0.730970
vn -0.048423 -0.987748 -0.148358
v -3.485887 0.648132 -0.944791
vt 0.625000 0.716506
vn 0.006080 -0.992660 -0.120785
f 484/484/484 485/485/485 486/486/486
v -4.345921 0.597928 -0.066395
vt 0.563781 0.653980
vn -0.074904 -0.993465 -0.086115
v -4.635937 0.633797 -0.164842
vt 0.543137 0.660988
vn -0.086002 -0.992093 -0.091408
v -4.332938 0.742474 -1.295651
vt 0.564705 0.741481
vn -0.067850 -0.985380 -0.156280
f 487/487/487 488/488/488 489/489/489
v -4.345921 0.597928 -0.066395
vt 0.563781 0.653980
vn -0.074904 -0.993465 -0.086115
v -4.332938 0.742474 -1.295651
vt 0.564705 0.741481
vn -0.067850 -0.985380 -0.156280
v -3.897914 0.688670 -1.147980
vt 0.595671 0.730970
vn -0.048423 -0.987748 -0.148358
f 490/490/490 491/491/491 492/492/492
v -4.635937 0.633797 -0.164842
vt 0.543137 0.660988
vn -0.086002 -0.992093 -0.091408
v -4.936322 0.663685 -0.224593
vt 0.521754 0.665241
vn -0.056540 -0.994599 -0.087044
v -4.783515 0.787305 -1.385276
vt 0.532632 0.747861
vn -0.047245 -0.986979 -0.153752
f 493/493/493 494/494/494 495/495/495
v -4.635937 0.633797 -0.164842
vt 0.543137 0.660988
vn -0.086002 -0.992093 -0.091408
v -4.783515 0.787305 -1.385276
vt 0.532632 0.747861
vn -0.047245 -0.986979 -0.153752
v -4.332938 0.742474 -1.295651
vt 0.564705 0.741481
vn -0.067850 -0.985380 -0.156280
f 496/496/496 497/497/497 498/498/498
v -4.936322 0.663685 -0.224593
vt 0.521754 0.665241
vn -0.056540 -0.994599 -0.087044
v -5.241935 0.675239 -0.244624
vt 0.500000 0.666667
vn 0.000000 -0.996466 -0.083998
v -5.241935 0.804637 -1.415323
vt 0.500000 0.750000
vn 0.000000 -0.988473 -0.151398
f 499/499/499 500/500/500 501/501/501
v -4.936322 0.663685 -0.224593
vt 0.521754 0.665241
vn -0.056540 -0.994599 -0.087044
v -5.241935 0.804637 -1.415323
vt 0.500000 0.750000
vn 0.000000 -0.988473 -0.151398
v -4.783515 0.787305 -1.385276
vt 0.532632 0.747861
vn -0.047245 -0.986979 -0.153752
f 502/502/502 503/503/503 504/504/504
v -5.241935 0.675239 -0.244624
vt 0.500000 0.666667
vn 0.000000 -0.996466 -0.083998
v -5.547549 0.663685 -0.224593
vt 0.478246 0.665241
vn 0.056540 -0.994599 -0.087044
v -5.700356 0.787305 -1.385276
vt 0.467368 0.747861
vn 0.047245 -0.986979 -0.153752
f 505/505/505 506/506/506 507/507/507
v -5.241935 0.675239 -0.244624
vt 0.500000 0.666667
vn 0.000000 -0.996466 -0.083998
v -5.700356 0.787305 -1.385276
vt 0.467368 0.747861
vn 0.047245 -0.986979 -0.153752
v -5.241935 0.804637 -1.415323
vt 0.500000 0.750000
vn 0.000000 -0.988473 -0.151398
f 508/508/508 509/509/509 510/510/510
v -5.547549 0.663685 -0.224593
vt 0.478246 0.665241
vn 0.056540 -0.994599 -0.087044
v -5.847934 0.633797 -0.164842
vt 0.456863 0.660988
vn 0.086002 -0.992093 -0.091408
v -6.150933 0.742474 -1.295651
vt 0.435295 0.741481
vn 0.067850 -0.985379 -0.156281
f 511/511/511 512/512/512 513/513/513
v -5.547549 0.663685 -0.224593
vt 0.478246 0.665241
vn 0.056540 -0.994599 -0.087044
v -6.150933 0.742474 -1.295651
vt 0.435295 0.741481
vn 0.067850 -0.985379 -0.156281
v -5.700356 0.787305 -1.385276
vt 0.467368 0.747861
vn 0.047245 -0.986979 -0.153752
f 514/514/514 515/515/515 516/516/516
v -5.847934 0.633797 -0.164842
vt 0.456863 0.660988
vn 0.086002 -0.992093 -0.091408
v -6.137949 0.597928 -0.066395
vt 0.436219 0.653980
vn 0.074904 -0.993465 -0.086115
v -6.585957 0.688670 -1.147980
vt 0.404329 0.730970
vn 0.048423 -0.987748 -0.148358
f 517/517/517 518/518/518 519/519/519
v -5.847934 0.633797 -0.164842
vt 0.456863 0.660988
vn 0.086002 -0.992093 -0.091408
v -6.585957 0.688670 -1.147980
vt 0.404329 0.730970
vn 0.048423 -0.987748 -0.148358
v -6.150933 0.742474 -1.295651
vt 0.435295 0.741481
vn 0.067850 -0.985379 -0.156281
f 520/520/520 521/521/521 522/522/522
v -6.137949 0.597928 -0.066395
vt 0.436219 0.653980
vn 0.074904 -0.993465 -0.086115
v -6.412634 0.570902 0.069064
vt 0.416667 0.644338
vn 0.028225 -0.997676 -0.062019
v -6.997984 0.648132 -0.944791
vt 0.375000 0.716506
vn -0.006080 -0.992660 -0.120785
f 523/523/523 524/524/524 525/525/525
v -6.137949 0.597928 -0.066395
vt 0.436219 0.653980
vn 0.074904 -0.993465 -0.086115
v -6.997984 0.648132 -0.944791
vt 0.375000 0.716506
vn -0.006080 -0.992660 -0.120785
v -6.585957 0.688670 -1.147980
vt 0.404329 0.730970
vn 0.048423 -0.987748 -0.148358
f 526/526/526 527/527/527 528/528/528
v -6.412634 0.570902 0.069064
vt 0.416667 0.644338
vn 0.028225 -0.997676 -0.062019
v -6.667288 0.563889 0.239218
vt 0.398540 0.632226
vn -0.033820 -0.999222 -0.020269
v -7.379965 0.637613 -0.689559
vt 0.347810 0.698338
vn -0.075258 -0.994384 -0.074409
f 529/529/529 530/530/530 531/531/531
v -6.412634 0.570902 0.069064
vt 0.416667 0.644338
vn 0.028225 -0.997676 -0.062019
v -7.379965 0.637613 -0.689559
vt 0.347810 0.698338
vn -0.075258 -0.994384 -0.074409
v -6.997984 0.648132 -0.944791
vt 0.375000 0.716506
vn -0.006080 -0.992660 -0.120785
f 532/532/532 533/533/533 534/534/534
v -6.667288 0.563889 0.239218
vt 0.398540 0.632226
vn -0.033820 -0.999222 -0.020269
v -6.897554 0.579788 0.441156
vt 0.382149 0.617851
vn -0.086009 -0.995987 0.024762
v -7.725363 0.661460 -0.386653
vt 0.323223 0.676777
vn -0.133683 -0.990744 -0.023579
f 535/535/535 536/536/536 537/537/537
v -6.667288 0.563889 0.239218
vt 0.398540 0.632226
vn -0.033820 -0.999222 -0.020269
v -7.725363 0.661460 -0.386653
vt 0.323223 0.676777
vn -0.133683 -0.990744 -0.023579
v -7.379965 0.637613 -0.689559
vt 0.347810 0.698338
vn -0.075258 -0.994384 -0.074409
f 538/538/538 539/539/539 540/540/540
v -6.897554 0.579788 0.441156
vt 0.382149 0.617851
vn -0.086009 -0.995987 0.024762
v -7.099491 0.612027 0.671422
vt 0.367774 0.601460
vn -0.111764 -0.992356 0.052323
v -8.028269 0.709819 -0.041255
vt 0.301662 0.652190
vn -0.164873 -0.986257 0.010664
f 541/541/541 542/542/542 543/543/543
v -6.897554 0.579788 0.441156
vt 0.382149 0.617851
vn -0.086009 -0.995987 0.024762
v -8.028269 0.709819 -0.041255
vt 0.301662 0.652190
vn -0.164873 -0.986257 0.010664
v -7.725363 0.661460 -0.386653
vt 0.323223 0.676777
vn -0.133683 -0.990744 -0.023579
f 544/544/544 545/545/545 546/546/546
v -7.099491 0.612027 0.671422
vt 0.367774 0.601460
vn -0.111764 -0.992356 0.052323
v -7.269646 0.647282 0.926075
vt 0.355662 0.583333
vn -0.110067 -0.992811 0.047025
v -8.283500 0.762702 0.340726
vt 0.283494 0.625000
vn -0.168032 -0.985699 0.012761
f 547/547/547 548/548/548 549/549/549
v -7.099491 0.612027 0.671422
vt 0.367774 0.601460
vn -0.111764 -0.992356 0.052323
v -8.283500 0.762702 0.340726
vt 0.283494 0.625000
vn -0.168032 -0.985699 0.012761
v -8.028269 0.709819 -0.041255
vt 0.301662 0.652190
vn -0.164873 -0.986257 0.010664
f 550/550/550 551/551/551 552/552/552
v -7.269646 0.647282 0.926075
vt 0.355662 0.583333
vn -0.110067 -0.992811 0.047025
v -7.405105 0.670983 1.200760
vt 0.346020 0.563781
vn -0.092102 -0.995719 0.007766
v -8.486690 0.798253 0.752753
vt 0.269030 0.595671
vn -0.154227 -0.987866 -0.018320
f 553/553/553 554/554/554 555/555/555
v -7.269646 0.647282 0.926075
vt 0.355662 0.583333
vn -0.110067 -0.992811 0.047025
v -8.486690 0.798253 0.752753
vt 0.269030 0.595671
vn -0.154227 -0.987866 -0.018320
v -8.283500 0.762702 0.340726
vt 0.283494 0.625000
vn -0.168032 -0.985699 0.012761
f 556/556/556 557/557/557 558/558/558
v -7.405105 0.670983 1.200760
vt 0.346020 0.563781
vn -0.092102 -0.995719 0.007766
v -7.503552 0.673334 1.490776
vt 0.339012 0.543137
vn -0.072894 -0.996123 -0.049244
v -8.634360 0.801779 1.187777
vt 0.258519 0.564705
vn -0.138046 -0.988193 -0.066472
f 559/559/559 560/560/560 561/561/561
v -7.405105 0.670983 1.200760
vt 0.346020 0.563781
vn -0.092102 -0.995719 0.007766
v -8.634360 0.801779 1.187777
vt 0.258519 0.564705
vn -0.138046 -0.988193 -0.066472
v -8.486690 0.798253 0.752753
vt 0.269030 0.595671
vn -0.154227 -0.987866 -0.018320
f 562/562/562 563/563/563 564/564/564
v -7.503552 0.673334 1.490776
vt 0.339012 0.543137
vn -0.072894 -0.996123 -0.049244
v -7.563302 0.653363 1.791160
vt 0.334759 0.521754
vn -0.062340 -0.993356 -0.096730
v -8.723986 0.771824 1.638354
vt 0.252139 0.532632
vn -0.129179 -0.986059 -0.104880
f 565/565/565 566/566/566 567/567/567
v -7.503552 0.673334 1.490776
vt 0.339012 0.543137
vn -0.072894 -0.996123 -0.049244
v -8.723986 0.771824 1.638354
vt 0.252139 0.532632
vn -0.129179 -0.986059 -0.104880
v -8.634360 0.801779 1.187777
vt 0.258519 0.564705
vn -0.138046 -0.988193 -0.066472
f 568/568/568 569/569/569 570/570/570
v -7.563302 0.653363 1.791160
vt 0.334759 0.521754
vn -0.062340 -0.993356 -0.096730
v -7.583333 0.619325 2.096774
vt 0.333333 0.500000
vn -0.059895 -0.992072 -0.110477
v -8.754033 0.720766 2.096774
vt 0.250000 0.500000
vn -0.127332 -0.985771 -0.109737
f 571/571/571 572/572/572 573/573/573
v -7.563302 0.653363 1.791160
vt 0.334759 0.521754
vn -0.062340 -0.993356 -0.096730
v -8.754033 0.720766 2.096774
vt 0.250000 0.500000
vn -0.127332 -0.985771 -0.109737
v -8.723986 0.771824 1.638354
vt 0.252139 0.532632
vn -0.129179 -0.986059 -0.104880
f 574/574/574 575/575/575 576/576/576
v -7.583333 0.619325 2.096774
vt 0.333333 0.500000
vn -0.059895 -0.992072 -0.110477
v -7.563302 0.585287 2.402388
vt 0.334759 0.478246
vn -0.056679 -0.995091 -0.081120
v -8.723986 0.669709 2.555195
vt 0.252139 0.467368
vn -0.123837 -0.989706 -0.071737
f 577/577/577 578/578/578 579/579/579
v -7.583333 0.619325 2.096774
vt 0.333333 0.500000
vn -0.059895 -0.992072 -0.110477
v -8.723986 0.669709 2.555195
vt 0.252139 0.467368
vn -0.123837 -0.989706 -0.071737
v -8.754033 0.720766 2.096774
vt 0.250000 0.500000
vn -0.127332 -0.985771 -0.109737
f 580/580/580 581/581/581 582/582/582
v -7.563302 0.585287 2.402388
vt 0.334759 0.478246
vn -0.056679 -0.995091 -0.081120
v -7.503552 0.565316 2.702772
vt 0.339012 0.456863
vn -0.043431 -0.998892 -0.018106
v -8.634360 0.639753 3.005772
vt 0.258519 0.435295
vn -0.109216 -0.994018 -0.000307
f 583/583/583 584/584/584 585/585/585
v -7.563302 0.585287 2.402388
vt 0.334759 0.478246
vn -0.056679 -0.995091 -0.081120
v -8.634360 0.639753 3.005772
vt 0.258519 0.435295
vn -0.109216 -0.994018 -0.000307
v -8.723986 0.669709 2.555195
vt 0.252139 0.467368
vn -0.123837 -0.989706 -0.071737
f 586/586/586 587/587/587 588/588/588
v -7.503552 0.565316 2.702772
vt 0.339012 0.456863
vn -0.043431 -0.998892 -0.018106
v -7.405105 0.567667 2.992788
vt 0.346020 0.436219
vn -0.019085 -0.998366 0.053868
v -8.486690 0.643279 3.440795
vt 0.269030 0.404329
vn -0.082101 -0.993432 0.079702
f 589/589/589 590/590/590 591/591/591
v -7.503552 0.565316 2.702772
vt 0.339012 0.456863
vn -0.043431 -0.998892 -0.018106
v -8.486690 0.643279 3.440795
vt 0.269030 0.404329
vn -0.082101 -0.993432 0.079702
v -8.634360 0.639753 3.005772
vt 0.258519 0.435295
vn -0.109216 -0.994018 -0.000307
f 592/592/592 593/593/593 594/594/594
v -7.405105 0.567667 2.992788
vt 0.346020 0.436219
vn -0.019085 -0.998366 0.053868
v -7.269646 0.591368 3.267473
vt 0.355662 0.416667
vn 0.006207 -0.994234 0.107049
v -8.283500 0.678831 3.852823
vt 0.283494 0.375000
vn -0.052739 -0.988690 0.140395
f 595/595/595 596/596/596 597/597/597
v -7.405105 0.567667 2.992788
vt 0.346020 0.436219
vn -0.019085 -0.998366 0.053868
v -8.283500 0.678831 3.852823
vt 0.283494 0.375000
vn -0.052739 -0.988690 0.140395
v -8.486690 0.643279 3.440795
vt 0.269030 0.404329
vn -0.082101 -0.993432 0.079702
f 598/598/598 599/599/599 600/600/600
v -7.269646 0.591368 3.267473
vt 0.355662 0.416667
vn 0.006207 -0.994234 0.107049
v -7.099491 0.626623 3.522127
vt 0.367774 0.398540
vn 0.016710 -0.991986 0.125240
v -8.028269 0.731713 4.234803
vt 0.301662 0.347810
vn -0.037211 -0.985478 0.165673
f 601/601/601 602/602/602 603/603/603
v -7.269646 0.591368 3.267473
vt 0.355662 0.416667
vn 0.006207 -0.994234 0.107049
v -8.028269 0.731713 4.234803
vt 0.301662 0.347810
vn -0.037211 -0.985478 0.165673
v -8.283500 0.678831 3.852823
vt 0.283494 0.375000
vn -0.052739 -0.988690 0.140395
f 604/604/604 605/605/605 606/606/606
v -7.099491 0.626623 3.522127
vt 0.367774 0.398540
vn 0.016710 -0.991986 0.125240
v -6.897554 0.658862 3.752392
vt 0.382149 0.382149
vn 0.001024 -0.993968 0.109661
v -7.725363 0.780072 4.580202
vt 0.323223 0.323223
vn -0.047003 -0.986501 0.156864
f 607/607/607 608/608/608 609/609/609
v -7.099491 0.626623 3.522127
vt 0.367774 0.398540
vn 0.016710 -0.991986 0.125240
v -7.725363 0.780072 4.580202
vt 0.323223 0.323223
vn -0.047003 -0.986501 0.156864
v -8.028269 0.731713 4.234803
vt 0.301662 0.347810
vn -0.037211 -0.985478 0.165673
f 610/610/610 611/611/611 612/612/612
v -6.897554 0.658862 3.752392
vt 0.382149 0.382149
vn 0.001024 -0.993968 0.109661
v -6.667288 0.674761 3.954330
vt 0.398540 0.367774
vn -0.039521 -0.996379 0.075285
v -7.379965 0.803920 4.883108
vt 0.347810 0.301662
vn -0.080639 -0.988401 0.128687
f 613/613/613 614/614/614 615/615/615
v -6.897554 0.658862 3.752392
vt 0.382149 0.382149
vn 0.001024 -0.993968 0.109661
v -7.379965 0.803920 4.883108
vt 0.347810 0.301662
vn -0.080639 -0.988401 0.128687
v -7.725363 0.780072 4.580202
vt 0.323223 0.323223
vn -0.047003 -0.986501 0.156864
f 616/616/616 617/617/617 618/618/618
v -6.667288 0.674761 3.954330
vt 0.398540 0.367774
vn -0.039521 -0.996379 0.075285
v -6.412634 0.667748 4.124484
vt 0.416667 0.355662
vn -0.088328 -0.995198 0.042186
v -6.997984 0.793401 5.138339
vt 0.375000 0.283494
vn -0.121644 -0.987449 0.100737
f 619/619/619 620/620/620 621/621/621
v -6.667288 0.674761 3.954330
vt 0.398540 0.367774
vn -0.039521 -0.996379 0.075285
v -6.997984 0.793401 5.138339
vt 0.375000 0.283494
vn -0.121644 -0.987449 0.100737
v -7.379965 0.803920 4.883108
vt 0.347810 0.301662
vn -0.080639 -0.988401 0.128687
f 622/622/622 623/623/623 624/624/624
v -6.412634 0.667748 4.124484
vt 0.416667 0.355662
vn -0.088328 -0.995198 0.042186
v -6.137949 0.640722 4.259944
vt 0.436219 0.346020
vn -0.120743 -0.992377 0.024664
v -6.585957 0.752862 5.341528
vt 0.404329 0.269030
vn -0.145844 -0.985461 0.087155
f 625/625/625 626/626/626 627/627/627
v -6.412634 0.667748 4.124484
vt 0.416667 0.355662
vn -0.088328 -0.995198 0.042186
v -6.585957 0.752862 5.341528
vt 0.404329 0.269030
vn -0.145844 -0.985461 0.087155
v -6.997984 0.793401 5.138339
vt 0.375000 0.283494
vn -0.121644 -0.987449 0.100737
f 628/628/628 629/629/629 630/630/630
v -6.137949 0.640722 4.259944
vt 0.436219 0.346020
vn -0.120743 -0.992377 0.024664
v -5.847934 0.604853 4.358391
vt 0.456863 0.339012
vn -0.117047 -0.992828 0.024335
v -6.150933 0.699059 5.489199
vt 0.435295 0.258519
vn -0.133869 -0.986924 0.089773
f 631/631/631 632/632/632 633/633/633
v -6.137949 0.640722 4.259944
vt 0.436219 0.346020
vn -0.120743 -0.992377 0.024664
v -6.150933 0.699059 5.489199
vt 0.435295 0.258519
vn -0.133869 -0.986924 0.089773
v -6.585957 0.752862 5.341528
vt 0.404329 0.269030
vn -0.145844 -0.985461 0.087155
f 634/634/634 635/635/635 636/636/636
v -5.847934 0.604853 4.358391
vt 0.456863 0.339012
vn -0.117047 -0.992828 0.024335
v -5.547549 0.574965 4.418141
vt 0.478246 0.334759
vn -0.072289 -0.996866 0.032134
v -5.700356 0.654227 5.578824
vt 0.467368 0.252139
vn -0.080763 -0.991747 0.099578
f 637/637/637 638/638/638 639/639/639
v -5.847934 0.604853 4.358391
vt 0.456863 0.339012
vn -0.117047 -0.992828 0.024335
v -5.700356 0.654227 5.578824
vt 0.467368 0.252139
vn -0.080763 -0.991747 0.099578
v -6.150933 0.699059 5.489199
vt 0.435295 0.258519
vn -0.133869 -0.986924 0.089773
f 640/640/640 641/641/641 642/642/642
v -5.547549 0.574965 4.418141
vt 0.478246 0.334759
vn -0.072289 -0.996866 0.032134
v -5.241935 0.563411 4.438172
vt 0.500000 0.333333
vn 0.000000 -0.999335 0.036469
v -5.241935 0.636895 5.608871
vt 0.500000 0.250000
vn 0.000000 -0.994508 0.104657
f 643/643/643 644/644/644 645/645/645
v -5.547549 0.574965 4.418141
vt 0.478246 0.334759
vn -0.072289 -0.996866 0.032134
v -5.241935 0.636895 5.608871
vt 0.500000 0.250000
vn 0.000000 -0.994508 0.104657
v -5.700356 0.654227 5.578824
vt 0.467368 0.252139
vn -0.080763 -0.991747 0.099578
f 646/646/646 647/647/647 648/648/648
v -5.241935 0.563411 4.438172
vt 0.500000 0.333333
vn 0.000000 -0.999335 0.036469
v -4.936322 0.574965 4.418141
vt 0.521754 0.334759
vn 0.072289 -0.996866 0.032134
v -4.783515 0.654227 5.578824
vt 0.532632 0.252139
vn 0.080763 -0.991747 0.099578
f 649/649/649 650/650/650 651/651/651
v -5.241935 0.563411 4.438172
vt 0.500000 0.333333
vn 0.000000 -0.999335 0.036469
v -4.783515 0.654227 5.578824
vt 0.532632 0.252139
vn 0.080763 -0.991747 0.099578
v -5.241935 0.636895 5.608871
vt 0.500000 0.250000
vn 0.000000 -0.994508 0.104657
f 652/652/652 653/653/653 654/654/654
v -4.936322 0.574965 4.418141
vt 0.521754 0.334759
vn 0.072289 -0.996866 0.032134
v -4.635937 0.604853 4.358391
vt 0.543137 0.339012
vn 0.117047 -0.992828 0.024335
v -4.332938 0.699059 5.489199
vt 0.564705 0.258519
vn 0.133869 -0.986924 0.089773
f 655/655/655 656/656/656 657/657/657
v -4.936322 0.574965 4.418141
vt 0.521754 0.334759
vn 0.072289 -0.996866 0.032134
v -4.332938 0.699059 5.489199
vt 0.564705 0.258519
vn 0.133869 -0.986924 0.089773
v -4.783515 0.654227 5.578824
vt 0.532632 0.252139
vn 0.080763 -0.991747 0.099578
f 658/658/658 659/659/659 660/660/660
v -4.635937 0.604853 4.358391
vt 0.543137 0.339012
vn 0.117047 -0.992828 0.024335
v -4.345921 0.640722 4.259944
vt 0.563781 0.346020
vn 0.120743 -0.992377 0.024664
v -3.897914 0.752862 5.341528
vt 0.595671 0.269030
vn 0.145844 -0.985461 0.087155
f 661/661/661 662/662/662 663/663/663
v -4.635937 0.604853 4.358391
vt 0.543137 0.339012
vn 0.117047 -0.992828 0.024335
v -3.897914 0.752862 5.341528
vt 0.595671 0.269030
vn 0.145844 -0.985461 0.087155
v -4.332938 0.699059 5.489199
vt 0.564705 0.258519
vn 0.133869 -0.986924 0.089773
f 664/664/664 665/665/665 666/666/666
v -4.345921 0.640722 4.259944
vt 0.563781 0.346020
vn 0.120743 -0.992377 0.024664
v -4.071237 0.667748 4.124484
vt 0.583333 0.355662
vn 0.088328 -0.995198 0.042187
v -3.485887 0.793401 5.138339
vt 0.625000 0.283494
vn 0.121644 -0.987449 0.100737
f 667/667/667 668/668/668 669/669/669
v -4.345921 0.640722 4.259944
vt 0.563781 0.346020
vn 0.120743 -0.992377 0.024664
v -3.485887 0.793401 5.138339
vt 0.625000 0.283494
vn 0.121644 -0.987449 0.100737
v -3.897914 0.752862 5.341528
vt 0.595671 0.269030
vn 0.145844 -0.985461 0.087155
f 670/670/670 671/671/671 672/672/672
v -4.071237 0.667748 4.124484
vt 0.583333 0.355662
vn 0.088328 -0.995198 0.042187
v -3.816583 0.674761 3.954330
vt 0.601460 0.367774
vn 0.039521 -0.996379 0.075285
v -3.103906 0.803920 4.883108
vt 0.652190 0.301662
vn 0.080639 -0.988401 0.128687
f 673/673/673 674/674/674 675/675/675
v -4.071237 0.667748 4.124484
vt 0.583333 0.355662
vn 0.088328 -0.995198 0.042187
v -3.103906 0.803920 4.883108
vt 0.652190 0.301662
vn 0.080639 -0.988401 0.128687
v -3.485887 0.793401 5.138339
vt 0.625000 0.283494
vn 0.121644 -0.987449 0.100737
f 676/676/676 677/677/677 678/678/678
v -3.816583 0.674761 3.954330
vt 0.601460 0.367774
vn 0.039521 -0.996379 0.075285
v -3.586317 0.658862 3.752392
vt 0.617851 0.382149
vn -0.001024 -0.993969 0.109661
v -2.758508 0.780072 4.580202
vt 0.676777 0.323223
vn 0.047003 -0.986501 0.156864
f 679/679/679 680/680/680 681/681/681
v -3.816583 0.674761 3.954330
vt 0.601460 0.367774
vn 0.039521 -0.996379 0.075285
v -2.758508 0.780072 4.580202
vt 0.676777 0.323223
vn 0.047003 -0.986501 0.156864
v -3.103906 0.803920 4.883108
vt 0.652190 0.301662
vn 0.080639 -0.988401 0.128687
f 682/682/682 683/683/683 684/684/684
v -3.586317 0.658862 3.752392
vt 0.617851 0.382149
vn -0.001024 -0.993969 0.109661
v -3.384380 0.626623 3.522127
vt 0.632226 0.398540
vn -0.016710 -0.991986 0.125240
v -2.455602 0.731713 4.234803
vt 0.698338 0.347810
vn 0.037211 -0.985479 0.165673
f 685/685/685 686/686/686 687/687/687
v -3.586317 0.658862 3.752392
vt 0.617851 0.382149
vn -0.001024 -0.993969 0.109661
v -2.455602 0.731713 4.234803
vt 0.698338 0.347810
vn 0.037211 -0.985479 0.165673
v -2.758508 0.780072 4.580202
vt 0.676777 0.323223
vn 0.047003 -0.986501 0.156864
f 688/688/688 689/689/689 690/690/690
v -3.384380 0.626623 3.522127
vt 0.632226 0.398540
vn -0.016710 -0.991986 0.125240
v -3.214225 0.591368 3.267473
vt 0.644338 0.416667
vn -0.006207 -0.994234 0.107049
v -2.200371 0.678831 3.852823
vt 0.716506 0.375000
vn 0.052739 -0.988690 0.140394
f 691/691/691 692/692/692 693/693/693
v -3.384380 0.626623 3.522127
vt 0.632226 0.398540
vn -0.016710 -0.991986 0.125240
v -2.200371 0.678831 3.852823
vt 0.716506 0.375000
vn 0.052739 -0.988690 0.140394
v -2.455602 0.731713 4.234803
vt 0.698338 0.347810
vn 0.037211 -0.985479 0.165673
f 694/694/694 695/695/695 696/696/696
v -3.214225 0.591368 3.267473
vt 0.644338 0.416667
vn -0.006207 -0.994234 0.107049
v -3.078766 0.567667 2.992788
vt 0.653980 0.436219
vn 0.019085 -0.998366 0.053868
v -1.997181 0.643279 3.440795
vt 0.730970 0.404329
vn 0.082101 -0.993432 0.079702
f 697/697/697 698/698/698 699/699/699
v -3.214225 0.591368 3.267473
vt 0.644338 0.416667
vn -0.006207 -0.994234 0.107049
v -1.997181 0.643279 3.440795
vt 0.730970 0.404329
vn 0.082101 -0.993432 0.079702
v -2.200371 0.678831 3.852823
vt 0.716506 0.375000
vn 0.052739 -0.988690 0.140394
f 700/700/700 701/701/701 702/702/702
v -3.078766 0.567667 2.992788
vt 0.653980 0.436219
vn 0.019085 -0.998366 0.053868
v -2.980319 0.565316 2.702772
vt 0.660988 0.456863
vn 0.043431 -0.998892 -0.018106
v -1.849510 0.639753 3.005772
vt 0.741481 0.435295
vn 0.109216 -0.994018 -0.000307
f 703/703/703 704/704/704 705/705/705
v -3.078766 0.567667 2.992788
vt 0.653980 0.436219
vn 0.019085 -0.998366 0.053868
v -1.849510 0.639753 3.005772
vt 0.741481 0.435295
vn 0.109216 -0.994018 -0.000307
v -1.997181 0.643279 3.440795
vt 0.730970 0.404329
vn 0.082101 -0.993432 0.079702
f 706/706/706 707/707/707 708/708/708
v -2.980319 0.565316 2.702772
vt 0.660988 0.456863
vn 0.043431 -0.998892 -0.018106
v -2.920568 0.585287 2.402388
vt 0.665241 0.478246
vn 0.056679 -0.995091 -0.081120
v -1.759885 0.669709 2.555195
vt 0.747861 0.467368
vn 0.123837 -0.989706 -0.071737
f 709/709/709 710/710/710 711/711/711
v -2.980319 0.565316 2.702772
vt 0.660988 0.456863
vn 0.043431 -0.998892 -0.018106
v -1.759885 0.669709 2.555195
vt 0.747861 0.467368
vn 0.123837 -0.989706 -0.071737
v -1.849510 0.639753 3.005772
vt 0.741481 0.435295
vn 0.109216 -0.994018 -0.000307
f 712/712/712 713/713/713 714/714/714
v -2.920568 0.585287 2.402388
vt 0.665241 0.478246
vn 0.056679 -0.995091 -0.081120
v -2.900538 0.619325 2.096774
vt 0.666667 0.500000
vn 0.059895 -0.992072 -0.110477
v -1.729839 0.720766 2.096774
vt 0.750000 0.500000
vn 0.127332 -0.985771 -0.109737
f 715/715/715 716/716/716 717/717/717
v -2.920568 0.585287 2.402388
vt 0.665241 0.478246
vn 0.056679 -0.995091 -0.081120
v -1.729839 0.720766 2.096774
vt 0.750000 0.500000
vn 0.127332 -0.985771 -0.109737
v -1.759885 0.669709 2.555195
vt 0.747861 0.467368
vn 0.123837 -0.989706 -0.071737
f 718/718/718 719/719/719 720/720/720
v -1.729839 0.720766 2.096774
vt 0.750000 0.500000
vn 0.127332 -0.985771 -0.109737
v -1.759885 0.771824 1.638354
vt 0.747861 0.532632
vn 0.129179 -0.986059 -0.104880
v -0.599202 0.986386 1.485547
vt 0.830482 0.543509
vn 0.219108 -0.968880 -0.115165
f 721/721/721 722/722/722 723/723/723
v -1.729839 0.720766 2.096774
vt 0.750000 0.500000
vn 0.127332 -0.985771 -0.109737
v -0.599202 0.986386 1.485547
vt 0.830482 0.543509
vn 0.219108 -0.968880 -0.115165
v -0.559140 0.918309 2.096774
vt 0.833333 0.500000
vn 0.218274 -0.969904 -0.107900
f 724/724/724 725/725/725 726/726/726
v -1.759885 0.771824 1.638354
vt 0.747861 0.532632
vn 0.129179 -0.986059 -0.104880
v -1.849510 0.801779 1.187777
vt 0.741481 0.564705
vn 0.138046 -0.988193 -0.066472
v -0.718702 1.026327 0.884777
vt 0.821975 0.586273
vn 0.225491 -0.970138 -0.089363
f 727/727/727 728/728/728 729/729/729
v -1.759885 0.771824 1.638354
vt 0.747861 0.532632
vn 0.129179 -0.986059 -0.104880
v -0.718702 1.026327 0.884777
vt 0.821975 0.586273
vn 0.225491 -0.970138 -0.089363
v -0.599202 0.986386 1.485547
vt 0.830482 0.543509
vn 0.219108 -0.968880 -0.115165
f 730/730/730 731/731/731 732/732/732
v -1.849510 0.801779 1.187777
vt 0.741481 0.564705
vn 0.138046 -0.988193 -0.066472
v -1.997181 0.798253 0.752753
vt 0.730970 0.595671
vn 0.154227 -0.987866 -0.018320
v -0.915596 1.021625 0.304746
vt 0.807960 0.627561
vn 0.237450 -0.969919 -0.053623
f 733/733/733 734/734/734 735/735/735
v -1.849510 0.801779 1.187777
vt 0.741481 0.564705
vn 0.138046 -0.988193 -0.066472
v -0.915596 1.021625 0.304746
vt 0.807960 0.627561
vn 0.237450 -0.969919 -0.053623
v -0.718702 1.026327 0.884777
vt 0.821975 0.586273
vn 0.225491 -0.970138 -0.089363
f 736/736/736 737/737/737 738/738/738
v -1.997181 0.798253 0.752753
vt 0.730970 0.595671
vn 0.154227 -0.987866 -0.018320
v -2.200371 0.762702 0.340726
vt 0.716506 0.625000
vn 0.168032 -0.985699 0.012761
v -1.186515 0.974223 -0.244624
vt 0.788675 0.666667
vn 0.245624 -0.968770 -0.033959
f 739/739/739 740/740/740 741/741/741
v -1.997181 0.798253 0.752753
vt 0.730970 0.595671
vn 0.154227 -0.987866 -0.018320
v -1.186515 0.974223 -0.244624
vt 0.788675 0.666667
vn 0.245624 -0.968770 -0.033959
v -0.915596 1.021625 0.304746
vt 0.807960 0.627561
vn 0.237450 -0.969919 -0.053623
f 742/742/742 743/743/743 744/744/744
v -2.200371 0.762702 0.340726
vt 0.716506 0.625000
vn 0.168032 -0.985699 0.012761
v -2.455602 0.709819 -0.041255
vt 0.698338 0.652190
vn 0.164873 -0.986257 0.010664
v -1.526824 0.903713 -0.753931
vt 0.764451 0.702920
vn 0.236034 -0.970646 -0.046210
f 745/745/745 746/746/746 747/747/747
v -2.200371 0.762702 0.340726
vt 0.716506 0.625000
vn 0.168032 -0.985699 0.012761
v -1.526824 0.903713 -0.753931
vt 0.764451 0.702920
vn 0.236034 -0.970646 -0.046210
v -1.186515 0.974223 -0.244624
vt 0.788675 0.666667
vn 0.245624 -0.968770 -0.033959
f 748/748/748 749/749/749 750/750/750
v -2.455602 0.709819 -0.041255
vt 0.698338 0.652190
vn 0.164873 -0.986257 0.010664
v -2.758508 0.661460 -0.386653
vt 0.676777 0.676777
vn 0.133683 -0.990744 -0.023579
v -1.930699 0.839235 -1.214462
vt 0.735702 0.735702
vn 0.197773 -0.976162 -0.089407
f 751/751/751 752/752/752 753/753/753
v -2.455602 0.709819 -0.041255
vt 0.698338 0.652190
vn 0.164873 -0.986257 0.010664
v -1.930699 0.839235 -1.214462
vt 0.735702 0.735702
vn 0.197773 -0.976162 -0.089407
v -1.526824 0.903713 -0.753931
vt 0.764451 0.702920
vn 0.236034 -0.970646 -0.046210
f 754/754/754 755/755/755 756/756/756
v -2.758508 0.661460 -0.386653
vt 0.676777 0.676777
vn 0.133683 -0.990744 -0.023579
v -3.103906 0.637613 -0.689559
vt 0.652190 0.698338
vn 0.075258 -0.994384 -0.074409
v -2.391230 0.807438 -1.618337
vt 0.702920 0.764451
vn 0.131312 -0.980258 -0.147825
f 757/757/757 758/758/758 759/759/759
v -2.758508 0.661460 -0.386653
vt 0.676777 0.676777
vn 0.133683 -0.990744 -0.023579
v -2.391230 0.807438 -1.618337
vt 0.702920 0.764451
vn 0.131312 -0.980258 -0.147825
v -1.930699 0.839235 -1.214462
vt 0.735702 0.735702
vn 0.197773 -0.976162 -0.089407
f 760/760/760 761/761/761 762/762/762
v -3.103906 0.637613 -0.689559
vt 0.652190 0.698338
vn 0.075258 -0.994384 -0.074409
v -3.485887 0.648132 -0.944791
vt 0.625000 0.716506
vn 0.006080 -0.992660 -0.120785
v -2.900538 0.821464 -1.958646
vt 0.666667 0.788675
vn 0.052892 -0.978337 -0.200148
f 763/763/763 764/764/764 765/765/765
v -3.103906 0.637613 -0.689559
vt 0.652190 0.698338
vn 0.075258 -0.994384 -0.074409
v -2.900538 0.821464 -1.958646
vt 0.666667 0.788675
vn 0.052892 -0.978337 -0.200148
v -2.391230 0.807438 -1.618337
vt 0.702920 0.764451
vn 0.131312 -0.980258 -0.147825
f 766/766/766 767/767/767 768/768/768
v -3.485887 0.648132 -0.944791
vt 0.625000 0.716506
vn 0.006080 -0.992660 -0.120785
v -3.897914 0.688670 -1.147980
vt 0.595671 0.730970
vn -0.048423 -0.987748 -0.148358
v -3.449907 0.875515 -2.229565
vt 0.627561 0.807960
vn -0.011932 -0.972605 -0.232157
f 769/769/769 770/770/770 771/771/771
v -3.485887 0.648132 -0.944791
vt 0.625000 0.716506
vn 0.006080 -0.992660 -0.120785
v -3.449907 0.875515 -2.229565
vt 0.627561 0.807960
vn -0.011932 -0.972605 -0.232157
v -2.900538 0.821464 -1.958646
vt 0.666667 0.788675
vn 0.052892 -0.978337 -0.200148
f 772/772/772 773/773/773 774/774/774
v -3.897914 0.688670 -1.147980
vt 0.595671 0.730970
vn -0.048423 -0.987748 -0.148358
v -4.332938 0.742474 -1.295651
vt 0.564705 0.741481
vn -0.067850 -0.985380 -0.156280
v -4.029939 0.947253 -2.426459
vt 0.586273 0.821975
vn -0.042618 -0.968980 -0.243435
f 775/775/775 776/776/776 777/777/777
v -3.897914 0.688670 -1.147980
vt 0.595671 0.730970
vn -0.048423 -0.987748 -0.148358
v -4.029939 0.947253 -2.426459
vt 0.586273 0.821975
vn -0.042618 -0.968980 -0.243435
v -3.449907 0.875515 -2.229565
vt 0.627561 0.807960
vn -0.011932 -0.972605 -0.232157
f 778/778/778 779/779/779 780/780/780
v -4.332938 0.742474 -1.295651
vt 0.564705 0.741481
vn -0.067850 -0.985380 -0.156280
v -4.783515 0.787305 -1.385276
vt 0.532632 0.747861
vn -0.047245 -0.986979 -0.153752
v -4.630708 1.007029 -2.545959
vt 0.543509 0.830482
vn -0.034247 -0.969358 -0.243252
f 781/781/781 782/782/782 783/783/783
v -4.332938 0.742474 -1.295651
vt 0.564705 0.741481
vn -0.067850 -0.985380 -0.156280
v -4.630708 1.007029 -2.545959
vt 0.543509 0.830482
vn -0.034247 -0.969358 -0.243252
v -4.029939 0.947253 -2.426459
vt 0.586273 0.821975
vn -0.042618 -0.968980 -0.243435
f 784/784/784 785/785/785 786/786/786
v -4.783515 0.787305 -1.385276
vt 0.532632 0.747861
vn -0.047245 -0.986979 -0.153752
v -5.241935 0.804637 -1.415323
vt 0.500000 0.750000
vn 0.000000 -0.988473 -0.151398
v -5.241935 1.030137 -2.586022
vt 0.500000 0.833333
vn 0.000000 -0.970330 -0.241784
f 787/787/787 788/788/788 789/789/789
v -4.783515 0.787305 -1.385276
vt 0.532632 0.747861
vn -0.047245 -0.986979 -0.153752
v -5.241935 1.030137 -2.586022
vt 0.500000 0.833333
vn 0.000000 -0.970330 -0.241784
v -4.630708 1.007029 -2.545959
vt 0.543509 0.830482
vn -0.034247 -0.969358 -0.243252
f 790/790/790 791/791/791 792/792/792
v -5.241935 0.804637 -1.415323
vt 0.500000 0.750000
vn 0.000000 -0.988473 -0.151398
v -5.700356 0.787305 -1.385276
vt 0.467368 0.747861
vn 0.047245 -0.986979 -0.153752
v -5.853163 1.007029 -2.545959
vt 0.456491 0.830482
vn 0.034247 -0.969358 -0.243252
f 793/793/793 794/794/794 795/795/795
v -5.241935 0.804637 -1.415323
vt 0.500000 0.750000
vn 0.000000 -0.988473 -0.151398
v -5.853163 1.007029 -2.545959
vt 0.456491 0.830482
vn 0.034247 -0.969358 -0.243252
v -5.241935 1.030137 -2.586022
vt 0.500000 0.833333
vn 0.000000 -0.970330 -0.241784
f 796/796/796 797/797/797 798/798/798
v -5.700356 0.787305 -1.385276
vt 0.467368 0.747861
vn 0.047245 -0.986979 -0.153752
v -6.150933 0.742474 -1.295651
vt 0.435295 0.741481
vn 0.067850 -0.985379 -0.156281
v -6.453932 0.947253 -2.426459
vt 0.413727 0.821975
vn 0.042618 -0.968980 -0.243435
f 799/799/799 800/800/800 801/801/801
v -5.700356 0.787305 -1.385276
vt 0.467368 0.747861
vn 0.047245 -0.986979 -0.153752
v -6.453932 0.947253 -2.426459
vt 0.413727 0.821975
vn 0.042618 -0.968980 -0.243435
v -5.853163 1.007029 -2.545959
vt 0.456491 0.830482
vn 0.034247 -0.969358 -0.243252
f 802/802/802 803/803/803 804/804/804
v -6.150933 0.742474 -1.295651
vt 0.435295 0.741481
vn 0.067850 -0.985379 -0.156281
v -6.585957 0.688670 -1.147980
vt 0.404329 0.730970
vn 0.048423 -0.987748 -0.148358
v -7.033964 0.875515 -2.229565
vt 0.372439 0.807960
vn 0.011932 -0.972605 -0.232157
f 805/805/805 806/806/806 807/807/807
v -6.150933 0.742474 -1.295651
vt 0.435295 0.741481
vn 0.067850 -0.985379 -0.156281
v -7.033964 0.875515 -2.229565
vt 0.372439 0.807960
vn 0.011932 -0.972605 -0.232157
v -6.453932 0.947253 -2.426459
vt 0.413727 0.821975
vn 0.042618 -0.968980 -0.243435
f 808/808/808 809/809/809 810/810/810
v -6.585957 0.688670 -1.147980
vt 0.404329 0.730970
vn 0.048423 -0.987748 -0.148358
v -6.997984 0.648132 -0.944791
vt 0.375000 0.716506
vn -0.006080 -0.992660 -0.120785
v -7.583333 0.821464 -1.958646
vt 0.333333 0.788675
vn -0.052892 -0.978337 -0.200148
f 811/811/811 812/812/812 813/813/813
v -6.585957 0.688670 -1.147980
vt 0.404329 0.730970
vn 0.048423 -0.987748 -0.148358
v -7.583333 0.821464 -1.958646
vt 0.333333 0.788675
vn -0.052892 -0.978337 -0.200148
v -7.033964 0.875515 -2.229565
vt 0.372439 0.807960
vn 0.011932 -0.972605 -0.232157
f 814/814/814 815/815/815 816/816/816
v -6.997984 0.648132 -0.944791
vt 0.375000 0.716506
vn -0.006080 -0.992660 -0.120785
v -7.379965 0.637613 -0.689559
vt 0.347810 0.698338
vn -0.075258 -0.994384 -0.074409
v -8.092641 0.807438 -1.618337
vt 0.297080 0.764451
vn -0.131312 -0.980258 -0.147825
f 817/817/817 818/818/818 819/819/819
v -6.997984 0.648132 -0.944791
vt 0.375000 0.716506
vn -0.006080 -0.992660 -0.120785
v -8.092641 0.807438 -1.618337
vt 0.297080 0.764451
vn -0.131312 -0.980258 -0.147825
v -7.583333 0.821464 -1.958646
vt 0.333333 0.788675
vn -0.052892 -0.978337 -0.200148
f 820/820/820 821/821/821 822/822/822
v -7.379965 0.637613 -0.689559
vt 0.347810 0.698338
vn -0.075258 -0.994384 -0.074409
v -7.725363 0.661460 -0.386653
vt 0.323223 0.676777
vn -0.133683 -0.990744 -0.023579
v -8.553172 0.839235 -1.214462
vt 0.264298 0.735702
vn -0.197773 -0.976162 -0.089407
f 823/823/823 824/824/824 825/825/825
v -7.379965 0.637613 -0.689559
vt 0.347810 0.698338
vn -0.075258 -0.994384 -0.074409
v -8.553172 0.839235 -1.214462
vt 0.264298 0.735702
vn -0.197773 -0.976162 -0.089407
v -8.092641 0.807438 -1.618337
vt 0.297080 0.764451
vn -0.131312 -0.980258 -0.147825
f 826/826/826 827/827/827 828/828/828
v -7.725363 0.661460 -0.386653
vt 0.323223 0.676777
vn -0.133683 -0.990744 -0.023579
v -8.028269 0.709819 -0.041255
vt 0.301662 0.652190
vn -0.164873 -0.986257 0.010664
v -8.957047 0.903713 -0.753931
vt 0.235549 0.702920
vn -0.236034 -0.970646 -0.046210
f 829/829/829 830/830/830 831/831/831
v -7.725363 0.661460 -0.386653
vt 0.323223 0.676777
vn -0.133683 -0.990744 -0.023579
v -8.957047 0.903713 -0.753931
vt 0.235549 0.702920
vn -0.236034 -0.970646 -0.046210
v -8.553172 0.839235 -1.214462
vt 0.264298 0.735702
vn -0.197773 -0.976162 -0.089407
f 832/832/832 833/833/833 834/834/834
v -8.028269 0.709819 -0.041255
vt 0.301662 0.652190
vn -0.164873 -0.986257 0.010664
v -8.283500 0.762702 0.340726
vt 0.283494 0.625000
vn -0.168032 -0.985699 0.012761
v -9.297356 0.974223 -0.244624
vt 0.211325 0.666667
vn -0.245624 -0.968770 -0.033959
f 835/835/835 836/836/836 837/837/837
v -8.028269 0.709819 -0.041255
vt 0.301662 0.652190
vn -0.164873 -0.986257 0.010664
v -9.297356 0.974223 -0.244624
vt 0.211325 0.666667
vn -0.245624 -0.968770 -0.033959
v -8.957047 0.903713 -0.753931
vt 0.235549 0.702920
vn -0.236034 -0.970646 -0.046210
f 838/838/838 839/839/839 840/840/840
v -8.283500 0.762702 0.340726
vt 0.283494 0.625000
vn -0.168032 -0.985699 0.012761
v -8.486690 0.798253 0.752753
vt 0.269030 0.595671
vn -0.154227 -0.987866 -0.018320
v -9.568275 1.021625 0.304746
vt 0.192040 0.627561
vn -0.237450 -0.969918 -0.053623
f 841/841/841 842/842/842 843/843/843
v -8.283500 0.762702 0.340726
vt 0.283494 0.625000
vn -0.168032 -0.985699 0.012761
v -9.568275 1.021625 0.304746
vt 0.192040 0.627561
vn -0.237450 -0.969918 -0.053623
v -9.297356 0.974223 -0.244624
vt 0.211325 0.666667
vn -0.245624 -0.968770 -0.033959
f 844/844/844 845/845/845 846/846/846
v -8.486690 0.798253 0.752753
vt 0.269030 0.595671
vn -0.154227 -0.987866 -0.018320
v -8.634360 0.801779 1.187777
vt 0.258519 0.564705
vn -0.138046 -0.988193 -0.066472
v -9.765168 1.026327 0.884777
vt 0.178025 0.586273
vn -0.225491 -0.970138 -0.089363
f 847/847/847 848/848/848 849/849/849
v -8.486690 0.798253 0.752753
vt 0.269030 0.595671
vn -0.154227 -0.987866 -0.018320
v -9.765168 1.026327 0.884777
vt 0.178025 0.586273
vn -0.225491 -0.970138 -0.089363
v -9.568275 1.021625 0.304746
vt 0.192040 0.627561
vn -0.237450 -0.969918 -0.053623
f 850/850/850 851/851/851 852/852/852
v -8.634360 0.801779 1.187777
vt 0.258519 0.564705
vn -0.138046 -0.988193 -0.066472
v -8.723986 0.771824 1.638354
vt 0.252139 0.532632
vn -0.129179 -0.986059 -0.104880
v -9.884669 0.986386 1.485547
vt 0.169518 0.543509
vn -0.219108 -0.968880 -0.115165
f 853/853/853 854/854/854 855/855/855
v -8.634360 0.801779 1.187777
vt 0.258519 0.564705
vn -0.138046 -0.988193 -0.066472
v -9.884669 0.986386 1.485547
vt 0.169518 0.543509
vn -0.219108 -0.968880 -0.115165
v -9.765168 1.026327 0.884777
vt 0.178025 0.586273
vn -0.225491 -0.970138 -0.089363
f 856/856/856 857/857/857 858/858/858
v -8.723986 0.771824 1.638354
vt 0.252139 0.532632
vn -0.129179 -0.986059 -0.104880
v -8.754033 0.720766 2.096774
vt 0.250000 0.500000
vn -0.127332 -0.985771 -0.109737
v -9.924731 0.918309 2.096774
vt 0.166667 0.500000
vn -0.218274 -0.969904 -0.107900
f 859/859/859 860/860/860 861/861/861
v -8.723986 0.771824 1.638354
vt 0.252139 0.532632
vn -0.129179 -0.986059 -0.104880
v -9.924731 0.918309 2.096774
vt 0.166667 0.500000
vn -0.218274 -0.969904 -0.107900
v -9.884669 0.986386 1.485547
vt 0.169518 0.543509
vn -0.219108 -0.968880 -0.115165
f 862/862/862 863/863/863 864/864/864
v -8.754033 0.720766 2.096774
vt 0.250000 0.500000
vn -0.127332 -0.985771 -0.109737
v -8.723986 0.669709 2.555195
vt 0.252139 0.467368
vn -0.123837 -0.989706 -0.071737
v -9.884669 0.850233 2.708002
vt 0.169518 0.456491
vn -0.214581 -0.974959 -0.058390
f 865/865/865 866/866/866 867/867/867
v -8.754033 0.720766 2.096774
vt 0.250000 0.500000
vn -0.127332 -0.985771 -0.109737
v -9.884669 0.850233 2.708002
vt 0.169518 0.456491
vn -0.214581 -0.974959 -0.058390
v -9.924731 0.918309 2.096774
vt 0.166667 0.500000
vn -0.218274 -0.969904 -0.107900
f 868/868/868 869/869/869 870/870/870
v -8.723986 0.669709 2.555195
vt 0.252139 0.467368
vn -0.123837 -0.989706 -0.071737
v -8.634360 0.639753 3.005772
vt 0.258519 0.435295
vn -0.109216 -0.994018 -0.000307
v -9.765168 0.810292 3.308771
vt 0.178025 0.413727
vn -0.198276 -0.979852 0.024014
f 871/871/871 872/872/872 873/873/873
v -8.723986 0.669709 2.555195
vt 0.252139 0.467368
vn -0.123837 -0.989706 -0.071737
v -9.765168 0.810292 3.308771
vt 0.178025 0.413727
vn -0.198276 -0.979852 0.024014
v -9.884669 0.850233 2.708002
vt 0.169518 0.456491
vn -0.214581 -0.974959 -0.058390
f 874/874/874 875/875/875 876/876/876
v -8.634360 0.639753 3.005772
vt 0.258519 0.435295
vn -0.109216 -0.994018 -0.000307
v -8.486690 0.643279 3.440795
vt 0.269030 0.404329
vn -0.082101 -0.993432 0.079702
v -9.568275 0.814994 3.888803
vt 0.192040 0.372439
vn -0.167572 -0.979200 0.114396
f 877/877/877 878/878/878 879/879/879
v -8.634360 0.639753 3.005772
vt 0.258519 0.435295
vn -0.109216 -0.994018 -0.000307
v -9.568275 0.814994 3.888803
vt 0.192040 0.372439
vn -0.167572 -0.979200 0.114396
v -9.765168 0.810292 3.308771
vt 0.178025 0.413727
vn -0.198276 -0.979852 0.024014
f 880/880/880 881/881/881 882/882/882
v -8.486690 0.643279 3.440795
vt 0.269030 0.404329
vn -0.082101 -0.993432 0.079702
v -8.283500 0.678831 3.852823
vt 0.283494 0.375000
vn -0.052739 -0.988690 0.140395
v -9.297356 0.862395 4.438172
vt 0.211325 0.333333
vn -0.132786 -0.973756 0.184845
f 883/883/883 884/884/884 885/885/885
v -8.486690 0.643279 3.440795
vt 0.269030 0.404329
vn -0.082101 -0.993432 0.079702
v -9.297356 0.862395 4.438172
vt 0.211325 0.333333
vn -0.132786 -0.973756 0.184845
v -9.568275 0.814994 3.888803
vt 0.192040 0.372439
vn -0.167572 -0.979200 0.114396
f 886/886/886 887/887/887 888/888/888
v -8.283500 0.678831 3.852823
vt 0.283494 0.375000
vn -0.052739 -0.988690 0.140395
v -8.028269 0.731713 4.234803
vt 0.301662 0.347810
vn -0.037211 -0.985478 0.165673
v -8.957047 0.932906 4.947480
vt 0.235549 0.297080
vn -0.110385 -0.969348 0.219499
f 889/889/889 890/890/890 891/891/891
v -8.283500 0.678831 3.852823
vt 0.283494 0.375000
vn -0.052739 -0.988690 0.140395
v -8.957047 0.932906 4.947480
vt 0.235549 0.297080
vn -0.110385 -0.969348 0.219499
v -9.297356 0.862395 4.438172
vt 0.211325 0.333333
vn -0.132786 -0.973756 0.184845
f 892/892/892 893/893/893 894/894/894
v -8.028269 0.731713 4.234803
vt 0.301662 0.347810
vn -0.037211 -0.985478 0.165673
v -7.725363 0.780072 4.580202
vt 0.323223 0.323223
vn -0.047003 -0.986501 0.156864
v -8.553172 0.997384 5.408011
vt 0.264298 0.264298
vn -0.111949 -0.969089 0.219848
f 895/895/895 896/896/896 897/897/897
v -8.028269 0.731713 4.234803
vt 0.301662 0.347810
vn -0.037211 -0.985478 0.165673
v -8.553172 0.997384 5.408011
vt 0.264298 0.264298
vn -0.111949 -0.969089 0.219848
v -8.957047 0.932906 4.947480
vt 0.235549 0.297080
vn -0.110385 -0.969348 0.219499
f 898/898/898 899/899/899 900/900/900
v -7.725363 0.780072 4.580202
vt 0.323223 0.323223
vn -0.047003 -0.986501 0.156864
v -7.379965 0.803920 4.883108
vt 0.347810 0.301662
vn -0.080639 -0.988401 0.128687
v -8.092641 1.029181 5.811886
vt 0.297080 0.235549
vn -0.135872 -0.970281 0.200235
f 901/901/901 902/902/902 903/903/903
v -7.725363 0.780072 4.580202
vt 0.323223 0.323223
vn -0.047003 -0.986501 0.156864
v -8.092641 1.029181 5.811886
vt 0.297080 0.235549
vn -0.135872 -0.970281 0.200235
v -8.553172 0.997384 5.408011
vt 0.264298 0.264298
vn -0.111949 -0.969089 0.219848
f 904/904/904 905/905/905 906/906/906
v -7.379965 0.803920 4.883108
vt 0.347810 0.301662
vn -0.080639 -0.988401 0.128687
v -6.997984 0.793401 5.138339
vt 0.375000 0.283494
vn -0.121644 -0.987449 0.100737
v -7.583333 1.015155 6.152194
vt 0.333333 0.211325
vn -0.165986 -0.969648 0.179533
f 907/907/907 908/908/908 909/909/909
v -7.379965 0.803920 4.883108
vt 0.347810 0.301662
vn -0.080639 -0.988401 0.128687
v -7.583333 1.015155 6.152194
vt 0.333333 0.211325
vn -0.165986 -0.969648 0.179533
v -8.092641 1.029181 5.811886
vt 0.297080 0.235549
vn -0.135872 -0.970281 0.200235
f 910/910/910 911/911/911 912/912/912
v -6.997984 0.793401 5.138339
vt 0.375000 0.283494
vn -0.121644 -0.987449 0.100737
v -6.585957 0.752862 5.341528
vt 0.404329 0.269030
vn -0.145844 -0.985461 0.087155
v -7.033964 0.961104 6.423113
vt 0.372439 0.192040
vn -0.178903 -0.968794 0.171556
f 913/913/913 914/914/914 915/915/915
v -6.997984 0.793401 5.138339
vt 0.375000 0.283494
vn -0.121644 -0.987449 0.100737
v -7.033964 0.961104 6.423113
vt 0.372439 0.192040
vn -0.178903 -0.968794 0.171556
v -7.583333 1.015155 6.152194
vt 0.333333 0.211325
vn -0.165986 -0.969648 0.179533
f 916/916/916 917/917/917 918/918/918
v -6.585957 0.752862 5.341528
vt 0.404329 0.269030
vn -0.145844 -0.985461 0.087155
v -6.150933 0.699059 5.489199
vt 0.435295 0.258519
vn -0.133869 -0.986924 0.089773
v -6.453932 0.889366 6.620008
vt 0.413727 0.178025
vn -0.155803 -0.971555 0.178342
f 919/919/919 920/920/920 921/921/921
v -6.585957 0.752862 5.341528
vt 0.404329 0.269030
vn -0.145844 -0.985461 0.087155
v -6.453932 0.889366 6.620008
vt 0.413727 0.178025
vn -0.155803 -0.971555 0.178342
v -7.033964 0.961104 6.423113
vt 0.372439 0.192040
vn -0.178903 -0.968794 0.171556
f 922/922/922 923/923/923 924/924/924
v -6.150933 0.699059 5.489199
vt 0.435295 0.258519
vn -0.133869 -0.986924 0.089773
v -5.700356 0.654227 5.578824
vt 0.467368 0.252139
vn -0.080763 -0.991747 0.099578
v -5.853163 0.829590 6.739508
vt 0.456491 0.169518
vn -0.091731 -0.977307 0.190938
f 925/925/925 926/926/926 927/927/927
v -6.150933 0.699059 5.489199
vt 0.435295 0.258519
vn -0.133869 -0.986924 0.089773
v -5.853163 0.829590 6.739508
vt 0.456491 0.169518
vn -0.091731 -0.977307 0.190938
v -6.453932 0.889366 6.620008
vt 0.413727 0.178025
vn -0.155803 -0.971555 0.178342
f 928/928/928 929/929/929 930/930/930
v -5.700356 0.654227 5.578824
vt 0.467368 0.252139
vn -0.080763 -0.991747 0.099578
v -5.241935 0.636895 5.608871
vt 0.500000 0.250000
vn 0.000000 -0.994508 0.104657
v -5.241935 0.806481 6.779570
vt 0.500000 0.166667
vn -0.000000 -0.980395 0.197041
f 931/931/931 932/932/932 933/933/933
v -5.700356 0.654227 5.578824
vt 0.467368 0.252139
vn -0.080763 -0.991747 0.099578
v -5.241935 0.806481 6.779570
vt 0.500000 0.166667
vn -0.000000 -0.980395 0.197041
v -5.853163 0.829590 6.739508
vt 0.456491 0.169518
vn -0.091731 -0.977307 0.190938
f 934/934/934 935/935/935 936/936/936
v -5.241935 0.636895 5.608871
vt 0.500000 0.250000
vn 0.000000 -0.994508 0.104657
v -4.783515 0.654227 5.578824
vt 0.532632 0.252139
vn 0.080763 -0.991747 0.099578
v -4.630708 0.829590 6.739508
vt 0.543509 0.169518
vn 0.091731 -0.977307 0.190938
f 937/937/937 938/938/938 939/939/939
v -5.241935 0.636895 5.608871
vt 0.500000 0.250000
vn 0.000000 -0.994508 0.104657
v -4.630708 0.829590 6.739508
vt 0.543509 0.169518
vn 0.091731 -0.977307 0.190938
v -5.241935 0.806481 6.779570
vt 0.500000 0.166667
vn -0.000000 -0.980395 0.197041
f 940/940/940 941/941/941 942/942/942
v -4.783515 0.654227 5.578824
vt 0.532632 0.252139
vn 0.080763 -0.991747 0.099578
v -4.332938 0.699059 5.489199
vt 0.564705 0.258519
vn 0.133869 -0.986924 0.089773
v -4.029939 0.889366 6.620008
vt 0.586273 0.178025
vn 0.155803 -0.971555 0.178342
f 943/943/943 944/944/944 945/945/945
v -4.783515 0.654227 5.578824
vt 0.532632 0.252139
vn 0.080763 -0.991747 0.099578
v -4.029939 0.889366 6.620008
vt 0.586273 0.178025
vn 0.155803 -0.971555 0.178342
v -4.630708 0.829590 6.739508
vt 0.543509 0.169518
vn 0.091731 -0.977307 0.190938
f 946/946/946 947/947/947 948/948/948
v -4.332938 0.699059 5.489199
vt 0.564705 0.258519
vn 0.133869 -0.986924 0.089773
v -3.897914 0.752862 5.341528
vt 0.595671 0.269030
vn 0.145844 -0.985461 0.087155
v -3.449907 0.961104 6.423113
vt 0.627561 0.192040
vn 0.178903 -0.968794 0.171556
f 949/949/949 950/950/950 951/951/951
v -4.332938 0.699059 5.489199
vt 0.564705 0.258519
vn 0.133869 -0.986924 0.089773
v -3.449907 0.961104 6.423113
vt 0.627561 0.192040
vn 0.178903 -0.968794 0.171556
v -4.029939 0.889366 6.620008
vt 0.586273 0.178025
vn 0.155803 -0.971555 0.178342
f 952/952/952 953/953/953 954/954/954
v -3.897914 0.752862 5.341528
vt 0.595671 0.269030
vn 0.145844 -0.985461 0.087155
v -3.485887 0.793401 5.138339
vt 0.625000 0.283494
vn 0.121644 -0.987449 0.100737
v -2.900538 1.015155 6.152194
vt 0.666667 0.211325
vn 0.165986 -0.969648 0.179533
f 955/955/955 956/956/956 957/957/957
v -3.897914 0.752862 5.341528
vt 0.595671 0.269030
vn 0.145844 -0.985461 0.087155
v -2.900538 1.015155 6.152194
vt 0.666667 0.211325
vn 0.165986 -0.969648 0.179533
v -3.449907 0.961104 6.423113
vt 0.627561 0.192040
vn 0.178903 -0.968794 0.171556
f 958/958/958 959/959/959 960/960/960
v -3.485887 0.793401 5.138339
vt 0.625000 0.283494
vn 0.121644 -0.987449 0.100737
v -3.103906 0.803920 4.883108
vt 0.652190 0.301662
vn 0.080639 -0.988401 0.128687
v -2.391230 1.029181 5.811886
vt 0.702920 0.235549
vn 0.135872 -0.970281 0.200235
f 961/961/961 962/962/962 963/963/963
v -3.485887 0.793401 5.138339
vt 0.625000 0.283494
vn 0.121644 -0.987449 0.100737
v -2.391230 1.029181 5.811886
vt 0.702920 0.235549
vn 0.135872 -0.970281 0.200235
v -2.900538 1.015155 6.152194
vt 0.666667 0.211325
vn 0.165986 -0.969648 0.179533
f 964/964/964 965/965/965 966/966/966
v -3.103906 0.803920 4.883108
vt 0.652190 0.301662
vn 0.080639 -0.988401 0.128687
v -2.758508 0.780072 4.580202
vt 0.676777 0.323223
vn 0.047003 -0.986501 0.156864
v -1.930699 0.997384 5.408011
vt 0.735702 0.264298
vn 0.111949 -0.969089 0.219848
f 967/967/967 968/968/968 969/969/969
v -3.103906 0.803920 4.883108
vt 0.652190 0.301662
vn 0.080639 -0.988401 0.128687
v -1.930699 0.997384 5.408011
vt 0.735702 0.264298
vn 0.111949 -0.969089 0.219848
v -2.391230 1.029181 5.811886
vt 0.702920 0.235549
vn 0.135872 -0.970281 0.200235
f 970/970/970 971/971/971 972/972/972
v -2.758508 0.780072 4.580202
vt 0.676777 0.323223
vn 0.047003 -0.986501 0.156864
v -2.455602 0.731713 4.234803
vt 0.698338 0.347810
vn 0.037211 -0.985479 0.165673
v -1.526824 0.932906 4.947480
vt 0.764451 0.297080
vn 0.110385 -0.969348 0.219499
f 973/973/973 974/974/974 975/975/975
v -2.758508 0.780072 4.580202
vt 0.676777 0.323223
vn 0.047003 -0.986501 0.156864
v -1.526824 0.932906 4.947480
vt 0.764451 0.297080
vn 0.110385 -0.969348 0.219499
v -1.930699 0.997384 5.408011
vt 0.735702 0.264298
vn 0.111949 -0.969089 0.219848
f 976/976/976 977/977/977 978/978/978
v -2.455602 0.731713 4.234803
vt 0.698338 0.347810
vn 0.037211 -0.985479 0.165673
v -2.200371 0.678831 3.852823
vt 0.716506 0.375000
vn 0.052739 -0.988690 0.140394
v -1.186515 0.862395 4.438172
vt 0.788675 0.333333
vn 0.132786 -0.973756 0.184845
f 979/979/979 980/980/980 981/981/981
v -2.455602 0.731713 4.234803
vt 0.698338 0.347810
vn 0.037211 -0.985479 0.165673
v -1.186515 0.862395 4.438172
vt 0.788675 0.333333
vn 0.132786 -0.973756 0.184845
v -1.526824 0.932906 4.947480
vt 0.764451 0.297080
vn 0.110385 -0.969348 0.219499
f 982/982/982 983/983/983 984/984/984
v -2.200371 0.678831 3.852823
vt 0.716506 0.375000
vn 0.052739 -0.988690 0.140394
v -1.997181 0.643279 3.440795
vt 0.730970 0.404329
vn 0.082101 -0.993432 0.079702
v -0.915596 0.814994 3.888803
vt 0.807960 0.372439
vn 0.167572 -0.979200 0.114396
f 985/985/985 986/986/986 987/987/987
v -2.200371 0.678831 3.852823
vt 0.716506 0.375000
vn 0.052739 -0.988690 0.140394
v -0.915596 0.814994 3.888803
vt 0.807960 0.372439
vn 0.167572 -0.979200 0.114396
v -1.186515 0.862395 4.438172
vt 0.788675 0.333333
vn 0.132786 -0.973756 0.184845
f 988/988/988 989/989/989 990/990/990
v -1.997181 0.643279 3.440795
vt 0.730970 0.404329
vn 0.082101 -0.993432 0.079702
v -1.849510 0.639753 3.005772
vt 0.741481 0.435295
vn 0.109216 -0.994018 -0.000307
v -0.718702 0.810292 3.308771
vt 0.821975 0.413727
vn 0.198276 -0.979852 0.024014
f 991/991/991 992/992/992 993/993/993
v -1.997181 0.643279 3.440795
vt 0.730970 0.404329
vn 0.082101 -0.993432 0.079702
v -0.718702 0.810292 3.308771
vt 0.821975 0.413727
vn 0.198276 -0.979852 0.024014
v -0.915596 0.814994 3.888803
vt 0.807960 0.372439
vn 0.167572 -0.979200 0.114396
f 994/994/994 995/995/995 996/996/996
v -1.849510 0.639753 3.005772
vt 0.741481 0.435295
vn 0.109216 -0.994018 -0.000307
v -1.759885 0.669709 2.555195
vt 0.747861 0.467368
vn 0.123837 -0.989706 -0.071737
v -0.599202 0.850233 2.708002
vt 0.830482 0.456491
vn 0.214581 -0.974959 -0.058390
f 997/997/997 998/998/998 999/999/999
v -1.849510 0.639753 3.005772
vt 0.741481 0.435295
vn 0.109216 -0.994018 -0.000307
v -0.599202 0.850233 2.708002
vt 0.830482 0.456491
vn 0.214581 -0.974959 -0.058390
v -0.718702 0.810292 3.308771
vt 0.821975 0.413727
vn 0.198276 -0.979852 0.024014
f 1000/1000/1000 1001/1001/1001 1002/1002/1002
v -1.759885 0.669709 2.555195
vt 0.747861 0.467368
vn 0.123837 -0.989706 -0.071737
v -1.729839 0.720766 2.096774
vt 0.750000 0.500000
vn 0.127332 -0.985771 -0.109737
v -0.559140 0.918309 2.096774
vt 0.833333 0.500000
vn 0.218274 -0.969904 -0.107900
f 1003/1003/1003 1004/1004/1004 1005/1005/1005
v -1.759885 0.669709 2.555195
vt 0.747861 0.467368
vn 0.123837 -0.989706 -0.071737
v -0.559140 0.918309 2.096774
vt 0.833333 0.500000
vn 0.218274 -0.969904 -0.107900
v -0.599202 0.850233 2.708002
vt 0.830482 0.456491
vn 0.214581 -0.974959 -0.058390
f 1006/1006/1006 1007/1007/1007 1008/1008/1008
v -0.559140 0.918309 2.096774
vt 0.833333 0.500000
vn 0.218274 -0.969904 -0.107900
v -0.599202 0.986386 1.485547
vt 0.830482 0.543509
vn 0.219108 -0.968880 -0.115165
v 0.561482 1.329085 1.332740
vt 0.913102 0.554386
vn 0.326063 -0.936867 -0.126341
f 1009/1009/1009 1010/1010/1010 1011/1011/1011
v -0.559140 0.918309 2.096774
vt 0.833333 0.500000
vn 0.218274 -0.969904 -0.107900
v 0.561482 1.329085 1.332740
vt 0.913102 0.554386
vn 0.326063 -0.936867 -0.126341
v 0.611559 1.243989 2.096774
vt 0.916667 0.500000
vn 0.326744 -0.939329 -0.104398
f 1012/1012/1012 1013/1013/1013 1014/1014/1014
v -0.599202 0.986386 1.485547
vt 0.830482 0.543509
vn 0.219108 -0.968880 -0.115165
v -0.718702 1.026327 0.884777
vt 0.821975 0.586273
vn 0.225491 -0.970138 -0.089363
v 0.412106 1.379011 0.581778
vt 0.902469 0.607841
vn 0.329165 -0.937102 -0.116145
f 1015/1015/1015 1016/1016/1016 1017/1017/1017
v -0.599202 0.986386 1.485547
vt 0.830482 0.543509
vn 0.219108 -0.968880 -0.115165
v 0.412106 1.379011 0.581778
vt 0.902469 0.607841
vn 0.329165 -0.937102 -0.116145
v 0.561482 1.329085 1.332740
vt 0.913102 0.554386
vn 0.326063 -0.936867 -0.126341
f 1018/1018/1018 1019/1019/1019 1020/1020/1020
v -0.718702 1.026327 0.884777
vt 0.821975 0.586273
vn 0.225491 -0.970138 -0.089363
v -0.915596 1.021625 0.304746
vt 0.807960 0.627561
vn 0.237450 -0.969919 -0.053623
v 0.165988 1.373133 -0.143261
vt 0.884950 0.659451
vn 0.335871 -0.937010 -0.095927
f 1021/1021/1021 1022/1022/1022 1023/1023/1023
v -0.718702 1.026327 0.884777
vt 0.821975 0.586273
vn 0.225491 -0.970138 -0.089363
v 0.165988 1.373133 -0.143261
vt 0.884950 0.659451
vn 0.335871 -0.937010 -0.095927
v 0.412106 1.379011 0.581778
vt 0.902469 0.607841
vn 0.329165 -0.937102 -0.116145
f 1024/1024/1024 1025/1025/1025 1026/1026/1026
v -0.915596 1.021625 0.304746
vt 0.807960 0.627561
vn 0.237450 -0.969919 -0.053623
v -1.186515 0.974223 -0.244624
vt 0.788675 0.666667
vn 0.245624 -0.968770 -0.033959
v -0.172660 1.313881 -0.829973
vt 0.860844 0.708333
vn 0.337290 -0.937042 -0.090488
f 1027/1027/1027 1028/1028/1028 1029/1029/1029
v -0.915596 1.021625 0.304746
vt 0.807960 0.627561
vn 0.237450 -0.969919 -0.053623
v -0.172660 1.313881 -0.829973
vt 0.860844 0.708333
vn 0.337290 -0.937042 -0.090488
v 0.165988 1.373133 -0.143261
vt 0.884950 0.659451
vn 0.335871 -0.937010 -0.095927
f 1030/1030/1030 1031/1031/1031 1032/1032/1032
v -1.186515 0.974223 -0.244624
vt 0.788675 0.666667
vn 0.245624 -0.968770 -0.033959
v -1.526824 0.903713 -0.753931
vt 0.764451 0.702920
vn 0.236034 -0.970646 -0.046210
v -0.598046 1.225743 -1.466608
vt 0.830564 0.753651
vn 0.320187 -0.940332 -0.115131
f 1033/1033/1033 1034/1034/1034 1035/1035/1035
v -1.186515 0.974223 -0.244624
vt 0.788675 0.666667
vn 0.245624 -0.968770 -0.033959
v -0.598046 1.225743 -1.466608
vt 0.830564 0.753651
vn 0.320187 -0.940332 -0.115131
v -0.172660 1.313881 -0.829973
vt 0.860844 0.708333
vn 0.337290 -0.937042 -0.090488
f 1036/1036/1036 1037/1037/1037 1038/1038/1038
v -1.526824 0.903713 -0.753931
vt 0.764451 0.702920
vn 0.236034 -0.970646 -0.046210
v -1.930699 0.839235 -1.214462
vt 0.735702 0.735702
vn 0.197773 -0.976162 -0.089407
v -1.102890 1.145146 -2.042271
vt 0.794628 0.794628
vn 0.273868 -0.946821 -0.168898
f 1039/1039/1039 1040/1040/1040 1041/1041/1041
v -1.526824 0.903713 -0.753931
vt 0.764451 0.702920
vn 0.236034 -0.970646 -0.046210
v -1.102890 1.145146 -2.042271
vt 0.794628 0.794628
vn 0.273868 -0.946821 -0.168898
v -0.598046 1.225743 -1.466608
vt 0.830564 0.753651
vn 0.320187 -0.940332 -0.115131
f 1042/1042/1042 1043/1043/1043 1044/1044/1044
v -1.930699 0.839235 -1.214462
vt 0.735702 0.735702
vn 0.197773 -0.976162 -0.089407
v -2.391230 0.807438 -1.618337
vt 0.702920 0.764451
vn 0.131312 -0.980258 -0.147825
v -1.678554 1.105400 -2.547115
vt 0.753651 0.830564
vn 0.198399 -0.951290 -0.235976
f 1045/1045/1045 1046/1046/1046 1047/1047/1047
v -1.930699 0.839235 -1.214462
vt 0.735702 0.735702
vn 0.197773 -0.976162 -0.089407
v -1.678554 1.105400 -2.547115
vt 0.753651 0.830564
vn 0.198399 -0.951290 -0.235976
v -1.102890 1.145146 -2.042271
vt 0.794628 0.794628
vn 0.273868 -0.946821 -0.168898
f 1048/1048/1048 1049/1049/1049 1050/1050/1050
v -2.391230 0.807438 -1.618337
vt 0.702920 0.764451
vn 0.131312 -0.980258 -0.147825
v -2.900538 0.821464 -1.958646
vt 0.666667 0.788675
vn 0.052892 -0.978337 -0.200148
v -2.315188 1.122932 -2.972501
vt 0.708333 0.860844
vn 0.109570 -0.949213 -0.294939
f 1051/1051/1051 1052/1052/1052 1053/1053/1053
v -2.391230 0.807438 -1.618337
vt 0.702920 0.764451
vn 0.131312 -0.980258 -0.147825
v -2.315188 1.122932 -2.972501
vt 0.708333 0.860844
vn 0.109570 -0.949213 -0.294939
v -1.678554 1.105400 -2.547115
vt 0.753651 0.830564
vn 0.198399 -0.951290 -0.235976
f 1054/1054/1054 1055/1055/1055 1056/1056/1056
v -2.900538 0.821464 -1.958646
vt 0.666667 0.788675
vn 0.052892 -0.978337 -0.200148
v -3.449907 0.875515 -2.229565
vt 0.627561 0.807960
vn -0.011932 -0.972605 -0.232157
v -3.001900 1.190496 -3.311150
vt 0.659451 0.884950
vn 0.032811 -0.942753 -0.331873
f 1057/1057/1057 1058/1058/1058 1059/1059/1059
v -2.900538 0.821464 -1.958646
vt 0.666667 0.788675
vn 0.052892 -0.978337 -0.200148
v -3.001900 1.190496 -3.311150
vt 0.659451 0.884950
vn 0.032811 -0.942753 -0.331873
v -2.315188 1.122932 -2.972501
vt 0.708333 0.860844
vn 0.109570 -0.949213 -0.294939
f 1060/1060/1060 1061/1061/1061 1062/1062/1062
v -3.449907 0.875515 -2.229565
vt 0.627561 0.807960
vn -0.011932 -0.972605 -0.232157
v -4.029939 0.947253 -2.426459
vt 0.586273 0.821975
vn -0.042618 -0.968980 -0.243435
v -3.726940 1.280168 -3.557268
vt 0.607841 0.902469
vn -0.011346 -0.937839 -0.346884
f 1063/1063/1063 1064/1064/1064 1065/1065/1065
v -3.449907 0.875515 -2.229565
vt 0.627561 0.807960
vn -0.011932 -0.972605 -0.232157
v -3.726940 1.280168 -3.557268
vt 0.607841 0.902469
vn -0.011346 -0.937839 -0.346884
v -3.001900 1.190496 -3.311150
vt 0.659451 0.884950
vn 0.032811 -0.942753 -0.331873
f 1066/1066/1066 1067/1067/1067 1068/1068/1068
v -4.029939 0.947253 -2.426459
vt 0.586273 0.821975
vn -0.042618 -0.968980 -0.243435
v -4.630708 1.007029 -2.545959
vt 0.543509 0.830482
vn -0.034247 -0.969358 -0.243252
v -4.477901 1.354888 -3.706643
vt 0.554386 0.913102
vn -0.018027 -0.936834 -0.349308
f 1069/1069/1069 1070/1070/1070 1071/1071/1071
v -4.029939 0.947253 -2.426459
vt 0.586273 0.821975
vn -0.042618 -0.968980 -0.243435
v -4.477901 1.354888 -3.706643
vt 0.554386 0.913102
vn -0.018027 -0.936834 -0.349308
v -3.726940 1.280168 -3.557268
vt 0.607841 0.902469
vn -0.011346 -0.937839 -0.346884
f 1072/1072/1072 1073/1073/1073 1074/1074/1074
v -4.630708 1.007029 -2.545959
vt 0.543509 0.830482
vn -0.034247 -0.969358 -0.243252
v -5.241935 1.030137 -2.586022
vt 0.500000 0.833333
vn 0.000000 -0.970330 -0.241784
v -5.241935 1.383774 -3.756720
vt 0.500000 0.916667
vn 0.000000 -0.937189 -0.348822
f 1075/1075/1075 1076/1076/1076 1077/1077/1077
v -4.630708 1.007029 -2.545959
vt 0.543509 0.830482
vn -0.034247 -0.969358 -0.243252
v -5.241935 1.383774 -3.756720
vt 0.500000 0.916667
vn 0.000000 -0.937189 -0.348822
v -4.477901 1.354888 -3.706643
vt 0.554386 0.913102
vn -0.018027 -0.936834 -0.349308
f 1078/1078/1078 1079/1079/1079 1080/1080/1080
v -5.241935 1.030137 -2.586022
vt 0.500000 0.833333
vn 0.000000 -0.970330 -0.241784
v -5.853163 1.007029 -2.545959
vt 0.456491 0.830482
vn 0.034247 -0.969358 -0.243252
v -6.005970 1.354888 -3.706643
vt 0.445614 0.913102
vn 0.018027 -0.936834 -0.349308
f 1081/1081/1081 1082/1082/1082 1083/1083/1083
v -5.241935 1.030137 -2.586022
vt 0.500000 0.833333
vn 0.000000 -0.970330 -0.241784
v -6.005970 1.354888 -3.706643
vt 0.445614 0.913102
vn 0.018027 -0.936834 -0.349308
v -5.241935 1.383774 -3.756720
vt 0.500000 0.916667
vn 0.000000 -0.937189 -0.348822
f 1084/1084/1084 1085/1085/1085 1086/1086/1086
v -5.853163 1.007029 -2.545959
vt 0.456491 0.830482
vn 0.034247 -0.969358 -0.243252
v -6.453932 0.947253 -2.426459
vt 0.413727 0.821975
vn 0.042618 -0.968980 -0.243435
v -6.756931 1.280168 -3.557268
vt 0.392159 0.902469
vn 0.011346 -0.937839 -0.346884
f 1087/1087/1087 1088/1088/1088 1089/1089/1089
v -5.853163 1.007029 -2.545959
vt 0.456491 0.830482
vn 0.034247 -0.969358 -0.243252
v -6.756931 1.280168 -3.557268
vt 0.392159 0.902469
vn 0.011346 -0.937839 -0.346884
v -6.005970 1.354888 -3.706643
vt 0.445614 0.913102
vn 0.018027 -0.936834 -0.349308
f 1090/1090/1090 1091/1091/1091 1092/1092/1092
v -6.453932 0.947253 -2.426459
vt 0.413727 0.821975
vn 0.042618 -0.968980 -0.243435
v -7.033964 0.875515 -2.229565
vt 0.372439 0.807960
vn 0.011932 -0.972605 -0.232157
v -7.481971 1.190496 -3.311150
vt 0.340549 0.884950
vn -0.032812 -0.942753 -0.331873
f 1093/1093/1093 1094/1094/1094 1095/1095/1095
v -6.453932 0.947253 -2.426459
vt 0.413727 0.821975
vn 0.042618 -0.968980 -0.243435
v -7.481971 1.190496 -3.311150
vt 0.340549 0.884950
vn -0.032812 -0.942753 -0.331873
v -6.756931 1.280168 -3.557268
vt 0.392159 0.902469
vn 0.011346 -0.937839 -0.346884
f 1096/1096/1096 1097/1097/1097 1098/1098/1098
v -7.033964 0.875515 -2.229565
vt 0.372439 0.807960
vn 0.011932 -0.972605 -0.232157
v -7.583333 0.821464 -1.958646
vt 0.333333 0.788675
vn -0.052892 -0.978337 -0.200148
v -8.168683 1.122932 -2.972501
vt 0.291667 0.860844
vn -0.109570 -0.949213 -0.294939
f 1099/1099/1099 1100/1100/1100 1101/1101/1101
v -7.033964 0.875515 -2.229565
vt 0.372439 0.807960
vn 0.011932 -0.972605 -0.232157
v -8.168683 1.122932 -2.972501
vt 0.291667 0.860844
vn -0.109570 -0.949213 -0.294939
v -7.481971 1.190496 -3.311150
vt 0.340549 0.884950
vn -0.032812 -0.942753 -0.331873
f 1102/1102/1102 1103/1103/1103 1104/1104/1104
v -7.583333 0.821464 -1.958646
vt 0.333333 0.788675
vn -0.052892 -0.978337 -0.200148
v -8.092641 0.807438 -1.618337
vt 0.297080 0.764451
vn -0.131312 -0.980258 -0.147825
v -8.805317 1.105400 -2.547115
vt 0.246349 0.830564
vn -0.198399 -0.951290 -0.235976
f 1105/1105/1105 1106/1106/1106 1107/1107/1107
v -7.583333 0.821464 -1.958646
vt 0.333333 0.788675
vn -0.052892 -0.978337 -0.200148
v -8.805317 1.105400 -2.547115
vt 0.246349 0.830564
vn -0.198399 -0.951290 -0.235976
v -8.168683 1.122932 -2.972501
vt 0.291667 0.860844
vn -0.109570 -0.949213 -0.294939
f 1108/1108/1108 1109/1109/1109 1110/1110/1110
v -8.092641 0.807438 -1.618337
vt 0.297080 0.764451
vn -0.131312 -0.980258 -0.147825
v -8.553172 0.839235 -1.214462
vt 0.264298 0.735702
vn -0.197773 -0.976162 -0.089407
v -9.380982 1.145146 -2.042271
vt 0.205372 0.794628
vn -0.273868 -0.946821 -0.168898
f 1111/1111/1111 1112/1112/1112 1113/1113/1113
v -8.092641 0.807438 -1.618337
vt 0.297080 0.764451
vn -0.131312 -0.980258 -0.147825
v -9.380982 1.145146 -2.042271
vt 0.205372 0.794628
vn -0.273868 -0.946821 -0.168898
v -8.805317 1.105400 -2.547115
vt 0.246349 0.830564
vn -0.198399 -0.951290 -0.235976
f 1114/1114/1114 1115/1115/1115 1116/1116/1116
v -8.553172 0.839235 -1.214462
vt 0.264298 0.735702
vn -0.197773 -0.976162 -0.089407
v -8.957047 0.903713 -0.753931
vt 0.235549 0.702920
vn -0.236034 -0.970646 -0.046210
v -9.885825 1.225743 -1.466608
vt 0.169436 0.753651
vn -0.320187 -0.940332 -0.115132
f 1117/1117/1117 1118/1118/1118 1119/1119/1119
v -8.553172 0.839235 -1.214462
vt 0.264298 0.735702
vn -0.197773 -0.976162 -0.089407
v -9.885825 1.225743 -1.466608
vt 0.169436 0.753651
vn -0.320187 -0.940332 -0.115132
v -9.380982 1.145146 -2.042271
vt 0.205372 0.794628
vn -0.273868 -0.946821 -0.168898
f 1120/1120/1120 1121/1121/1121 1122/1122/1122
v -8.957047 0.903713 -0.753931
vt 0.235549 0.702920
vn -0.236034 -0.970646 -0.046210
v -9.297356 0.974223 -0.244624
vt 0.211325 0.666667
vn -0.245624 -0.968770 -0.033959
v -10.311210 1.313881 -0.829973
vt 0.139156 0.708333
vn -0.337290 -0.937042 -0.090488
f 1123/1123/1123 1124/1124/1124 1125/1125/1125
v -8.957047 0.903713 -0.753931
vt 0.235549 0.702920
vn -0.236034 -0.970646 -0.046210
v -10.311210 1.313881 -0.829973
vt 0.139156 0.708333
vn -0.337290 -0.937042 -0.090488
v -9.885825 1.225743 -1.466608
vt 0.169436 0.753651
vn -0.320187 -0.940332 -0.115132
f 1126/1126/1126 1127/1127/1127 1128/1128/1128
v -9.297356 0.974223 -0.244624
vt 0.211325 0.666667
vn -0.245624 -0.968770 -0.033959
v -9.568275 1.021625 0.304746
vt 0.192040 0.627561
vn -0.237450 -0.969918 -0.053623
v -10.649859 1.373133 -0.143261
vt 0.115050 0.659451
vn -0.335871 -0.937010 -0.095927
f 1129/1129/1129 1130/1130/1130 1131/1131/1131
v -9.297356 0.974223 -0.244624
vt 0.211325 0.666667
vn -0.245624 -0.968770 -0.033959
v -10.649859 1.373133 -0.143261
vt 0.115050 0.659451
vn -0.335871 -0.937010 -0.095927
v -10.311210 1.313881 -0.829973
vt 0.139156 0.708333
vn -0.337290 -0.937042 -0.090488
f 1132/1132/1132 1133/1133/1133 1134/1134/1134
v -9.568275 1.021625 0.304746
vt 0.192040 0.627561
vn -0.237450 -0.969918 -0.053623
v -9.765168 1.026327 0.884777
vt 0.178025 0.586273
vn -0.225491 -0.970138 -0.089363
v -10.895977 1.379011 0.581778
vt 0.097531 0.607841
vn -0.329165 -0.937102 -0.116145
f 1135/1135/1135 1136/1136/1136 1137/1137/1137
v -9.568275 1.021625 0.304746
vt 0.192040 0.627561
vn -0.237450 -0.969918 -0.053623
v -10.895977 1.379011 0.581778
vt 0.097531 0.607841
vn -0.329165 -0.937102 -0.116145
v -10.649859 1.373133 -0.143261
vt 0.115050 0.659451
vn -0.335871 -0.937010 -0.095927
f 1138/1138/1138 1139/1139/1139 1140/1140/1140
v -9.765168 1.026327 0.884777
vt 0.178025 0.586273
vn -0.225491 -0.970138 -0.089363
v -9.884669 0.986386 1.485547
vt 0.169518 0.543509
vn -0.219108 -0.968880 -0.115165
v -11.045353 1.329085 1.332740
vt 0.086898 0.554386
vn -0.326063 -0.936867 -0.126341
f 1141/1141/1141 1142/1142/1142 1143/1143/1143
v -9.765168 1.026327 0.884777
vt 0.178025 0.586273
vn -0.225491 -0.970138 -0.089363
v -11.045353 1.329085 1.332740
vt 0.086898 0.554386
vn -0.326063 -0.936867 -0.126341
v -10.895977 1.379011 0.581778
vt 0.097531 0.607841
vn -0.329165 -0.937102 -0.116145
f 1144/1144/1144 1145/1145/1145 1146/1146/1146
v -9.884669 0.986386 1.485547
vt 0.169518 0.543509
vn -0.219108 -0.968880 -0.115165
v -9.924731 0.918309 2.096774
vt 0.166667 0.500000
vn -0.218274 -0.969904 -0.107900
v -11.095430 1.243989 2.096774
vt 0.083333 0.500000
vn -0.326744 -0.939329 -0.104398
f 1147/1147/1147 1148/1148/1148 1149/1149/1149
v -9.884669 0.986386 1.485547
vt 0.169518 0.543509
vn -0.219108 -0.968880 -0.115165
v -11.095430 1.243989 2.096774
vt 0.083333 0.500000
vn -0.326744 -0.939329 -0.104398
v -11.045353 1.329085 1.332740
vt 0.086898 0.554386
vn -0.326063 -0.936867 -0.126341
f 1150/1150/1150 1151/1151/1151 1152/1152/1152
v -9.924731 0.918309 2.096774
vt 0.166667 0.500000
vn -0.218274 -0.969904 -0.107900
v -9.884669 0.850233 2.708002
vt 0.169518 0.456491
vn -0.214581 -0.974959 -0.058390
v -11.045353 1.158893 2.860809
vt 0.086898 0.445614
vn -0.323061 -0.945473 -0.041381
f 1153/1153/1153 1154/1154/1154 1155/1155/1155
v -9.924731 0.918309 2.096774
vt 0.166667 0.500000
vn -0.218274 -0.969904 -0.107900
v -11.045353 1.158893 2.860809
vt 0.086898 0.445614
vn -0.323061 -0.945473 -0.041381
v -11.095430 1.243989 2.096774
vt 0.083333 0.500000
vn -0.326744 -0.939329 -0.104398
f 1156/1156/1156 1157/1157/1157 1158/1158/1158
v -9.884669 0.850233 2.708002
vt 0.169518 0.456491
vn -0.214581 -0.974959 -0.058390
v -9.765168 0.810292 3.308771
vt 0.178025 0.413727
vn -0.198276 -0.979852 0.024014
v -10.895977 1.108967 3.611770
vt 0.097531 0.392159
vn -0.304982 -0.950854 0.053508
f 1159/1159/1159 1160/1160/1160 1161/1161/1161
v -9.884669 0.850233 2.708002
vt 0.169518 0.456491
vn -0.214581 -0.974959 -0.058390
v -10.895977 1.108967 3.611770
vt 0.097531 0.392159
vn -0.304982 -0.950854 0.053508
v -11.045353 1.158893 2.860809
vt 0.086898 0.445614
vn -0.323061 -0.945473 -0.041381
f 1162/1162/1162 1163/1163/1163 1164/1164/1164
v -9.765168 0.810292 3.308771
vt 0.178025 0.413727
vn -0.198276 -0.979852 0.024014
v -9.568275 0.814994 3.888803
vt 0.192040 0.372439
vn -0.167572 -0.979200 0.114396
v -10.649859 1.114844 4.336810
vt 0.115050 0.340549
vn -0.270235 -0.950150 0.155524
f 1165/1165/1165 1166/1166/1166 1167/1167/1167
v -9.765168 0.810292 3.308771
vt 0.178025 0.413727
vn -0.198276 -0.979852 0.024014
v -10.649859 1.114844 4.336810
vt 0.115050 0.340549
vn -0.270235 -0.950150 0.155524
v -10.895977 1.108967 3.611770
vt 0.097531 0.392159
vn -0.304982 -0.950854 0.053508
f 1168/1168/1168 1169/1169/1169 1170/1170/1170
v -9.568275 0.814994 3.888803
vt 0.192040 0.372439
vn -0.167572 -0.979200 0.114396
v -9.297356 0.862395 4.438172
vt 0.211325 0.333333
vn -0.132786 -0.973756 0.184845
v -10.311210 1.174096 5.023521
vt 0.139156 0.291667
vn -0.229110 -0.944099 0.237035
f 1171/1171/1171 1172/1172/1172 1173/1173/1173
v -9.568275 0.814994 3.888803
vt 0.192040 0.372439
vn -0.167572 -0.979200 0.114396
v -10.311210 1.174096 5.023521
vt 0.139156 0.291667
vn -0.229110 -0.944099 0.237035
v -10.649859 1.114844 4.336810
vt 0.115050 0.340549
vn -0.270235 -0.950150 0.155524
f 1174/1174/1174 1175/1175/1175 1176/1176/1176
v -9.297356 0.862395 4.438172
vt 0.211325 0.333333
vn -0.132786 -0.973756 0.184845
v -8.957047 0.932906 4.947480
vt 0.235549 0.297080
vn -0.110385 -0.969348 0.219499
v -9.885825 1.262235 5.660156
vt 0.169436 0.246349
vn -0.198382 -0.938495 0.282614
f 1177/1177/1177 1178/1178/1178 1179/1179/1179
v -9.297356 0.862395 4.438172
vt 0.211325 0.333333
vn -0.132786 -0.973756 0.184845
v -9.885825 1.262235 5.660156
vt 0.169436 0.246349
vn -0.198382 -0.938495 0.282614
v -10.311210 1.174096 5.023521
vt 0.139156 0.291667
vn -0.229110 -0.944099 0.237035
f 1180/1180/1180 1181/1181/1181 1182/1182/1182
v -8.957047 0.932906 4.947480
vt 0.235549 0.297080
vn -0.110385 -0.969348 0.219499
v -8.553172 0.997384 5.408011
vt 0.264298 0.264298
vn -0.111949 -0.969089 0.219848
v -9.380982 1.342832 6.235820
vt 0.205372 0.205372
vn -0.189699 -0.936809 0.293945
f 1183/1183/1183 1184/1184/1184 1185/1185/1185
v -8.957047 0.932906 4.947480
vt 0.235549 0.297080
vn -0.110385 -0.969348 0.219499
v -9.380982 1.342832 6.235820
vt 0.205372 0.205372
vn -0.189699 -0.936809 0.293945
v -9.885825 1.262235 5.660156
vt 0.169436 0.246349
vn -0.198382 -0.938495 0.282614
f 1186/1186/1186 1187/1187/1187 1188/1188/1188
v -8.553172 0.997384 5.408011
vt 0.264298 0.264298
vn -0.111949 -0.969089 0.219848
v -8.092641 1.029181 5.811886
vt 0.297080 0.235549
vn -0.135872 -0.970281 0.200235
v -8.805317 1.382578 6.740664
vt 0.246349 0.169436
vn -0.201424 -0.937166 0.284865
f 1189/1189/1189 1190/1190/1190 1191/1191/1191
v -8.553172 0.997384 5.408011
vt 0.264298 0.264298
vn -0.111949 -0.969089 0.219848
v -8.805317 1.382578 6.740664
vt 0.246349 0.169436
vn -0.201424 -0.937166 0.284865
v -9.380982 1.342832 6.235820
vt 0.205372 0.205372
vn -0.189699 -0.936809 0.293945
f 1192/1192/1192 1193/1193/1193 1194/1194/1194
v -8.092641 1.029181 5.811886
vt 0.297080 0.235549
vn -0.135872 -0.970281 0.200235
v -7.583333 1.015155 6.152194
vt 0.333333 0.211325
vn -0.165986 -0.969648 0.179533
v -8.168683 1.365046 7.166049
vt 0.291667 0.139156
vn -0.217978 -0.936912 0.273280
f 1195/1195/1195 1196/1196/1196 1197/1197/1197
v -8.092641 1.029181 5.811886
vt 0.297080 0.235549
vn -0.135872 -0.970281 0.200235
v -8.168683 1.365046 7.166049
vt 0.291667 0.139156
vn -0.217978 -0.936912 0.273280
v -8.805317 1.382578 6.740664
vt 0.246349 0.169436
vn -0.201424 -0.937166 0.284865
f 1198/1198/1198 1199/1199/1199 1200/1200/1200
v -7.583333 1.015155 6.152194
vt 0.333333 0.211325
vn -0.165986 -0.969648 0.179533
v -7.033964 0.961104 6.423113
vt 0.372439 0.192040
vn -0.178903 -0.968794 0.171556
v -7.481971 1.297482 7.504698
vt 0.340549 0.115050
vn -0.217110 -0.937359 0.272436
f 1201/1201/1201 1202/1202/1202 1203/1203/1203
v -7.583333 1.015155 6.152194
vt 0.333333 0.211325
vn -0.165986 -0.969648 0.179533
v -7.481971 1.297482 7.504698
vt 0.340549 0.115050
vn -0.217110 -0.937359 0.272436
v -8.168683 1.365046 7.166049
vt 0.291667 0.139156
vn -0.217978 -0.936912 0.273280
f 1204/1204/1204 1205/1205/1205 1206/1206/1206
v -7.033964 0.961104 6.423113
vt 0.372439 0.192040
vn -0.178903 -0.968794 0.171556
v -6.453932 0.889366 6.620008
vt 0.413727 0.178025
vn -0.155803 -0.971555 0.178342
v -6.756931 1.207810 7.750816
vt 0.392159 0.097531
vn -0.180783 -0.941484 0.284474
f 1207/1207/1207 1208/1208/1208 1209/1209/1209
v -7.033964 0.961104 6.423113
vt 0.372439 0.192040
vn -0.178903 -0.968794 0.171556
v -6.756931 1.207810 7.750816
vt 0.392159 0.097531
vn -0.180783 -0.941484 0.284474
v -7.481971 1.297482 7.504698
vt 0.340549 0.115050
vn -0.217110 -0.937359 0.272436
f 1210/1210/1210 1211/1211/1211 1212/1212/1212
v -6.453932 0.889366 6.620008
vt 0.413727 0.178025
vn -0.155803 -0.971555 0.178342
v -5.853163 0.829590 6.739508
vt 0.456491 0.169518
vn -0.091731 -0.977307 0.190938
v -6.005970 1.133090 7.900191
vt 0.445614 0.086898
vn -0.104076 -0.948086 0.300501
f 1213/1213/1213 1214/1214/1214 1215/1215/1215
v -6.453932 0.889366 6.620008
vt 0.413727 0.178025
vn -0.155803 -0.971555 0.178342
v -6.005970 1.133090 7.900191
vt 0.445614 0.086898
vn -0.104076 -0.948086 0.300501
v -6.756931 1.207810 7.750816
vt 0.392159 0.097531
vn -0.180783 -0.941484 0.284474
f 1216/1216/1216 1217/1217/1217 1218/1218/1218
v -5.853163 0.829590 6.739508
vt 0.456491 0.169518
vn -0.091731 -0.977307 0.190938
v -5.241935 0.806481 6.779570
vt 0.500000 0.166667
vn -0.000000 -0.980395 0.197041
v -5.241935 1.104204 7.950269
vt 0.500000 0.083333
vn 0.000000 -0.951438 0.307841
f 1219/1219/1219 1220/1220/1220 1221/1221/1221
v -5.853163 0.829590 6.739508
vt 0.456491 0.169518
vn -0.091731 -0.977307 0.190938
v -5.241935 1.104204 7.950269
vt 0.500000 0.083333
vn 0.000000 -0.951438 0.307841
v -6.005970 1.133090 7.900191
vt 0.445614 0.086898
vn -0.104076 -0.948086 0.300501
f 1222/1222/1222 1223/1223/1223 1224/1224/1224
v -5.241935 0.806481 6.779570
vt 0.500000 0.166667
vn -0.000000 -0.980395 0.197041
v -4.630708 0.829590 6.739508
vt 0.543509 0.169518
vn 0.091731 -0.977307 0.190938
v -4.477901 1.133090 7.900191
vt 0.554386 0.086898
vn 0.104076 -0.948086 0.300501
f 1225/1225/1225 1226/1226/1226 1227/1227/1227
v -5.241935 0.806481 6.779570
vt 0.500000 0.166667
vn -0.000000 -0.980395 0.197041
v -4.477901 1.133090 7.900191
vt 0.554386 0.086898
vn 0.104076 -0.948086 0.300501
v -5.241935 1.104204 7.950269
vt 0.500000 0.083333
vn 0.000000 -0.951438 0.307841
f 1228/1228/1228 1229/1229/1229 1230/1230/1230
v -4.630708 0.829590 6.739508
vt 0.543509 0.169518
vn 0.091731 -0.977307 0.190938
v -4.029939 0.889366 6.620008
vt 0.586273 0.178025
vn 0.155803 -0.971555 0.178342
v -3.726940 1.207810 7.750816
vt 0.607841 0.097531
vn 0.180783 -0.941484 0.284474
f 1231/1231/1231 1232/1232/1232 1233/1233/1233
v -4.630708 0.829590 6.739508
vt 0.543509 0.169518
vn 0.091731 -0.977307 0.190938
v -3.726940 1.207810 7.750816
vt 0.607841 0.097531
vn 0.180783 -0.941484 0.284474
v -4.477901 1.133090 7.900191
vt 0.554386 0.086898
vn 0.104076 -0.948086 0.300501
f 1234/1234/1234 1235/1235/1235 1236/1236/1236
v -4.029939 0.889366 6.620008
vt 0.586273 0.178025
vn 0.155803 -0.971555 0.178342
v -3.449907 0.961104 6.423113
vt 0.627561 0.192040
vn 0.178903 -0.968794 0.171556
v -3.001900 1.297482 7.504698
vt 0.659451 0.115050
vn 0.217110 -0.937359 0.272436
f 1237/1237/1237 1238/1238/1238 1239/1239/1239
v -4.029939 0.889366 6.620008
vt 0.586273 0.178025
vn 0.155803 -0.971555 0.178342
v -3.001900 1.297482 7.504698
vt 0.659451 0.115050
vn 0.217110 -0.937359 0.272436
v -3.726940 1.207810 7.750816
vt 0.607841 0.097531
vn 0.180783 -0.941484 0.284474
f 1240/1240/1240 1241/1241/1241 1242/1242/1242
v -3.449907 0.961104 6.423113
vt 0.627561 0.192040
vn 0.178903 -0.968794 0.171556
v -2.900538 1.015155 6.152194
vt 0.666667 0.211325
vn 0.165986 -0.969648 0.179533
v -2.315188 1.365046 7.166049
vt 0.708333 0.139156
vn 0.217978 -0.936912 0.273280
f 1243/1243/1243 1244/1244/1244 1245/1245/1245
v -3.449907 0.961104 6.423113
vt 0.627561 0.192040
vn 0.178903 -0.968794 0.171556
v -2.315188 1.365046 7.166049
vt 0.708333 0.139156
vn 0.217978 -0.936912 0.273280
v -3.001900 1.297482 7.504698
vt 0.659451 0.115050
vn 0.217110 -0.937359 0.272436
f 1246/1246/1246 1247/1247/1247 1248/1248/1248
v -2.900538 1.015155 6.152194
vt 0.666667 0.211325
vn 0.165986 -0.969648 0.179533
v -2.391230 1.029181 5.811886
vt 0.702920 0.235549
vn 0.135872 -0.970281 0.200235
v -1.678554 1.382578 6.740664
vt 0.753651 0.169436
vn 0.201424 -0.937166 0.284865
f 1249/1249/1249 1250/1250/1250 1251/1251/1251
v -2.900538 1.015155 6.152194
vt 0.666667 0.211325
vn 0.165986 -0.969648 0.179533
v -1.678554 1.382578 6.740664
vt 0.753651 0.169436
vn 0.201424 -0.937166 0.284865
v -2.315188 1.365046 7.166049
vt 0.708333 0.139156
vn 0.217978 -0.936912 0.273280
f 1252/1252/1252 1253/1253/1253 1254/1254/1254
v -2.391230 1.029181 5.811886
vt 0.702920 0.235549
vn 0.135872 -0.970281 0.200235
v -1.930699 0.997384 5.408011
vt 0.735702 0.264298
vn 0.111949 -0.969089 0.219848
v -1.102890 1.342832 6.235820
vt 0.794628 0.205372
vn 0.189699 -0.936809 0.293945
f 1255/1255/1255 1256/1256/1256 1257/1257/1257
v -2.391230 1.029181 5.811886
vt 0.702920 0.235549
vn 0.135872 -0.970281 0.200235
v -1.102890 1.342832 6.235820
vt 0.794628 0.205372
vn 0.189699 -0.936809 0.293945
v -1.678554 1.382578 6.740664
vt 0.753651 0.169436
vn 0.201424 -0.937166 0.284865
f 1258/1258/1258 1259/1259/1259 1260/1260/1260
v -1.930699 0.997384 5.408011
vt 0.735702 0.264298
vn 0.111949 -0.969089 0.219848
v -1.526824 0.932906 4.947480
vt 0.764451 0.297080
vn 0.110385 -0.969348 0.219499
v -0.598046 1.262235 5.660156
vt 0.830564 0.246349
vn 0.198382 -0.938495 0.282614
f 1261/1261/1261 1262/1262/1262 1263/1263/1263
v -1.930699 0.997384 5.408011
vt 0.735702 0.264298
vn 0.111949 -0.969089 0.219848
v -0.598046 1.262235 5.660156
vt 0.830564 0.246349
vn 0.198382 -0.938495 0.282614
v -1.102890 1.342832 6.235820
vt 0.794628 0.205372
vn 0.189699 -0.936809 0.293945
f 1264/1264/1264 1265/1265/1265 1266/1266/1266
v -1.526824 0.932906 4.947480
vt 0.764451 0.297080
vn 0.110385 -0.969348 0.219499
v -1.186515 0.862395 4.438172
vt 0.788675 0.333333
vn 0.132786 -0.973756 0.184845
v -0.172660 1.174096 5.023521
vt 0.860844 0.291667
vn 0.229110 -0.944099 0.237035
f 1267/1267/1267 1268/1268/1268 1269/1269/1269
v -1.526824 0.932906 4.947480
vt 0.764451 0.297080
vn 0.110385 -0.969348 0.219499
v -0.172660 1.174096 5.023521
vt 0.860844 0.291667
vn 0.229110 -0.944099 0.237035
v -0.598046 1.262235 5.660156
vt 0.830564 0.246349
vn 0.198382 -0.938495 0.282614
f 1270/1270/1270 1271/1271/1271 1272/1272/1272
v -1.186515 0.862395 4.438172
vt 0.788675 0.333333
vn 0.132786 -0.973756 0.184845
v -0.915596 0.814994 3.888803
vt 0.807960 0.372439
vn 0.167572 -0.979200 0.114396
v 0.165988 1.114844 4.336810
vt 0.884950 0.340549
vn 0.270235 -0.950150 0.155524
f 1273/1273/1273 1274/1274/1274 1275/1275/1275
v -1.186515 0.862395 4.438172
vt 0.788675 0.333333
vn 0.132786 -0.973756 0.184845
v 0.165988 1.114844 4.336810
vt 0.884950 0.340549
vn 0.270235 -0.950150 0.155524
v -0.172660 1.174096 5.023521
vt 0.860844 0.291667
vn 0.229110 -0.944099 0.237035
f 1276/1276/1276 1277/1277/1277 1278/1278/1278
v -0.915596 0.814994 3.888803
vt 0.807960 0.372439
vn 0.167572 -0.979200 0.114396
v -0.718702 0.810292 3.308771
vt 0.821975 0.413727
vn 0.198276 -0.979852 0.024014
v 0.412106 1.108967 3.611770
vt 0.902469 0.392159
vn 0.304982 -0.950854 0.053508
f 1279/1279/1279 1280/1280/1280 1281/1281/1281
v -0.915596 0.814994 3.888803
vt 0.807960 0.372439
vn 0.167572 -0.979200 0.114396
v 0.412106 1.108967 3.611770
vt 0.902469 0.392159
vn 0.304982 -0.950854 0.053508
v 0.165988 1.114844 4.336810
vt 0.884950 0.340549
vn 0.270235 -0.950150 0.155524
f 1282/1282/1282 1283/1283/1283 1284/1284/1284
v -0.718702 0.810292 3.308771
vt 0.821975 0.413727
vn 0.198276 -0.979852 0.024014
v -0.599202 0.850233 2.708002
vt 0.830482 0.456491
vn 0.214581 -0.974959 -0.058390
v 0.561482 1.158893 2.860809
vt 0.913102 0.445614
vn 0.323061 -0.945473 -0.041382
f 1285/1285/1285 1286/1286/1286 1287/1287/1287
v -0.718702 0.810292 3.308771
vt 0.821975 0.413727
vn 0.198276 -0.979852 0.024014
v 0.561482 1.158893 2.860809
vt 0.913102 0.445614
vn 0.323061 -0.945473 -0.041382
v 0.412106 1.108967 3.611770
vt 0.902469 0.392159
vn 0.304982 -0.950854 0.053508
f 1288/1288/1288 1289/1289/1289 1290/1290/1290
v -0.599202 0.850233 2.708002
vt 0.830482 0.456491
vn 0.214581 -0.974959 -0.058390
v -0.559140 0.918309 2.096774
vt 0.833333 0.500000
vn 0.218274 -0.969904 -0.107900
v 0.611559 1.243989 2.096774
vt 0.916667 0.500000
vn 0.326744 -0.939329 -0.104398
f 1291/1291/1291 1292/1292/1292 1293/1293/1293
v -0.599202 0.850233 2.708002
vt 0.830482 0.456491
vn 0.214581 -0.974959 -0.058390
v 0.611559 1.243989 2.096774
vt 0.916667 0.500000
vn 0.326744 -0.939329 -0.104398
v 0.561482 1.158893 2.860809
vt 0.913102 0.445614
vn 0.323061 -0.945473 -0.041382
f 1294/1294/1294 1295/1295/1295 1296/1296/1296
v 0.611559 1.243989 2.096774
vt 0.916667 0.500000
vn 0.326744 -0.939329 -0.104398
v 0.561482 1.329085 1.332740
vt 0.913102 0.554386
vn 0.326063 -0.936867 -0.126341
v 1.722165 1.831954 1.179933
vt 0.995722 0.565263
vn 0.379436 -0.915799 -0.131681
f 1297/1297/1297 1298/1298/1298 1299/1299/1299
v 0.611559 1.243989 2.096774
vt 0.916667 0.500000
vn 0.326744 -0.939329 -0.104398
v 1.722165 1.831954 1.179933
vt 0.995722 0.565263
vn 0.379436 -0.915799 -0.131681
v 1.782258 1.729839 2.096774
vt 1.000000 0.500000
vn 0.381273 -0.918711 -0.102961
f 1300/1300/1300 1301/1301/1301 1302/1302/1302
v 0.561482 1.329085 1.332740
vt 0.913102 0.554386
vn 0.326063 -0.936867 -0.126341
v 0.412106 1.379011 0.581778
vt 0.902469 0.607841
vn 0.329165 -0.937102 -0.116145
v 1.542914 1.891865 0.278779
vt 0.982963 0.629410
vn 0.380637 -0.915646 -0.129259
f 1303/1303/1303 1304/1304/1304 1305/1305/1305
v 0.561482 1.329085 1.332740
vt 0.913102 0.554386
vn 0.326063 -0.936867 -0.126341
v 1.542914 1.891865 0.278779
vt 0.982963 0.629410
vn 0.380637 -0.915646 -0.129259
v 1.722165 1.831954 1.179933
vt 0.995722 0.565263
vn 0.379436 -0.915799 -0.131681
f 1306/1306/1306 1307/1307/1307 1308/1308/1308
v 0.412106 1.379011 0.581778
vt 0.902469 0.607841
vn 0.329165 -0.937102 -0.116145
v 0.165988 1.373133 -0.143261
vt 0.884950 0.659451
vn 0.335871 -0.937010 -0.095927
v 1.247573 1.884812 -0.591268
vt 0.961940 0.691342
vn 0.384631 -0.915606 -0.117151
f 1309/1309/1309 1310/1310/1310 1311/1311/1311
v 0.412106 1.379011 0.581778
vt 0.902469 0.607841
vn 0.329165 -0.937102 -0.116145
v 1.247573 1.884812 -0.591268
vt 0.961940 0.691342
vn 0.384631 -0.915606 -0.117151
v 1.542914 1.891865 0.278779
vt 0.982963 0.629410
vn 0.380637 -0.915646 -0.129259
f 1312/1312/1312 1313/1313/1313 1314/1314/1314
v 0.165988 1.373133 -0.143261
vt 0.884950 0.659451
vn 0.335871 -0.937010 -0.095927
v -0.172660 1.313881 -0.829973
vt 0.860844 0.708333
vn 0.337290 -0.937042 -0.090488
v 0.841195 1.813710 -1.415323
vt 0.933013 0.750000
vn 0.382996 -0.916071 -0.118861
f 1315/1315/1315 1316/1316/1316 1317/1317/1317
v 0.165988 1.373133 -0.143261
vt 0.884950 0.659451
vn 0.335871 -0.937010 -0.095927
v 0.841195 1.813710 -1.415323
vt 0.933013 0.750000
vn 0.382996 -0.916071 -0.118861
v 1.247573 1.884812 -0.591268
vt 0.961940 0.691342
vn 0.384631 -0.915606 -0.117151
f 1318/1318/1318 1319/1319/1319 1320/1320/1320
v -0.172660 1.313881 -0.829973
vt 0.860844 0.708333
vn 0.337290 -0.937042 -0.090488
v -0.598046 1.225743 -1.466608
vt 0.830564 0.753651
vn 0.320187 -0.940332 -0.115131
v 0.330732 1.707944 -2.179284
vt 0.896677 0.804381
vn 0.362834 -0.919787 -0.149478
f 1321/1321/1321 1322/1322/1322 1323/1323/1323
v -0.172660 1.313881 -0.829973
vt 0.860844 0.708333
vn 0.337290 -0.937042 -0.090488
v 0.330732 1.707944 -2.179284
vt 0.896677 0.804381
vn 0.362834 -0.919787 -0.149478
v 0.841195 1.813710 -1.415323
vt 0.933013 0.750000
vn 0.382996 -0.916071 -0.118861
f 1324/1324/1324 1325/1325/1325 1326/1326/1326
v -0.598046 1.225743 -1.466608
vt 0.830564 0.753651
vn 0.320187 -0.940332 -0.115131
v -1.102890 1.145146 -2.042271
vt 0.794628 0.794628
vn 0.273868 -0.946821 -0.168898
v -0.275081 1.611227 -2.870081
vt 0.853553 0.853553
vn 0.312975 -0.926548 -0.208700
f 1327/1327/1327 1328/1328/1328 1329/1329/1329
v -0.598046 1.225743 -1.466608
vt 0.830564 0.753651
vn 0.320187 -0.940332 -0.115131
v -0.275081 1.611227 -2.870081
vt 0.853553 0.853553
vn 0.312975 -0.926548 -0.208700
v 0.330732 1.707944 -2.179284
vt 0.896677 0.804381
vn 0.362834 -0.919787 -0.149478
f 1330/1330/1330 1331/1331/1331 1332/1332/1332
v -1.102890 1.145146 -2.042271
vt 0.794628 0.794628
vn 0.273868 -0.946821 -0.168898
v -1.678554 1.105400 -2.547115
vt 0.753651 0.830564
vn 0.198399 -0.951290 -0.235976
v -0.965877 1.563532 -3.475893
vt 0.804381 0.896677
vn 0.232690 -0.931147 -0.280751
f 1333/1333/1333 1334/1334/1334 1335/1335/1335
v -1.102890 1.145146 -2.042271
vt 0.794628 0.794628
vn 0.273868 -0.946821 -0.168898
v -0.965877 1.563532 -3.475893
vt 0.804381 0.896677
vn 0.232690 -0.931147 -0.280751
v -0.275081 1.611227 -2.870081
vt 0.853553 0.853553
vn 0.312975 -0.926548 -0.208700
f 1336/1336/1336 1337/1337/1337 1338/1338/1338
v -1.678554 1.105400 -2.547115
vt 0.753651 0.830564
vn 0.198399 -0.951290 -0.235976
v -2.315188 1.122932 -2.972501
vt 0.708333 0.860844
vn 0.109570 -0.949213 -0.294939
v -1.729839 1.584570 -3.986356
vt 0.750000 0.933013
vn 0.137862 -0.929012 -0.343412
f 1339/1339/1339 1340/1340/1340 1341/1341/1341
v -1.678554 1.105400 -2.547115
vt 0.753651 0.830564
vn 0.198399 -0.951290 -0.235976
v -1.729839 1.584570 -3.986356
vt 0.750000 0.933013
vn 0.137862 -0.929012 -0.343412
v -0.965877 1.563532 -3.475893
vt 0.804381 0.896677
vn 0.232690 -0.931147 -0.280751
f 1342/1342/1342 1343/1343/1343 1344/1344/1344
v -2.315188 1.122932 -2.972501
vt 0.708333 0.860844
vn 0.109570 -0.949213 -0.294939
v -3.001900 1.190496 -3.311150
vt 0.659451 0.884950
vn 0.032811 -0.942753 -0.331873
v -2.553893 1.665647 -4.392734
vt 0.691342 0.961940
vn 0.054810 -0.922334 -0.382488
f 1345/1345/1345 1346/1346/1346 1347/1347/1347
v -2.315188 1.122932 -2.972501
vt 0.708333 0.860844
vn 0.109570 -0.949213 -0.294939
v -2.553893 1.665647 -4.392734
vt 0.691342 0.961940
vn 0.054810 -0.922334 -0.382488
v -1.729839 1.584570 -3.986356
vt 0.750000 0.933013
vn 0.137862 -0.929012 -0.343412
f 1348/1348/1348 1349/1349/1349 1350/1350/1350
v -3.001900 1.190496 -3.311150
vt 0.659451 0.884950
vn 0.032811 -0.942753 -0.331873
v -3.726940 1.280168 -3.557268
vt 0.607841 0.902469
vn -0.011346 -0.937839 -0.346884
v -3.423940 1.773253 -4.688076
vt 0.629410 0.982963
vn 0.004264 -0.917056 -0.398737
f 1351/1351/1351 1352/1352/1352 1353/1353/1353
v -3.001900 1.190496 -3.311150
vt 0.659451 0.884950
vn 0.032811 -0.942753 -0.331873
v -3.423940 1.773253 -4.688076
vt 0.629410 0.982963
vn 0.004264 -0.917056 -0.398737
v -2.553893 1.665647 -4.392734
vt 0.691342 0.961940
vn 0.054810 -0.922334 -0.382488
f 1354/1354/1354 1355/1355/1355 1356/1356/1356
v -3.726940 1.280168 -3.557268
vt 0.607841 0.902469
vn -0.011346 -0.937839 -0.346884
v -4.477901 1.354888 -3.706643
vt 0.554386 0.913102
vn -0.018027 -0.936834 -0.349308
v -4.325094 1.862917 -4.867326
vt 0.565263 0.995722
vn -0.009661 -0.915580 -0.402020
f 1357/1357/1357 1358/1358/1358 1359/1359/1359
v -3.726940 1.280168 -3.557268
vt 0.607841 0.902469
vn -0.011346 -0.937839 -0.346884
v -4.325094 1.862917 -4.867326
vt 0.565263 0.995722
vn -0.009661 -0.915580 -0.402020
v -3.423940 1.773253 -4.688076
vt 0.629410 0.982963
vn 0.004264 -0.917056 -0.398737
f 1360/1360/1360 1361/1361/1361 1362/1362/1362
v -4.477901 1.354888 -3.706643
vt 0.554386 0.913102
vn -0.018027 -0.936834 -0.349308
v -5.241935 1.383774 -3.756720
vt 0.500000 0.916667
vn 0.000000 -0.937189 -0.348822
v -5.241935 1.897581 -4.927419
vt 0.500000 1.000000
vn 0.000000 -0.915690 -0.401886
f 1363/1363/1363 1364/1364/1364 1365/1365/1365
v -4.477901 1.354888 -3.706643
vt 0.554386 0.913102
vn -0.018027 -0.936834 -0.349308
v -5.241935 1.897581 -4.927419
vt 0.500000 1.000000
vn 0.000000 -0.915690 -0.401886
v -4.325094 1.862917 -4.867326
vt 0.565263 0.995722
vn -0.009661 -0.915580 -0.402020
f 1366/1366/1366 1367/1367/1367 1368/1368/1368
v -5.241935 1.383774 -3.756720
vt 0.500000 0.916667
vn 0.000000 -0.937189 -0.348822
v -6.005970 1.354888 -3.706643
vt 0.445614 0.913102
vn 0.018027 -0.936834 -0.349308
v -6.158777 1.862917 -4.867326
vt 0.434737 0.995722
vn 0.009661 -0.915580 -0.402020
f 1369/1369/1369 1370/1370/1370 1371/1371/1371
v -5.241935 1.383774 -3.756720
vt 0.500000 0.916667
vn 0.000000 -0.937189 -0.348822
v -6.158777 1.862917 -4.867326
vt 0.434737 0.995722
vn 0.009661 -0.915580 -0.402020
v -5.241935 1.897581 -4.927419
vt 0.500000 1.000000
vn 0.000000 -0.915690 -0.401886
f 1372/1372/1372 1373/1373/1373 1374/1374/1374
v -6.005970 1.354888 -3.706643
vt 0.445614 0.913102
vn 0.018027 -0.936834 -0.349308
v -6.756931 1.280168 -3.557268
vt 0.392159 0.902469
vn 0.011346 -0.937839 -0.346884
v -7.059930 1.773253 -4.688076
vt 0.370590 0.982963
vn -0.004264 -0.917056 -0.398737
f 1375/1375/1375 1376/1376/1376 1377/1377/1377
v -6.005970 1.354888 -3.706643
vt 0.445614 0.913102
vn 0.018027 -0.936834 -0.349308
v -7.059930 1.773253 -4.688076
vt 0.370590 0.982963
vn -0.004264 -0.917056 -0.398737
v -6.158777 1.862917 -4.867326
vt 0.434737 0.995722
vn 0.009661 -0.915580 -0.402020
f 1378/1378/1378 1379/1379/1379 1380/1380/1380
v -6.756931 1.280168 -3.557268
vt 0.392159 0.902469
vn 0.011346 -0.937839 -0.346884
v -7.481971 1.190496 -3.311150
vt 0.340549 0.884950
vn -0.032812 -0.942753 -0.331873
v -7.929978 1.665647 -4.392734
vt 0.308658 0.961940
vn -0.054810 -0.922334 -0.382487
f 1381/1381/1381 1382/1382/1382 1383/1383/1383
v -6.756931 1.280168 -3.557268
vt 0.392159 0.902469
vn 0.011346 -0.937839 -0.346884
v -7.929978 1.665647 -4.392734
vt 0.308658 0.961940
vn -0.054810 -0.922334 -0.382487
v -7.059930 1.773253 -4.688076
vt 0.370590 0.982963
vn -0.004264 -0.917056 -0.398737
f 1384/1384/1384 1385/1385/1385 1386/1386/1386
v -7.481971 1.190496 -3.311150
vt 0.340549 0.884950
vn -0.032812 -0.942753 -0.331873
v -8.168683 1.122932 -2.972501
vt 0.291667 0.860844
vn -0.109570 -0.949213 -0.294939
v -8.754033 1.584570 -3.986356
vt 0.250000 0.933013
vn -0.137862 -0.929012 -0.343412
f 1387/1387/1387 1388/1388/1388 1389/1389/1389
v -7.481971 1.190496 -3.311150
vt 0.340549 0.884950
vn -0.032812 -0.942753 -0.331873
v -8.754033 1.584570 -3.986356
vt 0.250000 0.933013
vn -0.137862 -0.929012 -0.343412
v -7.929978 1.665647 -4.392734
vt 0.308658 0.961940
vn -0.054810 -0.922334 -0.382487
f 1390/1390/1390 1391/1391/1391 1392/1392/1392
v -8.168683 1.122932 -2.972501
vt 0.291667 0.860844
vn -0.109570 -0.949213 -0.294939
v -8.805317 1.105400 -2.547115
vt 0.246349 0.830564
vn -0.198399 -0.951290 -0.235976
v -9.517994 1.563532 -3.475893
vt 0.195619 0.896677
vn -0.232690 -0.931147 -0.280751
f 1393/1393/1393 1394/1394/1394 1395/1395/1395
v -8.168683 1.122932 -2.972501
vt 0.291667 0.860844
vn -0.109570 -0.949213 -0.294939
v -9.517994 1.563532 -3.475893
vt 0.195619 0.896677
vn -0.232690 -0.931147 -0.280751
v -8.754033 1.584570 -3.986356
vt 0.250000 0.933013
vn -0.137862 -0.929012 -0.343412
f 1396/1396/1396 1397/1397/1397 1398/1398/1398
v -8.805317 1.105400 -2.547115
vt 0.246349 0.830564
vn -0.198399 -0.951290 -0.235976
v -9.380982 1.145146 -2.042271
vt 0.205372 0.794628
vn -0.273868 -0.946821 -0.168898
v -10.208790 1.611227 -2.870081
vt 0.146447 0.853553
vn -0.312975 -0.926548 -0.208700
f 1399/1399/1399 1400/1400/1400 1401/1401/1401
v -8.805317 1.105400 -2.547115
vt 0.246349 0.830564
vn -0.198399 -0.951290 -0.235976
v -10.208790 1.611227 -2.870081
vt 0.146447 0.853553
vn -0.312975 -0.926548 -0.208700
v -9.517994 1.563532 -3.475893
vt 0.195619 0.896677
vn -0.232690 -0.931147 -0.280751
f 1402/1402/1402 1403/1403/1403 1404/1404/1404
v -9.380982 1.145146 -2.042271
vt 0.205372 0.794628
vn -0.273868 -0.946821 -0.168898
v -9.885825 1.225743 -1.466608
vt 0.169436 0.753651
vn -0.320187 -0.940332 -0.115132
v -10.814603 1.707944 -2.179284
vt 0.103323 0.804381
vn -0.362834 -0.919787 -0.149478
f 1405/1405/1405 1406/1406/1406 1407/1407/1407
v -9.380982 1.145146 -2.042271
vt 0.205372 0.794628
vn -0.273868 -0.946821 -0.168898
v -10.814603 1.707944 -2.179284
vt 0.103323 0.804381
vn -0.362834 -0.919787 -0.149478
v -10.208790 1.611227 -2.870081
vt 0.146447 0.853553
vn -0.312975 -0.926548 -0.208700
f 1408/1408/1408 1409/1409/1409 1410/1410/1410
v -9.885825 1.225743 -1.466608
vt 0.169436 0.753651
vn -0.320187 -0.940332 -0.115132
v -10.311210 1.313881 -0.829973
vt 0.139156 0.708333
vn -0.337290 -0.937042 -0.090488
v -11.325065 1.813710 -1.415323
vt 0.066987 0.750000
vn -0.382996 -0.916071 -0.118861
f 1411/1411/1411 1412/1412/1412 1413/1413/1413
v -9.885825 1.225743 -1.466608
vt 0.169436 0.753651
vn -0.320187 -0.940332 -0.115132
v -11.325065 1.813710 -1.415323
vt 0.066987 0.750000
vn -0.382996 -0.916071 -0.118861
v -10.814603 1.707944 -2.179284
vt 0.103323 0.804381
vn -0.362834 -0.919787 -0.149478
f 1414/1414/1414 1415/1415/1415 1416/1416/1416
v -10.311210 1.313881 -0.829973
vt 0.139156 0.708333
vn -0.337290 -0.937042 -0.090488
v -10.649859 1.373133 -0.143261
vt 0.115050 0.659451
vn -0.335871 -0.937010 -0.095927
v -11.731444 1.884812 -0.591268
vt 0.038060 0.691342
vn -0.384631 -0.915606 -0.117151
f 1417/1417/1417 1418/1418/1418 1419/1419/1419
v -10.311210 1.313881 -0.829973
vt 0.139156 0.708333
vn -0.337290 -0.937042 -0.090488
v -11.731444 1.884812 -0.591268
vt 0.038060 0.691342
vn -0.384631 -0.915606 -0.117151
v -11.325065 1.813710 -1.415323
vt 0.066987 0.750000
vn -0.382996 -0.916071 -0.118861
f 1420/1420/1420 1421/1421/1421 1422/1422/1422
v -10.649859 1.373133 -0.143261
vt 0.115050 0.659451
vn -0.335871 -0.937010 -0.095927
v -10.895977 1.379011 0.581778
vt 0.097531 0.607841
vn -0.329165 -0.937102 -0.116145
v -12.026785 1.891865 0.278779
vt 0.017037 0.629410
vn -0.380637 -0.915646 -0.129259
f 1423/1423/1423 1424/1424/1424 1425/1425/1425
v -10.649859 1.373133 -0.143261
vt 0.115050 0.659451
vn -0.335871 -0.937010 -0.095927
v -12.026785 1.891865 0.278779
vt 0.017037 0.629410
vn -0.380637 -0.915646 -0.129259
v -11.731444 1.884812 -0.591268
vt 0.038060 0.691342
vn -0.384631 -0.915606 -0.117151
f 1426/1426/1426 1427/1427/1427 1428/1428/1428
v -10.895977 1.379011 0.581778
vt 0.097531 0.607841
vn -0.329165 -0.937102 -0.116145
v -11.045353 1.329085 1.332740
vt 0.086898 0.554386
vn -0.326063 -0.936867 -0.126341
v -12.206036 1.831954 1.179933
vt 0.004278 0.565263
vn -0.379436 -0.915799 -0.131680
f 1429/1429/1429 1430/1430/1430 1431/1431/1431
v -10.895977 1.379011 0.581778
vt 0.097531 0.607841
vn -0.329165 -0.937102 -0.116145
v -12.206036 1.831954 1.179933
vt 0.004278 0.565263
vn -0.379436 -0.915799 -0.131680
v -12.026785 1.891865 0.278779
vt 0.017037 0.629410
vn -0.380637 -0.915646 -0.129259
f 1432/1432/1432 1433/1433/1433 1434/1434/1434
v -11.045353 1.329085 1.332740
vt 0.086898 0.554386
vn -0.326063 -0.936867 -0.126341
v -11.095430 1.243989 2.096774
vt 0.083333 0.500000
vn -0.326744 -0.939329 -0.104398
v -12.266129 1.729839 2.096774
vt 0.000000 0.500000
vn -0.381273 -0.918711 -0.102961
f 1435/1435/1435 1436/1436/1436 1437/1437/1437
v -11.045353 1.329085 1.332740
vt 0.086898 0.554386
vn -0.326063 -0.936867 -0.126341
v -12.266129 1.729839 2.096774
vt 0.000000 0.500000
vn -0.381273 -0.918711 -0.102961
v -12.206036 1.831954 1.179933
vt 0.004278 0.565263
vn -0.379436 -0.915799 -0.131680
f 1438/1438/1438 1439/1439/1439 1440/1440/1440
v -11.095430 1.243989 2.096774
vt 0.083333 0.500000
vn -0.326744 -0.939329 -0.104398
v -11.045353 1.158893 2.860809
vt 0.086898 0.445614
vn -0.323061 -0.945473 -0.041381
v -12.206036 1.627724 3.013615
vt 0.004278 0.434737
vn -0.378105 -0.925157 -0.033496
f 1441/1441/1441 1442/1442/1442 1443/1443/1443
v -11.095430 1.243989 2.096774
vt 0.083333 0.500000
vn -0.326744 -0.939329 -0.104398
v -12.206036 1.627724 3.013615
vt 0.004278 0.434737
vn -0.378105 -0.925157 -0.033496
v -12.266129 1.729839 2.096774
vt 0.000000 0.500000
vn -0.381273 -0.918711 -0.102961
f 1444/1444/1444 1445/1445/1445 1446/1446/1446
v -11.045353 1.158893 2.860809
vt 0.086898 0.445614
vn -0.323061 -0.945473 -0.041381
v -10.895977 1.108967 3.611770
vt 0.097531 0.392159
vn -0.304982 -0.950854 0.053508
v -12.026785 1.567812 3.914769
vt 0.017037 0.370590
vn -0.359374 -0.930698 0.068197
f 1447/1447/1447 1448/1448/1448 1449/1449/1449
v -11.045353 1.158893 2.860809
vt 0.086898 0.445614
vn -0.323061 -0.945473 -0.041381
v -12.026785 1.567812 3.914769
vt 0.017037 0.370590
vn -0.359374 -0.930698 0.068197
v -12.206036 1.627724 3.013615
vt 0.004278 0.434737
vn -0.378105 -0.925157 -0.033496
f 1450/1450/1450 1451/1451/1451 1452/1452/1452
v -10.895977 1.108967 3.611770
vt 0.097531 0.392159
vn -0.304982 -0.950854 0.053508
v -10.649859 1.114844 4.336810
vt 0.115050 0.340549
vn -0.270235 -0.950150 0.155524
v -11.731444 1.574865 4.784817
vt 0.038060 0.308658
vn -0.322271 -0.929975 0.176883
f 1453/1453/1453 1454/1454/1454 1455/1455/1455
v -10.895977 1.108967 3.611770
vt 0.097531 0.392159
vn -0.304982 -0.950854 0.053508
v -11.731444 1.574865 4.784817
vt 0.038060 0.308658
vn -0.322271 -0.929975 0.176883
v -12.026785 1.567812 3.914769
vt 0.017037 0.370590
vn -0.359374 -0.930698 0.068197
f 1456/1456/1456 1457/1457/1457 1458/1458/1458
v -10.649859 1.114844 4.336810
vt 0.115050 0.340549
vn -0.270235 -0.950150 0.155524
v -10.311210 1.174096 5.023521
vt 0.139156 0.291667
vn -0.229110 -0.944099 0.237035
v -11.325065 1.645968 5.608871
vt 0.066987 0.250000
vn -0.277478 -0.923734 0.264050
f 1459/1459/1459 1460/1460/1460 1461/1461/1461
v -10.649859 1.114844 4.336810
vt 0.115050 0.340549
vn -0.270235 -0.950150 0.155524
v -11.325065 1.645968 5.608871
vt 0.066987 0.250000
vn -0.277478 -0.923734 0.264050
v -11.731444 1.574865 4.784817
vt 0.038060 0.308658
vn -0.322271 -0.929975 0.176883
f 1462/1462/1462 1463/1463/1463 1464/1464/1464
v -10.311210 1.174096 5.023521
vt 0.139156 0.291667
vn -0.229110 -0.944099 0.237035
v -9.885825 1.262235 5.660156
vt 0.169436 0.246349
vn -0.198382 -0.938495 0.282614
v -10.814603 1.751733 6.372832
vt 0.103323 0.195619
vn -0.242431 -0.917798 0.314443
f 1465/1465/1465 1466/1466/1466 1467/1467/1467
v -10.311210 1.174096 5.023521
vt 0.139156 0.291667
vn -0.229110 -0.944099 0.237035
v -10.814603 1.751733 6.372832
vt 0.103323 0.195619
vn -0.242431 -0.917798 0.314443
v -11.325065 1.645968 5.608871
vt 0.066987 0.250000
vn -0.277478 -0.923734 0.264050
f 1468/1468/1468 1469/1469/1469 1470/1470/1470
v -9.885825 1.262235 5.660156
vt 0.169436 0.246349
vn -0.198382 -0.938495 0.282614
v -9.380982 1.342832 6.235820
vt 0.205372 0.205372
vn -0.189699 -0.936809 0.293945
v -10.208790 1.848450 7.063629
vt 0.146447 0.146447
vn -0.228622 -0.915645 0.330646
f 1471/1471/1471 1472/1472/1472 1473/1473/1473
v -9.885825 1.262235 5.660156
vt 0.169436 0.246349
vn -0.198382 -0.938495 0.282614
v -10.208790 1.848450 7.063629
vt 0.146447 0.146447
vn -0.228622 -0.915645 0.330646
v -10.814603 1.751733 6.372832
vt 0.103323 0.195619
vn -0.242431 -0.917798 0.314443
f 1474/1474/1474 1475/1475/1475 1476/1476/1476
v -9.380982 1.342832 6.235820
vt 0.205372 0.205372
vn -0.189699 -0.936809 0.293945
v -8.805317 1.382578 6.740664
vt 0.246349 0.169436
vn -0.201424 -0.937166 0.284865
v -9.517994 1.896146 7.669442
vt 0.195619 0.103323
vn -0.234000 -0.915678 0.326770
f 1477/1477/1477 1478/1478/1478 1479/1479/1479
v -9.380982 1.342832 6.235820
vt 0.205372 0.205372
vn -0.189699 -0.936809 0.293945
v -9.517994 1.896146 7.669442
vt 0.195619 0.103323
vn -0.234000 -0.915678 0.326770
v -10.208790 1.848450 7.063629
vt 0.146447 0.146447
vn -0.228622 -0.915645 0.330646
f 1480/1480/1480 1481/1481/1481 1482/1482/1482
v -8.805317 1.382578 6.740664
vt 0.246349 0.169436
vn -0.201424 -0.937166 0.284865
v -8.168683 1.365046 7.166049
vt 0.291667 0.139156
vn -0.217978 -0.936912 0.273280
v -8.754033 1.875107 8.179904
vt 0.250000 0.066987
vn -0.243560 -0.915576 0.319998
f 1483/1483/1483 1484/1484/1484 1485/1485/1485
v -8.805317 1.382578 6.740664
vt 0.246349 0.169436
vn -0.201424 -0.937166 0.284865
v -8.754033 1.875107 8.179904
vt 0.250000 0.066987
vn -0.243560 -0.915576 0.319998
v -9.517994 1.896146 7.669442
vt 0.195619 0.103323
vn -0.234000 -0.915678 0.326770
f 1486/1486/1486 1487/1487/1487 1488/1488/1488
v -8.168683 1.365046 7.166049
vt 0.291667 0.139156
vn -0.217978 -0.936912 0.273280
v -7.481971 1.297482 7.504698
vt 0.340549 0.115050
vn -0.217110 -0.937359 0.272436
v -7.929978 1.794031 8.586283
vt 0.308658 0.038060
vn -0.236171 -0.916484 0.322926
f 1489/1489/1489 1490/1490/1490 1491/1491/1491
v -8.168683 1.365046 7.166049
vt 0.291667 0.139156
vn -0.217978 -0.936912 0.273280
v -7.929978 1.794031 8.586283
vt 0.308658 0.038060
vn -0.236171 -0.916484 0.322926
v -8.754033 1.875107 8.179904
vt 0.250000 0.066987
vn -0.243560 -0.915576 0.319998
f 1492/1492/1492 1493/1493/1493 1494/1494/1494
v -7.481971 1.297482 7.504698
vt 0.340549 0.115050
vn -0.217110 -0.937359 0.272436
v -6.756931 1.207810 7.750816
vt 0.392159 0.097531
vn -0.180783 -0.941484 0.284474
v -7.059930 1.686424 8.881624
vt 0.370590 0.017037
vn -0.193923 -0.921004 0.337853
f 1495/1495/1495 1496/1496/1496 1497/1497/1497
v -7.481971 1.297482 7.504698
vt 0.340549 0.115050
vn -0.217110 -0.937359 0.272436
v -7.059930 1.686424 8.881624
vt 0.370590 0.017037
vn -0.193923 -0.921004 0.337853
v -7.929978 1.794031 8.586283
vt 0.308658 0.038060
vn -0.236171 -0.916484 0.322926
f 1498/1498/1498 1499/1499/1499 1500/1500/1500
v -6.756931 1.207810 7.750816
vt 0.392159 0.097531
vn -0.180783 -0.941484 0.284474
v -6.005970 1.133090 7.900191
vt 0.445614 0.086898
vn -0.104076 -0.948086 0.300501
v -6.158777 1.596760 9.060874
vt 0.434737 0.004278
vn -0.111016 -0.927852 0.356043
f 1501/1501/1501 1502/1502/1502 1503/1503/1503
v -6.756931 1.207810 7.750816
vt 0.392159 0.097531
vn -0.180783 -0.941484 0.284474
v -6.158777 1.596760 9.060874
vt 0.434737 0.004278
vn -0.111016 -0.927852 0.356043
v -7.059930 1.686424 8.881624
vt 0.370590 0.017037
vn -0.193923 -0.921004 0.337853
f 1504/1504/1504 1505/1505/1505 1506/1506/1506
v -6.005970 1.133090 7.900191
vt 0.445614 0.086898
vn -0.104076 -0.948086 0.300501
v -5.241935 1.104204 7.950269
vt 0.500000 0.083333
vn 0.000000 -0.951438 0.307841
v -5.241935 1.562097 9.120967
vt 0.500000 0.000000
vn 0.000000 -0.931299 0.364257
f 1507/1507/1507 1508/1508/1508 1509/1509/1509
v -6.005970 1.133090 7.900191
vt 0.445614 0.086898
vn -0.104076 -0.948086 0.300501
v -5.241935 1.562097 9.120967
vt 0.500000 0.000000
vn 0.000000 -0.931299 0.364257
v -6.158777 1.596760 9.060874
vt 0.434737 0.004278
vn -0.111016 -0.927852 0.356043
f 1510/1510/1510 1511/1511/1511 1512/1512/1512
v -5.241935 1.104204 7.950269
vt 0.500000 0.083333
vn 0.000000 -0.951438 0.307841
v -4.477901 1.133090 7.900191
vt 0.554386 0.086898
vn 0.104076 -0.948086 0.300501
v -4.325094 1.596760 9.060874
vt 0.565263 0.004278
vn 0.111016 -0.927852 0.356043
f 1513/1513/1513 1514/1514/1514 1515/1515/1515
v -5.241935 1.104204 7.950269
vt 0.500000 0.083333
vn 0.000000 -0.951438 0.307841
v -4.325094 1.596760 9.060874
vt 0.565263 0.004278
vn 0.111016 -0.927852 0.356043
v -5.241935 1.562097 9.120967
vt 0.500000 0.000000
vn 0.000000 -0.931299 0.364257
f 1516/1516/1516 1517/1517/1517 1518/1518/1518
v -4.477901 1.133090 7.900191
vt 0.554386 0.086898
vn 0.104076 -0.948086 0.300501
v -3.726940 1.207810 7.750816
vt 0.607841 0.097531
vn 0.180783 -0.941484 0.284474
v -3.423940 1.686424 8.881624
vt 0.629410 0.017037
vn 0.193923 -0.921004 0.337853
f 1519/1519/1519 1520/1520/1520 1521/1521/1521
v -4.477901 1.133090 7.900191
vt 0.554386 0.086898
vn 0.104076 -0.948086 0.300501
v -3.423940 1.686424 8.881624
vt 0.629410 0.017037
vn 0.193923 -0.921004 0.337853
v -4.325094 1.596760 9.060874
vt 0.565263 0.004278
vn 0.111016 -0.927852 0.356043
f 1522/1522/1522 1523/1523/1523 1524/1524/1524
v -3.726940 1.207810 7.750816
vt 0.607841 0.097531
vn 0.180783 -0.941484 0.284474
v -3.001900 1.297482 7.504698
vt 0.659451 0.115050
vn 0.217110 -0.937359 0.272436
v -2.553893 1.794031 8.586283
vt 0.691342 0.038060
vn 0.236170 -0.916484 0.322926
f 1525/1525/1525 1526/1526/1526 1527/1527/1527
v -3.726940 1.207810 7.750816
vt 0.607841 0.097531
vn 0.180783 -0.941484 0.284474
v -2.553893 1.794031 8.586283
vt 0.691342 0.038060
vn 0.236170 -0.916484 0.322926
v -3.423940 1.686424 8.881624
vt 0.629410 0.017037
vn 0.193923 -0.921004 0.337853
f 1528/1528/1528 1529/1529/1529 1530/1530/1530
v -3.001900 1.297482 7.504698
vt 0.659451 0.115050
vn 0.217110 -0.937359 0.272436
v -2.315188 1.365046 7.166049
vt 0.708333 0.139156
vn 0.217978 -0.936912 0.273280
v -1.729839 1.875107 8.179904
vt 0.750000 0.066987
vn 0.243560 -0.915576 0.319999
f 1531/1531/1531 1532/1532/1532 1533/1533/1533
v -3.001900 1.297482 7.504698
vt 0.659451 0.115050
vn 0.217110 -0.937359 0.272436
v -1.729839 1.875107 8.179904
vt 0.750000 0.066987
vn 0.243560 -0.915576 0.319999
v -2.553893 1.794031 8.586283
vt 0.691342 0.038060
vn 0.236170 -0.916484 0.322926
f 1534/1534/1534 1535/1535/1535 1536/1536/1536
v -2.315188 1.365046 7.166049
vt 0.708333 0.139156
vn 0.217978 -0.936912 0.273280
v -1.678554 1.382578 6.740664
vt 0.753651 0.169436
vn 0.201424 -0.937166 0.284865
v -0.965877 1.896146 7.669442
vt 0.804381 0.103323
vn 0.234000 -0.915678 0.326769
f 1537/1537/1537 1538/1538/1538 1539/1539/1539
v -2.315188 1.365046 7.166049
vt 0.708333 0.139156
vn 0.217978 -0.936912 0.273280
v -0.965877 1.896146 7.669442
vt 0.804381 0.103323
vn 0.234000 -0.915678 0.326769
v -1.729839 1.875107 8.179904
vt 0.750000 0.066987
vn 0.243560 -0.915576 0.319999
f 1540/1540/1540 1541/1541/1541 1542/1542/1542
v -1.678554 1.382578 6.740664
vt 0.753651 0.169436
vn 0.201424 -0.937166 0.284865
v -1.102890 1.342832 6.235820
vt 0.794628 0.205372
vn 0.189699 -0.936809 0.293945
v -0.275081 1.848450 7.063629
vt 0.853553 0.146447
vn 0.228622 -0.915645 0.330646
f 1543/1543/1543 1544/1544/1544 1545/1545/1545
v -1.678554 1.382578 6.740664
vt 0.753651 0.169436
vn 0.201424 -0.937166 0.284865
v -0.275081 1.848450 7.063629
vt 0.853553 0.146447
vn 0.228622 -0.915645 0.330646
v -0.965877 1.896146 7.669442
vt 0.804381 0.103323
vn 0.234000 -0.915678 0.326769
f 1546/1546/1546 1547/1547/1547 1548/1548/1548
v -1.102890 1.342832 6.235820
vt 0.794628 0.205372
vn 0.189699 -0.936809 0.293945
v -0.598046 1.262235 5.660156
vt 0.830564 0.246349
vn 0.198382 -0.938495 0.282614
v 0.330732 1.751733 6.372832
vt 0.896677 0.195619
vn 0.242431 -0.917798 0.314443
f 1549/1549/1549 1550/1550/1550 1551/1551/1551
v -1.102890 1.342832 6.235820
vt 0.794628 0.205372
vn 0.189699 -0.936809 0.293945
v 0.330732 1.751733 6.372832
vt 0.896677 0.195619
vn 0.242431 -0.917798 0.314443
v -0.275081 1.848450 7.063629
vt 0.853553 0.146447
vn 0.228622 -0.915645 0.330646
f 1552/1552/1552 1553/1553/1553 1554/1554/1554
v -0.598046 1.262235 5.660156
vt 0.830564 0.246349
vn 0.198382 -0.938495 0.282614
v -0.172660 1.174096 5.023521
vt 0.860844 0.291667
vn 0.229110 -0.944099 0.237035
v 0.841195 1.645968 5.608871
vt 0.933013 0.250000
vn 0.277478 -0.923734 0.264050
f 1555/1555/1555 1556/1556/1556 1557/1557/1557
v -0.598046 1.262235 5.660156
vt 0.830564 0.246349
vn 0.198382 -0.938495 0.282614
v 0.841195 1.645968 5.608871
vt 0.933013 0.250000
vn 0.277478 -0.923734 0.264050
v 0.330732 1.751733 6.372832
vt 0.896677 0.195619
vn 0.242431 -0.917798 0.314443
f 1558/1558/1558 1559/1559/1559 1560/1560/1560
v -0.172660 1.174096 5.023521
vt 0.860844 0.291667
vn 0.229110 -0.944099 0.237035
v 0.165988 1.114844 4.336810
vt 0.884950 0.340549
vn 0.270235 -0.950150 0.155524
v 1.247573 1.574865 4.784817
vt 0.961940 0.308658
vn 0.322271 -0.929975 0.176882
f 1561/1561/1561 1562/1562/1562 1563/1563/1563
v -0.172660 1.174096 5.023521
vt 0.860844 0.291667
vn 0.229110 -0.944099 0.237035
v 1.247573 1.574865 4.784817
vt 0.961940 0.308658
vn 0.322271 -0.929975 0.176882
v 0.841195 1.645968 5.608871
vt 0.933013 0.250000
vn 0.277478 -0.923734 0.264050
f 1564/1564/1564 1565/1565/1565 1566/1566/1566
v 0.165988 1.114844 4.336810
vt 0.884950 0.340549
vn 0.270235 -0.950150 0.155524
v 0.412106 1.108967 3.611770
vt 0.902469 0.392159
vn 0.304982 -0.950854 0.053508
v 1.542914 1.567812 3.914769
vt 0.982963 0.370590
vn 0.359374 -0.930698 0.068197
f 1567/1567/1567 1568/1568/1568 1569/1569/1569
v 0.165988 1.114844 4.336810
vt 0.884950 0.340549
vn 0.270235 -0.950150 0.155524
v 1.542914 1.567812 3.914769
vt 0.982963 0.370590
vn 0.359374 -0.930698 0.068197
v 1.247573 1.574865 4.784817
vt 0.961940 0.308658
vn 0.322271 -0.929975 0.176882
f 1570/1570/1570 1571/1571/1571 1572/1572/1572
v 0.412106 1.108967 3.611770
vt 0.902469 0.392159
vn 0.304982 -0.950854 0.053508
v 0.561482 1.158893 2.860809
vt 0.913102 0.445614
vn 0.323061 -0.945473 -0.041382
v 1.722165 1.627724 3.013615
vt 0.995722 0.434737
vn 0.378105 -0.925157 -0.033496
f 1573/1573/1573 1574/1574/1574 1575/1575/1575
v 0.412106 1.108967 3.611770
vt 0.902469 0.392159
vn 0.304982 -0.950854 0.053508
v 1.722165 1.627724 3.013615
vt 0.995722 0.434737
vn 0.378105 -0.925157 -0.033496
v 1.542914 1.567812 3.914769
vt 0.982963 0.370590
vn 0.359374 -0.930698 0.068197
f 1576/1576/1576 1577/1577/1577 1578/1578/1578
v 0.561482 1.158893 2.860809
vt 0.913102 0.445614
vn 0.323061 -0.945473 -0.041382
v 0.611559 1.243989 2.096774
vt 0.916667 0.500000
vn 0.326744 -0.939329 -0.104398
v 1.782258 1.729839 2.096774
vt 1.000000 0.500000
vn 0.381273 -0.918711 -0.102961
f 1579/1579/1579 1580/1580/1580 1581/1581/1581
v 0.561482 1.158893 2.860809
vt 0.913102 0.445614
vn 0.323061 -0.945473 -0.041382
v 1.782258 1.729839 2.096774
vt 1.000000 0.500000
vn 0.381273 -0.918711 -0.102961
v 1.722165 1.627724 3.013615
vt 0.995722 0.434737
vn 0.378105 -0.925157 -0.033496
f 1582/1582/1582 1583/1583/1583 1584/1584/1584
o Photo_pad_1.001
usemtl pad
v 4.193548 0.629032 -2.096774
vt 0.500000 0.500000
vn 0.000000 1.000000 -0.000000
v 5.521506 0.581952 -2.096774
vt 0.583333 0.500000
vn 0.604218 -0.793013 -0.077786
v 5.510145 0.598971 -2.270107
vt 0.582620 0.510877
vn 0.599832 -0.787598 -0.141032
f 1585/1585/1585 1586/1586/1586 1587/1587/1587
v 4.193548 0.629032 -2.096774
vt 0.500000 0.500000
vn 0.000000 1.000000 -0.000000
v 5.510145 0.598971 -2.270107
vt 0.582620 0.510877
vn 0.599832 -0.787598 -0.141032
v 5.476256 0.608956 -2.440475
vt 0.580494 0.521568
vn 0.590746 -0.786716 -0.179155
f 1588/1588/1588 1589/1589/1589 1590/1590/1590
v 4.193548 0.629032 -2.096774
vt 0.500000 0.500000
vn 0.000000 1.000000 -0.000000
v 5.476256 0.608956 -2.440475
vt 0.580494 0.521568
vn 0.590746 -0.786716 -0.179155
v 5.420421 0.607781 -2.604961
vt 0.576990 0.531890
vn 0.581028 -0.786741 -0.208435
f 1591/1591/1591 1592/1592/1592 1593/1593/1593
v 4.193548 0.629032 -2.096774
vt 0.500000 0.500000
vn 0.000000 1.000000 -0.000000
v 5.420421 0.607781 -2.604961
vt 0.576990 0.531890
vn 0.581028 -0.786741 -0.208435
v 5.343593 0.595930 -2.760753
vt 0.572169 0.541667
vn 0.563359 -0.788200 -0.247726
f 1594/1594/1594 1595/1595/1595 1596/1596/1596
v 4.193548 0.629032 -2.096774
vt 0.500000 0.500000
vn 0.000000 1.000000 -0.000000
v 5.343593 0.595930 -2.760753
vt 0.572169 0.541667
vn 0.563359 -0.788200 -0.247726
v 5.247088 0.578303 -2.905183
vt 0.566113 0.550730
vn 0.524582 -0.794811 -0.305106
f 1597/1597/1597 1598/1598/1598 1599/1599/1599
v 4.193548 0.629032 -2.096774
vt 0.500000 0.500000
vn 0.000000 1.000000 -0.000000
v 5.247088 0.578303 -2.905183
vt 0.566113 0.550730
vn 0.524582 -0.794811 -0.305106
v 5.132556 0.562183 -3.035781
vt 0.558926 0.558926
vn 0.456856 -0.805409 -0.377622
f 1600/1600/1600 1601/1601/1601 1602/1602/1602
v 4.193548 0.629032 -2.096774
vt 0.500000 0.500000
vn 0.000000 1.000000 -0.000000
v 5.132556 0.562183 -3.035781
vt 0.558926 0.558926
vn 0.456856 -0.805409 -0.377622
v 5.001957 0.554234 -3.150313
vt 0.550730 0.566113
vn 0.363293 -0.812309 -0.456260
f 1603/1603/1603 1604/1604/1604 1605/1605/1605
v 4.193548 0.629032 -2.096774
vt 0.500000 0.500000
vn 0.000000 1.000000 -0.000000
v 5.001957 0.554234 -3.150313
vt 0.550730 0.566113
vn 0.363293 -0.812309 -0.456260
v 4.857527 0.557740 -3.246819
vt 0.541667 0.572169
vn 0.258610 -0.809129 -0.527666
f 1606/1606/1606 1607/1607/1607 1608/1608/1608
v 4.193548 0.629032 -2.096774
vt 0.500000 0.500000
vn 0.000000 1.000000 -0.000000
v 4.857527 0.557740 -3.246819
vt 0.541667 0.572169
vn 0.258610 -0.809129 -0.527666
v 4.701735 0.571253 -3.323646
vt 0.531890 0.576990
vn 0.161571 -0.798896 -0.579362
f 1609/1609/1609 1610/1610/1610 1611/1611/1611
v 4.193548 0.629032 -2.096774
vt 0.500000 0.500000
vn 0.000000 1.000000 -0.000000
v 4.701735 0.571253 -3.323646
vt 0.531890 0.576990
vn 0.161571 -0.798896 -0.579362
v 4.537249 0.589188 -3.379482
vt 0.521568 0.580494
vn 0.085080 -0.790116 -0.607024
f 1612/1612/1612 1613/1613/1613 1614/1614/1614
v 4.193548 0.629032 -2.096774
vt 0.500000 0.500000
vn 0.000000 1.000000 -0.000000
v 4.537249 0.589188 -3.379482
vt 0.521568 0.580494
vn 0.085080 -0.790116 -0.607024
v 4.366882 0.604132 -3.413370
vt 0.510877 0.582620
vn 0.033422 -0.786926 -0.616142
f 1615/1615/1615 1616/1616/1616 1617/1617/1617
v 4.193548 0.629032 -2.096774
vt 0.500000 0.500000
vn 0.000000 1.000000 -0.000000
v 4.366882 0.604132 -3.413370
vt 0.510877 0.582620
vn 0.033422 -0.786926 -0.616142
v 4.193548 0.609909 -3.424731
vt 0.500000 0.583333
vn 0.000000 -0.786734 -0.617293
f 1618/1618/1618 1619/1619/1619 1620/1620/1620
v 4.193548 0.629032 -2.096774
vt 0.500000 0.500000
vn 0.000000 1.000000 -0.000000
v 4.193548 0.609909 -3.424731
vt 0.500000 0.583333
vn 0.000000 -0.786734 -0.617293
v 4.020215 0.604132 -3.413370
vt 0.489123 0.582620
vn -0.033422 -0.786925 -0.616143
f 1621/1621/1621 1622/1622/1622 1623/1623/1623
v 4.193548 0.629032 -2.096774
vt 0.500000 0.500000
vn 0.000000 1.000000 -0.000000
v 4.020215 0.604132 -3.413370
vt 0.489123 0.582620
vn -0.033422 -0.786925 -0.616143
v 3.849848 0.589188 -3.379482
vt 0.478432 0.580494
vn -0.085080 -0.790114 -0.607027
f 1624/1624/1624 1625/1625/1625 1626/1626/1626
v 4.193548 0.629032 -2.096774
vt 0.500000 0.500000
vn 0.000000 1.000000 -0.000000
v 3.849848 0.589188 -3.379482
vt 0.478432 0.580494
vn -0.085080 -0.790114 -0.607027
v 3.685361 0.571253 -3.323646
vt 0.468110 0.576990
vn -0.161570 -0.798897 -0.579361
f 1627/1627/1627 1628/1628/1628 1629/1629/1629
v 4.193548 0.629032 -2.096774
vt 0.500000 0.500000
vn 0.000000 1.000000 -0.000000
v 3.685361 0.571253 -3.323646
vt 0.468110 0.576990
vn -0.161570 -0.798897 -0.579361
v 3.529570 0.557740 -3.246819
vt 0.458333 0.572169
vn -0.258610 -0.809129 -0.527666
f 1630/1630/1630 1631/1631/1631 1632/1632/1632
v 4.193548 0.629032 -2.096774
vt 0.500000 0.500000
vn 0.000000 1.000000 -0.000000
v 3.529570 0.557740 -3.246819
vt 0.458333 0.572169
vn -0.258610 -0.809129 -0.527666
v 3.385139 0.554234 -3.150313
vt 0.449270 0.566113
vn -0.363291 -0.812311 -0.456257
f 1633/1633/1633 1634/1634/1634 1635/1635/1635
v 4.193548 0.629032 -2.096774
vt 0.500000 0.500000
vn 0.000000 1.000000 -0.000000
v 3.385139 0.554234 -3.150313
vt 0.449270 0.566113
vn -0.363291 -0.812311 -0.456257
v 3.254541 0.562183 -3.035781
vt 0.441074 0.558926
vn -0.456859 -0.805407 -0.377623
f 1636/1636/1636 1637/1637/1637 1638/1638/1638
v 4.193548 0.629032 -2.096774
vt 0.500000 0.500000
vn 0.000000 1.000000 -0.000000
v 3.254541 0.562183 -3.035781
vt 0.441074 0.558926
vn -0.456859 -0.805407 -0.377623
v 3.140009 0.578303 -2.905183
vt 0.433887 0.550730
vn -0.524585 -0.794808 -0.305108
f 1639/1639/1639 1640/1640/1640 1641/1641/1641
v 4.193548 0.629032 -2.096774
vt 0.500000 0.500000
vn 0.000000 1.000000 -0.000000
v 3.140009 0.578303 -2.905183
vt 0.433887 0.550730
vn -0.524585 -0.794808 -0.305108
v 3.043504 0.595930 -2.760753
vt 0.427831 0.541667
vn -0.563350 -0.788208 -0.247720
f 1642/1642/1642 1643/1643/1643 1644/1644/1644
v 4.193548 0.629032 -2.096774
vt 0.500000 0.500000
vn 0.000000 1.000000 -0.000000
v 3.043504 0.595930 -2.760753
vt 0.427831 0.541667
vn -0.563350 -0.788208 -0.247720
v 2.966676 0.607781 -2.604961
vt 0.423010 0.531890
vn -0.581038 -0.786732 -0.208440
f 1645/1645/1645 1646/1646/1646 1647/1647/1647
v 4.193548 0.629032 -2.096774
vt 0.500000 0.500000
vn 0.000000 1.000000 -0.000000
v 2.966676 0.607781 -2.604961
vt 0.423010 0.531890
vn -0.581038 -0.786732 -0.208440
v 2.910840 0.608956 -2.440475
vt 0.419506 0.521568
vn -0.590739 -0.786722 -0.179152
f 1648/1648/1648 1649/1649/1649 1650/1650/1650
v 4.193548 0.629032 -2.096774
vt 0.500000 0.500000
vn 0.000000 1.000000 -0.000000
v 2.910840 0.608956 -2.440475
vt 0.419506 0.521568
vn -0.590739 -0.786722 -0.179152
v 2.876952 0.598971 -2.270107
vt 0.417380 0.510877
vn -0.599837 -0.787595 -0.141033
f 1651/1651/1651 1652/1652/1652 1653/1653/1653
v 4.193548 0.629032 -2.096774
vt 0.500000 0.500000
vn 0.000000 1.000000 -0.000000
v 2.876952 0.598971 -2.270107
vt 0.417380 0.510877
vn -0.599837 -0.787595 -0.141033
v 2.865591 0.581952 -2.096774
vt 0.416667 0.500000
vn -0.604218 -0.793013 -0.077786
f 1654/1654/1654 1655/1655/1655 1656/1656/1656
v 4.193548 0.629032 -2.096774
vt 0.500000 0.500000
vn 0.000000 1.000000 -0.000000
v 2.865591 0.581952 -2.096774
vt 0.416667 0.500000
vn -0.604218 -0.793013 -0.077786
v 2.876952 0.564933 -1.923441
vt 0.417380 0.489123
vn -0.595399 -0.803286 0.015202
f 1657/1657/1657 1658/1658/1658 1659/1659/1659
v 4.193548 0.629032 -2.096774
vt 0.500000 0.500000
vn 0.000000 1.000000 -0.000000
v 2.876952 0.564933 -1.923441
vt 0.417380 0.489123
vn -0.595399 -0.803286 0.015202
v 2.910840 0.554948 -1.753074
vt 0.419506 0.478432
vn -0.569259 -0.811643 0.131072
f 1660/1660/1660 1661/1661/1661 1662/1662/1662
v 4.193548 0.629032 -2.096774
vt 0.500000 0.500000
vn 0.000000 1.000000 -0.000000
v 2.910840 0.554948 -1.753074
vt 0.419506 0.478432
vn -0.569259 -0.811643 0.131072
v 2.966676 0.556123 -1.588587
vt 0.423010 0.468110
vn -0.528622 -0.810566 0.252075
f 1663/1663/1663 1664/1664/1664 1665/1665/1665
v 4.193548 0.629032 -2.096774
vt 0.500000 0.500000
vn 0.000000 1.000000 -0.000000
v 2.966676 0.556123 -1.588587
vt 0.423010 0.468110
vn -0.528622 -0.810566 0.252075
v 3.043504 0.567973 -1.432796
vt 0.427831 0.458333
vn -0.480913 -0.801092 0.356334
f 1666/1666/1666 1667/1667/1667 1668/1668/1668
v 4.193548 0.629032 -2.096774
vt 0.500000 0.500000
vn 0.000000 1.000000 -0.000000
v 3.043504 0.567973 -1.432796
vt 0.427831 0.458333
vn -0.480913 -0.801092 0.356334
v 3.140009 0.585601 -1.288365
vt 0.433887 0.449270
vn -0.434201 -0.791442 0.430220
f 1669/1669/1669 1670/1670/1670 1671/1671/1671
v 4.193548 0.629032 -2.096774
vt 0.500000 0.500000
vn 0.000000 1.000000 -0.000000
v 3.140009 0.585601 -1.288365
vt 0.433887 0.449270
vn -0.434201 -0.791442 0.430220
v 3.254541 0.601721 -1.157767
vt 0.441074 0.441074
vn -0.395553 -0.787180 0.473165
f 1672/1672/1672 1673/1673/1673 1674/1674/1674
v 4.193548 0.629032 -2.096774
vt 0.500000 0.500000
vn 0.000000 1.000000 -0.000000
v 3.254541 0.601721 -1.157767
vt 0.441074 0.441074
vn -0.395553 -0.787180 0.473165
v 3.385139 0.609670 -1.043235
vt 0.449270 0.433887
vn -0.367671 -0.786728 0.495860
f 1675/1675/1675 1676/1676/1676 1677/1677/1677
v 4.193548 0.629032 -2.096774
vt 0.500000 0.500000
vn 0.000000 1.000000 -0.000000
v 3.385139 0.609670 -1.043235
vt 0.449270 0.433887
vn -0.367671 -0.786728 0.495860
v 3.529570 0.606163 -0.946730
vt 0.458333 0.427831
vn -0.341665 -0.786790 0.514029
f 1678/1678/1678 1679/1679/1679 1680/1680/1680
v 4.193548 0.629032 -2.096774
vt 0.500000 0.500000
vn 0.000000 1.000000 -0.000000
v 3.529570 0.606163 -0.946730
vt 0.458333 0.427831
vn -0.341665 -0.786790 0.514029
v 3.685361 0.592651 -0.869902
vt 0.468110 0.423010
vn -0.299668 -0.789041 0.536297
f 1681/1681/1681 1682/1682/1682 1683/1683/1683
v 4.193548 0.629032 -2.096774
vt 0.500000 0.500000
vn 0.000000 1.000000 -0.000000
v 3.685361 0.592651 -0.869902
vt 0.468110 0.423010
vn -0.299668 -0.789041 0.536297
v 3.849848 0.574716 -0.814066
vt 0.478432 0.419506
vn -0.228102 -0.796782 0.559561
f 1684/1684/1684 1685/1685/1685 1686/1686/1686
v 4.193548 0.629032 -2.096774
vt 0.500000 0.500000
vn 0.000000 1.000000 -0.000000
v 3.849848 0.574716 -0.814066
vt 0.478432 0.419506
vn -0.228102 -0.796782 0.559561
v 4.020215 0.559772 -0.780178
vt 0.489123 0.417380
vn -0.124743 -0.807386 0.576686
f 1687/1687/1687 1688/1688/1688 1689/1689/1689
v 4.193548 0.629032 -2.096774
vt 0.500000 0.500000
vn 0.000000 1.000000 -0.000000
v 4.020215 0.559772 -0.780178
vt 0.489123 0.417380
vn -0.124743 -0.807386 0.576686
v 4.193548 0.553995 -0.768817
vt 0.500000 0.416667
vn -0.000000 -0.812533 0.582916
f 1690/1690/1690 1691/1691/1691 1692/1692/1692
v 4.193548 0.629032 -2.096774
vt 0.500000 0.500000
vn 0.000000 1.000000 -0.000000
v 4.193548 0.553995 -0.768817
vt 0.500000 0.416667
vn -0.000000 -0.812533 0.582916
v 4.366882 0.559772 -0.780178
vt 0.510877 0.417380
vn 0.124743 -0.807386 0.576686
f 1693/1693/1693 1694/1694/1694 1695/1695/1695
v 4.193548 0.629032 -2.096774
vt 0.500000 0.500000
vn 0.000000 1.000000 -0.000000
v 4.366882 0.559772 -0.780178
vt 0.510877 0.417380
vn 0.124743 -0.807386 0.576686
v 4.537249 0.574716 -0.814066
vt 0.521568 0.419506
vn 0.228102 -0.796783 0.559559
f 1696/1696/1696 1697/1697/1697 1698/1698/1698
v 4.193548 0.629032 -2.096774
vt 0.500000 0.500000
vn 0.000000 1.000000 -0.000000
v 4.537249 0.574716 -0.814066
vt 0.521568 0.419506
vn 0.228102 -0.796783 0.559559
v 4.701735 0.592651 -0.869902
vt 0.531890 0.423010
vn 0.299667 -0.789040 0.536298
f 1699/1699/1699 1700/1700/1700 1701/1701/1701
v 4.193548 0.629032 -2.096774
vt 0.500000 0.500000
vn 0.000000 1.000000 -0.000000
v 4.701735 0.592651 -0.869902
vt 0.531890 0.423010
vn 0.299667 -0.789040 0.536298
v 4.857527 0.606163 -0.946730
vt 0.541667 0.427831
vn 0.341665 -0.786791 0.514029
f 1702/1702/1702 1703/1703/1703 1704/1704/1704
v 4.193548 0.629032 -2.096774
vt 0.500000 0.500000
vn 0.000000 1.000000 -0.000000
v 4.857527 0.606163 -0.946730
vt 0.541667 0.427831
vn 0.341665 -0.786791 0.514029
v 5.001957 0.609670 -1.043235
vt 0.550730 0.433887
vn 0.367673 -0.786726 0.495862
f 1705/1705/1705 1706/1706/1706 1707/1707/1707
v 4.193548 0.629032 -2.096774
vt 0.500000 0.500000
vn 0.000000 1.000000 -0.000000
v 5.001957 0.609670 -1.043235
vt 0.550730 0.433887
vn 0.367673 -0.786726 0.495862
v 5.132556 0.601721 -1.157767
vt 0.558926 0.441074
vn 0.395551 -0.787183 0.473163
f 1708/1708/1708 1709/1709/1709 1710/1710/1710
v 4.193548 0.629032 -2.096774
vt 0.500000 0.500000
vn 0.000000 1.000000 -0.000000
v 5.132556 0.601721 -1.157767
vt 0.558926 0.441074
vn 0.395551 -0.787183 0.473163
v 5.247088 0.585601 -1.288365
vt 0.566113 0.449270
vn 0.434198 -0.791444 0.430218
f 1711/1711/1711 1712/1712/1712 1713/1713/1713
v 4.193548 0.629032 -2.096774
vt 0.500000 0.500000
vn 0.000000 1.000000 -0.000000
v 5.247088 0.585601 -1.288365
vt 0.566113 0.449270
vn 0.434198 -0.791444 0.430218
v 5.343593 0.567973 -1.432796
vt 0.572169 0.458333
vn 0.480922 -0.801083 0.356341
f 1714/1714/1714 1715/1715/1715 1716/1716/1716
v 4.193548 0.629032 -2.096774
vt 0.500000 0.500000
vn 0.000000 1.000000 -0.000000
v 5.343593 0.567973 -1.432796
vt 0.572169 0.458333
vn 0.480922 -0.801083 0.356341
v 5.420421 0.556123 -1.588587
vt 0.576990 0.468110
vn 0.528611 -0.810574 0.252071
f 1717/1717/1717 1718/1718/1718 1719/1719/1719
v 4.193548 0.629032 -2.096774
vt 0.500000 0.500000
vn 0.000000 1.000000 -0.000000
v 5.420421 0.556123 -1.588587
vt 0.576990 0.468110
vn 0.528611 -0.810574 0.252071
v 5.476256 0.554948 -1.753074
vt 0.580494 0.478432
vn 0.569267 -0.811637 0.131074
f 1720/1720/1720 1721/1721/1721 1722/1722/1722
v 4.193548 0.629032 -2.096774
vt 0.500000 0.500000
vn 0.000000 1.000000 -0.000000
v 5.476256 0.554948 -1.753074
vt 0.580494 0.478432
vn 0.569267 -0.811637 0.131074
v 5.510145 0.564933 -1.923441
vt 0.582620 0.489123
vn 0.595396 -0.803289 0.015201
f 1723/1723/1723 1724/1724/1724 1725/1725/1725
v 4.193548 0.629032 -2.096774
vt 0.500000 0.500000
vn 0.000000 1.000000 -0.000000
v 5.510145 0.564933 -1.923441
vt 0.582620 0.489123
vn 0.595396 -0.803289 0.015201
v 5.521506 0.581952 -2.096774
vt 0.583333 0.500000
vn 0.604218 -0.793013 -0.077786
f 1726/1726/1726 1727/1727/1727 1728/1728/1728
v 5.521506 0.581952 -2.096774
vt 0.583333 0.500000
vn 0.604218 -0.793013 -0.077786
v 5.510145 0.598971 -2.270107
vt 0.582620 0.510877
vn 0.599832 -0.787598 -0.141032
v 6.826740 0.653363 -2.443440
vt 0.665241 0.521754
vn 0.055045 -0.994825 -0.085404
f 1729/1729/1729 1730/1730/1730 1731/1731/1731
v 5.521506 0.581952 -2.096774
vt 0.583333 0.500000
vn 0.604218 -0.793013 -0.077786
v 6.826740 0.653363 -2.443440
vt 0.665241 0.521754
vn 0.055045 -0.994825 -0.085404
v 6.849462 0.619325 -2.096774
vt 0.666667 0.500000
vn 0.052905 -0.993822 -0.097569
f 1732/1732/1732 1733/1733/1733 1734/1734/1734
v 5.510145 0.598971 -2.270107
vt 0.582620 0.510877
vn 0.599832 -0.787598 -0.141032
v 5.476256 0.608956 -2.440475
vt 0.580494 0.521568
vn 0.590746 -0.786716 -0.179155
v 6.758964 0.673334 -2.784175
vt 0.660988 0.543137
vn 0.064319 -0.996983 -0.043454
f 1735/1735/1735 1736/1736/1736 1737/1737/1737
v 5.510145 0.598971 -2.270107
vt 0.582620 0.510877
vn 0.599832 -0.787598 -0.141032
v 6.758964 0.673334 -2.784175
vt 0.660988 0.543137
vn 0.064319 -0.996983 -0.043454
v 6.826740 0.653363 -2.443440
vt 0.665241 0.521754
vn 0.055045 -0.994825 -0.085404
f 1738/1738/1738 1739/1739/1739 1740/1740/1740
v 5.476256 0.608956 -2.440475
vt 0.580494 0.521568
vn 0.590746 -0.786716 -0.179155
v 5.420421 0.607781 -2.604961
vt 0.576990 0.531890
vn 0.581028 -0.786741 -0.208435
v 6.647293 0.670983 -3.113149
vt 0.653980 0.563781
vn 0.081277 -0.996668 0.006855
f 1741/1741/1741 1742/1742/1742 1743/1743/1743
v 5.476256 0.608956 -2.440475
vt 0.580494 0.521568
vn 0.590746 -0.786716 -0.179155
v 6.647293 0.670983 -3.113149
vt 0.653980 0.563781
vn 0.081277 -0.996668 0.006855
v 6.758964 0.673334 -2.784175
vt 0.660988 0.543137
vn 0.064319 -0.996983 -0.043454
f 1744/1744/1744 1745/1745/1745 1746/1746/1746
v 5.420421 0.607781 -2.604961
vt 0.576990 0.531890
vn 0.581028 -0.786741 -0.208435
v 5.343593 0.595930 -2.760753
vt 0.572169 0.541667
vn 0.563359 -0.788200 -0.247726
v 6.493637 0.647282 -3.424731
vt 0.644338 0.583333
vn 0.097195 -0.994399 0.041519
f 1747/1747/1747 1748/1748/1748 1749/1749/1749
v 5.420421 0.607781 -2.604961
vt 0.576990 0.531890
vn 0.581028 -0.786741 -0.208435
v 6.493637 0.647282 -3.424731
vt 0.644338 0.583333
vn 0.097195 -0.994399 0.041519
v 6.647293 0.670983 -3.113149
vt 0.653980 0.563781
vn 0.081277 -0.996668 0.006855
f 1750/1750/1750 1751/1751/1751 1752/1752/1752
v 5.343593 0.595930 -2.760753
vt 0.572169 0.541667
vn 0.563359 -0.788200 -0.247726
v 5.247088 0.578303 -2.905183
vt 0.566113 0.550730
vn 0.524582 -0.794811 -0.305106
v 6.300627 0.612027 -3.713592
vt 0.632226 0.601460
vn 0.098709 -0.994043 0.046204
f 1753/1753/1753 1754/1754/1754 1755/1755/1755
v 5.343593 0.595930 -2.760753
vt 0.572169 0.541667
vn 0.563359 -0.788200 -0.247726
v 6.300627 0.612027 -3.713592
vt 0.632226 0.601460
vn 0.098709 -0.994043 0.046204
v 6.493637 0.647282 -3.424731
vt 0.644338 0.583333
vn 0.097195 -0.994399 0.041519
f 1756/1756/1756 1757/1757/1757 1758/1758/1758
v 5.247088 0.578303 -2.905183
vt 0.566113 0.550730
vn 0.524582 -0.794811 -0.305106
v 5.132556 0.562183 -3.035781
vt 0.558926 0.558926
vn 0.456856 -0.805409 -0.377622
v 6.071563 0.579788 -3.974789
vt 0.617851 0.617851
vn 0.075915 -0.996875 0.021857
f 1759/1759/1759 1760/1760/1760 1761/1761/1761
v 5.247088 0.578303 -2.905183
vt 0.566113 0.550730
vn 0.524582 -0.794811 -0.305106
v 6.071563 0.579788 -3.974789
vt 0.617851 0.617851
vn 0.075915 -0.996875 0.021857
v 6.300627 0.612027 -3.713592
vt 0.632226 0.601460
vn 0.098709 -0.994043 0.046204
f 1762/1762/1762 1763/1763/1763 1764/1764/1764
v 5.132556 0.562183 -3.035781
vt 0.558926 0.558926
vn 0.456856 -0.805409 -0.377622
v 5.001957 0.554234 -3.150313
vt 0.550730 0.566113
vn 0.363293 -0.812309 -0.456260
v 5.810367 0.563889 -4.203852
vt 0.601460 0.632226
vn 0.029832 -0.999395 -0.017876
f 1765/1765/1765 1766/1766/1766 1767/1767/1767
v 5.132556 0.562183 -3.035781
vt 0.558926 0.558926
vn 0.456856 -0.805409 -0.377622
v 5.810367 0.563889 -4.203852
vt 0.601460 0.632226
vn 0.029832 -0.999395 -0.017876
v 6.071563 0.579788 -3.974789
vt 0.617851 0.617851
vn 0.075915 -0.996875 0.021857
f 1768/1768/1768 1769/1769/1769 1770/1770/1770
v 5.001957 0.554234 -3.150313
vt 0.550730 0.566113
vn 0.363293 -0.812309 -0.456260
v 4.857527 0.557740 -3.246819
vt 0.541667 0.572169
vn 0.258610 -0.809129 -0.527666
v 5.521506 0.570902 -4.396863
vt 0.583333 0.644338
vn -0.024908 -0.998191 -0.054723
f 1771/1771/1771 1772/1772/1772 1773/1773/1773
v 5.001957 0.554234 -3.150313
vt 0.550730 0.566113
vn 0.363293 -0.812309 -0.456260
v 5.521506 0.570902 -4.396863
vt 0.583333 0.644338
vn -0.024908 -0.998191 -0.054723
v 5.810367 0.563889 -4.203852
vt 0.601460 0.632226
vn 0.029832 -0.999395 -0.017876
f 1774/1774/1774 1775/1775/1775 1776/1776/1776
v 4.857527 0.557740 -3.246819
vt 0.541667 0.572169
vn 0.258610 -0.809129 -0.527666
v 4.701735 0.571253 -3.323646
vt 0.531890 0.576990
vn 0.161571 -0.798896 -0.579362
v 5.209923 0.597928 -4.550519
vt 0.563781 0.653980
vn -0.066138 -0.994909 -0.076043
f 1777/1777/1777 1778/1778/1778 1779/1779/1779
v 4.857527 0.557740 -3.246819
vt 0.541667 0.572169
vn 0.258610 -0.809129 -0.527666
v 5.209923 0.597928 -4.550519
vt 0.563781 0.653980
vn -0.066138 -0.994909 -0.076043
v 5.521506 0.570902 -4.396863
vt 0.583333 0.644338
vn -0.024908 -0.998191 -0.054723
f 1780/1780/1780 1781/1781/1781 1782/1782/1782
v 4.701735 0.571253 -3.323646
vt 0.531890 0.576990
vn 0.161571 -0.798896 -0.579362
v 4.537249 0.589188 -3.379482
vt 0.521568 0.580494
vn 0.085080 -0.790116 -0.607024
v 4.880949 0.633797 -4.662190
vt 0.543137 0.660988
vn -0.075949 -0.993838 -0.080734
f 1783/1783/1783 1784/1784/1784 1785/1785/1785
v 4.701735 0.571253 -3.323646
vt 0.531890 0.576990
vn 0.161571 -0.798896 -0.579362
v 4.880949 0.633797 -4.662190
vt 0.543137 0.660988
vn -0.075949 -0.993838 -0.080734
v 5.209923 0.597928 -4.550519
vt 0.563781 0.653980
vn -0.066138 -0.994909 -0.076043
f 1786/1786/1786 1787/1787/1787 1788/1788/1788
v 4.537249 0.589188 -3.379482
vt 0.521568 0.580494
vn 0.085080 -0.790116 -0.607024
v 4.366882 0.604132 -3.413370
vt 0.510877 0.582620
vn 0.033422 -0.786926 -0.616142
v 4.540215 0.663685 -4.729966
vt 0.521754 0.665241
vn -0.049907 -0.995794 -0.076834
f 1789/1789/1789 1790/1790/1790 1791/1791/1791
v 4.537249 0.589188 -3.379482
vt 0.521568 0.580494
vn 0.085080 -0.790116 -0.607024
v 4.540215 0.663685 -4.729966
vt 0.521754 0.665241
vn -0.049907 -0.995794 -0.076834
v 4.880949 0.633797 -4.662190
vt 0.543137 0.660988
vn -0.075949 -0.993838 -0.080734
f 1792/1792/1792 1793/1793/1793 1794/1794/1794
v 4.366882 0.604132 -3.413370
vt 0.510877 0.582620
vn 0.033422 -0.786926 -0.616142
v 4.193548 0.609909 -3.424731
vt 0.500000 0.583333
vn 0.000000 -0.786734 -0.617293
v 4.193548 0.675239 -4.752688
vt 0.500000 0.666667
vn 0.000000 -0.997250 -0.074111
f 1795/1795/1795 1796/1796/1796 1797/1797/1797
v 4.366882 0.604132 -3.413370
vt 0.510877 0.582620
vn 0.033422 -0.786926 -0.616142
v 4.193548 0.675239 -4.752688
vt 0.500000 0.666667
vn 0.000000 -0.997250 -0.074111
v 4.540215 0.663685 -4.729966
vt 0.521754 0.665241
vn -0.049907 -0.995794 -0.076834
f 1798/1798/1798 1799/1799/1799 1800/1800/1800
v 4.193548 0.609909 -3.424731
vt 0.500000 0.583333
vn 0.000000 -0.786734 -0.617293
v 4.020215 0.604132 -3.413370
vt 0.489123 0.582620
vn -0.033422 -0.786925 -0.616143
v 3.846882 0.663685 -4.729966
vt 0.478246 0.665241
vn 0.049907 -0.995794 -0.076834
f 1801/1801/1801 1802/1802/1802 1803/1803/1803
v 4.193548 0.609909 -3.424731
vt 0.500000 0.583333
vn 0.000000 -0.786734 -0.617293
v 3.846882 0.663685 -4.729966
vt 0.478246 0.665241
vn 0.049907 -0.995794 -0.076834
v 4.193548 0.675239 -4.752688
vt 0.500000 0.666667
vn 0.000000 -0.997250 -0.074111
f 1804/1804/1804 1805/1805/1805 1806/1806/1806
v 4.020215 0.604132 -3.413370
vt 0.489123 0.582620
vn -0.033422 -0.786925 -0.616143
v 3.849848 0.589188 -3.379482
vt 0.478432 0.580494
vn -0.085080 -0.790114 -0.607027
v 3.506147 0.633797 -4.662190
vt 0.456863 0.660988
vn 0.075949 -0.993838 -0.080734
f 1807/1807/1807 1808/1808/1808 1809/1809/1809
v 4.020215 0.604132 -3.413370
vt 0.489123 0.582620
vn -0.033422 -0.786925 -0.616143
v 3.506147 0.633797 -4.662190
vt 0.456863 0.660988
vn 0.075949 -0.993838 -0.080734
v 3.846882 0.663685 -4.729966
vt 0.478246 0.665241
vn 0.049907 -0.995794 -0.076834
f 1810/1810/1810 1811/1811/1811 1812/1812/1812
v 3.849848 0.589188 -3.379482
vt 0.478432 0.580494
vn -0.085080 -0.790114 -0.607027
v 3.685361 0.571253 -3.323646
vt 0.468110 0.576990
vn -0.161570 -0.798897 -0.579361
v 3.177174 0.597928 -4.550519
vt 0.436219 0.653980
vn 0.066138 -0.994909 -0.076043
f 1813/1813/1813 1814/1814/1814 1815/1815/1815
v 3.849848 0.589188 -3.379482
vt 0.478432 0.580494
vn -0.085080 -0.790114 -0.607027
v 3.177174 0.597928 -4.550519
vt 0.436219 0.653980
vn 0.066138 -0.994909 -0.076043
v 3.506147 0.633797 -4.662190
vt 0.456863 0.660988
vn 0.075949 -0.993838 -0.080734
f 1816/1816/1816 1817/1817/1817 1818/1818/1818
v 3.685361 0.571253 -3.323646
vt 0.468110 0.576990
vn -0.161570 -0.798897 -0.579361
v 3.529570 0.557740 -3.246819
vt 0.458333 0.572169
vn -0.258610 -0.809129 -0.527666
v 2.865591 0.570902 -4.396863
vt 0.416667 0.644338
vn 0.024908 -0.998191 -0.054723
f 1819/1819/1819 1820/1820/1820 1821/1821/1821
v 3.685361 0.571253 -3.323646
vt 0.468110 0.576990
vn -0.161570 -0.798897 -0.579361
v 2.865591 0.570902 -4.396863
vt 0.416667 0.644338
vn 0.024908 -0.998191 -0.054723
v 3.177174 0.597928 -4.550519
vt 0.436219 0.653980
vn 0.066138 -0.994909 -0.076043
f 1822/1822/1822 1823/1823/1823 1824/1824/1824
v 3.529570 0.557740 -3.246819
vt 0.458333 0.572169
vn -0.258610 -0.809129 -0.527666
v 3.385139 0.554234 -3.150313
vt 0.449270 0.566113
vn -0.363291 -0.812311 -0.456257
v 2.576730 0.563889 -4.203852
vt 0.398540 0.632226
vn -0.029832 -0.999395 -0.017876
f 1825/1825/1825 1826/1826/1826 1827/1827/1827
v 3.529570 0.557740 -3.246819
vt 0.458333 0.572169
vn -0.258610 -0.809129 -0.527666
v 2.576730 0.563889 -4.203852
vt 0.398540 0.632226
vn -0.029832 -0.999395 -0.017876
v 2.865591 0.570902 -4.396863
vt 0.416667 0.644338
vn 0.024908 -0.998191 -0.054723
f 1828/1828/1828 1829/1829/1829 1830/1830/1830
v 3.385139 0.554234 -3.150313
vt 0.449270 0.566113
vn -0.363291 -0.812311 -0.456257
v 3.254541 0.562183 -3.035781
vt 0.441074 0.558926
vn -0.456859 -0.805407 -0.377623
v 2.315534 0.579788 -3.974789
vt 0.382149 0.617851
vn -0.075915 -0.996875 0.021857
f 1831/1831/1831 1832/1832/1832 1833/1833/1833
v 3.385139 0.554234 -3.150313
vt 0.449270 0.566113
vn -0.363291 -0.812311 -0.456257
v 2.315534 0.579788 -3.974789
vt 0.382149 0.617851
vn -0.075915 -0.996875 0.021857
v 2.576730 0.563889 -4.203852
vt 0.398540 0.632226
vn -0.029832 -0.999395 -0.017876
f 1834/1834/1834 1835/1835/1835 1836/1836/1836
v 3.254541 0.562183 -3.035781
vt 0.441074 0.558926
vn -0.456859 -0.805407 -0.377623
v 3.140009 0.578303 -2.905183
vt 0.433887 0.550730
vn -0.524585 -0.794808 -0.305108
v 2.086470 0.612027 -3.713592
vt 0.367774 0.601460
vn -0.098709 -0.994043 0.046204
f 1837/1837/1837 1838/1838/1838 1839/1839/1839
v 3.254541 0.562183 -3.035781
vt 0.441074 0.558926
vn -0.456859 -0.805407 -0.377623
v 2.086470 0.612027 -3.713592
vt 0.367774 0.601460
vn -0.098709 -0.994043 0.046204
v 2.315534 0.579788 -3.974789
vt 0.382149 0.617851
vn -0.075915 -0.996875 0.021857
f 1840/1840/1840 1841/1841/1841 1842/1842/1842
v 3.140009 0.578303 -2.905183
vt 0.433887 0.550730
vn -0.524585 -0.794808 -0.305108
v 3.043504 0.595930 -2.760753
vt 0.427831 0.541667
vn -0.563350 -0.788208 -0.247720
v 1.893459 0.647282 -3.424731
vt 0.355662 0.583333
vn -0.097195 -0.994399 0.041519
f 1843/1843/1843 1844/1844/1844 1845/1845/1845
v 3.140009 0.578303 -2.905183
vt 0.433887 0.550730
vn -0.524585 -0.794808 -0.305108
v 1.893459 0.647282 -3.424731
vt 0.355662 0.583333
vn -0.097195 -0.994399 0.041519
v 2.086470 0.612027 -3.713592
vt 0.367774 0.601460
vn -0.098709 -0.994043 0.046204
f 1846/1846/1846 1847/1847/1847 1848/1848/1848
v 3.043504 0.595930 -2.760753
vt 0.427831 0.541667
vn -0.563350 -0.788208 -0.247720
v 2.966676 0.607781 -2.604961
vt 0.423010 0.531890
vn -0.581038 -0.786732 -0.208440
v 1.739804 0.670983 -3.113149
vt 0.346020 0.563781
vn -0.081277 -0.996668 0.006855
f 1849/1849/1849 1850/1850/1850 1851/1851/1851
v 3.043504 0.595930 -2.760753
vt 0.427831 0.541667
vn -0.563350 -0.788208 -0.247720
v 1.739804 0.670983 -3.113149
vt 0.346020 0.563781
vn -0.081277 -0.996668 0.006855
v 1.893459 0.647282 -3.424731
vt 0.355662 0.583333
vn -0.097195 -0.994399 0.041519
f 1852/1852/1852 1853/1853/1853 1854/1854/1854
v 2.966676 0.607781 -2.604961
vt 0.423010 0.531890
vn -0.581038 -0.786732 -0.208440
v 2.910840 0.608956 -2.440475
vt 0.419506 0.521568
vn -0.590739 -0.786722 -0.179152
v 1.628132 0.673334 -2.784175
vt 0.339012 0.543137
vn -0.064319 -0.996983 -0.043454
f 1855/1855/1855 1856/1856/1856 1857/1857/1857
v 2.966676 0.607781 -2.604961
vt 0.423010 0.531890
vn -0.581038 -0.786732 -0.208440
v 1.628132 0.673334 -2.784175
vt 0.339012 0.543137
vn -0.064319 -0.996983 -0.043454
v 1.739804 0.670983 -3.113149
vt 0.346020 0.563781
vn -0.081277 -0.996668 0.006855
f 1858/1858/1858 1859/1859/1859 1860/1860/1860
v 2.910840 0.608956 -2.440475
vt 0.419506 0.521568
vn -0.590739 -0.786722 -0.179152
v 2.876952 0.598971 -2.270107
vt 0.417380 0.510877
vn -0.599837 -0.787595 -0.141033
v 1.560356 0.653363 -2.443440
vt 0.334759 0.521754
vn -0.055045 -0.994825 -0.085404
f 1861/1861/1861 1862/1862/1862 1863/1863/1863
v 2.910840 0.608956 -2.440475
vt 0.419506 0.521568
vn -0.590739 -0.786722 -0.179152
v 1.560356 0.653363 -2.443440
vt 0.334759 0.521754
vn -0.055045 -0.994825 -0.085404
v 1.628132 0.673334 -2.784175
vt 0.339012 0.543137
vn -0.064319 -0.996983 -0.043454
f 1864/1864/1864 1865/1865/1865 1866/1866/1866
v 2.876952 0.598971 -2.270107
vt 0.417380 0.510877
vn -0.599837 -0.787595 -0.141033
v 2.865591 0.581952 -2.096774
vt 0.416667 0.500000
vn -0.604218 -0.793013 -0.077786
v 1.537634 0.619325 -2.096774
vt 0.333333 0.500000
vn -0.052905 -0.993822 -0.097569
f 1867/1867/1867 1868/1868/1868 1869/1869/1869
v 2.876952 0.598971 -2.270107
vt 0.417380 0.510877
vn -0.599837 -0.787595 -0.141033
v 1.537634 0.619325 -2.096774
vt 0.333333 0.500000
vn -0.052905 -0.993822 -0.097569
v 1.560356 0.653363 -2.443440
vt 0.334759 0.521754
vn -0.055045 -0.994825 -0.085404
f 1870/1870/1870 1871/1871/1871 1872/1872/1872
v 2.865591 0.581952 -2.096774
vt 0.416667 0.500000
vn -0.604218 -0.793013 -0.077786
v 2.876952 0.564933 -1.923441
vt 0.417380 0.489123
vn -0.595399 -0.803286 0.015202
v 1.560356 0.585287 -1.750108
vt 0.334759 0.478246
vn -0.050036 -0.996177 -0.071610
f 1873/1873/1873 1874/1874/1874 1875/1875/1875
v 2.865591 0.581952 -2.096774
vt 0.416667 0.500000
vn -0.604218 -0.793013 -0.077786
v 1.560356 0.585287 -1.750108
vt 0.334759 0.478246
vn -0.050036 -0.996177 -0.071610
v 1.537634 0.619325 -2.096774
vt 0.333333 0.500000
vn -0.052905 -0.993822 -0.097569
f 1876/1876/1876 1877/1877/1877 1878/1878/1878
v 2.876952 0.564933 -1.923441
vt 0.417380 0.489123
vn -0.595399 -0.803286 0.015202
v 2.910840 0.554948 -1.753074
vt 0.419506 0.478432
vn -0.569259 -0.811643 0.131072
v 1.628132 0.565316 -1.409373
vt 0.339012 0.456863
vn -0.038310 -0.999138 -0.015976
f 1879/1879/1879 1880/1880/1880 1881/1881/1881
v 2.876952 0.564933 -1.923441
vt 0.417380 0.489123
vn -0.595399 -0.803286 0.015202
v 1.628132 0.565316 -1.409373
vt 0.339012 0.456863
vn -0.038310 -0.999138 -0.015976
v 1.560356 0.585287 -1.750108
vt 0.334759 0.478246
vn -0.050036 -0.996177 -0.071610
f 1882/1882/1882 1883/1883/1883 1884/1884/1884
v 2.910840 0.554948 -1.753074
vt 0.419506 0.478432
vn -0.569259 -0.811643 0.131072
v 2.966676 0.556123 -1.588587
vt 0.423010 0.468110
vn -0.528622 -0.810566 0.252075
v 1.739804 0.567667 -1.080400
vt 0.346020 0.436219
vn -0.016834 -0.998728 0.047526
f 1885/1885/1885 1886/1886/1886 1887/1887/1887
v 2.910840 0.554948 -1.753074
vt 0.419506 0.478432
vn -0.569259 -0.811643 0.131072
v 1.739804 0.567667 -1.080400
vt 0.346020 0.436219
vn -0.016834 -0.998728 0.047526
v 1.628132 0.565316 -1.409373
vt 0.339012 0.456863
vn -0.038310 -0.999138 -0.015976
f 1888/1888/1888 1889/1889/1889 1890/1890/1890
v 2.966676 0.556123 -1.588587
vt 0.423010 0.468110
vn -0.528622 -0.810566 0.252075
v 3.043504 0.567973 -1.432796
vt 0.427831 0.458333
vn -0.480913 -0.801092 0.356334
v 1.893459 0.591368 -0.768817
vt 0.355662 0.416667
vn 0.005478 -0.995508 0.094514
f 1891/1891/1891 1892/1892/1892 1893/1893/1893
v 2.966676 0.556123 -1.588587
vt 0.423010 0.468110
vn -0.528622 -0.810566 0.252075
v 1.893459 0.591368 -0.768817
vt 0.355662 0.416667
vn 0.005478 -0.995508 0.094514
v 1.739804 0.567667 -1.080400
vt 0.346020 0.436219
vn -0.016834 -0.998728 0.047526
f 1894/1894/1894 1895/1895/1895 1896/1896/1896
v 3.043504 0.567973 -1.432796
vt 0.427831 0.458333
vn -0.480913 -0.801092 0.356334
v 3.140009 0.585601 -1.288365
vt 0.433887 0.449270
vn -0.434201 -0.791442 0.430220
v 2.086470 0.626623 -0.479956
vt 0.367774 0.398540
vn 0.014751 -0.993754 0.110613
f 1897/1897/1897 1898/1898/1898 1899/1899/1899
v 3.043504 0.567973 -1.432796
vt 0.427831 0.458333
vn -0.480913 -0.801092 0.356334
v 2.086470 0.626623 -0.479956
vt 0.367774 0.398540
vn 0.014751 -0.993754 0.110613
v 1.893459 0.591368 -0.768817
vt 0.355662 0.416667
vn 0.005478 -0.995508 0.094514
f 1900/1900/1900 1901/1901/1901 1902/1902/1902
v 3.140009 0.585601 -1.288365
vt 0.433887 0.449270
vn -0.434201 -0.791442 0.430220
v 3.254541 0.601721 -1.157767
vt 0.441074 0.441074
vn -0.395553 -0.787180 0.473165
v 2.315534 0.658862 -0.218759
vt 0.382149 0.382149
vn 0.000902 -0.995302 0.096810
f 1903/1903/1903 1904/1904/1904 1905/1905/1905
v 3.140009 0.585601 -1.288365
vt 0.433887 0.449270
vn -0.434201 -0.791442 0.430220
v 2.315534 0.658862 -0.218759
vt 0.382149 0.382149
vn 0.000902 -0.995302 0.096810
v 2.086470 0.626623 -0.479956
vt 0.367774 0.398540
vn 0.014751 -0.993754 0.110613
f 1906/1906/1906 1907/1907/1907 1908/1908/1908
v 3.254541 0.601721 -1.157767
vt 0.441074 0.441074
vn -0.395553 -0.787180 0.473165
v 3.385139 0.609670 -1.043235
vt 0.449270 0.433887
vn -0.367671 -0.786728 0.495860
v 2.576730 0.674761 0.010304
vt 0.398540 0.367774
vn -0.034869 -0.997182 0.066426
f 1909/1909/1909 1910/1910/1910 1911/1911/1911
v 3.254541 0.601721 -1.157767
vt 0.441074 0.441074
vn -0.395553 -0.787180 0.473165
v 2.576730 0.674761 0.010304
vt 0.398540 0.367774
vn -0.034869 -0.997182 0.066426
v 2.315534 0.658862 -0.218759
vt 0.382149 0.382149
vn 0.000902 -0.995302 0.096810
f 1912/1912/1912 1913/1913/1913 1914/1914/1914
v 3.385139 0.609670 -1.043235
vt 0.449270 0.433887
vn -0.367671 -0.786728 0.495860
v 3.529570 0.606163 -0.946730
vt 0.458333 0.427831
vn -0.341665 -0.786790 0.514029
v 2.865591 0.667748 0.203315
vt 0.416667 0.355662
vn -0.077957 -0.996261 0.037232
f 1915/1915/1915 1916/1916/1916 1917/1917/1917
v 3.385139 0.609670 -1.043235
vt 0.449270 0.433887
vn -0.367671 -0.786728 0.495860
v 2.865591 0.667748 0.203315
vt 0.416667 0.355662
vn -0.077957 -0.996261 0.037232
v 2.576730 0.674761 0.010304
vt 0.398540 0.367774
vn -0.034869 -0.997182 0.066426
f 1918/1918/1918 1919/1919/1919 1920/1920/1920
v 3.529570 0.606163 -0.946730
vt 0.458333 0.427831
vn -0.341665 -0.786790 0.514029
v 3.685361 0.592651 -0.869902
vt 0.468110 0.423010
vn -0.299668 -0.789041 0.536297
v 3.177174 0.640722 0.356970
vt 0.436219 0.346020
vn -0.106628 -0.994060 0.021787
f 1921/1921/1921 1922/1922/1922 1923/1923/1923
v 3.529570 0.606163 -0.946730
vt 0.458333 0.427831
vn -0.341665 -0.786790 0.514029
v 3.177174 0.640722 0.356970
vt 0.436219 0.346020
vn -0.106628 -0.994060 0.021787
v 2.865591 0.667748 0.203315
vt 0.416667 0.355662
vn -0.077957 -0.996261 0.037232
f 1924/1924/1924 1925/1925/1925 1926/1926/1926
v 3.685361 0.592651 -0.869902
vt 0.468110 0.423010
vn -0.299668 -0.789041 0.536297
v 3.849848 0.574716 -0.814066
vt 0.478432 0.419506
vn -0.228102 -0.796782 0.559561
v 3.506147 0.604853 0.468642
vt 0.456863 0.339012
vn -0.103363 -0.994411 0.021496
f 1927/1927/1927 1928/1928/1928 1929/1929/1929
v 3.685361 0.592651 -0.869902
vt 0.468110 0.423010
vn -0.299668 -0.789041 0.536297
v 3.506147 0.604853 0.468642
vt 0.456863 0.339012
vn -0.103363 -0.994411 0.021496
v 3.177174 0.640722 0.356970
vt 0.436219 0.346020
vn -0.106628 -0.994060 0.021787
f 1930/1930/1930 1931/1931/1931 1932/1932/1932
v 3.849848 0.574716 -0.814066
vt 0.478432 0.419506
vn -0.228102 -0.796782 0.559561
v 4.020215 0.559772 -0.780178
vt 0.489123 0.417380
vn -0.124743 -0.807386 0.576686
v 3.846882 0.574965 0.536418
vt 0.478246 0.334759
vn -0.063796 -0.997560 0.028356
f 1933/1933/1933 1934/1934/1934 1935/1935/1935
v 3.849848 0.574716 -0.814066
vt 0.478432 0.419506
vn -0.228102 -0.796782 0.559561
v 3.846882 0.574965 0.536418
vt 0.478246 0.334759
vn -0.063796 -0.997560 0.028356
v 3.506147 0.604853 0.468642
vt 0.456863 0.339012
vn -0.103363 -0.994411 0.021496
f 1936/1936/1936 1937/1937/1937 1938/1938/1938
v 4.020215 0.559772 -0.780178
vt 0.489123 0.417380
vn -0.124743 -0.807386 0.576686
v 4.193548 0.553995 -0.768817
vt 0.500000 0.416667
vn -0.000000 -0.812533 0.582916
v 4.193548 0.563411 0.559140
vt 0.500000 0.333333
vn -0.000000 -0.999483 0.032165
f 1939/1939/1939 1940/1940/1940 1941/1941/1941
v 4.020215 0.559772 -0.780178
vt 0.489123 0.417380
vn -0.124743 -0.807386 0.576686
v 4.193548 0.563411 0.559140
vt 0.500000 0.333333
vn -0.000000 -0.999483 0.032165
v 3.846882 0.574965 0.536418
vt 0.478246 0.334759
vn -0.063796 -0.997560 0.028356
f 1942/1942/1942 1943/1943/1943 1944/1944/1944
v 4.193548 0.553995 -0.768817
vt 0.500000 0.416667
vn -0.000000 -0.812533 0.582916
v 4.366882 0.559772 -0.780178
vt 0.510877 0.417380
vn 0.124743 -0.807386 0.576686
v 4.540215 0.574965 0.536418
vt 0.521754 0.334759
vn 0.063796 -0.997560 0.028356
f 1945/1945/1945 1946/1946/1946 1947/1947/1947
v 4.193548 0.553995 -0.768817
vt 0.500000 0.416667
vn -0.000000 -0.812533 0.582916
v 4.540215 0.574965 0.536418
vt 0.521754 0.334759
vn 0.063796 -0.997560 0.028356
v 4.193548 0.563411 0.559140
vt 0.500000 0.333333
vn -0.000000 -0.999483 0.032165
f 1948/1948/1948 1949/1949/1949 1950/1950/1950
v 4.366882 0.559772 -0.780178
vt 0.510877 0.417380
vn 0.124743 -0.807386 0.576686
v 4.537249 0.574716 -0.814066
vt 0.521568 0.419506
vn 0.228102 -0.796783 0.559559
v 4.880949 0.604853 0.468642
vt 0.543137 0.339012
vn 0.103363 -0.994411 0.021496
f 1951/1951/1951 1952/1952/1952 1953/1953/1953
v 4.366882 0.559772 -0.780178
vt 0.510877 0.417380
vn 0.124743 -0.807386 0.576686
v 4.880949 0.604853 0.468642
vt 0.543137 0.339012
vn 0.103363 -0.994411 0.021496
v 4.540215 0.574965 0.536418
vt 0.521754 0.334759
vn 0.063796 -0.997560 0.028356
f 1954/1954/1954 1955/1955/1955 1956/1956/1956
v 4.537249 0.574716 -0.814066
vt 0.521568 0.419506
vn 0.228102 -0.796783 0.559559
v 4.701735 0.592651 -0.869902
vt 0.531890 0.423010
vn 0.299667 -0.789040 0.536298
v 5.209923 0.640722 0.356970
vt 0.563781 0.346020
vn 0.106628 -0.994060 0.021787
f 1957/1957/1957 1958/1958/1958 1959/1959/1959
v 4.537249 0.574716 -0.814066
vt 0.521568 0.419506
vn 0.228102 -0.796783 0.559559
v 5.209923 0.640722 0.356970
vt 0.563781 0.346020
vn 0.106628 -0.994060 0.021787
v 4.880949 0.604853 0.468642
vt 0.543137 0.339012
vn 0.103363 -0.994411 0.021496
f 1960/1960/1960 1961/1961/1961 1962/1962/1962
v 4.701735 0.592651 -0.869902
vt 0.531890 0.423010
vn 0.299667 -0.789040 0.536298
v 4.857527 0.606163 -0.946730
vt 0.541667 0.427831
vn 0.341665 -0.786791 0.514029
v 5.521506 0.667748 0.203315
vt 0.583333 0.355662
vn 0.077956 -0.996261 0.037232
f 1963/1963/1963 1964/1964/1964 1965/1965/1965
v 4.701735 0.592651 -0.869902
vt 0.531890 0.423010
vn 0.299667 -0.789040 0.536298
v 5.521506 0.667748 0.203315
vt 0.583333 0.355662
vn 0.077956 -0.996261 0.037232
v 5.209923 0.640722 0.356970
vt 0.563781 0.346020
vn 0.106628 -0.994060 0.021787
f 1966/1966/1966 1967/1967/1967 1968/1968/1968
v 4.857527 0.606163 -0.946730
vt 0.541667 0.427831
vn 0.341665 -0.786791 0.514029
v 5.001957 0.609670 -1.043235
vt 0.550730 0.433887
vn 0.367673 -0.786726 0.495862
v 5.810367 0.674761 0.010304
vt 0.601460 0.367774
vn 0.034869 -0.997182 0.066426
f 1969/1969/1969 1970/1970/1970 1971/1971/1971
v 4.857527 0.606163 -0.946730
vt 0.541667 0.427831
vn 0.341665 -0.786791 0.514029
v 5.810367 0.674761 0.010304
vt 0.601460 0.367774
vn 0.034869 -0.997182 0.066426
v 5.521506 0.667748 0.203315
vt 0.583333 0.355662
vn 0.077956 -0.996261 0.037232
f 1972/1972/1972 1973/1973/1973 1974/1974/1974
v 5.001957 0.609670 -1.043235
vt 0.550730 0.433887
vn 0.367673 -0.786726 0.495862
v 5.132556 0.601721 -1.157767
vt 0.558926 0.441074
vn 0.395551 -0.787183 0.473163
v 6.071563 0.658862 -0.218759
vt 0.617851 0.382149
vn -0.000902 -0.995302 0.096810
f 1975/1975/1975 1976/1976/1976 1977/1977/1977
v 5.001957 0.609670 -1.043235
vt 0.550730 0.433887
vn 0.367673 -0.786726 0.495862
v 6.071563 0.658862 -0.218759
vt 0.617851 0.382149
vn -0.000902 -0.995302 0.096810
v 5.810367 0.674761 0.010304
vt 0.601460 0.367774
vn 0.034869 -0.997182 0.066426
f 1978/1978/1978 1979/1979/1979 1980/1980/1980
v 5.132556 0.601721 -1.157767
vt 0.558926 0.441074
vn 0.395551 -0.787183 0.473163
v 5.247088 0.585601 -1.288365
vt 0.566113 0.449270
vn 0.434198 -0.791444 0.430218
v 6.300627 0.626623 -0.479956
vt 0.632226 0.398540
vn -0.014751 -0.993754 0.110613
f 1981/1981/1981 1982/1982/1982 1983/1983/1983
v 5.132556 0.601721 -1.157767
vt 0.558926 0.441074
vn 0.395551 -0.787183 0.473163
v 6.300627 0.626623 -0.479956
vt 0.632226 0.398540
vn -0.014751 -0.993754 0.110613
v 6.071563 0.658862 -0.218759
vt 0.617851 0.382149
vn -0.000902 -0.995302 0.096810
f 1984/1984/1984 1985/1985/1985 1986/1986/1986
v 5.247088 0.585601 -1.288365
vt 0.566113 0.449270
vn 0.434198 -0.791444 0.430218
v 5.343593 0.567973 -1.432796
vt 0.572169 0.458333
vn 0.480922 -0.801083 0.356341
v 6.493637 0.591368 -0.768817
vt 0.644338 0.416667
vn -0.005478 -0.995508 0.094514
f 1987/1987/1987 1988/1988/1988 1989/1989/1989
v 5.247088 0.585601 -1.288365
vt 0.566113 0.449270
vn 0.434198 -0.791444 0.430218
v 6.493637 0.591368 -0.768817
vt 0.644338 0.416667
vn -0.005478 -0.995508 0.094514
v 6.300627 0.626623 -0.479956
vt 0.632226 0.398540
vn -0.014751 -0.993754 0.110613
f 1990/1990/1990 1991/1991/1991 1992/1992/1992
v 5.343593 0.567973 -1.432796
vt 0.572169 0.458333
vn 0.480922 -0.801083 0.356341
v 5.420421 0.556123 -1.588587
vt 0.576990 0.468110
vn 0.528611 -0.810574 0.252071
v 6.647293 0.567667 -1.080400
vt 0.653980 0.436219
vn 0.016834 -0.998728 0.047526
f 1993/1993/1993 1994/1994/1994 1995/1995/1995
v 5.343593 0.567973 -1.432796
vt 0.572169 0.458333
vn 0.480922 -0.801083 0.356341
v 6.647293 0.567667 -1.080400
vt 0.653980 0.436219
vn 0.016834 -0.998728 0.047526
v 6.493637 0.591368 -0.768817
vt 0.644338 0.416667
vn -0.005478 -0.995508 0.094514
f 1996/1996/1996 1997/1997/1997 1998/1998/1998
v 5.420421 0.556123 -1.588587
vt 0.576990 0.468110
vn 0.528611 -0.810574 0.252071
v 5.476256 0.554948 -1.753074
vt 0.580494 0.478432
vn 0.569267 -0.811637 0.131074
v 6.758964 0.565316 -1.409373
vt 0.660988 0.456863
vn 0.038310 -0.999138 -0.015976
f 1999/1999/1999 2000/2000/2000 2001/2001/2001
v 5.420421 0.556123 -1.588587
vt 0.576990 0.468110
vn 0.528611 -0.810574 0.252071
v 6.758964 0.565316 -1.409373
vt 0.660988 0.456863
vn 0.038310 -0.999138 -0.015976
v 6.647293 0.567667 -1.080400
vt 0.653980 0.436219
vn 0.016834 -0.998728 0.047526
f 2002/2002/2002 2003/2003/2003 2004/2004/2004
v 5.476256 0.554948 -1.753074
vt 0.580494 0.478432
vn 0.569267 -0.811637 0.131074
v 5.510145 0.564933 -1.923441
vt 0.582620 0.489123
vn 0.595396 -0.803289 0.015201
v 6.826740 0.585287 -1.750108
vt 0.665241 0.478246
vn 0.050035 -0.996177 -0.071610
f 2005/2005/2005 2006/2006/2006 2007/2007/2007
v 5.476256 0.554948 -1.753074
vt 0.580494 0.478432
vn 0.569267 -0.811637 0.131074
v 6.826740 0.585287 -1.750108
vt 0.665241 0.478246
vn 0.050035 -0.996177 -0.071610
v 6.758964 0.565316 -1.409373
vt 0.660988 0.456863
vn 0.038310 -0.999138 -0.015976
f 2008/2008/2008 2009/2009/2009 2010/2010/2010
v 5.510145 0.564933 -1.923441
vt 0.582620 0.489123
vn 0.595396 -0.803289 0.015201
v 5.521506 0.581952 -2.096774
vt 0.583333 0.500000
vn 0.604218 -0.793013 -0.077786
v 6.849462 0.619325 -2.096774
vt 0.666667 0.500000
vn 0.052905 -0.993822 -0.097569
f 2011/2011/2011 2012/2012/2012 2013/2013/2013
v 5.510145 0.564933 -1.923441
vt 0.582620 0.489123
vn 0.595396 -0.803289 0.015201
v 6.849462 0.619325 -2.096774
vt 0.666667 0.500000
vn 0.052905 -0.993822 -0.097569
v 6.826740 0.585287 -1.750108
vt 0.665241 0.478246
vn 0.050035 -0.996177 -0.071610
f 2014/2014/2014 2015/2015/2015 2016/2016/2016
v 6.849462 0.619325 -2.096774
vt 0.666667 0.500000
vn 0.052905 -0.993822 -0.097569
v 6.826740 0.653363 -2.443440
vt 0.665241 0.521754
vn 0.055045 -0.994825 -0.085404
v 8.143337 0.771824 -2.616774
vt 0.747861 0.532632
vn 0.114267 -0.989111 -0.092752
f 2017/2017/2017 2018/2018/2018 2019/2019/2019
v 6.849462 0.619325 -2.096774
vt 0.666667 0.500000
vn 0.052905 -0.993822 -0.097569
v 8.143337 0.771824 -2.616774
vt 0.747861 0.532632
vn 0.114267 -0.989111 -0.092752
v 8.177419 0.720766 -2.096774
vt 0.750000 0.500000
vn 0.112652 -0.988883 -0.097058
f 2020/2020/2020 2021/2021/2021 2022/2022/2022
v 6.826740 0.653363 -2.443440
vt 0.665241 0.521754
vn 0.055045 -0.994825 -0.085404
v 6.758964 0.673334 -2.784175
vt 0.660988 0.543137
vn 0.064319 -0.996983 -0.043454
v 8.041672 0.801779 -3.127876
vt 0.741481 0.564705
vn 0.122040 -0.990784 -0.058761
f 2023/2023/2023 2024/2024/2024 2025/2025/2025
v 6.826740 0.653363 -2.443440
vt 0.665241 0.521754
vn 0.055045 -0.994825 -0.085404
v 8.041672 0.801779 -3.127876
vt 0.741481 0.564705
vn 0.122040 -0.990784 -0.058761
v 8.143337 0.771824 -2.616774
vt 0.747861 0.532632
vn 0.114267 -0.989111 -0.092752
f 2026/2026/2026 2027/2027/2027 2028/2028/2028
v 6.758964 0.673334 -2.784175
vt 0.660988 0.543137
vn 0.064319 -0.996983 -0.043454
v 6.647293 0.670983 -3.113149
vt 0.653980 0.563781
vn 0.081277 -0.996668 0.006855
v 7.874165 0.798253 -3.621335
vt 0.730970 0.595671
vn 0.136354 -0.990528 -0.016202
f 2029/2029/2029 2030/2030/2030 2031/2031/2031
v 6.758964 0.673334 -2.784175
vt 0.660988 0.543137
vn 0.064319 -0.996983 -0.043454
v 7.874165 0.798253 -3.621335
vt 0.730970 0.595671
vn 0.136354 -0.990528 -0.016202
v 8.041672 0.801779 -3.127876
vt 0.741481 0.564705
vn 0.122040 -0.990784 -0.058761
f 2032/2032/2032 2033/2033/2033 2034/2034/2034
v 6.647293 0.670983 -3.113149
vt 0.653980 0.563781
vn 0.081277 -0.996668 0.006855
v 6.493637 0.647282 -3.424731
vt 0.644338 0.583333
vn 0.097195 -0.994399 0.041519
v 7.643682 0.762702 -4.088710
vt 0.716506 0.625000
vn 0.148635 -0.988828 0.011269
f 2035/2035/2035 2036/2036/2036 2037/2037/2037
v 6.647293 0.670983 -3.113149
vt 0.653980 0.563781
vn 0.081277 -0.996668 0.006855
v 7.643682 0.762702 -4.088710
vt 0.716506 0.625000
vn 0.148635 -0.988828 0.011269
v 7.874165 0.798253 -3.621335
vt 0.730970 0.595671
vn 0.136354 -0.990528 -0.016202
f 2038/2038/2038 2039/2039/2039 2040/2040/2040
v 6.493637 0.647282 -3.424731
vt 0.644338 0.583333
vn 0.097195 -0.994399 0.041519
v 6.300627 0.612027 -3.713592
vt 0.632226 0.601460
vn 0.098709 -0.994043 0.046204
v 7.354166 0.709819 -4.522001
vt 0.698338 0.652190
vn 0.145838 -0.989264 0.009414
f 2041/2041/2041 2042/2042/2042 2043/2043/2043
v 6.493637 0.647282 -3.424731
vt 0.644338 0.583333
vn 0.097195 -0.994399 0.041519
v 7.354166 0.709819 -4.522001
vt 0.698338 0.652190
vn 0.145838 -0.989264 0.009414
v 7.643682 0.762702 -4.088710
vt 0.716506 0.625000
vn 0.148635 -0.988828 0.011269
f 2044/2044/2044 2045/2045/2045 2046/2046/2046
v 6.300627 0.612027 -3.713592
vt 0.632226 0.601460
vn 0.098709 -0.994043 0.046204
v 6.071563 0.579788 -3.974789
vt 0.617851 0.617851
vn 0.075915 -0.996875 0.021857
v 7.010571 0.661460 -4.913797
vt 0.676777 0.676777
vn 0.118155 -0.992776 -0.020844
f 2047/2047/2047 2048/2048/2048 2049/2049/2049
v 6.300627 0.612027 -3.713592
vt 0.632226 0.601460
vn 0.098709 -0.994043 0.046204
v 7.010571 0.661460 -4.913797
vt 0.676777 0.676777
vn 0.118155 -0.992776 -0.020844
v 7.354166 0.709819 -4.522001
vt 0.698338 0.652190
vn 0.145838 -0.989264 0.009414
f 2050/2050/2050 2051/2051/2051 2052/2052/2052
v 6.071563 0.579788 -3.974789
vt 0.617851 0.617851
vn 0.075915 -0.996875 0.021857
v 5.810367 0.563889 -4.203852
vt 0.601460 0.632226
vn 0.029832 -0.999395 -0.017876
v 6.618775 0.637613 -5.257392
vt 0.652190 0.698338
vn 0.066470 -0.995622 -0.065718
f 2053/2053/2053 2054/2054/2054 2055/2055/2055
v 6.071563 0.579788 -3.974789
vt 0.617851 0.617851
vn 0.075915 -0.996875 0.021857
v 6.618775 0.637613 -5.257392
vt 0.652190 0.698338
vn 0.066470 -0.995622 -0.065718
v 7.010571 0.661460 -4.913797
vt 0.676777 0.676777
vn 0.118155 -0.992776 -0.020844
f 2056/2056/2056 2057/2057/2057 2058/2058/2058
v 5.810367 0.563889 -4.203852
vt 0.601460 0.632226
vn 0.029832 -0.999395 -0.017876
v 5.521506 0.570902 -4.396863
vt 0.583333 0.644338
vn -0.024908 -0.998191 -0.054723
v 6.185484 0.648132 -5.546907
vt 0.625000 0.716506
vn 0.005370 -0.994275 -0.106717
f 2059/2059/2059 2060/2060/2060 2061/2061/2061
v 5.810367 0.563889 -4.203852
vt 0.601460 0.632226
vn 0.029832 -0.999395 -0.017876
v 6.185484 0.648132 -5.546907
vt 0.625000 0.716506
vn 0.005370 -0.994275 -0.106717
v 6.618775 0.637613 -5.257392
vt 0.652190 0.698338
vn 0.066470 -0.995622 -0.065718
f 2062/2062/2062 2063/2063/2063 2064/2064/2064
v 5.521506 0.570902 -4.396863
vt 0.583333 0.644338
vn -0.024908 -0.998191 -0.054723
v 5.209923 0.597928 -4.550519
vt 0.563781 0.653980
vn -0.066138 -0.994909 -0.076043
v 5.718110 0.688670 -5.777391
vt 0.595671 0.730970
vn -0.042808 -0.990431 -0.131200
f 2065/2065/2065 2066/2066/2066 2067/2067/2067
v 5.521506 0.570902 -4.396863
vt 0.583333 0.644338
vn -0.024908 -0.998191 -0.054723
v 5.718110 0.688670 -5.777391
vt 0.595671 0.730970
vn -0.042808 -0.990431 -0.131200
v 6.185484 0.648132 -5.546907
vt 0.625000 0.716506
vn 0.005370 -0.994275 -0.106717
f 2068/2068/2068 2069/2069/2069 2070/2070/2070
v 5.209923 0.597928 -4.550519
vt 0.563781 0.653980
vn -0.066138 -0.994909 -0.076043
v 4.880949 0.633797 -4.662190
vt 0.543137 0.660988
vn -0.075949 -0.993838 -0.080734
v 5.224650 0.742474 -5.944898
vt 0.564705 0.741481
vn -0.060003 -0.988577 -0.138260
f 2071/2071/2071 2072/2072/2072 2073/2073/2073
v 5.209923 0.597928 -4.550519
vt 0.563781 0.653980
vn -0.066138 -0.994909 -0.076043
v 5.224650 0.742474 -5.944898
vt 0.564705 0.741481
vn -0.060003 -0.988577 -0.138260
v 5.718110 0.688670 -5.777391
vt 0.595671 0.730970
vn -0.042808 -0.990431 -0.131200
f 2074/2074/2074 2075/2075/2075 2076/2076/2076
v 4.880949 0.633797 -4.662190
vt 0.543137 0.660988
vn -0.075949 -0.993838 -0.080734
v 4.540215 0.663685 -4.729966
vt 0.521754 0.665241
vn -0.049907 -0.995794 -0.076834
v 4.713548 0.787305 -6.046562
vt 0.532632 0.747861
vn -0.041769 -0.989833 -0.135965
f 2077/2077/2077 2078/2078/2078 2079/2079/2079
v 4.880949 0.633797 -4.662190
vt 0.543137 0.660988
vn -0.075949 -0.993838 -0.080734
v 4.713548 0.787305 -6.046562
vt 0.532632 0.747861
vn -0.041769 -0.989833 -0.135965
v 5.224650 0.742474 -5.944898
vt 0.564705 0.741481
vn -0.060003 -0.988577 -0.138260
f 2080/2080/2080 2081/2081/2081 2082/2082/2082
v 4.540215 0.663685 -4.729966
vt 0.521754 0.665241
vn -0.049907 -0.995794 -0.076834
v 4.193548 0.675239 -4.752688
vt 0.500000 0.666667
vn 0.000000 -0.997250 -0.074111
v 4.193548 0.804637 -6.080645
vt 0.500000 0.750000
vn -0.000000 -0.991004 -0.133834
f 2083/2083/2083 2084/2084/2084 2085/2085/2085
v 4.540215 0.663685 -4.729966
vt 0.521754 0.665241
vn -0.049907 -0.995794 -0.076834
v 4.193548 0.804637 -6.080645
vt 0.500000 0.750000
vn -0.000000 -0.991004 -0.133834
v 4.713548 0.787305 -6.046562
vt 0.532632 0.747861
vn -0.041769 -0.989833 -0.135965
f 2086/2086/2086 2087/2087/2087 2088/2088/2088
v 4.193548 0.675239 -4.752688
vt 0.500000 0.666667
vn 0.000000 -0.997250 -0.074111
v 3.846882 0.663685 -4.729966
vt 0.478246 0.665241
vn 0.049907 -0.995794 -0.076834
v 3.673549 0.787305 -6.046562
vt 0.467368 0.747861
vn 0.041769 -0.989833 -0.135965
f 2089/2089/2089 2090/2090/2090 2091/2091/2091
v 4.193548 0.675239 -4.752688
vt 0.500000 0.666667
vn 0.000000 -0.997250 -0.074111
v 3.673549 0.787305 -6.046562
vt 0.467368 0.747861
vn 0.041769 -0.989833 -0.135965
v 4.193548 0.804637 -6.080645
vt 0.500000 0.750000
vn -0.000000 -0.991004 -0.133834
f 2092/2092/2092 2093/2093/2093 2094/2094/2094
v 3.846882 0.663685 -4.729966
vt 0.478246 0.665241
vn 0.049907 -0.995794 -0.076834
v 3.506147 0.633797 -4.662190
vt 0.456863 0.660988
vn 0.075949 -0.993838 -0.080734
v 3.162447 0.742474 -5.944898
vt 0.435295 0.741481
vn 0.060003 -0.988577 -0.138260
f 2095/2095/2095 2096/2096/2096 2097/2097/2097
v 3.846882 0.663685 -4.729966
vt 0.478246 0.665241
vn 0.049907 -0.995794 -0.076834
v 3.162447 0.742474 -5.944898
vt 0.435295 0.741481
vn 0.060003 -0.988577 -0.138260
v 3.673549 0.787305 -6.046562
vt 0.467368 0.747861
vn 0.041769 -0.989833 -0.135965
f 2098/2098/2098 2099/2099/2099 2100/2100/2100
v 3.506147 0.633797 -4.662190
vt 0.456863 0.660988
vn 0.075949 -0.993838 -0.080734
v 3.177174 0.597928 -4.550519
vt 0.436219 0.653980
vn 0.066138 -0.994909 -0.076043
v 2.668987 0.688670 -5.777391
vt 0.404329 0.730970
vn 0.042808 -0.990431 -0.131200
f 2101/2101/2101 2102/2102/2102 2103/2103/2103
v 3.506147 0.633797 -4.662190
vt 0.456863 0.660988
vn 0.075949 -0.993838 -0.080734
v 2.668987 0.688670 -5.777391
vt 0.404329 0.730970
vn 0.042808 -0.990431 -0.131200
v 3.162447 0.742474 -5.944898
vt 0.435295 0.741481
vn 0.060003 -0.988577 -0.138260
f 2104/2104/2104 2105/2105/2105 2106/2106/2106
v 3.177174 0.597928 -4.550519
vt 0.436219 0.653980
vn 0.066138 -0.994909 -0.076043
v 2.865591 0.570902 -4.396863
vt 0.416667 0.644338
vn 0.024908 -0.998191 -0.054723
v 2.201613 0.648132 -5.546907
vt 0.375000 0.716506
vn -0.005370 -0.994275 -0.106717
f 2107/2107/2107 2108/2108/2108 2109/2109/2109
v 3.177174 0.597928 -4.550519
vt 0.436219 0.653980
vn 0.066138 -0.994909 -0.076043
v 2.201613 0.648132 -5.546907
vt 0.375000 0.716506
vn -0.005370 -0.994275 -0.106717
v 2.668987 0.688670 -5.777391
vt 0.404329 0.730970
vn 0.042808 -0.990431 -0.131200
f 2110/2110/2110 2111/2111/2111 2112/2112/2112
v 2.865591 0.570902 -4.396863
vt 0.416667 0.644338
vn 0.024908 -0.998191 -0.054723
v 2.576730 0.563889 -4.203852
vt 0.398540 0.632226
vn -0.029832 -0.999395 -0.017876
v 1.768321 0.637613 -5.257392
vt 0.347810 0.698338
vn -0.066470 -0.995622 -0.065718
f 2113/2113/2113 2114/2114/2114 2115/2115/2115
v 2.865591 0.570902 -4.396863
vt 0.416667 0.644338
vn 0.024908 -0.998191 -0.054723
v 1.768321 0.637613 -5.257392
vt 0.347810 0.698338
vn -0.066470 -0.995622 -0.065718
v 2.201613 0.648132 -5.546907
vt 0.375000 0.716506
vn -0.005370 -0.994275 -0.106717
f 2116/2116/2116 2117/2117/2117 2118/2118/2118
v 2.576730 0.563889 -4.203852
vt 0.398540 0.632226
vn -0.029832 -0.999395 -0.017876
v 2.315534 0.579788 -3.974789
vt 0.382149 0.617851
vn -0.075915 -0.996875 0.021857
v 1.376526 0.661460 -4.913797
vt 0.323223 0.676777
vn -0.118155 -0.992776 -0.020844
f 2119/2119/2119 2120/2120/2120 2121/2121/2121
v 2.576730 0.563889 -4.203852
vt 0.398540 0.632226
vn -0.029832 -0.999395 -0.017876
v 1.376526 0.661460 -4.913797
vt 0.323223 0.676777
vn -0.118155 -0.992776 -0.020844
v 1.768321 0.637613 -5.257392
vt 0.347810 0.698338
vn -0.066470 -0.995622 -0.065718
f 2122/2122/2122 2123/2123/2123 2124/2124/2124
v 2.315534 0.579788 -3.974789
vt 0.382149 0.617851
vn -0.075915 -0.996875 0.021857
v 2.086470 0.612027 -3.713592
vt 0.367774 0.601460
vn -0.098709 -0.994043 0.046204
v 1.032931 0.709819 -4.522001
vt 0.301662 0.652190
vn -0.145838 -0.989264 0.009414
f 2125/2125/2125 2126/2126/2126 2127/2127/2127
v 2.315534 0.579788 -3.974789
vt 0.382149 0.617851
vn -0.075915 -0.996875 0.021857
v 1.032931 0.709819 -4.522001
vt 0.301662 0.652190
vn -0.145838 -0.989264 0.009414
v 1.376526 0.661460 -4.913797
vt 0.323223 0.676777
vn -0.118155 -0.992776 -0.020844
f 2128/2128/2128 2129/2129/2129 2130/2130/2130
v 2.086470 0.612027 -3.713592
vt 0.367774 0.601460
vn -0.098709 -0.994043 0.046204
v 1.893459 0.647282 -3.424731
vt 0.355662 0.583333
vn -0.097195 -0.994399 0.041519
v 0.743415 0.762702 -4.088710
vt 0.283494 0.625000
vn -0.148635 -0.988828 0.011269
f 2131/2131/2131 2132/2132/2132 2133/2133/2133
v 2.086470 0.612027 -3.713592
vt 0.367774 0.601460
vn -0.098709 -0.994043 0.046204
v 0.743415 0.762702 -4.088710
vt 0.283494 0.625000
vn -0.148635 -0.988828 0.011269
v 1.032931 0.709819 -4.522001
vt 0.301662 0.652190
vn -0.145838 -0.989264 0.009414
f 2134/2134/2134 2135/2135/2135 2136/2136/2136
v 1.893459 0.647282 -3.424731
vt 0.355662 0.583333
vn -0.097195 -0.994399 0.041519
v 1.739804 0.670983 -3.113149
vt 0.346020 0.563781
vn -0.081277 -0.996668 0.006855
v 0.512932 0.798253 -3.621335
vt 0.269030 0.595671
vn -0.136354 -0.990528 -0.016202
f 2137/2137/2137 2138/2138/2138 2139/2139/2139
v 1.893459 0.647282 -3.424731
vt 0.355662 0.583333
vn -0.097195 -0.994399 0.041519
v 0.512932 0.798253 -3.621335
vt 0.269030 0.595671
vn -0.136354 -0.990528 -0.016202
v 0.743415 0.762702 -4.088710
vt 0.283494 0.625000
vn -0.148635 -0.988828 0.011269
f 2140/2140/2140 2141/2141/2141 2142/2142/2142
v 1.739804 0.670983 -3.113149
vt 0.346020 0.563781
vn -0.081277 -0.996668 0.006855
v 1.628132 0.673334 -2.784175
vt 0.339012 0.543137
vn -0.064319 -0.996983 -0.043454
v 0.345425 0.801779 -3.127876
vt 0.258519 0.564705
vn -0.122040 -0.990784 -0.058761
f 2143/2143/2143 2144/2144/2144 2145/2145/2145
v 1.739804 0.670983 -3.113149
vt 0.346020 0.563781
vn -0.081277 -0.996668 0.006855
v 0.345425 0.801779 -3.127876
vt 0.258519 0.564705
vn -0.122040 -0.990784 -0.058761
v 0.512932 0.798253 -3.621335
vt 0.269030 0.595671
vn -0.136354 -0.990528 -0.016202
f 2146/2146/2146 2147/2147/2147 2148/2148/2148
v 1.628132 0.673334 -2.784175
vt 0.339012 0.543137
vn -0.064319 -0.996983 -0.043454
v 1.560356 0.653363 -2.443440
vt 0.334759 0.521754
vn -0.055045 -0.994825 -0.085404
v 0.243760 0.771824 -2.616774
vt 0.252139 0.532632
vn -0.114267 -0.989111 -0.092752
f 2149/2149/2149 2150/2150/2150 2151/2151/2151
v 1.628132 0.673334 -2.784175
vt 0.339012 0.543137
vn -0.064319 -0.996983 -0.043454
v 0.243760 0.771824 -2.616774
vt 0.252139 0.532632
vn -0.114267 -0.989111 -0.092752
v 0.345425 0.801779 -3.127876
vt 0.258519 0.564705
vn -0.122040 -0.990784 -0.058761
f 2152/2152/2152 2153/2153/2153 2154/2154/2154
v 1.560356 0.653363 -2.443440
vt 0.334759 0.521754
vn -0.055045 -0.994825 -0.085404
v 1.537634 0.619325 -2.096774
vt 0.333333 0.500000
vn -0.052905 -0.993822 -0.097569
v 0.209677 0.720766 -2.096774
vt 0.250000 0.500000
vn -0.112652 -0.988883 -0.097058
f 2155/2155/2155 2156/2156/2156 2157/2157/2157
v 1.560356 0.653363 -2.443440
vt 0.334759 0.521754
vn -0.055045 -0.994825 -0.085404
v 0.209677 0.720766 -2.096774
vt 0.250000 0.500000
vn -0.112652 -0.988883 -0.097058
v 0.243760 0.771824 -2.616774
vt 0.252139 0.532632
vn -0.114267 -0.989111 -0.092752
f 2158/2158/2158 2159/2159/2159 2160/2160/2160
v 1.537634 0.619325 -2.096774
vt 0.333333 0.500000
vn -0.052905 -0.993822 -0.097569
v 1.560356 0.585287 -1.750108
vt 0.334759 0.478246
vn -0.050036 -0.996177 -0.071610
v 0.243760 0.669709 -1.576775
vt 0.252139 0.467368
vn -0.109477 -0.991965 -0.063411
f 2161/2161/2161 2162/2162/2162 2163/2163/2163
v 1.537634 0.619325 -2.096774
vt 0.333333 0.500000
vn -0.052905 -0.993822 -0.097569
v 0.243760 0.669709 -1.576775
vt 0.252139 0.467368
vn -0.109477 -0.991965 -0.063411
v 0.209677 0.720766 -2.096774
vt 0.250000 0.500000
vn -0.112652 -0.988883 -0.097058
f 2164/2164/2164 2165/2165/2165 2166/2166/2166
v 1.560356 0.585287 -1.750108
vt 0.334759 0.478246
vn -0.050036 -0.996177 -0.071610
v 1.628132 0.565316 -1.409373
vt 0.339012 0.456863
vn -0.038310 -0.999138 -0.015976
v 0.345425 0.639753 -1.065672
vt 0.258519 0.435295
vn -0.096469 -0.995336 -0.000274
f 2167/2167/2167 2168/2168/2168 2169/2169/2169
v 1.560356 0.585287 -1.750108
vt 0.334759 0.478246
vn -0.050036 -0.996177 -0.071610
v 0.345425 0.639753 -1.065672
vt 0.258519 0.435295
vn -0.096469 -0.995336 -0.000274
v 0.243760 0.669709 -1.576775
vt 0.252139 0.467368
vn -0.109477 -0.991965 -0.063411
f 2170/2170/2170 2171/2171/2171 2172/2172/2172
v 1.628132 0.565316 -1.409373
vt 0.339012 0.456863
vn -0.038310 -0.999138 -0.015976
v 1.739804 0.567667 -1.080400
vt 0.346020 0.436219
vn -0.016834 -0.998728 0.047526
v 0.512932 0.643279 -0.572213
vt 0.269030 0.404329
vn -0.072526 -0.994878 0.070409
f 2173/2173/2173 2174/2174/2174 2175/2175/2175
v 1.628132 0.565316 -1.409373
vt 0.339012 0.456863
vn -0.038310 -0.999138 -0.015976
v 0.512932 0.643279 -0.572213
vt 0.269030 0.404329
vn -0.072526 -0.994878 0.070409
v 0.345425 0.639753 -1.065672
vt 0.258519 0.435295
vn -0.096469 -0.995336 -0.000274
f 2176/2176/2176 2177/2177/2177 2178/2178/2178
v 1.739804 0.567667 -1.080400
vt 0.346020 0.436219
vn -0.016834 -0.998728 0.047526
v 1.893459 0.591368 -0.768817
vt 0.355662 0.416667
vn 0.005478 -0.995508 0.094514
v 0.743415 0.678831 -0.104839
vt 0.283494 0.375000
vn -0.046640 -0.991169 0.124129
f 2179/2179/2179 2180/2180/2180 2181/2181/2181
v 1.739804 0.567667 -1.080400
vt 0.346020 0.436219
vn -0.016834 -0.998728 0.047526
v 0.743415 0.678831 -0.104839
vt 0.283494 0.375000
vn -0.046640 -0.991169 0.124129
v 0.512932 0.643279 -0.572213
vt 0.269030 0.404329
vn -0.072526 -0.994878 0.070409
f 2182/2182/2182 2183/2183/2183 2184/2184/2184
v 1.893459 0.591368 -0.768817
vt 0.355662 0.416667
vn 0.005478 -0.995508 0.094514
v 2.086470 0.626623 -0.479956
vt 0.367774 0.398540
vn 0.014751 -0.993754 0.110613
v 1.032931 0.731713 0.328453
vt 0.301662 0.347810
vn -0.032940 -0.988654 0.146556
f 2185/2185/2185 2186/2186/2186 2187/2187/2187
v 1.893459 0.591368 -0.768817
vt 0.355662 0.416667
vn 0.005478 -0.995508 0.094514
v 1.032931 0.731713 0.328453
vt 0.301662 0.347810
vn -0.032940 -0.988654 0.146556
v 0.743415 0.678831 -0.104839
vt 0.283494 0.375000
vn -0.046640 -0.991169 0.124129
f 2188/2188/2188 2189/2189/2189 2190/2190/2190
v 2.086470 0.626623 -0.479956
vt 0.367774 0.398540
vn 0.014751 -0.993754 0.110613
v 2.315534 0.658862 -0.218759
vt 0.382149 0.382149
vn 0.000902 -0.995302 0.096810
v 1.376526 0.780072 0.720248
vt 0.323223 0.323223
vn -0.041581 -0.989457 0.138726
f 2191/2191/2191 2192/2192/2192 2193/2193/2193
v 2.086470 0.626623 -0.479956
vt 0.367774 0.398540
vn 0.014751 -0.993754 0.110613
v 1.376526 0.780072 0.720248
vt 0.323223 0.323223
vn -0.041581 -0.989457 0.138726
v 1.032931 0.731713 0.328453
vt 0.301662 0.347810
vn -0.032940 -0.988654 0.146556
f 2194/2194/2194 2195/2195/2195 2196/2196/2196
v 2.315534 0.658862 -0.218759
vt 0.382149 0.382149
vn 0.000902 -0.995302 0.096810
v 2.576730 0.674761 0.010304
vt 0.398540 0.367774
vn -0.034869 -0.997182 0.066426
v 1.768321 0.803920 1.063843
vt 0.347810 0.301662
vn -0.071286 -0.990948 0.113759
f 2197/2197/2197 2198/2198/2198 2199/2199/2199
v 2.315534 0.658862 -0.218759
vt 0.382149 0.382149
vn 0.000902 -0.995302 0.096810
v 1.768321 0.803920 1.063843
vt 0.347810 0.301662
vn -0.071286 -0.990948 0.113759
v 1.376526 0.780072 0.720248
vt 0.323223 0.323223
vn -0.041581 -0.989457 0.138726
f 2200/2200/2200 2201/2201/2201 2202/2202/2202
v 2.576730 0.674761 0.010304
vt 0.398540 0.367774
vn -0.034869 -0.997182 0.066426
v 2.865591 0.667748 0.203315
vt 0.416667 0.355662
vn -0.077957 -0.996261 0.037232
v 2.201613 0.793401 1.353359
vt 0.375000 0.283494
vn -0.107553 -0.990201 0.089077
f 2203/2203/2203 2204/2204/2204 2205/2205/2205
v 2.576730 0.674761 0.010304
vt 0.398540 0.367774
vn -0.034869 -0.997182 0.066426
v 2.201613 0.793401 1.353359
vt 0.375000 0.283494
vn -0.107553 -0.990201 0.089077
v 1.768321 0.803920 1.063843
vt 0.347810 0.301662
vn -0.071286 -0.990948 0.113759
f 2206/2206/2206 2207/2207/2207 2208/2208/2208
v 2.865591 0.667748 0.203315
vt 0.416667 0.355662
vn -0.077957 -0.996261 0.037232
v 3.177174 0.640722 0.356970
vt 0.436219 0.346020
vn -0.106628 -0.994060 0.021787
v 2.668987 0.752862 1.583843
vt 0.404329 0.269030
vn -0.129005 -0.988641 0.077116
f 2209/2209/2209 2210/2210/2210 2211/2211/2211
v 2.865591 0.667748 0.203315
vt 0.416667 0.355662
vn -0.077957 -0.996261 0.037232
v 2.668987 0.752862 1.583843
vt 0.404329 0.269030
vn -0.129005 -0.988641 0.077116
v 2.201613 0.793401 1.353359
vt 0.375000 0.283494
vn -0.107553 -0.990201 0.089077
f 2212/2212/2212 2213/2213/2213 2214/2214/2214
v 3.177174 0.640722 0.356970
vt 0.436219 0.346020
vn -0.106628 -0.994060 0.021787
v 3.506147 0.604853 0.468642
vt 0.456863 0.339012
vn -0.103363 -0.994411 0.021496
v 3.162447 0.699059 1.751350
vt 0.435295 0.258519
vn -0.118390 -0.989787 0.079413
f 2215/2215/2215 2216/2216/2216 2217/2217/2217
v 3.177174 0.640722 0.356970
vt 0.436219 0.346020
vn -0.106628 -0.994060 0.021787
v 3.162447 0.699059 1.751350
vt 0.435295 0.258519
vn -0.118390 -0.989787 0.079413
v 2.668987 0.752862 1.583843
vt 0.404329 0.269030
vn -0.129005 -0.988641 0.077116
f 2218/2218/2218 2219/2219/2219 2220/2220/2220
v 3.506147 0.604853 0.468642
vt 0.456863 0.339012
vn -0.103363 -0.994411 0.021496
v 3.846882 0.574965 0.536418
vt 0.478246 0.334759
vn -0.063796 -0.997560 0.028356
v 3.673549 0.654227 1.853014
vt 0.467368 0.252139
vn -0.071369 -0.993561 0.087996
f 2221/2221/2221 2222/2222/2222 2223/2223/2223
v 3.506147 0.604853 0.468642
vt 0.456863 0.339012
vn -0.103363 -0.994411 0.021496
v 3.673549 0.654227 1.853014
vt 0.467368 0.252139
vn -0.071369 -0.993561 0.087996
v 3.162447 0.699059 1.751350
vt 0.435295 0.258519
vn -0.118390 -0.989787 0.079413
f 2224/2224/2224 2225/2225/2225 2226/2226/2226
v 3.846882 0.574965 0.536418
vt 0.478246 0.334759
vn -0.063796 -0.997560 0.028356
v 4.193548 0.563411 0.559140
vt 0.500000 0.333333
vn -0.000000 -0.999483 0.032165
v 4.193548 0.636895 1.887097
vt 0.500000 0.250000
vn 0.000000 -0.995719 0.092431
f 2227/2227/2227 2228/2228/2228 2229/2229/2229
v 3.846882 0.574965 0.536418
vt 0.478246 0.334759
vn -0.063796 -0.997560 0.028356
v 4.193548 0.636895 1.887097
vt 0.500000 0.250000
vn 0.000000 -0.995719 0.092431
v 3.673549 0.654227 1.853014
vt 0.467368 0.252139
vn -0.071369 -0.993561 0.087996
f 2230/2230/2230 2231/2231/2231 2232/2232/2232
v 4.193548 0.563411 0.559140
vt 0.500000 0.333333
vn -0.000000 -0.999483 0.032165
v 4.540215 0.574965 0.536418
vt 0.521754 0.334759
vn 0.063796 -0.997560 0.028356
v 4.713548 0.654227 1.853014
vt 0.532632 0.252139
vn 0.071369 -0.993561 0.087996
f 2233/2233/2233 2234/2234/2234 2235/2235/2235
v 4.193548 0.563411 0.559140
vt 0.500000 0.333333
vn -0.000000 -0.999483 0.032165
v 4.713548 0.654227 1.853014
vt 0.532632 0.252139
vn 0.071369 -0.993561 0.087996
v 4.193548 0.636895 1.887097
vt 0.500000 0.250000
vn 0.000000 -0.995719 0.092431
f 2236/2236/2236 2237/2237/2237 2238/2238/2238
v 4.540215 0.574965 0.536418
vt 0.521754 0.334759
vn 0.063796 -0.997560 0.028356
v 4.880949 0.604853 0.468642
vt 0.543137 0.339012
vn 0.103363 -0.994411 0.021496
v 5.224650 0.699059 1.751350
vt 0.564705 0.258519
vn 0.118390 -0.989787 0.079413
f 2239/2239/2239 2240/2240/2240 2241/2241/2241
v 4.540215 0.574965 0.536418
vt 0.521754 0.334759
vn 0.063796 -0.997560 0.028356
v 5.224650 0.699059 1.751350
vt 0.564705 0.258519
vn 0.118390 -0.989787 0.079413
v 4.713548 0.654227 1.853014
vt 0.532632 0.252139
vn 0.071369 -0.993561 0.087996
f 2242/2242/2242 2243/2243/2243 2244/2244/2244
v 4.880949 0.604853 0.468642
vt 0.543137 0.339012
vn 0.103363 -0.994411 0.021496
v 5.209923 0.640722 0.356970
vt 0.563781 0.346020
vn 0.106628 -0.994060 0.021787
v 5.718110 0.752862 1.583843
vt 0.595671 0.269030
vn 0.129005 -0.988641 0.077115
f 2245/2245/2245 2246/2246/2246 2247/2247/2247
v 4.880949 0.604853 0.468642
vt 0.543137 0.339012
vn 0.103363 -0.994411 0.021496
v 5.718110 0.752862 1.583843
vt 0.595671 0.269030
vn 0.129005 -0.988641 0.077115
v 5.224650 0.699059 1.751350
vt 0.564705 0.258519
vn 0.118390 -0.989787 0.079413
f 2248/2248/2248 2249/2249/2249 2250/2250/2250
v 5.209923 0.640722 0.356970
vt 0.563781 0.346020
vn 0.106628 -0.994060 0.021787
v 5.521506 0.667748 0.203315
vt 0.583333 0.355662
vn 0.077956 -0.996261 0.037232
v 6.185484 0.793401 1.353359
vt 0.625000 0.283494
vn 0.107553 -0.990201 0.089077
f 2251/2251/2251 2252/2252/2252 2253/2253/2253
v 5.209923 0.640722 0.356970
vt 0.563781 0.346020
vn 0.106628 -0.994060 0.021787
v 6.185484 0.793401 1.353359
vt 0.625000 0.283494
vn 0.107553 -0.990201 0.089077
v 5.718110 0.752862 1.583843
vt 0.595671 0.269030
vn 0.129005 -0.988641 0.077115
f 2254/2254/2254 2255/2255/2255 2256/2256/2256
v 5.521506 0.667748 0.203315
vt 0.583333 0.355662
vn 0.077956 -0.996261 0.037232
v 5.810367 0.674761 0.010304
vt 0.601460 0.367774
vn 0.034869 -0.997182 0.066426
v 6.618775 0.803920 1.063843
vt 0.652190 0.301662
vn 0.071286 -0.990948 0.113759
f 2257/2257/2257 2258/2258/2258 2259/2259/2259
v 5.521506 0.667748 0.203315
vt 0.583333 0.355662
vn 0.077956 -0.996261 0.037232
v 6.618775 0.803920 1.063843
vt 0.652190 0.301662
vn 0.071286 -0.990948 0.113759
v 6.185484 0.793401 1.353359
vt 0.625000 0.283494
vn 0.107553 -0.990201 0.089077
f 2260/2260/2260 2261/2261/2261 2262/2262/2262
v 5.810367 0.674761 0.010304
vt 0.601460 0.367774
vn 0.034869 -0.997182 0.066426
v 6.071563 0.658862 -0.218759
vt 0.617851 0.382149
vn -0.000902 -0.995302 0.096810
v 7.010571 0.780072 0.720248
vt 0.676777 0.323223
vn 0.041581 -0.989457 0.138726
f 2263/2263/2263 2264/2264/2264 2265/2265/2265
v 5.810367 0.674761 0.010304
vt 0.601460 0.367774
vn 0.034869 -0.997182 0.066426
v 7.010571 0.780072 0.720248
vt 0.676777 0.323223
vn 0.041581 -0.989457 0.138726
v 6.618775 0.803920 1.063843
vt 0.652190 0.301662
vn 0.071286 -0.990948 0.113759
f 2266/2266/2266 2267/2267/2267 2268/2268/2268
v 6.071563 0.658862 -0.218759
vt 0.617851 0.382149
vn -0.000902 -0.995302 0.096810
v 6.300627 0.626623 -0.479956
vt 0.632226 0.398540
vn -0.014751 -0.993754 0.110613
v 7.354166 0.731713 0.328453
vt 0.698338 0.347810
vn 0.032940 -0.988654 0.146556
f 2269/2269/2269 2270/2270/2270 2271/2271/2271
v 6.071563 0.658862 -0.218759
vt 0.617851 0.382149
vn -0.000902 -0.995302 0.096810
v 7.354166 0.731713 0.328453
vt 0.698338 0.347810
vn 0.032940 -0.988654 0.146556
v 7.010571 0.780072 0.720248
vt 0.676777 0.323223
vn 0.041581 -0.989457 0.138726
f 2272/2272/2272 2273/2273/2273 2274/2274/2274
v 6.300627 0.626623 -0.479956
vt 0.632226 0.398540
vn -0.014751 -0.993754 0.110613
v 6.493637 0.591368 -0.768817
vt 0.644338 0.416667
vn -0.005478 -0.995508 0.094514
v 7.643682 0.678831 -0.104839
vt 0.716506 0.375000
vn 0.046640 -0.991169 0.124129
f 2275/2275/2275 2276/2276/2276 2277/2277/2277
v 6.300627 0.626623 -0.479956
vt 0.632226 0.398540
vn -0.014751 -0.993754 0.110613
v 7.643682 0.678831 -0.104839
vt 0.716506 0.375000
vn 0.046640 -0.991169 0.124129
v 7.354166 0.731713 0.328453
vt 0.698338 0.347810
vn 0.032940 -0.988654 0.146556
f 2278/2278/2278 2279/2279/2279 2280/2280/2280
v 6.493637 0.591368 -0.768817
vt 0.644338 0.416667
vn -0.005478 -0.995508 0.094514
v 6.647293 0.567667 -1.080400
vt 0.653980 0.436219
vn 0.016834 -0.998728 0.047526
v 7.874165 0.643279 -0.572213
vt 0.730970 0.404329
vn 0.072526 -0.994878 0.070409
f 2281/2281/2281 2282/2282/2282 2283/2283/2283
v 6.493637 0.591368 -0.768817
vt 0.644338 0.416667
vn -0.005478 -0.995508 0.094514
v 7.874165 0.643279 -0.572213
vt 0.730970 0.404329
vn 0.072526 -0.994878 0.070409
v 7.643682 0.678831 -0.104839
vt 0.716506 0.375000
vn 0.046640 -0.991169 0.124129
f 2284/2284/2284 2285/2285/2285 2286/2286/2286
v 6.647293 0.567667 -1.080400
vt 0.653980 0.436219
vn 0.016834 -0.998728 0.047526
v 6.758964 0.565316 -1.409373
vt 0.660988 0.456863
vn 0.038310 -0.999138 -0.015976
v 8.041672 0.639753 -1.065672
vt 0.741481 0.435295
vn 0.096469 -0.995336 -0.000274
f 2287/2287/2287 2288/2288/2288 2289/2289/2289
v 6.647293 0.567667 -1.080400
vt 0.653980 0.436219
vn 0.016834 -0.998728 0.047526
v 8.041672 0.639753 -1.065672
vt 0.741481 0.435295
vn 0.096469 -0.995336 -0.000274
v 7.874165 0.643279 -0.572213
vt 0.730970 0.404329
vn 0.072526 -0.994878 0.070409
f 2290/2290/2290 2291/2291/2291 2292/2292/2292
v 6.758964 0.565316 -1.409373
vt 0.660988 0.456863
vn 0.038310 -0.999138 -0.015976
v 6.826740 0.585287 -1.750108
vt 0.665241 0.478246
vn 0.050035 -0.996177 -0.071610
v 8.143337 0.669709 -1.576775
vt 0.747861 0.467368
vn 0.109477 -0.991965 -0.063411
f 2293/2293/2293 2294/2294/2294 2295/2295/2295
v 6.758964 0.565316 -1.409373
vt 0.660988 0.456863
vn 0.038310 -0.999138 -0.015976
v 8.143337 0.669709 -1.576775
vt 0.747861 0.467368
vn 0.109477 -0.991965 -0.063411
v 8.041672 0.639753 -1.065672
vt 0.741481 0.435295
vn 0.096469 -0.995336 -0.000274
f 2296/2296/2296 2297/2297/2297 2298/2298/2298
v 6.826740 0.585287 -1.750108
vt 0.665241 0.478246
vn 0.050035 -0.996177 -0.071610
v 6.849462 0.619325 -2.096774
vt 0.666667 0.500000
vn 0.052905 -0.993822 -0.097569
v 8.177419 0.720766 -2.096774
vt 0.750000 0.500000
vn 0.112652 -0.988883 -0.097058
f 2299/2299/2299 2300/2300/2300 2301/2301/2301
v 6.826740 0.585287 -1.750108
vt 0.665241 0.478246
vn 0.050035 -0.996177 -0.071610
v 8.177419 0.720766 -2.096774
vt 0.750000 0.500000
vn 0.112652 -0.988883 -0.097058
v 8.143337 0.669709 -1.576775
vt 0.747861 0.467368
vn 0.109477 -0.991965 -0.063411
f 2302/2302/2302 2303/2303/2303 2304/2304/2304
v 8.177419 0.720766 -2.096774
vt 0.750000 0.500000
vn 0.112652 -0.988883 -0.097058
v 8.143337 0.771824 -2.616774
vt 0.747861 0.532632
vn 0.114267 -0.989111 -0.092752
v 9.459932 0.986386 -2.790107
vt 0.830482 0.543509
vn 0.194588 -0.975542 -0.102245
f 2305/2305/2305 2306/2306/2306 2307/2307/2307
v 8.177419 0.720766 -2.096774
vt 0.750000 0.500000
vn 0.112652 -0.988883 -0.097058
v 9.459932 0.986386 -2.790107
vt 0.830482 0.543509
vn 0.194588 -0.975542 -0.102245
v 9.505376 0.918309 -2.096774
vt 0.833333 0.500000
vn 0.193831 -0.976348 -0.095778
f 2308/2308/2308 2309/2309/2309 2310/2310/2310
v 8.143337 0.771824 -2.616774
vt 0.747861 0.532632
vn 0.114267 -0.989111 -0.092752
v 8.041672 0.801779 -3.127876
vt 0.741481 0.564705
vn 0.122040 -0.990784 -0.058761
v 9.324380 1.026327 -3.471576
vt 0.821975 0.586273
vn 0.200180 -0.976543 -0.079324
f 2311/2311/2311 2312/2312/2312 2313/2313/2313
v 8.143337 0.771824 -2.616774
vt 0.747861 0.532632
vn 0.114267 -0.989111 -0.092752
v 9.324380 1.026327 -3.471576
vt 0.821975 0.586273
vn 0.200180 -0.976543 -0.079324
v 9.459932 0.986386 -2.790107
vt 0.830482 0.543509
vn 0.194588 -0.975542 -0.102245
f 2314/2314/2314 2315/2315/2315 2316/2316/2316
v 8.041672 0.801779 -3.127876
vt 0.741481 0.564705
vn 0.122040 -0.990784 -0.058761
v 7.874165 0.798253 -3.621335
vt 0.730970 0.595671
vn 0.136354 -0.990528 -0.016202
v 9.101037 1.021625 -4.129523
vt 0.807960 0.627561
vn 0.210803 -0.976368 -0.047617
f 2317/2317/2317 2318/2318/2318 2319/2319/2319
v 8.041672 0.801779 -3.127876
vt 0.741481 0.564705
vn 0.122040 -0.990784 -0.058761
v 9.101037 1.021625 -4.129523
vt 0.807960 0.627561
vn 0.210803 -0.976368 -0.047617
v 9.324380 1.026327 -3.471576
vt 0.821975 0.586273
vn 0.200180 -0.976543 -0.079324
f 2320/2320/2320 2321/2321/2321 2322/2322/2322
v 7.874165 0.798253 -3.621335
vt 0.730970 0.595671
vn 0.136354 -0.990528 -0.016202
v 7.643682 0.762702 -4.088710
vt 0.716506 0.625000
vn 0.148635 -0.988828 0.011269
v 8.793726 0.974223 -4.752688
vt 0.788675 0.666667
vn 0.218126 -0.975453 -0.030190
f 2323/2323/2323 2324/2324/2324 2325/2325/2325
v 7.874165 0.798253 -3.621335
vt 0.730970 0.595671
vn 0.136354 -0.990528 -0.016202
v 8.793726 0.974223 -4.752688
vt 0.788675 0.666667
vn 0.218126 -0.975453 -0.030190
v 9.101037 1.021625 -4.129523
vt 0.807960 0.627561
vn 0.210803 -0.976368 -0.047617
f 2326/2326/2326 2327/2327/2327 2328/2328/2328
v 7.643682 0.762702 -4.088710
vt 0.716506 0.625000
vn 0.148635 -0.988828 0.011269
v 7.354166 0.709819 -4.522001
vt 0.698338 0.652190
vn 0.145838 -0.989264 0.009414
v 8.407705 0.903713 -5.330410
vt 0.764451 0.702920
vn 0.209553 -0.976935 -0.041059
f 2329/2329/2329 2330/2330/2330 2331/2331/2331
v 7.643682 0.762702 -4.088710
vt 0.716506 0.625000
vn 0.148635 -0.988828 0.011269
v 8.407705 0.903713 -5.330410
vt 0.764451 0.702920
vn 0.209553 -0.976935 -0.041059
v 8.793726 0.974223 -4.752688
vt 0.788675 0.666667
vn 0.218126 -0.975453 -0.030190
f 2332/2332/2332 2333/2333/2333 2334/2334/2334
v 7.354166 0.709819 -4.522001
vt 0.698338 0.652190
vn 0.145838 -0.989264 0.009414
v 7.010571 0.661460 -4.913797
vt 0.676777 0.676777
vn 0.118155 -0.992776 -0.020844
v 7.949578 0.839235 -5.852804
vt 0.735702 0.735702
vn 0.175412 -0.981295 -0.079310
f 2335/2335/2335 2336/2336/2336 2337/2337/2337
v 7.354166 0.709819 -4.522001
vt 0.698338 0.652190
vn 0.145838 -0.989264 0.009414
v 7.949578 0.839235 -5.852804
vt 0.735702 0.735702
vn 0.175412 -0.981295 -0.079310
v 8.407705 0.903713 -5.330410
vt 0.764451 0.702920
vn 0.209553 -0.976935 -0.041059
f 2338/2338/2338 2339/2339/2339 2340/2340/2340
v 7.010571 0.661460 -4.913797
vt 0.676777 0.676777
vn 0.118155 -0.992776 -0.020844
v 6.618775 0.637613 -5.257392
vt 0.652190 0.698338
vn 0.066470 -0.995622 -0.065718
v 7.427184 0.807438 -6.310931
vt 0.702920 0.764451
vn 0.116376 -0.984527 -0.131011
f 2341/2341/2341 2342/2342/2342 2343/2343/2343
v 7.010571 0.661460 -4.913797
vt 0.676777 0.676777
vn 0.118155 -0.992776 -0.020844
v 7.427184 0.807438 -6.310931
vt 0.702920 0.764451
vn 0.116376 -0.984527 -0.131011
v 7.949578 0.839235 -5.852804
vt 0.735702 0.735702
vn 0.175412 -0.981295 -0.079310
f 2344/2344/2344 2345/2345/2345 2346/2346/2346
v 6.618775 0.637613 -5.257392
vt 0.652190 0.698338
vn 0.066470 -0.995622 -0.065718
v 6.185484 0.648132 -5.546907
vt 0.625000 0.716506
vn 0.005370 -0.994275 -0.106717
v 6.849462 0.821464 -6.696952
vt 0.666667 0.788675
vn 0.046897 -0.983012 -0.177449
f 2347/2347/2347 2348/2348/2348 2349/2349/2349
v 6.618775 0.637613 -5.257392
vt 0.652190 0.698338
vn 0.066470 -0.995622 -0.065718
v 6.849462 0.821464 -6.696952
vt 0.666667 0.788675
vn 0.046897 -0.983012 -0.177449
v 7.427184 0.807438 -6.310931
vt 0.702920 0.764451
vn 0.116376 -0.984527 -0.131011
f 2350/2350/2350 2351/2351/2351 2352/2352/2352
v 6.185484 0.648132 -5.546907
vt 0.625000 0.716506
vn 0.005370 -0.994275 -0.106717
v 5.718110 0.688670 -5.777391
vt 0.595671 0.730970
vn -0.042808 -0.990431 -0.131200
v 6.226297 0.875515 -7.004263
vt 0.627561 0.807960
vn -0.010564 -0.978485 -0.206049
f 2353/2353/2353 2354/2354/2354 2355/2355/2355
v 6.185484 0.648132 -5.546907
vt 0.625000 0.716506
vn 0.005370 -0.994275 -0.106717
v 6.226297 0.875515 -7.004263
vt 0.627561 0.807960
vn -0.010564 -0.978485 -0.206049
v 6.849462 0.821464 -6.696952
vt 0.666667 0.788675
vn 0.046897 -0.983012 -0.177449
f 2356/2356/2356 2357/2357/2357 2358/2358/2358
v 5.718110 0.688670 -5.777391
vt 0.595671 0.730970
vn -0.042808 -0.990431 -0.131200
v 5.224650 0.742474 -5.944898
vt 0.564705 0.741481
vn -0.060003 -0.988577 -0.138260
v 5.568351 0.947253 -7.227606
vt 0.586273 0.821975
vn -0.037812 -0.975618 -0.216193
f 2359/2359/2359 2360/2360/2360 2361/2361/2361
v 5.718110 0.688670 -5.777391
vt 0.595671 0.730970
vn -0.042808 -0.990431 -0.131200
v 5.568351 0.947253 -7.227606
vt 0.586273 0.821975
vn -0.037812 -0.975618 -0.216193
v 6.226297 0.875515 -7.004263
vt 0.627561 0.807960
vn -0.010564 -0.978485 -0.206049
f 2362/2362/2362 2363/2363/2363 2364/2364/2364
v 5.224650 0.742474 -5.944898
vt 0.564705 0.741481
vn -0.060003 -0.988577 -0.138260
v 4.713548 0.787305 -6.046562
vt 0.532632 0.747861
vn -0.041769 -0.989833 -0.135965
v 4.886881 1.007029 -7.363159
vt 0.543509 0.830482
vn -0.030388 -0.975923 -0.215989
f 2365/2365/2365 2366/2366/2366 2367/2367/2367
v 5.224650 0.742474 -5.944898
vt 0.564705 0.741481
vn -0.060003 -0.988577 -0.138260
v 4.886881 1.007029 -7.363159
vt 0.543509 0.830482
vn -0.030388 -0.975923 -0.215989
v 5.568351 0.947253 -7.227606
vt 0.586273 0.821975
vn -0.037812 -0.975618 -0.216193
f 2368/2368/2368 2369/2369/2369 2370/2370/2370
v 4.713548 0.787305 -6.046562
vt 0.532632 0.747861
vn -0.041769 -0.989833 -0.135965
v 4.193548 0.804637 -6.080645
vt 0.500000 0.750000
vn -0.000000 -0.991004 -0.133834
v 4.193548 1.030137 -7.408602
vt 0.500000 0.833333
vn -0.000000 -0.976695 -0.214630
f 2371/2371/2371 2372/2372/2372 2373/2373/2373
v 4.713548 0.787305 -6.046562
vt 0.532632 0.747861
vn -0.041769 -0.989833 -0.135965
v 4.193548 1.030137 -7.408602
vt 0.500000 0.833333
vn -0.000000 -0.976695 -0.214630
v 4.886881 1.007029 -7.363159
vt 0.543509 0.830482
vn -0.030388 -0.975923 -0.215989
f 2374/2374/2374 2375/2375/2375 2376/2376/2376
v 4.193548 0.804637 -6.080645
vt 0.500000 0.750000
vn -0.000000 -0.991004 -0.133834
v 3.673549 0.787305 -6.046562
vt 0.467368 0.747861
vn 0.041769 -0.989833 -0.135965
v 3.500216 1.007029 -7.363159
vt 0.456491 0.830482
vn 0.030388 -0.975923 -0.215989
f 2377/2377/2377 2378/2378/2378 2379/2379/2379
v 4.193548 0.804637 -6.080645
vt 0.500000 0.750000
vn -0.000000 -0.991004 -0.133834
v 3.500216 1.007029 -7.363159
vt 0.456491 0.830482
vn 0.030388 -0.975923 -0.215989
v 4.193548 1.030137 -7.408602
vt 0.500000 0.833333
vn -0.000000 -0.976695 -0.214630
f 2380/2380/2380 2381/2381/2381 2382/2382/2382
v 3.673549 0.787305 -6.046562
vt 0.467368 0.747861
vn 0.041769 -0.989833 -0.135965
v 3.162447 0.742474 -5.944898
vt 0.435295 0.741481
vn 0.060003 -0.988577 -0.138260
v 2.818746 0.947253 -7.227606
vt 0.413727 0.821975
vn 0.037812 -0.975618 -0.216193
f 2383/2383/2383 2384/2384/2384 2385/2385/2385
v 3.673549 0.787305 -6.046562
vt 0.467368 0.747861
vn 0.041769 -0.989833 -0.135965
v 2.818746 0.947253 -7.227606
vt 0.413727 0.821975
vn 0.037812 -0.975618 -0.216193
v 3.500216 1.007029 -7.363159
vt 0.456491 0.830482
vn 0.030388 -0.975923 -0.215989
f 2386/2386/2386 2387/2387/2387 2388/2388/2388
v 3.162447 0.742474 -5.944898
vt 0.435295 0.741481
vn 0.060003 -0.988577 -0.138260
v 2.668987 0.688670 -5.777391
vt 0.404329 0.730970
vn 0.042808 -0.990431 -0.131200
v 2.160800 0.875515 -7.004263
vt 0.372439 0.807960
vn 0.010564 -0.978485 -0.206049
f 2389/2389/2389 2390/2390/2390 2391/2391/2391
v 3.162447 0.742474 -5.944898
vt 0.435295 0.741481
vn 0.060003 -0.988577 -0.138260
v 2.160800 0.875515 -7.004263
vt 0.372439 0.807960
vn 0.010564 -0.978485 -0.206049
v 2.818746 0.947253 -7.227606
vt 0.413727 0.821975
vn 0.037812 -0.975618 -0.216193
f 2392/2392/2392 2393/2393/2393 2394/2394/2394
v 2.668987 0.688670 -5.777391
vt 0.404329 0.730970
vn 0.042808 -0.990431 -0.131200
v 2.201613 0.648132 -5.546907
vt 0.375000 0.716506
vn -0.005370 -0.994275 -0.106717
v 1.537634 0.821464 -6.696952
vt 0.333333 0.788675
vn -0.046897 -0.983012 -0.177449
f 2395/2395/2395 2396/2396/2396 2397/2397/2397
v 2.668987 0.688670 -5.777391
vt 0.404329 0.730970
vn 0.042808 -0.990431 -0.131200
v 1.537634 0.821464 -6.696952
vt 0.333333 0.788675
vn -0.046897 -0.983012 -0.177449
v 2.160800 0.875515 -7.004263
vt 0.372439 0.807960
vn 0.010564 -0.978485 -0.206049
f 2398/2398/2398 2399/2399/2399 2400/2400/2400
v 2.201613 0.648132 -5.546907
vt 0.375000 0.716506
vn -0.005370 -0.994275 -0.106717
v 1.768321 0.637613 -5.257392
vt 0.347810 0.698338
vn -0.066470 -0.995622 -0.065718
v 0.959912 0.807438 -6.310931
vt 0.297080 0.764451
vn -0.116376 -0.984527 -0.131011
f 2401/2401/2401 2402/2402/2402 2403/2403/2403
v 2.201613 0.648132 -5.546907
vt 0.375000 0.716506
vn -0.005370 -0.994275 -0.106717
v 0.959912 0.807438 -6.310931
vt 0.297080 0.764451
vn -0.116376 -0.984527 -0.131011
v 1.537634 0.821464 -6.696952
vt 0.333333 0.788675
vn -0.046897 -0.983012 -0.177449
f 2404/2404/2404 2405/2405/2405 2406/2406/2406
v 1.768321 0.637613 -5.257392
vt 0.347810 0.698338
vn -0.066470 -0.995622 -0.065718
v 1.376526 0.661460 -4.913797
vt 0.323223 0.676777
vn -0.118155 -0.992776 -0.020844
v 0.437519 0.839235 -5.852804
vt 0.264298 0.735702
vn -0.175412 -0.981295 -0.079310
f 2407/2407/2407 2408/2408/2408 2409/2409/2409
v 1.768321 0.637613 -5.257392
vt 0.347810 0.698338
vn -0.066470 -0.995622 -0.065718
v 0.437519 0.839235 -5.852804
vt 0.264298 0.735702
vn -0.175412 -0.981295 -0.079310
v 0.959912 0.807438 -6.310931
vt 0.297080 0.764451
vn -0.116376 -0.984527 -0.131011
f 2410/2410/2410 2411/2411/2411 2412/2412/2412
v 1.376526 0.661460 -4.913797
vt 0.323223 0.676777
vn -0.118155 -0.992776 -0.020844
v 1.032931 0.709819 -4.522001
vt 0.301662 0.652190
vn -0.145838 -0.989264 0.009414
v -0.020608 0.903713 -5.330410
vt 0.235549 0.702920
vn -0.209553 -0.976935 -0.041059
f 2413/2413/2413 2414/2414/2414 2415/2415/2415
v 1.376526 0.661460 -4.913797
vt 0.323223 0.676777
vn -0.118155 -0.992776 -0.020844
v -0.020608 0.903713 -5.330410
vt 0.235549 0.702920
vn -0.209553 -0.976935 -0.041059
v 0.437519 0.839235 -5.852804
vt 0.264298 0.735702
vn -0.175412 -0.981295 -0.079310
f 2416/2416/2416 2417/2417/2417 2418/2418/2418
v 1.032931 0.709819 -4.522001
vt 0.301662 0.652190
vn -0.145838 -0.989264 0.009414
v 0.743415 0.762702 -4.088710
vt 0.283494 0.625000
vn -0.148635 -0.988828 0.011269
v -0.406630 0.974223 -4.752688
vt 0.211325 0.666667
vn -0.218126 -0.975453 -0.030190
f 2419/2419/2419 2420/2420/2420 2421/2421/2421
v 1.032931 0.709819 -4.522001
vt 0.301662 0.652190
vn -0.145838 -0.989264 0.009414
v -0.406630 0.974223 -4.752688
vt 0.211325 0.666667
vn -0.218126 -0.975453 -0.030190
v -0.020608 0.903713 -5.330410
vt 0.235549 0.702920
vn -0.209553 -0.976935 -0.041059
f 2422/2422/2422 2423/2423/2423 2424/2424/2424
v 0.743415 0.762702 -4.088710
vt 0.283494 0.625000
vn -0.148635 -0.988828 0.011269
v 0.512932 0.798253 -3.621335
vt 0.269030 0.595671
vn -0.136354 -0.990528 -0.016202
v -0.713941 1.021625 -4.129523
vt 0.192040 0.627561
vn -0.210803 -0.976368 -0.047617
f 2425/2425/2425 2426/2426/2426 2427/2427/2427
v 0.743415 0.762702 -4.088710
vt 0.283494 0.625000
vn -0.148635 -0.988828 0.011269
v -0.713941 1.021625 -4.129523
vt 0.192040 0.627561
vn -0.210803 -0.976368 -0.047617
v -0.406630 0.974223 -4.752688
vt 0.211325 0.666667
vn -0.218126 -0.975453 -0.030190
f 2428/2428/2428 2429/2429/2429 2430/2430/2430
v 0.512932 0.798253 -3.621335
vt 0.269030 0.595671
vn -0.136354 -0.990528 -0.016202
v 0.345425 0.801779 -3.127876
vt 0.258519 0.564705
vn -0.122040 -0.990784 -0.058761
v -0.937283 1.026327 -3.471576
vt 0.178025 0.586273
vn -0.200180 -0.976543 -0.079324
f 2431/2431/2431 2432/2432/2432 2433/2433/2433
v 0.512932 0.798253 -3.621335
vt 0.269030 0.595671
vn -0.136354 -0.990528 -0.016202
v -0.937283 1.026327 -3.471576
vt 0.178025 0.586273
vn -0.200180 -0.976543 -0.079324
v -0.713941 1.021625 -4.129523
vt 0.192040 0.627561
vn -0.210803 -0.976368 -0.047617
f 2434/2434/2434 2435/2435/2435 2436/2436/2436
v 0.345425 0.801779 -3.127876
vt 0.258519 0.564705
vn -0.122040 -0.990784 -0.058761
v 0.243760 0.771824 -2.616774
vt 0.252139 0.532632
vn -0.114267 -0.989111 -0.092752
v -1.072836 0.986386 -2.790107
vt 0.169518 0.543509
vn -0.194588 -0.975542 -0.102245
f 2437/2437/2437 2438/2438/2438 2439/2439/2439
v 0.345425 0.801779 -3.127876
vt 0.258519 0.564705
vn -0.122040 -0.990784 -0.058761
v -1.072836 0.986386 -2.790107
vt 0.169518 0.543509
vn -0.194588 -0.975542 -0.102245
v -0.937283 1.026327 -3.471576
vt 0.178025 0.586273
vn -0.200180 -0.976543 -0.079324
f 2440/2440/2440 2441/2441/2441 2442/2442/2442
v 0.243760 0.771824 -2.616774
vt 0.252139 0.532632
vn -0.114267 -0.989111 -0.092752
v 0.209677 0.720766 -2.096774
vt 0.250000 0.500000
vn -0.112652 -0.988883 -0.097058
v -1.118280 0.918309 -2.096774
vt 0.166667 0.500000
vn -0.193831 -0.976348 -0.095778
f 2443/2443/2443 2444/2444/2444 2445/2445/2445
v 0.243760 0.771824 -2.616774
vt 0.252139 0.532632
vn -0.114267 -0.989111 -0.092752
v -1.118280 0.918309 -2.096774
vt 0.166667 0.500000
vn -0.193831 -0.976348 -0.095778
v -1.072836 0.986386 -2.790107
vt 0.169518 0.543509
vn -0.194588 -0.975542 -0.102245
f 2446/2446/2446 2447/2447/2447 2448/2448/2448
v 0.209677 0.720766 -2.096774
vt 0.250000 0.500000
vn -0.112652 -0.988883 -0.097058
v 0.243760 0.669709 -1.576775
vt 0.252139 0.467368
vn -0.109477 -0.991965 -0.063411
v -1.072836 0.850233 -1.403441
vt 0.169518 0.456491
vn -0.190370 -0.980346 -0.051786
f 2449/2449/2449 2450/2450/2450 2451/2451/2451
v 0.209677 0.720766 -2.096774
vt 0.250000 0.500000
vn -0.112652 -0.988883 -0.097058
v -1.072836 0.850233 -1.403441
vt 0.169518 0.456491
vn -0.190370 -0.980346 -0.051786
v -1.118280 0.918309 -2.096774
vt 0.166667 0.500000
vn -0.193831 -0.976348 -0.095778
f 2452/2452/2452 2453/2453/2453 2454/2454/2454
v 0.243760 0.669709 -1.576775
vt 0.252139 0.467368
vn -0.109477 -0.991965 -0.063411
v 0.345425 0.639753 -1.065672
vt 0.258519 0.435295
vn -0.096469 -0.995336 -0.000274
v -0.937283 0.810292 -0.721972
vt 0.178025 0.413727
vn -0.175738 -0.984207 0.021284
f 2455/2455/2455 2456/2456/2456 2457/2457/2457
v 0.243760 0.669709 -1.576775
vt 0.252139 0.467368
vn -0.109477 -0.991965 -0.063411
v -0.937283 0.810292 -0.721972
vt 0.178025 0.413727
vn -0.175738 -0.984207 0.021284
v -1.072836 0.850233 -1.403441
vt 0.169518 0.456491
vn -0.190370 -0.980346 -0.051786
f 2458/2458/2458 2459/2459/2459 2460/2460/2460
v 0.345425 0.639753 -1.065672
vt 0.258519 0.435295
vn -0.096469 -0.995336 -0.000274
v 0.512932 0.643279 -0.572213
vt 0.269030 0.404329
vn -0.072526 -0.994878 0.070409
v -0.713941 0.814994 -0.064026
vt 0.192040 0.372439
vn -0.148544 -0.983693 0.101404
f 2461/2461/2461 2462/2462/2462 2463/2463/2463
v 0.345425 0.639753 -1.065672
vt 0.258519 0.435295
vn -0.096469 -0.995336 -0.000274
v -0.713941 0.814994 -0.064026
vt 0.192040 0.372439
vn -0.148544 -0.983693 0.101404
v -0.937283 0.810292 -0.721972
vt 0.178025 0.413727
vn -0.175738 -0.984207 0.021284
f 2464/2464/2464 2465/2465/2465 2466/2466/2466
v 0.512932 0.643279 -0.572213
vt 0.269030 0.404329
vn -0.072526 -0.994878 0.070409
v 0.743415 0.678831 -0.104839
vt 0.283494 0.375000
vn -0.046640 -0.991169 0.124129
v -0.406630 0.862395 0.559140
vt 0.211325 0.333333
vn -0.117844 -0.979394 0.164010
f 2467/2467/2467 2468/2468/2468 2469/2469/2469
v 0.512932 0.643279 -0.572213
vt 0.269030 0.404329
vn -0.072526 -0.994878 0.070409
v -0.406630 0.862395 0.559140
vt 0.211325 0.333333
vn -0.117844 -0.979394 0.164010
v -0.713941 0.814994 -0.064026
vt 0.192040 0.372439
vn -0.148544 -0.983693 0.101404
f 2470/2470/2470 2471/2471/2471 2472/2472/2472
v 0.743415 0.678831 -0.104839
vt 0.283494 0.375000
vn -0.046640 -0.991169 0.124129
v 1.032931 0.731713 0.328453
vt 0.301662 0.347810
vn -0.032940 -0.988654 0.146556
v -0.020608 0.932906 1.136862
vt 0.235549 0.297080
vn -0.098058 -0.975908 0.194904
f 2473/2473/2473 2474/2474/2474 2475/2475/2475
v 0.743415 0.678831 -0.104839
vt 0.283494 0.375000
vn -0.046640 -0.991169 0.124129
v -0.020608 0.932906 1.136862
vt 0.235549 0.297080
vn -0.098058 -0.975908 0.194904
v -0.406630 0.862395 0.559140
vt 0.211325 0.333333
vn -0.117844 -0.979394 0.164010
f 2476/2476/2476 2477/2477/2477 2478/2478/2478
v 1.032931 0.731713 0.328453
vt 0.301662 0.347810
vn -0.032940 -0.988654 0.146556
v 1.376526 0.780072 0.720248
vt 0.323223 0.323223
vn -0.041581 -0.989457 0.138726
v 0.437519 0.997384 1.659255
vt 0.264298 0.264298
vn -0.099430 -0.975708 0.195209
f 2479/2479/2479 2480/2480/2480 2481/2481/2481
v 1.032931 0.731713 0.328453
vt 0.301662 0.347810
vn -0.032940 -0.988654 0.146556
v 0.437519 0.997384 1.659255
vt 0.264298 0.264298
vn -0.099430 -0.975708 0.195209
v -0.020608 0.932906 1.136862
vt 0.235549 0.297080
vn -0.098058 -0.975908 0.194904
f 2482/2482/2482 2483/2483/2483 2484/2484/2484
v 1.376526 0.780072 0.720248
vt 0.323223 0.323223
vn -0.041581 -0.989457 0.138726
v 1.768321 0.803920 1.063843
vt 0.347810 0.301662
vn -0.071286 -0.990948 0.113759
v 0.959912 1.029181 2.117382
vt 0.297080 0.235549
vn -0.120617 -0.976656 0.177748
f 2485/2485/2485 2486/2486/2486 2487/2487/2487
v 1.376526 0.780072 0.720248
vt 0.323223 0.323223
vn -0.041581 -0.989457 0.138726
v 0.959912 1.029181 2.117382
vt 0.297080 0.235549
vn -0.120617 -0.976656 0.177748
v 0.437519 0.997384 1.659255
vt 0.264298 0.264298
vn -0.099430 -0.975708 0.195209
f 2488/2488/2488 2489/2489/2489 2490/2490/2490
v 1.768321 0.803920 1.063843
vt 0.347810 0.301662
vn -0.071286 -0.990948 0.113759
v 2.201613 0.793401 1.353359
vt 0.375000 0.283494
vn -0.107553 -0.990201 0.089077
v 1.537634 1.015155 2.503404
vt 0.333333 0.211325
vn -0.147359 -0.976153 0.159409
f 2491/2491/2491 2492/2492/2492 2493/2493/2493
v 1.768321 0.803920 1.063843
vt 0.347810 0.301662
vn -0.071286 -0.990948 0.113759
v 1.537634 1.015155 2.503404
vt 0.333333 0.211325
vn -0.147359 -0.976153 0.159409
v 0.959912 1.029181 2.117382
vt 0.297080 0.235549
vn -0.120617 -0.976656 0.177748
f 2494/2494/2494 2495/2495/2495 2496/2496/2496
v 2.201613 0.793401 1.353359
vt 0.375000 0.283494
vn -0.107553 -0.990201 0.089077
v 2.668987 0.752862 1.583843
vt 0.404329 0.269030
vn -0.129005 -0.988641 0.077116
v 2.160800 0.961104 2.810715
vt 0.372439 0.192040
vn -0.158856 -0.975471 0.152381
f 2497/2497/2497 2498/2498/2498 2499/2499/2499
v 2.201613 0.793401 1.353359
vt 0.375000 0.283494
vn -0.107553 -0.990201 0.089077
v 2.160800 0.961104 2.810715
vt 0.372439 0.192040
vn -0.158856 -0.975471 0.152381
v 1.537634 1.015155 2.503404
vt 0.333333 0.211325
vn -0.147359 -0.976153 0.159409
f 2500/2500/2500 2501/2501/2501 2502/2502/2502
v 2.668987 0.752862 1.583843
vt 0.404329 0.269030
vn -0.129005 -0.988641 0.077116
v 3.162447 0.699059 1.751350
vt 0.435295 0.258519
vn -0.118390 -0.989787 0.079413
v 2.818746 0.889366 3.034058
vt 0.413727 0.178025
vn -0.138284 -0.977655 0.158333
f 2503/2503/2503 2504/2504/2504 2505/2505/2505
v 2.668987 0.752862 1.583843
vt 0.404329 0.269030
vn -0.129005 -0.988641 0.077116
v 2.818746 0.889366 3.034058
vt 0.413727 0.178025
vn -0.138284 -0.977655 0.158333
v 2.160800 0.961104 2.810715
vt 0.372439 0.192040
vn -0.158856 -0.975471 0.152381
f 2506/2506/2506 2507/2507/2507 2508/2508/2508
v 3.162447 0.699059 1.751350
vt 0.435295 0.258519
vn -0.118390 -0.989787 0.079413
v 3.673549 0.654227 1.853014
vt 0.467368 0.252139
vn -0.071369 -0.993561 0.087996
v 3.500216 0.829590 3.169610
vt 0.456491 0.169518
vn -0.081338 -0.982199 0.169320
f 2509/2509/2509 2510/2510/2510 2511/2511/2511
v 3.162447 0.699059 1.751350
vt 0.435295 0.258519
vn -0.118390 -0.989787 0.079413
v 3.500216 0.829590 3.169610
vt 0.456491 0.169518
vn -0.081338 -0.982199 0.169320
v 2.818746 0.889366 3.034058
vt 0.413727 0.178025
vn -0.138284 -0.977655 0.158333
f 2512/2512/2512 2513/2513/2513 2514/2514/2514
v 3.673549 0.654227 1.853014
vt 0.467368 0.252139
vn -0.071369 -0.993561 0.087996
v 4.193548 0.636895 1.887097
vt 0.500000 0.250000
vn 0.000000 -0.995719 0.092431
v 4.193548 0.806481 3.215054
vt 0.500000 0.166667
vn 0.000000 -0.984635 0.174625
f 2515/2515/2515 2516/2516/2516 2517/2517/2517
v 3.673549 0.654227 1.853014
vt 0.467368 0.252139
vn -0.071369 -0.993561 0.087996
v 4.193548 0.806481 3.215054
vt 0.500000 0.166667
vn 0.000000 -0.984635 0.174625
v 3.500216 0.829590 3.169610
vt 0.456491 0.169518
vn -0.081338 -0.982199 0.169320
f 2518/2518/2518 2519/2519/2519 2520/2520/2520
v 4.193548 0.636895 1.887097
vt 0.500000 0.250000
vn 0.000000 -0.995719 0.092431
v 4.713548 0.654227 1.853014
vt 0.532632 0.252139
vn 0.071369 -0.993561 0.087996
v 4.886881 0.829590 3.169610
vt 0.543509 0.169518
vn 0.081338 -0.982199 0.169320
f 2521/2521/2521 2522/2522/2522 2523/2523/2523
v 4.193548 0.636895 1.887097
vt 0.500000 0.250000
vn 0.000000 -0.995719 0.092431
v 4.886881 0.829590 3.169610
vt 0.543509 0.169518
vn 0.081338 -0.982199 0.169320
v 4.193548 0.806481 3.215054
vt 0.500000 0.166667
vn 0.000000 -0.984635 0.174625
f 2524/2524/2524 2525/2525/2525 2526/2526/2526
v 4.713548 0.654227 1.853014
vt 0.532632 0.252139
vn 0.071369 -0.993561 0.087996
v 5.224650 0.699059 1.751350
vt 0.564705 0.258519
vn 0.118390 -0.989787 0.079413
v 5.568351 0.889366 3.034058
vt 0.586273 0.178025
vn 0.138284 -0.977655 0.158333
f 2527/2527/2527 2528/2528/2528 2529/2529/2529
v 4.713548 0.654227 1.853014
vt 0.532632 0.252139
vn 0.071369 -0.993561 0.087996
v 5.568351 0.889366 3.034058
vt 0.586273 0.178025
vn 0.138284 -0.977655 0.158333
v 4.886881 0.829590 3.169610
vt 0.543509 0.169518
vn 0.081338 -0.982199 0.169320
f 2530/2530/2530 2531/2531/2531 2532/2532/2532
v 5.224650 0.699059 1.751350
vt 0.564705 0.258519
vn 0.118390 -0.989787 0.079413
v 5.718110 0.752862 1.583843
vt 0.595671 0.269030
vn 0.129005 -0.988641 0.077115
v 6.226297 0.961104 2.810715
vt 0.627561 0.192040
vn 0.158856 -0.975471 0.152381
f 2533/2533/2533 2534/2534/2534 2535/2535/2535
v 5.224650 0.699059 1.751350
vt 0.564705 0.258519
vn 0.118390 -0.989787 0.079413
v 6.226297 0.961104 2.810715
vt 0.627561 0.192040
vn 0.158856 -0.975471 0.152381
v 5.568351 0.889366 3.034058
vt 0.586273 0.178025
vn 0.138284 -0.977655 0.158333
f 2536/2536/2536 2537/2537/2537 2538/2538/2538
v 5.718110 0.752862 1.583843
vt 0.595671 0.269030
vn 0.129005 -0.988641 0.077115
v 6.185484 0.793401 1.353359
vt 0.625000 0.283494
vn 0.107553 -0.990201 0.089077
v 6.849462 1.015155 2.503404
vt 0.666667 0.211325
vn 0.147359 -0.976153 0.159409
f 2539/2539/2539 2540/2540/2540 2541/2541/2541
v 5.718110 0.752862 1.583843
vt 0.595671 0.269030
vn 0.129005 -0.988641 0.077115
v 6.849462 1.015155 2.503404
vt 0.666667 0.211325
vn 0.147359 -0.976153 0.159409
v 6.226297 0.961104 2.810715
vt 0.627561 0.192040
vn 0.158856 -0.975471 0.152381
f 2542/2542/2542 2543/2543/2543 2544/2544/2544
v 6.185484 0.793401 1.353359
vt 0.625000 0.283494
vn 0.107553 -0.990201 0.089077
v 6.618775 0.803920 1.063843
vt 0.652190 0.301662
vn 0.071286 -0.990948 0.113759
v 7.427184 1.029181 2.117382
vt 0.702920 0.235549
vn 0.120617 -0.976656 0.177748
f 2545/2545/2545 2546/2546/2546 2547/2547/2547
v 6.185484 0.793401 1.353359
vt 0.625000 0.283494
vn 0.107553 -0.990201 0.089077
v 7.427184 1.029181 2.117382
vt 0.702920 0.235549
vn 0.120617 -0.976656 0.177748
v 6.849462 1.015155 2.503404
vt 0.666667 0.211325
vn 0.147359 -0.976153 0.159409
f 2548/2548/2548 2549/2549/2549 2550/2550/2550
v 6.618775 0.803920 1.063843
vt 0.652190 0.301662
vn 0.071286 -0.990948 0.113759
v 7.010571 0.780072 0.720248
vt 0.676777 0.323223
vn 0.041581 -0.989457 0.138726
v 7.949578 0.997384 1.659255
vt 0.735702 0.264298
vn 0.099430 -0.975708 0.195209
f 2551/2551/2551 2552/2552/2552 2553/2553/2553
v 6.618775 0.803920 1.063843
vt 0.652190 0.301662
vn 0.071286 -0.990948 0.113759
v 7.949578 0.997384 1.659255
vt 0.735702 0.264298
vn 0.099430 -0.975708 0.195209
v 7.427184 1.029181 2.117382
vt 0.702920 0.235549
vn 0.120617 -0.976656 0.177748
f 2554/2554/2554 2555/2555/2555 2556/2556/2556
v 7.010571 0.780072 0.720248
vt 0.676777 0.323223
vn 0.041581 -0.989457 0.138726
v 7.354166 0.731713 0.328453
vt 0.698338 0.347810
vn 0.032940 -0.988654 0.146556
v 8.407705 0.932906 1.136862
vt 0.764451 0.297080
vn 0.098058 -0.975908 0.194904
f 2557/2557/2557 2558/2558/2558 2559/2559/2559
v 7.010571 0.780072 0.720248
vt 0.676777 0.323223
vn 0.041581 -0.989457 0.138726
v 8.407705 0.932906 1.136862
vt 0.764451 0.297080
vn 0.098058 -0.975908 0.194904
v 7.949578 0.997384 1.659255
vt 0.735702 0.264298
vn 0.099430 -0.975708 0.195209
f 2560/2560/2560 2561/2561/2561 2562/2562/2562
v 7.354166 0.731713 0.328453
vt 0.698338 0.347810
vn 0.032940 -0.988654 0.146556
v 7.643682 0.678831 -0.104839
vt 0.716506 0.375000
vn 0.046640 -0.991169 0.124129
v 8.793726 0.862395 0.559140
vt 0.788675 0.333333
vn 0.117844 -0.979394 0.164010
f 2563/2563/2563 2564/2564/2564 2565/2565/2565
v 7.354166 0.731713 0.328453
vt 0.698338 0.347810
vn 0.032940 -0.988654 0.146556
v 8.793726 0.862395 0.559140
vt 0.788675 0.333333
vn 0.117844 -0.979394 0.164010
v 8.407705 0.932906 1.136862
vt 0.764451 0.297080
vn 0.098058 -0.975908 0.194904
f 2566/2566/2566 2567/2567/2567 2568/2568/2568
v 7.643682 0.678831 -0.104839
vt 0.716506 0.375000
vn 0.046640 -0.991169 0.124129
v 7.874165 0.643279 -0.572213
vt 0.730970 0.404329
vn 0.072526 -0.994878 0.070409
v 9.101037 0.814994 -0.064026
vt 0.807960 0.372439
vn 0.148544 -0.983693 0.101404
f 2569/2569/2569 2570/2570/2570 2571/2571/2571
v 7.643682 0.678831 -0.104839
vt 0.716506 0.375000
vn 0.046640 -0.991169 0.124129
v 9.101037 0.814994 -0.064026
vt 0.807960 0.372439
vn 0.148544 -0.983693 0.101404
v 8.793726 0.862395 0.559140
vt 0.788675 0.333333
vn 0.117844 -0.979394 0.164010
f 2572/2572/2572 2573/2573/2573 2574/2574/2574
v 7.874165 0.643279 -0.572213
vt 0.730970 0.404329
vn 0.072526 -0.994878 0.070409
v 8.041672 0.639753 -1.065672
vt 0.741481 0.435295
vn 0.096469 -0.995336 -0.000274
v 9.324380 0.810292 -0.721972
vt 0.821975 0.413727
vn 0.175738 -0.984207 0.021284
f 2575/2575/2575 2576/2576/2576 2577/2577/2577
v 7.874165 0.643279 -0.572213
vt 0.730970 0.404329
vn 0.072526 -0.994878 0.070409
v 9.324380 0.810292 -0.721972
vt 0.821975 0.413727
vn 0.175738 -0.984207 0.021284
v 9.101037 0.814994 -0.064026
vt 0.807960 0.372439
vn 0.148544 -0.983693 0.101404
f 2578/2578/2578 2579/2579/2579 2580/2580/2580
v 8.041672 0.639753 -1.065672
vt 0.741481 0.435295
vn 0.096469 -0.995336 -0.000274
v 8.143337 0.669709 -1.576775
vt 0.747861 0.467368
vn 0.109477 -0.991965 -0.063411
v 9.459932 0.850233 -1.403441
vt 0.830482 0.456491
vn 0.190370 -0.980346 -0.051786
f 2581/2581/2581 2582/2582/2582 2583/2583/2583
v 8.041672 0.639753 -1.065672
vt 0.741481 0.435295
vn 0.096469 -0.995336 -0.000274
v 9.459932 0.850233 -1.403441
vt 0.830482 0.456491
vn 0.190370 -0.980346 -0.051786
v 9.324380 0.810292 -0.721972
vt 0.821975 0.413727
vn 0.175738 -0.984207 0.021284
f 2584/2584/2584 2585/2585/2585 2586/2586/2586
v 8.143337 0.669709 -1.576775
vt 0.747861 0.467368
vn 0.109477 -0.991965 -0.063411
v 8.177419 0.720766 -2.096774
vt 0.750000 0.500000
vn 0.112652 -0.988883 -0.097058
v 9.505376 0.918309 -2.096774
vt 0.833333 0.500000
vn 0.193831 -0.976348 -0.095778
f 2587/2587/2587 2588/2588/2588 2589/2589/2589
v 8.143337 0.669709 -1.576775
vt 0.747861 0.467368
vn 0.109477 -0.991965 -0.063411
v 9.505376 0.918309 -2.096774
vt 0.833333 0.500000
vn 0.193831 -0.976348 -0.095778
v 9.459932 0.850233 -1.403441
vt 0.830482 0.456491
vn 0.190370 -0.980346 -0.051786
f 2590/2590/2590 2591/2591/2591 2592/2592/2592
v 9.505376 0.918309 -2.096774
vt 0.833333 0.500000
vn 0.193831 -0.976348 -0.095778
v 9.459932 0.986386 -2.790107
vt 0.830482 0.543509
vn 0.194588 -0.975542 -0.102245
v 10.776529 1.329085 -2.963440
vt 0.913102 0.554386
vn 0.291645 -0.949832 -0.112965
f 2593/2593/2593 2594/2594/2594 2595/2595/2595
v 9.505376 0.918309 -2.096774
vt 0.833333 0.500000
vn 0.193831 -0.976348 -0.095778
v 10.776529 1.329085 -2.963440
vt 0.913102 0.554386
vn 0.291645 -0.949832 -0.112965
v 10.833333 1.243989 -2.096774
vt 0.916667 0.500000
vn 0.292149 -0.951811 -0.093296
f 2596/2596/2596 2597/2597/2597 2598/2598/2598
v 9.459932 0.986386 -2.790107
vt 0.830482 0.543509
vn 0.194588 -0.975542 -0.102245
v 9.324380 1.026327 -3.471576
vt 0.821975 0.586273
vn 0.200180 -0.976543 -0.079324
v 10.607088 1.379011 -3.815277
vt 0.902469 0.607841
vn 0.294370 -0.950031 -0.103857
f 2599/2599/2599 2600/2600/2600 2601/2601/2601
v 9.459932 0.986386 -2.790107
vt 0.830482 0.543509
vn 0.194588 -0.975542 -0.102245
v 10.607088 1.379011 -3.815277
vt 0.902469 0.607841
vn 0.294370 -0.950031 -0.103857
v 10.776529 1.329085 -2.963440
vt 0.913102 0.554386
vn 0.291645 -0.949832 -0.112965
f 2602/2602/2602 2603/2603/2603 2604/2604/2604
v 9.324380 1.026327 -3.471576
vt 0.821975 0.586273
vn 0.200180 -0.976543 -0.079324
v 9.101037 1.021625 -4.129523
vt 0.807960 0.627561
vn 0.210803 -0.976368 -0.047617
v 10.327910 1.373133 -4.637710
vt 0.884950 0.659451
vn 0.300369 -0.949956 -0.085804
f 2605/2605/2605 2606/2606/2606 2607/2607/2607
v 9.324380 1.026327 -3.471576
vt 0.821975 0.586273
vn 0.200180 -0.976543 -0.079324
v 10.327910 1.373133 -4.637710
vt 0.884950 0.659451
vn 0.300369 -0.949956 -0.085804
v 10.607088 1.379011 -3.815277
vt 0.902469 0.607841
vn 0.294370 -0.950031 -0.103857
f 2608/2608/2608 2609/2609/2609 2610/2610/2610
v 9.101037 1.021625 -4.129523
vt 0.807960 0.627561
vn 0.210803 -0.976368 -0.047617
v 8.793726 0.974223 -4.752688
vt 0.788675 0.666667
vn 0.218126 -0.975453 -0.030190
v 9.943771 1.313881 -5.416666
vt 0.860844 0.708333
vn 0.301660 -0.949971 -0.080972
f 2611/2611/2611 2612/2612/2612 2613/2613/2613
v 9.101037 1.021625 -4.129523
vt 0.807960 0.627561
vn 0.210803 -0.976368 -0.047617
v 9.943771 1.313881 -5.416666
vt 0.860844 0.708333
vn 0.301660 -0.949971 -0.080972
v 10.327910 1.373133 -4.637710
vt 0.884950 0.659451
vn 0.300369 -0.949956 -0.085804
f 2614/2614/2614 2615/2615/2615 2616/2616/2616
v 8.793726 0.974223 -4.752688
vt 0.788675 0.666667
vn 0.218126 -0.975453 -0.030190
v 8.407705 0.903713 -5.330410
vt 0.764451 0.702920
vn 0.209553 -0.976935 -0.041059
v 9.461244 1.225743 -6.138819
vt 0.830564 0.753651
vn 0.286209 -0.952619 -0.102960
f 2617/2617/2617 2618/2618/2618 2619/2619/2619
v 8.793726 0.974223 -4.752688
vt 0.788675 0.666667
vn 0.218126 -0.975453 -0.030190
v 9.461244 1.225743 -6.138819
vt 0.830564 0.753651
vn 0.286209 -0.952619 -0.102960
v 9.943771 1.313881 -5.416666
vt 0.860844 0.708333
vn 0.301660 -0.949971 -0.080972
f 2620/2620/2620 2621/2621/2621 2622/2622/2622
v 8.407705 0.903713 -5.330410
vt 0.764451 0.702920
vn 0.209553 -0.976935 -0.041059
v 7.949578 0.839235 -5.852804
vt 0.735702 0.735702
vn 0.175412 -0.981295 -0.079310
v 8.888585 1.145146 -6.791811
vt 0.794628 0.794628
vn 0.244521 -0.957843 -0.150820
f 2623/2623/2623 2624/2624/2624 2625/2625/2625
v 8.407705 0.903713 -5.330410
vt 0.764451 0.702920
vn 0.209553 -0.976935 -0.041059
v 8.888585 1.145146 -6.791811
vt 0.794628 0.794628
vn 0.244521 -0.957843 -0.150820
v 9.461244 1.225743 -6.138819
vt 0.830564 0.753651
vn 0.286209 -0.952619 -0.102960
f 2626/2626/2626 2627/2627/2627 2628/2628/2628
v 7.949578 0.839235 -5.852804
vt 0.735702 0.735702
vn 0.175412 -0.981295 -0.079310
v 7.427184 0.807438 -6.310931
vt 0.702920 0.764451
vn 0.116376 -0.984527 -0.131011
v 8.235594 1.105400 -7.364469
vt 0.753651 0.830564
vn 0.176996 -0.961433 -0.210522
f 2629/2629/2629 2630/2630/2630 2631/2631/2631
v 7.949578 0.839235 -5.852804
vt 0.735702 0.735702
vn 0.175412 -0.981295 -0.079310
v 8.235594 1.105400 -7.364469
vt 0.753651 0.830564
vn 0.176996 -0.961433 -0.210522
v 8.888585 1.145146 -6.791811
vt 0.794628 0.794628
vn 0.244521 -0.957843 -0.150820
f 2632/2632/2632 2633/2633/2633 2634/2634/2634
v 7.427184 0.807438 -6.310931
vt 0.702920 0.764451
vn 0.116376 -0.984527 -0.131011
v 6.849462 0.821464 -6.696952
vt 0.666667 0.788675
vn 0.046897 -0.983012 -0.177449
v 7.513441 1.122932 -7.846997
vt 0.708333 0.860844
vn 0.097797 -0.959765 -0.263224
f 2635/2635/2635 2636/2636/2636 2637/2637/2637
v 7.427184 0.807438 -6.310931
vt 0.702920 0.764451
vn 0.116376 -0.984527 -0.131011
v 7.513441 1.122932 -7.846997
vt 0.708333 0.860844
vn 0.097797 -0.959765 -0.263224
v 8.235594 1.105400 -7.364469
vt 0.753651 0.830564
vn 0.176996 -0.961433 -0.210522
f 2638/2638/2638 2639/2639/2639 2640/2640/2640
v 6.849462 0.821464 -6.696952
vt 0.666667 0.788675
vn 0.046897 -0.983012 -0.177449
v 6.226297 0.875515 -7.004263
vt 0.627561 0.807960
vn -0.010564 -0.978485 -0.206049
v 6.734484 1.190496 -8.231135
vt 0.659451 0.884950
vn 0.029353 -0.954569 -0.296539
f 2641/2641/2641 2642/2642/2642 2643/2643/2643
v 6.849462 0.821464 -6.696952
vt 0.666667 0.788675
vn 0.046897 -0.983012 -0.177449
v 6.734484 1.190496 -8.231135
vt 0.659451 0.884950
vn 0.029353 -0.954569 -0.296539
v 7.513441 1.122932 -7.846997
vt 0.708333 0.860844
vn 0.097797 -0.959765 -0.263224
f 2644/2644/2644 2645/2645/2645 2646/2646/2646
v 6.226297 0.875515 -7.004263
vt 0.627561 0.807960
vn -0.010564 -0.978485 -0.206049
v 5.568351 0.947253 -7.227606
vt 0.586273 0.821975
vn -0.037812 -0.975618 -0.216193
v 5.912051 1.280168 -8.510314
vt 0.607841 0.902469
vn -0.010100 -0.950611 -0.310219
f 2647/2647/2647 2648/2648/2648 2649/2649/2649
v 6.226297 0.875515 -7.004263
vt 0.627561 0.807960
vn -0.010564 -0.978485 -0.206049
v 5.912051 1.280168 -8.510314
vt 0.607841 0.902469
vn -0.010100 -0.950611 -0.310219
v 6.734484 1.190496 -8.231135
vt 0.659451 0.884950
vn 0.029353 -0.954569 -0.296539
f 2650/2650/2650 2651/2651/2651 2652/2652/2652
v 5.568351 0.947253 -7.227606
vt 0.586273 0.821975
vn -0.037812 -0.975618 -0.216193
v 4.886881 1.007029 -7.363159
vt 0.543509 0.830482
vn -0.030388 -0.975923 -0.215989
v 5.060214 1.354888 -8.679755
vt 0.554386 0.913102
vn -0.016096 -0.949810 -0.312413
f 2653/2653/2653 2654/2654/2654 2655/2655/2655
v 5.568351 0.947253 -7.227606
vt 0.586273 0.821975
vn -0.037812 -0.975618 -0.216193
v 5.060214 1.354888 -8.679755
vt 0.554386 0.913102
vn -0.016096 -0.949810 -0.312413
v 5.912051 1.280168 -8.510314
vt 0.607841 0.902469
vn -0.010100 -0.950611 -0.310219
f 2656/2656/2656 2657/2657/2657 2658/2658/2658
v 4.886881 1.007029 -7.363159
vt 0.543509 0.830482
vn -0.030388 -0.975923 -0.215989
v 4.193548 1.030137 -7.408602
vt 0.500000 0.833333
vn -0.000000 -0.976695 -0.214630
v 4.193548 1.383774 -8.736559
vt 0.500000 0.916667
vn 0.000000 -0.950103 -0.311937
f 2659/2659/2659 2660/2660/2660 2661/2661/2661
v 4.886881 1.007029 -7.363159
vt 0.543509 0.830482
vn -0.030388 -0.975923 -0.215989
v 4.193548 1.383774 -8.736559
vt 0.500000 0.916667
vn 0.000000 -0.950103 -0.311937
v 5.060214 1.354888 -8.679755
vt 0.554386 0.913102
vn -0.016096 -0.949810 -0.312413
f 2662/2662/2662 2663/2663/2663 2664/2664/2664
v 4.193548 1.030137 -7.408602
vt 0.500000 0.833333
vn -0.000000 -0.976695 -0.214630
v 3.500216 1.007029 -7.363159
vt 0.456491 0.830482
vn 0.030388 -0.975923 -0.215989
v 3.326883 1.354888 -8.679755
vt 0.445614 0.913102
vn 0.016096 -0.949810 -0.312412
f 2665/2665/2665 2666/2666/2666 2667/2667/2667
v 4.193548 1.030137 -7.408602
vt 0.500000 0.833333
vn -0.000000 -0.976695 -0.214630
v 3.326883 1.354888 -8.679755
vt 0.445614 0.913102
vn 0.016096 -0.949810 -0.312412
v 4.193548 1.383774 -8.736559
vt 0.500000 0.916667
vn 0.000000 -0.950103 -0.311937
f 2668/2668/2668 2669/2669/2669 2670/2670/2670
v 3.500216 1.007029 -7.363159
vt 0.456491 0.830482
vn 0.030388 -0.975923 -0.215989
v 2.818746 0.947253 -7.227606
vt 0.413727 0.821975
vn 0.037812 -0.975618 -0.216193
v 2.475046 1.280168 -8.510314
vt 0.392159 0.902469
vn 0.010100 -0.950611 -0.310219
f 2671/2671/2671 2672/2672/2672 2673/2673/2673
v 3.500216 1.007029 -7.363159
vt 0.456491 0.830482
vn 0.030388 -0.975923 -0.215989
v 2.475046 1.280168 -8.510314
vt 0.392159 0.902469
vn 0.010100 -0.950611 -0.310219
v 3.326883 1.354888 -8.679755
vt 0.445614 0.913102
vn 0.016096 -0.949810 -0.312412
f 2674/2674/2674 2675/2675/2675 2676/2676/2676
v 2.818746 0.947253 -7.227606
vt 0.413727 0.821975
vn 0.037812 -0.975618 -0.216193
v 2.160800 0.875515 -7.004263
vt 0.372439 0.807960
vn 0.010564 -0.978485 -0.206049
v 1.652613 1.190496 -8.231135
vt 0.340549 0.884950
vn -0.029353 -0.954569 -0.296539
f 2677/2677/2677 2678/2678/2678 2679/2679/2679
v 2.818746 0.947253 -7.227606
vt 0.413727 0.821975
vn 0.037812 -0.975618 -0.216193
v 1.652613 1.190496 -8.231135
vt 0.340549 0.884950
vn -0.029353 -0.954569 -0.296539
v 2.475046 1.280168 -8.510314
vt 0.392159 0.902469
vn 0.010100 -0.950611 -0.310219
f 2680/2680/2680 2681/2681/2681 2682/2682/2682
v 2.160800 0.875515 -7.004263
vt 0.372439 0.807960
vn 0.010564 -0.978485 -0.206049
v 1.537634 0.821464 -6.696952
vt 0.333333 0.788675
vn -0.046897 -0.983012 -0.177449
v 0.873656 1.122932 -7.846997
vt 0.291667 0.860844
vn -0.097797 -0.959765 -0.263224
f 2683/2683/2683 2684/2684/2684 2685/2685/2685
v 2.160800 0.875515 -7.004263
vt 0.372439 0.807960
vn 0.010564 -0.978485 -0.206049
v 0.873656 1.122932 -7.846997
vt 0.291667 0.860844
vn -0.097797 -0.959765 -0.263224
v 1.652613 1.190496 -8.231135
vt 0.340549 0.884950
vn -0.029353 -0.954569 -0.296539
f 2686/2686/2686 2687/2687/2687 2688/2688/2688
v 1.537634 0.821464 -6.696952
vt 0.333333 0.788675
vn -0.046897 -0.983012 -0.177449
v 0.959912 0.807438 -6.310931
vt 0.297080 0.764451
vn -0.116376 -0.984527 -0.131011
v 0.151503 1.105400 -7.364469
vt 0.246349 0.830564
vn -0.176996 -0.961433 -0.210522
f 2689/2689/2689 2690/2690/2690 2691/2691/2691
v 1.537634 0.821464 -6.696952
vt 0.333333 0.788675
vn -0.046897 -0.983012 -0.177449
v 0.151503 1.105400 -7.364469
vt 0.246349 0.830564
vn -0.176996 -0.961433 -0.210522
v 0.873656 1.122932 -7.846997
vt 0.291667 0.860844
vn -0.097797 -0.959765 -0.263224
f 2692/2692/2692 2693/2693/2693 2694/2694/2694
v 0.959912 0.807438 -6.310931
vt 0.297080 0.764451
vn -0.116376 -0.984527 -0.131011
v 0.437519 0.839235 -5.852804
vt 0.264298 0.735702
vn -0.175412 -0.981295 -0.079310
v -0.501489 1.145146 -6.791811
vt 0.205372 0.794628
vn -0.244521 -0.957843 -0.150820
f 2695/2695/2695 2696/2696/2696 2697/2697/2697
v 0.959912 0.807438 -6.310931
vt 0.297080 0.764451
vn -0.116376 -0.984527 -0.131011
v -0.501489 1.145146 -6.791811
vt 0.205372 0.794628
vn -0.244521 -0.957843 -0.150820
v 0.151503 1.105400 -7.364469
vt 0.246349 0.830564
vn -0.176996 -0.961433 -0.210522
f 2698/2698/2698 2699/2699/2699 2700/2700/2700
v 0.437519 0.839235 -5.852804
vt 0.264298 0.735702
vn -0.175412 -0.981295 -0.079310
v -0.020608 0.903713 -5.330410
vt 0.235549 0.702920
vn -0.209553 -0.976935 -0.041059
v -1.074147 1.225743 -6.138819
vt 0.169436 0.753651
vn -0.286209 -0.952619 -0.102960
f 2701/2701/2701 2702/2702/2702 2703/2703/2703
v 0.437519 0.839235 -5.852804
vt 0.264298 0.735702
vn -0.175412 -0.981295 -0.079310
v -1.074147 1.225743 -6.138819
vt 0.169436 0.753651
vn -0.286209 -0.952619 -0.102960
v -0.501489 1.145146 -6.791811
vt 0.205372 0.794628
vn -0.244521 -0.957843 -0.150820
f 2704/2704/2704 2705/2705/2705 2706/2706/2706
v -0.020608 0.903713 -5.330410
vt 0.235549 0.702920
vn -0.209553 -0.976935 -0.041059
v -0.406630 0.974223 -4.752688
vt 0.211325 0.666667
vn -0.218126 -0.975453 -0.030190
v -1.556674 1.313881 -5.416666
vt 0.139156 0.708333
vn -0.301659 -0.949971 -0.080972
f 2707/2707/2707 2708/2708/2708 2709/2709/2709
v -0.020608 0.903713 -5.330410
vt 0.235549 0.702920
vn -0.209553 -0.976935 -0.041059
v -1.556674 1.313881 -5.416666
vt 0.139156 0.708333
vn -0.301659 -0.949971 -0.080972
v -1.074147 1.225743 -6.138819
vt 0.169436 0.753651
vn -0.286209 -0.952619 -0.102960
f 2710/2710/2710 2711/2711/2711 2712/2712/2712
v -0.406630 0.974223 -4.752688
vt 0.211325 0.666667
vn -0.218126 -0.975453 -0.030190
v -0.713941 1.021625 -4.129523
vt 0.192040 0.627561
vn -0.210803 -0.976368 -0.047617
v -1.940813 1.373133 -4.637710
vt 0.115050 0.659451
vn -0.300369 -0.949956 -0.085804
f 2713/2713/2713 2714/2714/2714 2715/2715/2715
v -0.406630 0.974223 -4.752688
vt 0.211325 0.666667
vn -0.218126 -0.975453 -0.030190
v -1.940813 1.373133 -4.637710
vt 0.115050 0.659451
vn -0.300369 -0.949956 -0.085804
v -1.556674 1.313881 -5.416666
vt 0.139156 0.708333
vn -0.301659 -0.949971 -0.080972
f 2716/2716/2716 2717/2717/2717 2718/2718/2718
v -0.713941 1.021625 -4.129523
vt 0.192040 0.627561
vn -0.210803 -0.976368 -0.047617
v -0.937283 1.026327 -3.471576
vt 0.178025 0.586273
vn -0.200180 -0.976543 -0.079324
v -2.219991 1.379011 -3.815277
vt 0.097531 0.607841
vn -0.294370 -0.950031 -0.103857
f 2719/2719/2719 2720/2720/2720 2721/2721/2721
v -0.713941 1.021625 -4.129523
vt 0.192040 0.627561
vn -0.210803 -0.976368 -0.047617
v -2.219991 1.379011 -3.815277
vt 0.097531 0.607841
vn -0.294370 -0.950031 -0.103857
v -1.940813 1.373133 -4.637710
vt 0.115050 0.659451
vn -0.300369 -0.949956 -0.085804
f 2722/2722/2722 2723/2723/2723 2724/2724/2724
v -0.937283 1.026327 -3.471576
vt 0.178025 0.586273
vn -0.200180 -0.976543 -0.079324
v -1.072836 0.986386 -2.790107
vt 0.169518 0.543509
vn -0.194588 -0.975542 -0.102245
v -2.389432 1.329085 -2.963440
vt 0.086898 0.554386
vn -0.291645 -0.949832 -0.112965
f 2725/2725/2725 2726/2726/2726 2727/2727/2727
v -0.937283 1.026327 -3.471576
vt 0.178025 0.586273
vn -0.200180 -0.976543 -0.079324
v -2.389432 1.329085 -2.963440
vt 0.086898 0.554386
vn -0.291645 -0.949832 -0.112965
v -2.219991 1.379011 -3.815277
vt 0.097531 0.607841
vn -0.294370 -0.950031 -0.103857
f 2728/2728/2728 2729/2729/2729 2730/2730/2730
v -1.072836 0.986386 -2.790107
vt 0.169518 0.543509
vn -0.194588 -0.975542 -0.102245
v -1.118280 0.918309 -2.096774
vt 0.166667 0.500000
vn -0.193831 -0.976348 -0.095778
v -2.446236 1.243989 -2.096774
vt 0.083333 0.500000
vn -0.292149 -0.951811 -0.093296
f 2731/2731/2731 2732/2732/2732 2733/2733/2733
v -1.072836 0.986386 -2.790107
vt 0.169518 0.543509
vn -0.194588 -0.975542 -0.102245
v -2.446236 1.243989 -2.096774
vt 0.083333 0.500000
vn -0.292149 -0.951811 -0.093296
v -2.389432 1.329085 -2.963440
vt 0.086898 0.554386
vn -0.291645 -0.949832 -0.112965
f 2734/2734/2734 2735/2735/2735 2736/2736/2736
v -1.118280 0.918309 -2.096774
vt 0.166667 0.500000
vn -0.193831 -0.976348 -0.095778
v -1.072836 0.850233 -1.403441
vt 0.169518 0.456491
vn -0.190370 -0.980346 -0.051786
v -2.389432 1.158893 -1.230108
vt 0.086898 0.445614
vn -0.288529 -0.956759 -0.036934
f 2737/2737/2737 2738/2738/2738 2739/2739/2739
v -1.118280 0.918309 -2.096774
vt 0.166667 0.500000
vn -0.193831 -0.976348 -0.095778
v -2.389432 1.158893 -1.230108
vt 0.086898 0.445614
vn -0.288529 -0.956759 -0.036934
v -2.446236 1.243989 -2.096774
vt 0.083333 0.500000
vn -0.292149 -0.951811 -0.093296
f 2740/2740/2740 2741/2741/2741 2742/2742/2742
v -1.072836 0.850233 -1.403441
vt 0.169518 0.456491
vn -0.190370 -0.980346 -0.051786
v -0.937283 0.810292 -0.721972
vt 0.178025 0.413727
vn -0.175738 -0.984207 0.021284
v -2.219991 1.108967 -0.378271
vt 0.097531 0.392159
vn -0.272105 -0.961083 0.047743
f 2743/2743/2743 2744/2744/2744 2745/2745/2745
v -1.072836 0.850233 -1.403441
vt 0.169518 0.456491
vn -0.190370 -0.980346 -0.051786
v -2.219991 1.108967 -0.378271
vt 0.097531 0.392159
vn -0.272105 -0.961083 0.047743
v -2.389432 1.158893 -1.230108
vt 0.086898 0.445614
vn -0.288529 -0.956759 -0.036934
f 2746/2746/2746 2747/2747/2747 2748/2748/2748
v -0.937283 0.810292 -0.721972
vt 0.178025 0.413727
vn -0.175738 -0.984207 0.021284
v -0.713941 0.814994 -0.064026
vt 0.192040 0.372439
vn -0.148544 -0.983693 0.101404
v -1.940813 1.114844 0.444161
vt 0.115050 0.340549
vn -0.241139 -0.960518 0.138772
f 2749/2749/2749 2750/2750/2750 2751/2751/2751
v -0.937283 0.810292 -0.721972
vt 0.178025 0.413727
vn -0.175738 -0.984207 0.021284
v -1.940813 1.114844 0.444161
vt 0.115050 0.340549
vn -0.241139 -0.960518 0.138772
v -2.219991 1.108967 -0.378271
vt 0.097531 0.392159
vn -0.272105 -0.961083 0.047743
f 2752/2752/2752 2753/2753/2753 2754/2754/2754
v -0.713941 0.814994 -0.064026
vt 0.192040 0.372439
vn -0.148544 -0.983693 0.101404
v -0.406630 0.862395 0.559140
vt 0.211325 0.333333
vn -0.117844 -0.979394 0.164010
v -1.556674 1.174096 1.223118
vt 0.139156 0.291667
vn -0.204690 -0.955653 0.211729
f 2755/2755/2755 2756/2756/2756 2757/2757/2757
v -0.713941 0.814994 -0.064026
vt 0.192040 0.372439
vn -0.148544 -0.983693 0.101404
v -1.556674 1.174096 1.223118
vt 0.139156 0.291667
vn -0.204690 -0.955653 0.211729
v -1.940813 1.114844 0.444161
vt 0.115050 0.340549
vn -0.241139 -0.960518 0.138772
f 2758/2758/2758 2759/2759/2759 2760/2760/2760
v -0.406630 0.862395 0.559140
vt 0.211325 0.333333
vn -0.117844 -0.979394 0.164010
v -0.020608 0.932906 1.136862
vt 0.235549 0.297080
vn -0.098058 -0.975908 0.194904
v -1.074147 1.262235 1.945271
vt 0.169436 0.246349
vn -0.177433 -0.951140 0.252688
f 2761/2761/2761 2762/2762/2762 2763/2763/2763
v -0.406630 0.862395 0.559140
vt 0.211325 0.333333
vn -0.117844 -0.979394 0.164010
v -1.074147 1.262235 1.945271
vt 0.169436 0.246349
vn -0.177433 -0.951140 0.252688
v -1.556674 1.174096 1.223118
vt 0.139156 0.291667
vn -0.204690 -0.955653 0.211729
f 2764/2764/2764 2765/2765/2765 2766/2766/2766
v -0.020608 0.932906 1.136862
vt 0.235549 0.297080
vn -0.098058 -0.975908 0.194904
v 0.437519 0.997384 1.659255
vt 0.264298 0.264298
vn -0.099430 -0.975708 0.195209
v -0.501489 1.342832 2.598263
vt 0.205372 0.205372
vn -0.169693 -0.949787 0.262885
f 2767/2767/2767 2768/2768/2768 2769/2769/2769
v -0.020608 0.932906 1.136862
vt 0.235549 0.297080
vn -0.098058 -0.975908 0.194904
v -0.501489 1.342832 2.598263
vt 0.205372 0.205372
vn -0.169693 -0.949787 0.262885
v -1.074147 1.262235 1.945271
vt 0.169436 0.246349
vn -0.177433 -0.951140 0.252688
f 2770/2770/2770 2771/2771/2771 2772/2772/2772
v 0.437519 0.997384 1.659255
vt 0.264298 0.264298
vn -0.099430 -0.975708 0.195209
v 0.959912 1.029181 2.117382
vt 0.297080 0.235549
vn -0.120617 -0.976656 0.177748
v 0.151503 1.382578 3.170921
vt 0.246349 0.169436
vn -0.180131 -0.950084 0.254741
f 2773/2773/2773 2774/2774/2774 2775/2775/2775
v 0.437519 0.997384 1.659255
vt 0.264298 0.264298
vn -0.099430 -0.975708 0.195209
v 0.151503 1.382578 3.170921
vt 0.246349 0.169436
vn -0.180131 -0.950084 0.254741
v -0.501489 1.342832 2.598263
vt 0.205372 0.205372
vn -0.169693 -0.949787 0.262885
f 2776/2776/2776 2777/2777/2777 2778/2778/2778
v 0.959912 1.029181 2.117382
vt 0.297080 0.235549
vn -0.120617 -0.976656 0.177748
v 1.537634 1.015155 2.503404
vt 0.333333 0.211325
vn -0.147359 -0.976153 0.159409
v 0.873656 1.365046 3.653448
vt 0.291667 0.139156
vn -0.194929 -0.949875 0.244418
f 2779/2779/2779 2780/2780/2780 2781/2781/2781
v 0.959912 1.029181 2.117382
vt 0.297080 0.235549
vn -0.120617 -0.976656 0.177748
v 0.873656 1.365046 3.653448
vt 0.291667 0.139156
vn -0.194929 -0.949875 0.244418
v 0.151503 1.382578 3.170921
vt 0.246349 0.169436
vn -0.180131 -0.950084 0.254741
f 2782/2782/2782 2783/2783/2783 2784/2784/2784
v 1.537634 1.015155 2.503404
vt 0.333333 0.211325
vn -0.147359 -0.976153 0.159409
v 2.160800 0.961104 2.810715
vt 0.372439 0.192040
vn -0.158856 -0.975471 0.152381
v 1.652613 1.297482 4.037587
vt 0.340549 0.115050
vn -0.194140 -0.950225 0.243684
f 2785/2785/2785 2786/2786/2786 2787/2787/2787
v 1.537634 1.015155 2.503404
vt 0.333333 0.211325
vn -0.147359 -0.976153 0.159409
v 1.652613 1.297482 4.037587
vt 0.340549 0.115050
vn -0.194140 -0.950225 0.243684
v 0.873656 1.365046 3.653448
vt 0.291667 0.139156
vn -0.194929 -0.949875 0.244418
f 2788/2788/2788 2789/2789/2789 2790/2790/2790
v 2.160800 0.961104 2.810715
vt 0.372439 0.192040
vn -0.158856 -0.975471 0.152381
v 2.818746 0.889366 3.034058
vt 0.413727 0.178025
vn -0.138284 -0.977655 0.158333
v 2.475046 1.207810 4.316766
vt 0.392159 0.097531
vn -0.161540 -0.953547 0.254268
f 2791/2791/2791 2792/2792/2792 2793/2793/2793
v 2.160800 0.961104 2.810715
vt 0.372439 0.192040
vn -0.158856 -0.975471 0.152381
v 2.475046 1.207810 4.316766
vt 0.392159 0.097531
vn -0.161540 -0.953547 0.254268
v 1.652613 1.297482 4.037587
vt 0.340549 0.115050
vn -0.194140 -0.950225 0.243684
f 2794/2794/2794 2795/2795/2795 2796/2796/2796
v 2.818746 0.889366 3.034058
vt 0.413727 0.178025
vn -0.138284 -0.977655 0.158333
v 3.500216 0.829590 3.169610
vt 0.456491 0.169518
vn -0.081338 -0.982199 0.169320
v 3.326883 1.133090 4.486207
vt 0.445614 0.086898
vn -0.092893 -0.958860 0.268252
f 2797/2797/2797 2798/2798/2798 2799/2799/2799
v 2.818746 0.889366 3.034058
vt 0.413727 0.178025
vn -0.138284 -0.977655 0.158333
v 3.326883 1.133090 4.486207
vt 0.445614 0.086898
vn -0.092893 -0.958860 0.268252
v 2.475046 1.207810 4.316766
vt 0.392159 0.097531
vn -0.161540 -0.953547 0.254268
f 2800/2800/2800 2801/2801/2801 2802/2802/2802
v 3.500216 0.829590 3.169610
vt 0.456491 0.169518
vn -0.081338 -0.982199 0.169320
v 4.193548 0.806481 3.215054
vt 0.500000 0.166667
vn 0.000000 -0.984635 0.174625
v 4.193548 1.104204 4.543011
vt 0.500000 0.083333
vn 0.000000 -0.961551 0.274625
f 2803/2803/2803 2804/2804/2804 2805/2805/2805
v 3.500216 0.829590 3.169610
vt 0.456491 0.169518
vn -0.081338 -0.982199 0.169320
v 4.193548 1.104204 4.543011
vt 0.500000 0.083333
vn 0.000000 -0.961551 0.274625
v 3.326883 1.133090 4.486207
vt 0.445614 0.086898
vn -0.092893 -0.958860 0.268252
f 2806/2806/2806 2807/2807/2807 2808/2808/2808
v 4.193548 0.806481 3.215054
vt 0.500000 0.166667
vn 0.000000 -0.984635 0.174625
v 4.886881 0.829590 3.169610
vt 0.543509 0.169518
vn 0.081338 -0.982199 0.169320
v 5.060214 1.133090 4.486207
vt 0.554386 0.086898
vn 0.092893 -0.958860 0.268252
f 2809/2809/2809 2810/2810/2810 2811/2811/2811
v 4.193548 0.806481 3.215054
vt 0.500000 0.166667
vn 0.000000 -0.984635 0.174625
v 5.060214 1.133090 4.486207
vt 0.554386 0.086898
vn 0.092893 -0.958860 0.268252
v 4.193548 1.104204 4.543011
vt 0.500000 0.083333
vn 0.000000 -0.961551 0.274625
f 2812/2812/2812 2813/2813/2813 2814/2814/2814
v 4.886881 0.829590 3.169610
vt 0.543509 0.169518
vn 0.081338 -0.982199 0.169320
v 5.568351 0.889366 3.034058
vt 0.586273 0.178025
vn 0.138284 -0.977655 0.158333
v 5.912051 1.207810 4.316766
vt 0.607841 0.097531
vn 0.161540 -0.953547 0.254268
f 2815/2815/2815 2816/2816/2816 2817/2817/2817
v 4.886881 0.829590 3.169610
vt 0.543509 0.169518
vn 0.081338 -0.982199 0.169320
v 5.912051 1.207810 4.316766
vt 0.607841 0.097531
vn 0.161540 -0.953547 0.254268
v 5.060214 1.133090 4.486207
vt 0.554386 0.086898
vn 0.092893 -0.958860 0.268252
f 2818/2818/2818 2819/2819/2819 2820/2820/2820
v 5.568351 0.889366 3.034058
vt 0.586273 0.178025
vn 0.138284 -0.977655 0.158333
v 6.226297 0.961104 2.810715
vt 0.627561 0.192040
vn 0.158856 -0.975471 0.152381
v 6.734484 1.297482 4.037587
vt 0.659451 0.115050
vn 0.194140 -0.950225 0.243684
f 2821/2821/2821 2822/2822/2822 2823/2823/2823
v 5.568351 0.889366 3.034058
vt 0.586273 0.178025
vn 0.138284 -0.977655 0.158333
v 6.734484 1.297482 4.037587
vt 0.659451 0.115050
vn 0.194140 -0.950225 0.243684
v 5.912051 1.207810 4.316766
vt 0.607841 0.097531
vn 0.161540 -0.953547 0.254268
f 2824/2824/2824 2825/2825/2825 2826/2826/2826
v 6.226297 0.961104 2.810715
vt 0.627561 0.192040
vn 0.158856 -0.975471 0.152381
v 6.849462 1.015155 2.503404
vt 0.666667 0.211325
vn 0.147359 -0.976153 0.159409
v 7.513441 1.365046 3.653448
vt 0.708333 0.139156
vn 0.194929 -0.949875 0.244418
f 2827/2827/2827 2828/2828/2828 2829/2829/2829
v 6.226297 0.961104 2.810715
vt 0.627561 0.192040
vn 0.158856 -0.975471 0.152381
v 7.513441 1.365046 3.653448
vt 0.708333 0.139156
vn 0.194929 -0.949875 0.244418
v 6.734484 1.297482 4.037587
vt 0.659451 0.115050
vn 0.194140 -0.950225 0.243684
f 2830/2830/2830 2831/2831/2831 2832/2832/2832
v 6.849462 1.015155 2.503404
vt 0.666667 0.211325
vn 0.147359 -0.976153 0.159409
v 7.427184 1.029181 2.117382
vt 0.702920 0.235549
vn 0.120617 -0.976656 0.177748
v 8.235594 1.382578 3.170921
vt 0.753651 0.169436
vn 0.180131 -0.950084 0.254742
f 2833/2833/2833 2834/2834/2834 2835/2835/2835
v 6.849462 1.015155 2.503404
vt 0.666667 0.211325
vn 0.147359 -0.976153 0.159409
v 8.235594 1.382578 3.170921
vt 0.753651 0.169436
vn 0.180131 -0.950084 0.254742
v 7.513441 1.365046 3.653448
vt 0.708333 0.139156
vn 0.194929 -0.949875 0.244418
f 2836/2836/2836 2837/2837/2837 2838/2838/2838
v 7.427184 1.029181 2.117382
vt 0.702920 0.235549
vn 0.120617 -0.976656 0.177748
v 7.949578 0.997384 1.659255
vt 0.735702 0.264298
vn 0.099430 -0.975708 0.195209
v 8.888585 1.342832 2.598263
vt 0.794628 0.205372
vn 0.169693 -0.949787 0.262885
f 2839/2839/2839 2840/2840/2840 2841/2841/2841
v 7.427184 1.029181 2.117382
vt 0.702920 0.235549
vn 0.120617 -0.976656 0.177748
v 8.888585 1.342832 2.598263
vt 0.794628 0.205372
vn 0.169693 -0.949787 0.262885
v 8.235594 1.382578 3.170921
vt 0.753651 0.169436
vn 0.180131 -0.950084 0.254742
f 2842/2842/2842 2843/2843/2843 2844/2844/2844
v 7.949578 0.997384 1.659255
vt 0.735702 0.264298
vn 0.099430 -0.975708 0.195209
v 8.407705 0.932906 1.136862
vt 0.764451 0.297080
vn 0.098058 -0.975908 0.194904
v 9.461244 1.262235 1.945271
vt 0.830564 0.246349
vn 0.177433 -0.951140 0.252688
f 2845/2845/2845 2846/2846/2846 2847/2847/2847
v 7.949578 0.997384 1.659255
vt 0.735702 0.264298
vn 0.099430 -0.975708 0.195209
v 9.461244 1.262235 1.945271
vt 0.830564 0.246349
vn 0.177433 -0.951140 0.252688
v 8.888585 1.342832 2.598263
vt 0.794628 0.205372
vn 0.169693 -0.949787 0.262885
f 2848/2848/2848 2849/2849/2849 2850/2850/2850
v 8.407705 0.932906 1.136862
vt 0.764451 0.297080
vn 0.098058 -0.975908 0.194904
v 8.793726 0.862395 0.559140
vt 0.788675 0.333333
vn 0.117844 -0.979394 0.164010
v 9.943771 1.174096 1.223118
vt 0.860844 0.291667
vn 0.204690 -0.955653 0.211729
f 2851/2851/2851 2852/2852/2852 2853/2853/2853
v 8.407705 0.932906 1.136862
vt 0.764451 0.297080
vn 0.098058 -0.975908 0.194904
v 9.943771 1.174096 1.223118
vt 0.860844 0.291667
vn 0.204690 -0.955653 0.211729
v 9.461244 1.262235 1.945271
vt 0.830564 0.246349
vn 0.177433 -0.951140 0.252688
f 2854/2854/2854 2855/2855/2855 2856/2856/2856
v 8.793726 0.862395 0.559140
vt 0.788675 0.333333
vn 0.117844 -0.979394 0.164010
v 9.101037 0.814994 -0.064026
vt 0.807960 0.372439
vn 0.148544 -0.983693 0.101404
v 10.327910 1.114844 0.444161
vt 0.884950 0.340549
vn 0.241139 -0.960518 0.138772
f 2857/2857/2857 2858/2858/2858 2859/2859/2859
v 8.793726 0.862395 0.559140
vt 0.788675 0.333333
vn 0.117844 -0.979394 0.164010
v 10.327910 1.114844 0.444161
vt 0.884950 0.340549
vn 0.241139 -0.960518 0.138772
v 9.943771 1.174096 1.223118
vt 0.860844 0.291667
vn 0.204690 -0.955653 0.211729
f 2860/2860/2860 2861/2861/2861 2862/2862/2862
v 9.101037 0.814994 -0.064026
vt 0.807960 0.372439
vn 0.148544 -0.983693 0.101404
v 9.324380 0.810292 -0.721972
vt 0.821975 0.413727
vn 0.175738 -0.984207 0.021284
v 10.607088 1.108967 -0.378271
vt 0.902469 0.392159
vn 0.272105 -0.961083 0.047743
f 2863/2863/2863 2864/2864/2864 2865/2865/2865
v 9.101037 0.814994 -0.064026
vt 0.807960 0.372439
vn 0.148544 -0.983693 0.101404
v 10.607088 1.108967 -0.378271
vt 0.902469 0.392159
vn 0.272105 -0.961083 0.047743
v 10.327910 1.114844 0.444161
vt 0.884950 0.340549
vn 0.241139 -0.960518 0.138772
f 2866/2866/2866 2867/2867/2867 2868/2868/2868
v 9.324380 0.810292 -0.721972
vt 0.821975 0.413727
vn 0.175738 -0.984207 0.021284
v 9.459932 0.850233 -1.403441
vt 0.830482 0.456491
vn 0.190370 -0.980346 -0.051786
v 10.776529 1.158893 -1.230108
vt 0.913102 0.445614
vn 0.288529 -0.956759 -0.036934
f 2869/2869/2869 2870/2870/2870 2871/2871/2871
v 9.324380 0.810292 -0.721972
vt 0.821975 0.413727
vn 0.175738 -0.984207 0.021284
v 10.776529 1.158893 -1.230108
vt 0.913102 0.445614
vn 0.288529 -0.956759 -0.036934
v 10.607088 1.108967 -0.378271
vt 0.902469 0.392159
vn 0.272105 -0.961083 0.047743
f 2872/2872/2872 2873/2873/2873 2874/2874/2874
v 9.459932 0.850233 -1.403441
vt 0.830482 0.456491
vn 0.190370 -0.980346 -0.051786
v 9.505376 0.918309 -2.096774
vt 0.833333 0.500000
vn 0.193831 -0.976348 -0.095778
v 10.833333 1.243989 -2.096774
vt 0.916667 0.500000
vn 0.292149 -0.951811 -0.093296
f 2875/2875/2875 2876/2876/2876 2877/2877/2877
v 9.459932 0.850233 -1.403441
vt 0.830482 0.456491
vn 0.190370 -0.980346 -0.051786
v 10.833333 1.243989 -2.096774
vt 0.916667 0.500000
vn 0.292149 -0.951811 -0.093296
v 10.776529 1.158893 -1.230108
vt 0.913102 0.445614
vn 0.288529 -0.956759 -0.036934
f 2878/2878/2878 2879/2879/2879 2880/2880/2880
v 10.833333 1.243989 -2.096774
vt 0.916667 0.500000
vn 0.292149 -0.951811 -0.093296
v 10.776529 1.329085 -2.963440
vt 0.913102 0.554386
vn 0.291645 -0.949832 -0.112965
v 12.093125 1.831954 -3.136773
vt 0.995722 0.565263
vn 0.340685 -0.932716 -0.118212
f 2881/2881/2881 2882/2882/2882 2883/2883/2883
v 10.833333 1.243989 -2.096774
vt 0.916667 0.500000
vn 0.292149 -0.951811 -0.093296
v 12.093125 1.831954 -3.136773
vt 0.995722 0.565263
vn 0.340685 -0.932716 -0.118212
v 12.161291 1.729839 -2.096774
vt 1.000000 0.500000
vn 0.342123 -0.935114 -0.092269
f 2884/2884/2884 2885/2885/2885 2886/2886/2886
v 10.776529 1.329085 -2.963440
vt 0.913102 0.554386
vn 0.291645 -0.949832 -0.112965
v 10.607088 1.379011 -3.815277
vt 0.902469 0.607841
vn 0.294370 -0.950031 -0.103857
v 11.889796 1.891865 -4.158978
vt 0.982963 0.629410
vn 0.341768 -0.932589 -0.116071
f 2887/2887/2887 2888/2888/2888 2889/2889/2889
v 10.776529 1.329085 -2.963440
vt 0.913102 0.554386
vn 0.291645 -0.949832 -0.112965
v 11.889796 1.891865 -4.158978
vt 0.982963 0.629410
vn 0.341768 -0.932589 -0.116071
v 12.093125 1.831954 -3.136773
vt 0.995722 0.565263
vn 0.340685 -0.932716 -0.118212
f 2890/2890/2890 2891/2891/2891 2892/2892/2892
v 10.607088 1.379011 -3.815277
vt 0.902469 0.607841
vn 0.294370 -0.950031 -0.103857
v 10.327910 1.373133 -4.637710
vt 0.884950 0.659451
vn 0.300369 -0.949956 -0.085804
v 11.554782 1.884812 -5.145897
vt 0.961940 0.691342
vn 0.345365 -0.932556 -0.105178
f 2893/2893/2893 2894/2894/2894 2895/2895/2895
v 10.607088 1.379011 -3.815277
vt 0.902469 0.607841
vn 0.294370 -0.950031 -0.103857
v 11.554782 1.884812 -5.145897
vt 0.961940 0.691342
vn 0.345365 -0.932556 -0.105178
v 11.889796 1.891865 -4.158978
vt 0.982963 0.629410
vn 0.341768 -0.932589 -0.116071
f 2896/2896/2896 2897/2897/2897 2898/2898/2898
v 10.327910 1.373133 -4.637710
vt 0.884950 0.659451
vn 0.300369 -0.949956 -0.085804
v 9.943771 1.313881 -5.416666
vt 0.860844 0.708333
vn 0.301660 -0.949971 -0.080972
v 11.093815 1.813710 -6.080645
vt 0.933013 0.750000
vn 0.343841 -0.932941 -0.106748
f 2899/2899/2899 2900/2900/2900 2901/2901/2901
v 10.327910 1.373133 -4.637710
vt 0.884950 0.659451
vn 0.300369 -0.949956 -0.085804
v 11.093815 1.813710 -6.080645
vt 0.933013 0.750000
vn 0.343841 -0.932941 -0.106748
v 11.554782 1.884812 -5.145897
vt 0.961940 0.691342
vn 0.345365 -0.932556 -0.105178
f 2902/2902/2902 2903/2903/2903 2904/2904/2904
v 9.943771 1.313881 -5.416666
vt 0.860844 0.708333
vn 0.301660 -0.949971 -0.080972
v 9.461244 1.225743 -6.138819
vt 0.830564 0.753651
vn 0.286209 -0.952619 -0.102960
v 10.514783 1.707944 -6.947228
vt 0.896677 0.804381
vn 0.325421 -0.935997 -0.134207
f 2905/2905/2905 2906/2906/2906 2907/2907/2907
v 9.943771 1.313881 -5.416666
vt 0.860844 0.708333
vn 0.301660 -0.949971 -0.080972
v 10.514783 1.707944 -6.947228
vt 0.896677 0.804381
vn 0.325421 -0.935997 -0.134207
v 11.093815 1.813710 -6.080645
vt 0.933013 0.750000
vn 0.343841 -0.932941 -0.106748
f 2908/2908/2908 2909/2909/2909 2910/2910/2910
v 9.461244 1.225743 -6.138819
vt 0.830564 0.753651
vn 0.286209 -0.952619 -0.102960
v 8.888585 1.145146 -6.791811
vt 0.794628 0.794628
vn 0.244521 -0.957843 -0.150820
v 9.827593 1.611227 -7.730818
vt 0.853553 0.853553
vn 0.280268 -0.941519 -0.187060
f 2911/2911/2911 2912/2912/2912 2913/2913/2913
v 9.461244 1.225743 -6.138819
vt 0.830564 0.753651
vn 0.286209 -0.952619 -0.102960
v 9.827593 1.611227 -7.730818
vt 0.853553 0.853553
vn 0.280268 -0.941519 -0.187060
v 10.514783 1.707944 -6.947228
vt 0.896677 0.804381
vn 0.325421 -0.935997 -0.134207
f 2914/2914/2914 2915/2915/2915 2916/2916/2916
v 8.888585 1.145146 -6.791811
vt 0.794628 0.794628
vn 0.244521 -0.957843 -0.150820
v 8.235594 1.105400 -7.364469
vt 0.753651 0.830564
vn 0.176996 -0.961433 -0.210522
v 9.044002 1.563532 -8.418009
vt 0.804381 0.896677
vn 0.208219 -0.945255 -0.251273
f 2917/2917/2917 2918/2918/2918 2919/2919/2919
v 8.888585 1.145146 -6.791811
vt 0.794628 0.794628
vn 0.244521 -0.957843 -0.150820
v 9.044002 1.563532 -8.418009
vt 0.804381 0.896677
vn 0.208219 -0.945255 -0.251273
v 9.827593 1.611227 -7.730818
vt 0.853553 0.853553
vn 0.280268 -0.941519 -0.187060
f 2920/2920/2920 2921/2921/2921 2922/2922/2922
v 8.235594 1.105400 -7.364469
vt 0.753651 0.830564
vn 0.176996 -0.961433 -0.210522
v 7.513441 1.122932 -7.846997
vt 0.708333 0.860844
vn 0.097797 -0.959765 -0.263224
v 8.177419 1.584570 -8.997041
vt 0.750000 0.933013
vn 0.123529 -0.943522 -0.307419
f 2923/2923/2923 2924/2924/2924 2925/2925/2925
v 8.235594 1.105400 -7.364469
vt 0.753651 0.830564
vn 0.176996 -0.961433 -0.210522
v 8.177419 1.584570 -8.997041
vt 0.750000 0.933013
vn 0.123529 -0.943522 -0.307419
v 9.044002 1.563532 -8.418009
vt 0.804381 0.896677
vn 0.208219 -0.945255 -0.251273
f 2926/2926/2926 2927/2927/2927 2928/2928/2928
v 7.513441 1.122932 -7.846997
vt 0.708333 0.860844
vn 0.097797 -0.959765 -0.263224
v 6.734484 1.190496 -8.231135
vt 0.659451 0.884950
vn 0.029353 -0.954569 -0.296539
v 7.242671 1.665647 -9.458008
vt 0.691342 0.961940
vn 0.049288 -0.938081 -0.342891
f 2929/2929/2929 2930/2930/2930 2931/2931/2931
v 7.513441 1.122932 -7.846997
vt 0.708333 0.860844
vn 0.097797 -0.959765 -0.263224
v 7.242671 1.665647 -9.458008
vt 0.691342 0.961940
vn 0.049288 -0.938081 -0.342891
v 8.177419 1.584570 -8.997041
vt 0.750000 0.933013
vn 0.123529 -0.943522 -0.307419
f 2932/2932/2932 2933/2933/2933 2934/2934/2934
v 6.734484 1.190496 -8.231135
vt 0.659451 0.884950
vn 0.029353 -0.954569 -0.296539
v 5.912051 1.280168 -8.510314
vt 0.607841 0.902469
vn -0.010100 -0.950611 -0.310219
v 6.255752 1.773253 -9.793021
vt 0.629410 0.982963
vn 0.003905 -0.933753 -0.357898
f 2935/2935/2935 2936/2936/2936 2937/2937/2937
v 6.734484 1.190496 -8.231135
vt 0.659451 0.884950
vn 0.029353 -0.954569 -0.296539
v 6.255752 1.773253 -9.793021
vt 0.629410 0.982963
vn 0.003905 -0.933753 -0.357898
v 7.242671 1.665647 -9.458008
vt 0.691342 0.961940
vn 0.049288 -0.938081 -0.342891
f 2938/2938/2938 2939/2939/2939 2940/2940/2940
v 5.912051 1.280168 -8.510314
vt 0.607841 0.902469
vn -0.010100 -0.950611 -0.310219
v 5.060214 1.354888 -8.679755
vt 0.554386 0.913102
vn -0.016096 -0.949810 -0.312413
v 5.233547 1.862917 -9.996351
vt 0.565263 0.995722
vn -0.008679 -0.932535 -0.360976
f 2941/2941/2941 2942/2942/2942 2943/2943/2943
v 5.912051 1.280168 -8.510314
vt 0.607841 0.902469
vn -0.010100 -0.950611 -0.310219
v 5.233547 1.862917 -9.996351
vt 0.565263 0.995722
vn -0.008679 -0.932535 -0.360976
v 6.255752 1.773253 -9.793021
vt 0.629410 0.982963
vn 0.003905 -0.933753 -0.357898
f 2944/2944/2944 2945/2945/2945 2946/2946/2946
v 5.060214 1.354888 -8.679755
vt 0.554386 0.913102
vn -0.016096 -0.949810 -0.312413
v 4.193548 1.383774 -8.736559
vt 0.500000 0.916667
vn 0.000000 -0.950103 -0.311937
v 4.193548 1.897581 -10.064516
vt 0.500000 1.000000
vn 0.000000 -0.932625 -0.360847
f 2947/2947/2947 2948/2948/2948 2949/2949/2949
v 5.060214 1.354888 -8.679755
vt 0.554386 0.913102
vn -0.016096 -0.949810 -0.312413
v 4.193548 1.897581 -10.064516
vt 0.500000 1.000000
vn 0.000000 -0.932625 -0.360847
v 5.233547 1.862917 -9.996351
vt 0.565263 0.995722
vn -0.008679 -0.932535 -0.360976
f 2950/2950/2950 2951/2951/2951 2952/2952/2952
v 4.193548 1.383774 -8.736559
vt 0.500000 0.916667
vn 0.000000 -0.950103 -0.311937
v 3.326883 1.354888 -8.679755
vt 0.445614 0.913102
vn 0.016096 -0.949810 -0.312412
v 3.153549 1.862917 -9.996351
vt 0.434737 0.995722
vn 0.008679 -0.932535 -0.360976
f 2953/2953/2953 2954/2954/2954 2955/2955/2955
v 4.193548 1.383774 -8.736559
vt 0.500000 0.916667
vn 0.000000 -0.950103 -0.311937
v 3.153549 1.862917 -9.996351
vt 0.434737 0.995722
vn 0.008679 -0.932535 -0.360976
v 4.193548 1.897581 -10.064516
vt 0.500000 1.000000
vn 0.000000 -0.932625 -0.360847
f 2956/2956/2956 2957/2957/2957 2958/2958/2958
v 3.326883 1.354888 -8.679755
vt 0.445614 0.913102
vn 0.016096 -0.949810 -0.312412
v 2.475046 1.280168 -8.510314
vt 0.392159 0.902469
vn 0.010100 -0.950611 -0.310219
v 2.131345 1.773253 -9.793021
vt 0.370590 0.982963
vn -0.003905 -0.933753 -0.357897
f 2959/2959/2959 2960/2960/2960 2961/2961/2961
v 3.326883 1.354888 -8.679755
vt 0.445614 0.913102
vn 0.016096 -0.949810 -0.312412
v 2.131345 1.773253 -9.793021
vt 0.370590 0.982963
vn -0.003905 -0.933753 -0.357897
v 3.153549 1.862917 -9.996351
vt 0.434737 0.995722
vn 0.008679 -0.932535 -0.360976
f 2962/2962/2962 2963/2963/2963 2964/2964/2964
v 2.475046 1.280168 -8.510314
vt 0.392159 0.902469
vn 0.010100 -0.950611 -0.310219
v 1.652613 1.190496 -8.231135
vt 0.340549 0.884950
vn -0.029353 -0.954569 -0.296539
v 1.144426 1.665647 -9.458008
vt 0.308658 0.961940
vn -0.049288 -0.938081 -0.342891
f 2965/2965/2965 2966/2966/2966 2967/2967/2967
v 2.475046 1.280168 -8.510314
vt 0.392159 0.902469
vn 0.010100 -0.950611 -0.310219
v 1.144426 1.665647 -9.458008
vt 0.308658 0.961940
vn -0.049288 -0.938081 -0.342891
v 2.131345 1.773253 -9.793021
vt 0.370590 0.982963
vn -0.003905 -0.933753 -0.357897
f 2968/2968/2968 2969/2969/2969 2970/2970/2970
v 1.652613 1.190496 -8.231135
vt 0.340549 0.884950
vn -0.029353 -0.954569 -0.296539
v 0.873656 1.122932 -7.846997
vt 0.291667 0.860844
vn -0.097797 -0.959765 -0.263224
v 0.209677 1.584570 -8.997041
vt 0.250000 0.933013
vn -0.123530 -0.943522 -0.307419
f 2971/2971/2971 2972/2972/2972 2973/2973/2973
v 1.652613 1.190496 -8.231135
vt 0.340549 0.884950
vn -0.029353 -0.954569 -0.296539
v 0.209677 1.584570 -8.997041
vt 0.250000 0.933013
vn -0.123530 -0.943522 -0.307419
v 1.144426 1.665647 -9.458008
vt 0.308658 0.961940
vn -0.049288 -0.938081 -0.342891
f 2974/2974/2974 2975/2975/2975 2976/2976/2976
v 0.873656 1.122932 -7.846997
vt 0.291667 0.860844
vn -0.097797 -0.959765 -0.263224
v 0.151503 1.105400 -7.364469
vt 0.246349 0.830564
vn -0.176996 -0.961433 -0.210522
v -0.656906 1.563532 -8.418009
vt 0.195619 0.896677
vn -0.208219 -0.945255 -0.251273
f 2977/2977/2977 2978/2978/2978 2979/2979/2979
v 0.873656 1.122932 -7.846997
vt 0.291667 0.860844
vn -0.097797 -0.959765 -0.263224
v -0.656906 1.563532 -8.418009
vt 0.195619 0.896677
vn -0.208219 -0.945255 -0.251273
v 0.209677 1.584570 -8.997041
vt 0.250000 0.933013
vn -0.123530 -0.943522 -0.307419
f 2980/2980/2980 2981/2981/2981 2982/2982/2982
v 0.151503 1.105400 -7.364469
vt 0.246349 0.830564
vn -0.176996 -0.961433 -0.210522
v -0.501489 1.145146 -6.791811
vt 0.205372 0.794628
vn -0.244521 -0.957843 -0.150820
v -1.440496 1.611227 -7.730818
vt 0.146447 0.853553
vn -0.280268 -0.941519 -0.187060
f 2983/2983/2983 2984/2984/2984 2985/2985/2985
v 0.151503 1.105400 -7.364469
vt 0.246349 0.830564
vn -0.176996 -0.961433 -0.210522
v -1.440496 1.611227 -7.730818
vt 0.146447 0.853553
vn -0.280268 -0.941519 -0.187060
v -0.656906 1.563532 -8.418009
vt 0.195619 0.896677
vn -0.208219 -0.945255 -0.251273
f 2986/2986/2986 2987/2987/2987 2988/2988/2988
v -0.501489 1.145146 -6.791811
vt 0.205372 0.794628
vn -0.244521 -0.957843 -0.150820
v -1.074147 1.225743 -6.138819
vt 0.169436 0.753651
vn -0.286209 -0.952619 -0.102960
v -2.127686 1.707944 -6.947228
vt 0.103323 0.804381
vn -0.325421 -0.935996 -0.134207
f 2989/2989/2989 2990/2990/2990 2991/2991/2991
v -0.501489 1.145146 -6.791811
vt 0.205372 0.794628
vn -0.244521 -0.957843 -0.150820
v -2.127686 1.707944 -6.947228
vt 0.103323 0.804381
vn -0.325421 -0.935996 -0.134207
v -1.440496 1.611227 -7.730818
vt 0.146447 0.853553
vn -0.280268 -0.941519 -0.187060
f 2992/2992/2992 2993/2993/2993 2994/2994/2994
v -1.074147 1.225743 -6.138819
vt 0.169436 0.753651
vn -0.286209 -0.952619 -0.102960
v -1.556674 1.313881 -5.416666
vt 0.139156 0.708333
vn -0.301659 -0.949971 -0.080972
v -2.706719 1.813710 -6.080645
vt 0.066987 0.750000
vn -0.343841 -0.932941 -0.106748
f 2995/2995/2995 2996/2996/2996 2997/2997/2997
v -1.074147 1.225743 -6.138819
vt 0.169436 0.753651
vn -0.286209 -0.952619 -0.102960
v -2.706719 1.813710 -6.080645
vt 0.066987 0.750000
vn -0.343841 -0.932941 -0.106748
v -2.127686 1.707944 -6.947228
vt 0.103323 0.804381
vn -0.325421 -0.935996 -0.134207
f 2998/2998/2998 2999/2999/2999 3000/3000/3000
v -1.556674 1.313881 -5.416666
vt 0.139156 0.708333
vn -0.301659 -0.949971 -0.080972
v -1.940813 1.373133 -4.637710
vt 0.115050 0.659451
vn -0.300369 -0.949956 -0.085804
v -3.167685 1.884812 -5.145897
vt 0.038060 0.691342
vn -0.345365 -0.932556 -0.105178
f 3001/3001/3001 3002/3002/3002 3003/3003/3003
v -1.556674 1.313881 -5.416666
vt 0.139156 0.708333
vn -0.301659 -0.949971 -0.080972
v -3.167685 1.884812 -5.145897
vt 0.038060 0.691342
vn -0.345365 -0.932556 -0.105178
v -2.706719 1.813710 -6.080645
vt 0.066987 0.750000
vn -0.343841 -0.932941 -0.106748
f 3004/3004/3004 3005/3005/3005 3006/3006/3006
v -1.940813 1.373133 -4.637710
vt 0.115050 0.659451
vn -0.300369 -0.949956 -0.085804
v -2.219991 1.379011 -3.815277
vt 0.097531 0.607841
vn -0.294370 -0.950031 -0.103857
v -3.502699 1.891865 -4.158978
vt 0.017037 0.629410
vn -0.341768 -0.932589 -0.116071
f 3007/3007/3007 3008/3008/3008 3009/3009/3009
v -1.940813 1.373133 -4.637710
vt 0.115050 0.659451
vn -0.300369 -0.949956 -0.085804
v -3.502699 1.891865 -4.158978
vt 0.017037 0.629410
vn -0.341768 -0.932589 -0.116071
v -3.167685 1.884812 -5.145897
vt 0.038060 0.691342
vn -0.345365 -0.932556 -0.105178
f 3010/3010/3010 3011/3011/3011 3012/3012/3012
v -2.219991 1.379011 -3.815277
vt 0.097531 0.607841
vn -0.294370 -0.950031 -0.103857
v -2.389432 1.329085 -2.963440
vt 0.086898 0.554386
vn -0.291645 -0.949832 -0.112965
v -3.706028 1.831954 -3.136773
vt 0.004278 0.565263
vn -0.340685 -0.932716 -0.118211
f 3013/3013/3013 3014/3014/3014 3015/3015/3015
v -2.219991 1.379011 -3.815277
vt 0.097531 0.607841
vn -0.294370 -0.950031 -0.103857
v -3.706028 1.831954 -3.136773
vt 0.004278 0.565263
vn -0.340685 -0.932716 -0.118211
v -3.502699 1.891865 -4.158978
vt 0.017037 0.629410
vn -0.341768 -0.932589 -0.116071
f 3016/3016/3016 3017/3017/3017 3018/3018/3018
v -2.389432 1.329085 -2.963440
vt 0.086898 0.554386
vn -0.291645 -0.949832 -0.112965
v -2.446236 1.243989 -2.096774
vt 0.083333 0.500000
vn -0.292149 -0.951811 -0.093296
v -3.774193 1.729839 -2.096774
vt 0.000000 0.500000
vn -0.342123 -0.935114 -0.092269
f 3019/3019/3019 3020/3020/3020 3021/3021/3021
v -2.389432 1.329085 -2.963440
vt 0.086898 0.554386
vn -0.291645 -0.949832 -0.112965
v -3.774193 1.729839 -2.096774
vt 0.000000 0.500000
vn -0.342123 -0.935114 -0.092269
v -3.706028 1.831954 -3.136773
vt 0.004278 0.565263
vn -0.340685 -0.932716 -0.118211
f 3022/3022/3022 3023/3023/3023 3024/3024/3024
v -2.446236 1.243989 -2.096774
vt 0.083333 0.500000
vn -0.292149 -0.951811 -0.093296
v -2.389432 1.158893 -1.230108
vt 0.086898 0.445614
vn -0.288529 -0.956759 -0.036934
v -3.706028 1.627724 -1.056775
vt 0.004278 0.434737
vn -0.338796 -0.940386 -0.029863
f 3025/3025/3025 3026/3026/3026 3027/3027/3027
v -2.446236 1.243989 -2.096774
vt 0.083333 0.500000
vn -0.292149 -0.951811 -0.093296
v -3.706028 1.627724 -1.056775
vt 0.004278 0.434737
vn -0.338796 -0.940386 -0.029863
v -3.774193 1.729839 -2.096774
vt 0.000000 0.500000
vn -0.342123 -0.935114 -0.092269
f 3028/3028/3028 3029/3029/3029 3030/3030/3030
v -2.389432 1.158893 -1.230108
vt 0.086898 0.445614
vn -0.288529 -0.956759 -0.036934
v -2.219991 1.108967 -0.378271
vt 0.097531 0.392159
vn -0.272105 -0.961083 0.047743
v -3.502699 1.567812 -0.034571
vt 0.017037 0.370590
vn -0.321633 -0.944891 0.061094
f 3031/3031/3031 3032/3032/3032 3033/3033/3033
v -2.389432 1.158893 -1.230108
vt 0.086898 0.445614
vn -0.288529 -0.956759 -0.036934
v -3.502699 1.567812 -0.034571
vt 0.017037 0.370590
vn -0.321633 -0.944891 0.061094
v -3.706028 1.627724 -1.056775
vt 0.004278 0.434737
vn -0.338796 -0.940386 -0.029863
f 3034/3034/3034 3035/3035/3035 3036/3036/3036
v -2.219991 1.108967 -0.378271
vt 0.097531 0.392159
vn -0.272105 -0.961083 0.047743
v -1.940813 1.114844 0.444161
vt 0.115050 0.340549
vn -0.241139 -0.960518 0.138772
v -3.167685 1.574865 0.952349
vt 0.038060 0.308658
vn -0.288518 -0.944305 0.158259
f 3037/3037/3037 3038/3038/3038 3039/3039/3039
v -2.219991 1.108967 -0.378271
vt 0.097531 0.392159
vn -0.272105 -0.961083 0.047743
v -3.167685 1.574865 0.952349
vt 0.038060 0.308658
vn -0.288518 -0.944305 0.158259
v -3.502699 1.567812 -0.034571
vt 0.017037 0.370590
vn -0.321633 -0.944891 0.061094
f 3040/3040/3040 3041/3041/3041 3042/3042/3042
v -1.940813 1.114844 0.444161
vt 0.115050 0.340549
vn -0.241139 -0.960518 0.138772
v -1.556674 1.174096 1.223118
vt 0.139156 0.291667
vn -0.204690 -0.955653 0.211729
v -2.706719 1.645968 1.887097
vt 0.066987 0.250000
vn -0.248800 -0.939225 0.236548
f 3043/3043/3043 3044/3044/3044 3045/3045/3045
v -1.940813 1.114844 0.444161
vt 0.115050 0.340549
vn -0.241139 -0.960518 0.138772
v -2.706719 1.645968 1.887097
vt 0.066987 0.250000
vn -0.248800 -0.939225 0.236548
v -3.167685 1.574865 0.952349
vt 0.038060 0.308658
vn -0.288518 -0.944305 0.158259
f 3046/3046/3046 3047/3047/3047 3048/3048/3048
v -1.556674 1.174096 1.223118
vt 0.139156 0.291667
vn -0.204690 -0.955653 0.211729
v -1.074147 1.262235 1.945271
vt 0.169436 0.246349
vn -0.177433 -0.951140 0.252688
v -2.127686 1.751733 2.753680
vt 0.103323 0.195619
vn -0.217641 -0.934363 0.282130
f 3049/3049/3049 3050/3050/3050 3051/3051/3051
v -1.556674 1.174096 1.223118
vt 0.139156 0.291667
vn -0.204690 -0.955653 0.211729
v -2.127686 1.751733 2.753680
vt 0.103323 0.195619
vn -0.217641 -0.934363 0.282130
v -2.706719 1.645968 1.887097
vt 0.066987 0.250000
vn -0.248800 -0.939225 0.236548
f 3052/3052/3052 3053/3053/3053 3054/3054/3054
v -1.074147 1.262235 1.945271
vt 0.169436 0.246349
vn -0.177433 -0.951140 0.252688
v -0.501489 1.342832 2.598263
vt 0.205372 0.205372
vn -0.169693 -0.949787 0.262885
v -1.440496 1.848450 3.537270
vt 0.146447 0.146447
vn -0.205282 -0.932589 0.296880
f 3055/3055/3055 3056/3056/3056 3057/3057/3057
v -1.074147 1.262235 1.945271
vt 0.169436 0.246349
vn -0.177433 -0.951140 0.252688
v -1.440496 1.848450 3.537270
vt 0.146447 0.146447
vn -0.205282 -0.932589 0.296880
v -2.127686 1.751733 2.753680
vt 0.103323 0.195619
vn -0.217641 -0.934363 0.282130
f 3058/3058/3058 3059/3059/3059 3060/3060/3060
v -0.501489 1.342832 2.598263
vt 0.205372 0.205372
vn -0.169693 -0.949787 0.262885
v 0.151503 1.382578 3.170921
vt 0.246349 0.169436
vn -0.180131 -0.950084 0.254741
v -0.656906 1.896146 4.224460
vt 0.195619 0.103323
vn -0.210100 -0.932615 0.293405
f 3061/3061/3061 3062/3062/3062 3063/3063/3063
v -0.501489 1.342832 2.598263
vt 0.205372 0.205372
vn -0.169693 -0.949787 0.262885
v -0.656906 1.896146 4.224460
vt 0.195619 0.103323
vn -0.210100 -0.932615 0.293405
v -1.440496 1.848450 3.537270
vt 0.146447 0.146447
vn -0.205282 -0.932589 0.296880
f 3064/3064/3064 3065/3065/3065 3066/3066/3066
v 0.151503 1.382578 3.170921
vt 0.246349 0.169436
vn -0.180131 -0.950084 0.254741
v 0.873656 1.365046 3.653448
vt 0.291667 0.139156
vn -0.194929 -0.949875 0.244418
v 0.209677 1.875107 4.803492
vt 0.250000 0.066987
vn -0.218703 -0.932531 0.287323
f 3067/3067/3067 3068/3068/3068 3069/3069/3069
v 0.151503 1.382578 3.170921
vt 0.246349 0.169436
vn -0.180131 -0.950084 0.254741
v 0.209677 1.875107 4.803492
vt 0.250000 0.066987
vn -0.218703 -0.932531 0.287323
v -0.656906 1.896146 4.224460
vt 0.195619 0.103323
vn -0.210100 -0.932615 0.293405
f 3070/3070/3070 3071/3071/3071 3072/3072/3072
v 0.873656 1.365046 3.653448
vt 0.291667 0.139156
vn -0.194929 -0.949875 0.244418
v 1.652613 1.297482 4.037587
vt 0.340549 0.115050
vn -0.194140 -0.950225 0.243684
v 1.144426 1.794031 5.264459
vt 0.308658 0.038060
vn -0.211965 -0.933281 0.289925
f 3073/3073/3073 3074/3074/3074 3075/3075/3075
v 0.873656 1.365046 3.653448
vt 0.291667 0.139156
vn -0.194929 -0.949875 0.244418
v 1.144426 1.794031 5.264459
vt 0.308658 0.038060
vn -0.211965 -0.933281 0.289925
v 0.209677 1.875107 4.803492
vt 0.250000 0.066987
vn -0.218703 -0.932531 0.287323
f 3076/3076/3076 3077/3077/3077 3078/3078/3078
v 1.652613 1.297482 4.037587
vt 0.340549 0.115050
vn -0.194140 -0.950225 0.243684
v 2.475046 1.207810 4.316766
vt 0.392159 0.097531
vn -0.161540 -0.953547 0.254268
v 2.131345 1.686424 5.599474
vt 0.370590 0.017037
vn -0.173783 -0.936994 0.303054
f 3079/3079/3079 3080/3080/3080 3081/3081/3081
v 1.652613 1.297482 4.037587
vt 0.340549 0.115050
vn -0.194140 -0.950225 0.243684
v 2.131345 1.686424 5.599474
vt 0.370590 0.017037
vn -0.173783 -0.936994 0.303054
v 1.144426 1.794031 5.264459
vt 0.308658 0.038060
vn -0.211965 -0.933281 0.289925
f 3082/3082/3082 3083/3083/3083 3084/3084/3084
v 2.475046 1.207810 4.316766
vt 0.392159 0.097531
vn -0.161540 -0.953547 0.254268
v 3.326883 1.133090 4.486207
vt 0.445614 0.086898
vn -0.092893 -0.958860 0.268252
v 3.153549 1.596760 5.802802
vt 0.434737 0.004278
vn -0.099295 -0.942580 0.318879
f 3085/3085/3085 3086/3086/3086 3087/3087/3087
v 2.475046 1.207810 4.316766
vt 0.392159 0.097531
vn -0.161540 -0.953547 0.254268
v 3.153549 1.596760 5.802802
vt 0.434737 0.004278
vn -0.099295 -0.942580 0.318879
v 2.131345 1.686424 5.599474
vt 0.370590 0.017037
vn -0.173783 -0.936994 0.303054
f 3088/3088/3088 3089/3089/3089 3090/3090/3090
v 3.326883 1.133090 4.486207
vt 0.445614 0.086898
vn -0.092893 -0.958860 0.268252
v 4.193548 1.104204 4.543011
vt 0.500000 0.083333
vn 0.000000 -0.961551 0.274625
v 4.193548 1.562097 5.870968
vt 0.500000 0.000000
vn 0.000000 -0.945378 0.325976
f 3091/3091/3091 3092/3092/3092 3093/3093/3093
v 3.326883 1.133090 4.486207
vt 0.445614 0.086898
vn -0.092893 -0.958860 0.268252
v 4.193548 1.562097 5.870968
vt 0.500000 0.000000
vn 0.000000 -0.945378 0.325976
v 3.153549 1.596760 5.802802
vt 0.434737 0.004278
vn -0.099295 -0.942580 0.318879
f 3094/3094/3094 3095/3095/3095 3096/3096/3096
v 4.193548 1.104204 4.543011
vt 0.500000 0.083333
vn 0.000000 -0.961551 0.274625
v 5.060214 1.133090 4.486207
vt 0.554386 0.086898
vn 0.092893 -0.958860 0.268252
v 5.233547 1.596760 5.802802
vt 0.565263 0.004278
vn 0.099295 -0.942580 0.318879
f 3097/3097/3097 3098/3098/3098 3099/3099/3099
v 4.193548 1.104204 4.543011
vt 0.500000 0.083333
vn 0.000000 -0.961551 0.274625
v 5.233547 1.596760 5.802802
vt 0.565263 0.004278
vn 0.099295 -0.942580 0.318879
v 4.193548 1.562097 5.870968
vt 0.500000 0.000000
vn 0.000000 -0.945378 0.325976
f 3100/3100/3100 3101/3101/3101 3102/3102/3102
v 5.060214 1.133090 4.486207
vt 0.554386 0.086898
vn 0.092893 -0.958860 0.268252
v 5.912051 1.207810 4.316766
vt 0.607841 0.097531
vn 0.161540 -0.953547 0.254268
v 6.255752 1.686424 5.599474
vt 0.629410 0.017037
vn 0.173783 -0.936994 0.303054
f 3103/3103/3103 3104/3104/3104 3105/3105/3105
v 5.060214 1.133090 4.486207
vt 0.554386 0.086898
vn 0.092893 -0.958860 0.268252
v 6.255752 1.686424 5.599474
vt 0.629410 0.017037
vn 0.173783 -0.936994 0.303054
v 5.233547 1.596760 5.802802
vt 0.565263 0.004278
vn 0.099295 -0.942580 0.318879
f 3106/3106/3106 3107/3107/3107 3108/3108/3108
v 5.912051 1.207810 4.316766
vt 0.607841 0.097531
vn 0.161540 -0.953547 0.254268
v 6.734484 1.297482 4.037587
vt 0.659451 0.115050
vn 0.194140 -0.950225 0.243684
v 7.242671 1.794031 5.264459
vt 0.691342 0.038060
vn 0.211965 -0.933281 0.289925
f 3109/3109/3109 3110/3110/3110 3111/3111/3111
v 5.912051 1.207810 4.316766
vt 0.607841 0.097531
vn 0.161540 -0.953547 0.254268
v 7.242671 1.794031 5.264459
vt 0.691342 0.038060
vn 0.211965 -0.933281 0.289925
v 6.255752 1.686424 5.599474
vt 0.629410 0.017037
vn 0.173783 -0.936994 0.303054
f 3112/3112/3112 3113/3113/3113 3114/3114/3114
v 6.734484 1.297482 4.037587
vt 0.659451 0.115050
vn 0.194140 -0.950225 0.243684
v 7.513441 1.365046 3.653448
vt 0.708333 0.139156
vn 0.194929 -0.949875 0.244418
v 8.177419 1.875107 4.803492
vt 0.750000 0.066987
vn 0.218703 -0.932531 0.287323
f 3115/3115/3115 3116/3116/3116 3117/3117/3117
v 6.734484 1.297482 4.037587
vt 0.659451 0.115050
vn 0.194140 -0.950225 0.243684
v 8.177419 1.875107 4.803492
vt 0.750000 0.066987
vn 0.218703 -0.932531 0.287323
v 7.242671 1.794031 5.264459
vt 0.691342 0.038060
vn 0.211965 -0.933281 0.289925
f 3118/3118/3118 3119/3119/3119 3120/3120/3120
v 7.513441 1.365046 3.653448
vt 0.708333 0.139156
vn 0.194929 -0.949875 0.244418
v 8.235594 1.382578 3.170921
vt 0.753651 0.169436
vn 0.180131 -0.950084 0.254742
v 9.044002 1.896146 4.224460
vt 0.804381 0.103323
vn 0.210100 -0.932615 0.293405
f 3121/3121/3121 3122/3122/3122 3123/3123/3123
v 7.513441 1.365046 3.653448
vt 0.708333 0.139156
vn 0.194929 -0.949875 0.244418
v 9.044002 1.896146 4.224460
vt 0.804381 0.103323
vn 0.210100 -0.932615 0.293405
v 8.177419 1.875107 4.803492
vt 0.750000 0.066987
vn 0.218703 -0.932531 0.287323
f 3124/3124/3124 3125/3125/3125 3126/3126/3126
v 8.235594 1.382578 3.170921
vt 0.753651 0.169436
vn 0.180131 -0.950084 0.254742
v 8.888585 1.342832 2.598263
vt 0.794628 0.205372
vn 0.169693 -0.949787 0.262885
v 9.827593 1.848450 3.537270
vt 0.853553 0.146447
vn 0.205282 -0.932589 0.296880
f 3127/3127/3127 3128/3128/3128 3129/3129/3129
v 8.235594 1.382578 3.170921
vt 0.753651 0.169436
vn 0.180131 -0.950084 0.254742
v 9.827593 1.848450 3.537270
vt 0.853553 0.146447
vn 0.205282 -0.932589 0.296880
v 9.044002 1.896146 4.224460
vt 0.804381 0.103323
vn 0.210100 -0.932615 0.293405
f 3130/3130/3130 3131/3131/3131 3132/3132/3132
v 8.888585 1.342832 2.598263
vt 0.794628 0.205372
vn 0.169693 -0.949787 0.262885
v 9.461244 1.262235 1.945271
vt 0.830564 0.246349
vn 0.177433 -0.951140 0.252688
v 10.514783 1.751733 2.753680
vt 0.896677 0.195619
vn 0.217641 -0.934363 0.282130
f 3133/3133/3133 3134/3134/3134 3135/3135/3135
v 8.888585 1.342832 2.598263
vt 0.794628 0.205372
vn 0.169693 -0.949787 0.262885
v 10.514783 1.751733 2.753680
vt 0.896677 0.195619
vn 0.217641 -0.934363 0.282130
v 9.827593 1.848450 3.537270
vt 0.853553 0.146447
vn 0.205282 -0.932589 0.296880
f 3136/3136/3136 3137/3137/3137 3138/3138/3138
v 9.461244 1.262235 1.945271
vt 0.830564 0.246349
vn 0.177433 -0.951140 0.252688
v 9.943771 1.174096 1.223118
vt 0.860844 0.291667
vn 0.204690 -0.955653 0.211729
v 11.093815 1.645968 1.887097
vt 0.933013 0.250000
vn 0.248800 -0.939225 0.236548
f 3139/3139/3139 3140/3140/3140 3141/3141/3141
v 9.461244 1.262235 1.945271
vt 0.830564 0.246349
vn 0.177433 -0.951140 0.252688
v 11.093815 1.645968 1.887097
vt 0.933013 0.250000
vn 0.248800 -0.939225 0.236548
v 10.514783 1.751733 2.753680
vt 0.896677 0.195619
vn 0.217641 -0.934363 0.282130
f 3142/3142/3142 3143/3143/3143 3144/3144/3144
v 9.943771 1.174096 1.223118
vt 0.860844 0.291667
vn 0.204690 -0.955653 0.211729
v 10.327910 1.114844 0.444161
vt 0.884950 0.340549
vn 0.241139 -0.960518 0.138772
v 11.554782 1.574865 0.952349
vt 0.961940 0.308658
vn 0.288518 -0.944305 0.158260
f 3145/3145/3145 3146/3146/3146 3147/3147/3147
v 9.943771 1.174096 1.223118
vt 0.860844 0.291667
vn 0.204690 -0.955653 0.211729
v 11.554782 1.574865 0.952349
vt 0.961940 0.308658
vn 0.288518 -0.944305 0.158260
v 11.093815 1.645968 1.887097
vt 0.933013 0.250000
vn 0.248800 -0.939225 0.236548
f 3148/3148/3148 3149/3149/3149 3150/3150/3150
v 10.327910 1.114844 0.444161
vt 0.884950 0.340549
vn 0.241139 -0.960518 0.138772
v 10.607088 1.108967 -0.378271
vt 0.902469 0.392159
vn 0.272105 -0.961083 0.047743
v 11.889796 1.567812 -0.034571
vt 0.982963 0.370590
vn 0.321633 -0.944891 0.061095
f 3151/3151/3151 3152/3152/3152 3153/3153/3153
v 10.327910 1.114844 0.444161
vt 0.884950 0.340549
vn 0.241139 -0.960518 0.138772
v 11.889796 1.567812 -0.034571
vt 0.982963 0.370590
vn 0.321633 -0.944891 0.061095
v 11.554782 1.574865 0.952349
vt 0.961940 0.308658
vn 0.288518 -0.944305 0.158260
f 3154/3154/3154 3155/3155/3155 3156/3156/3156
v 10.607088 1.108967 -0.378271
vt 0.902469 0.392159
vn 0.272105 -0.961083 0.047743
v 10.776529 1.158893 -1.230108
vt 0.913102 0.445614
vn 0.288529 -0.956759 -0.036934
v 12.093125 1.627724 -1.056775
vt 0.995722 0.434737
vn 0.338796 -0.940386 -0.029863
f 3157/3157/3157 3158/3158/3158 3159/3159/3159
v 10.607088 1.108967 -0.378271
vt 0.902469 0.392159
vn 0.272105 -0.961083 0.047743
v 12.093125 1.627724 -1.056775
vt 0.995722 0.434737
vn 0.338796 -0.940386 -0.029863
v 11.889796 1.567812 -0.034571
vt 0.982963 0.370590
vn 0.321633 -0.944891 0.061095
f 3160/3160/3160 3161/3161/3161 3162/3162/3162
v 10.776529 1.158893 -1.230108
vt 0.913102 0.445614
vn 0.288529 -0.956759 -0.036934
v 10.833333 1.243989 -2.096774
vt 0.916667 0.500000
vn 0.292149 -0.951811 -0.093296
v 12.161291 1.729839 -2.096774
vt 1.000000 0.500000
vn 0.342123 -0.935114 -0.092269
f 3163/3163/3163 3164/3164/3164 3165/3165/3165
v 10.776529 1.158893 -1.230108
vt 0.913102 0.445614
vn 0.288529 -0.956759 -0.036934
v 12.161291 1.729839 -2.096774
vt 1.000000 0.500000
vn 0.342123 -0.935114 -0.092269
v 12.093125 1.627724 -1.056775
vt 0.995722 0.434737
vn 0.338796 -0.940386 -0.029863
f 3166/3166/3166 3167/3167/3167 3168/3168/3168