mtllib materials.mtl
o Tile_end_course_/_right
usemtl Tile ends
v 105.790630 13.986742 68.153579
vt 0.000000 1.000000
vn -1.000000 0.000000 -0.000000
v 105.790630 9.905911 62.474115
vt 0.041667 1.000000
vn -1.000000 0.000000 -0.000000
v 105.790630 7.261146 62.474115
vt 0.041667 0.000000
vn -1.000000 0.000000 -0.000000
f 1/1/1 2/2/2 3/3/3
v 105.790630 13.986742 68.153579
vt 0.000000 1.000000
vn -1.000000 0.000000 -0.000000
v 105.790630 7.261146 62.474115
vt 0.041667 0.000000
vn -1.000000 0.000000 -0.000000
v 105.790630 11.341976 68.153579
vt 0.000000 0.000000
vn -1.000000 0.000000 -0.000000
f 4/4/4 5/5/5 6/6/6
v 105.790630 9.905911 62.474115
vt 0.041667 1.000000
vn -1.000000 0.000000 -0.000000
v 105.790630 7.741579 56.794648
vt 0.083333 1.000000
vn -1.000000 0.000000 -0.000000
v 105.790630 5.096814 56.794648
vt 0.083333 0.000000
vn -1.000000 0.000000 -0.000000
f 7/7/7 8/8/8 9/9/9
v 105.790630 9.905911 62.474115
vt 0.041667 1.000000
vn -1.000000 0.000000 -0.000000
v 105.790630 5.096814 56.794648
vt 0.083333 0.000000
vn -1.000000 0.000000 -0.000000
v 105.790630 7.261146 62.474115
vt 0.041667 0.000000
vn -1.000000 0.000000 -0.000000
f 10/10/10 11/11/11 12/12/12
v 105.790630 7.741579 56.794648
vt 0.083333 1.000000
vn -1.000000 0.000000 -0.000000
v 105.790630 6.663694 51.115184
vt 0.125000 1.000000
vn -1.000000 0.000000 -0.000000
v 105.790630 4.018928 51.115184
vt 0.125000 0.000000
vn -1.000000 0.000000 -0.000000
f 13/13/13 14/14/14 15/15/15
v 105.790630 7.741579 56.794648
vt 0.083333 1.000000
vn -1.000000 0.000000 -0.000000
v 105.790630 4.018928 51.115184
vt 0.125000 0.000000
vn -1.000000 0.000000 -0.000000
v 105.790630 5.096814 56.794648
vt 0.083333 0.000000
vn -1.000000 0.000000 -0.000000
f 16/16/16 17/17/17 18/18/18
v 105.790630 6.663694 51.115184
vt 0.125000 1.000000
vn -1.000000 0.000000 -0.000000
v 105.790630 6.166523 45.435720
vt 0.166667 1.000000
vn -1.000000 0.000000 -0.000000
v 105.790630 3.521758 45.435720
vt 0.166667 0.000000
vn -1.000000 0.000000 -0.000000
f 19/19/19 20/20/20 21/21/21
v 105.790630 6.663694 51.115184
vt 0.125000 1.000000
vn -1.000000 0.000000 -0.000000
v 105.790630 3.521758 45.435720
vt 0.166667 0.000000
vn -1.000000 0.000000 -0.000000
v 105.790630 4.018928 51.115184
vt 0.125000 0.000000
vn -1.000000 0.000000 -0.000000
f 22/22/22 23/23/23 24/24/24
v 105.790630 6.166523 45.435720
vt 0.166667 1.000000
vn -1.000000 0.000000 -0.000000
v 105.790630 5.958105 39.756253
vt 0.208333 1.000000
vn -1.000000 0.000000 -0.000000
v 105.790630 3.313339 39.756253
vt 0.208333 0.000000
vn -1.000000 0.000000 -0.000000
f 25/25/25 26/26/26 27/27/27
v 105.790630 6.166523 45.435720
vt 0.166667 1.000000
vn -1.000000 0.000000 -0.000000
v 105.790630 3.313339 39.756253
vt 0.208333 0.000000
vn -1.000000 0.000000 -0.000000
v 105.790630 3.521758 45.435720
vt 0.166667 0.000000
vn -1.000000 0.000000 -0.000000
f 28/28/28 29/29/29 30/30/30
v 105.790630 5.958105 39.756253
vt 0.208333 1.000000
vn -1.000000 0.000000 -0.000001
v 105.790630 5.880789 34.076789
vt 0.250000 1.000000
vn -1.000000 0.000000 -0.000001
v 105.790630 3.236024 34.076789
vt 0.250000 0.000000
vn -1.000000 0.000000 -0.000001
f 31/31/31 32/32/32 33/33/33
v 105.790630 5.958105 39.756253
vt 0.208333 1.000000
vn -1.000000 0.000000 -0.000001
v 105.790630 3.236024 34.076789
vt 0.250000 0.000000
vn -1.000000 0.000000 -0.000001
v 105.790630 3.313339 39.756253
vt 0.208333 0.000000
vn -1.000000 0.000000 -0.000001
f 34/34/34 35/35/35 36/36/36
v 105.790630 5.880789 34.076789
vt 0.250000 1.000000
vn -1.000000 0.000000 -0.000001
v 105.790630 5.856394 28.397324
vt 0.291667 1.000000
vn -1.000000 0.000000 -0.000001
v 105.790630 3.211629 28.397324
vt 0.291667 0.000000
vn -1.000000 0.000000 -0.000001
f 37/37/37 38/38/38 39/39/39
v 105.790630 5.880789 34.076789
vt 0.250000 1.000000
vn -1.000000 0.000000 -0.000001
v 105.790630 3.211629 28.397324
vt 0.291667 0.000000
vn -1.000000 0.000000 -0.000001
v 105.790630 3.236024 34.076789
vt 0.250000 0.000000
vn -1.000000 0.000000 -0.000001
f 40/40/40 41/41/41 42/42/42
v 105.790630 5.856394 28.397324
vt 0.291667 1.000000
vn -1.000000 0.000000 0.000000
v 105.790630 5.850241 22.717860
vt 0.333333 1.000000
vn -1.000000 0.000000 0.000000
v 105.790630 3.205476 22.717860
vt 0.333333 0.000000
vn -1.000000 0.000000 0.000000
f 43/43/43 44/44/44 45/45/45
v 105.790630 5.856394 28.397324
vt 0.291667 1.000000
vn -1.000000 0.000000 0.000000
v 105.790630 3.205476 22.717860
vt 0.333333 0.000000
vn -1.000000 0.000000 0.000000
v 105.790630 3.211629 28.397324
vt 0.291667 0.000000
vn -1.000000 0.000000 0.000000
f 46/46/46 47/47/47 48/48/48
v 105.790630 5.850241 22.717860
vt 0.333333 1.000000
vn -1.000000 0.000000 0.000000
v 105.790630 5.849125 17.038395
vt 0.375000 1.000000
vn -1.000000 0.000000 0.000000
v 105.790630 3.204360 17.038395
vt 0.375000 0.000000
vn -1.000000 0.000000 0.000000
f 49/49/49 50/50/50 51/51/51
v 105.790630 5.850241 22.717860
vt 0.333333 1.000000
vn -1.000000 0.000000 0.000000
v 105.790630 3.204360 17.038395
vt 0.375000 0.000000
vn -1.000000 0.000000 0.000000
v 105.790630 3.205476 22.717860
vt 0.333333 0.000000
vn -1.000000 0.000000 0.000000
f 52/52/52 53/53/53 54/54/54
v 105.790630 5.849125 17.038395
vt 0.375000 1.000000
vn -1.000000 0.000000 -0.000001
v 105.790630 5.849006 11.358930
vt 0.416667 1.000000
vn -1.000000 0.000000 -0.000001
v 105.790630 3.204240 11.358930
vt 0.416667 0.000000
vn -1.000000 0.000000 -0.000001
f 55/55/55 56/56/56 57/57/57
v 105.790630 5.849125 17.038395
vt 0.375000 1.000000
vn -1.000000 0.000000 -0.000001
v 105.790630 3.204240 11.358930
vt 0.416667 0.000000
vn -1.000000 0.000000 -0.000001
v 105.790630 3.204360 17.038395
vt 0.375000 0.000000
vn -1.000000 0.000000 -0.000001
f 58/58/58 59/59/59 60/60/60
v 105.790630 5.849006 11.358930
vt 0.416667 1.000000
vn -1.000000 0.000000 0.000001
v 105.790630 5.849001 5.679465
vt 0.458333 1.000000
vn -1.000000 0.000000 0.000001
v 105.790630 3.204236 5.679465
vt 0.458333 0.000000
vn -1.000000 0.000000 0.000001
f 61/61/61 62/62/62 63/63/63
v 105.790630 5.849006 11.358930
vt 0.416667 1.000000
vn -1.000000 0.000000 0.000001
v 105.790630 3.204236 5.679465
vt 0.458333 0.000000
vn -1.000000 0.000000 0.000001
v 105.790630 3.204240 11.358930
vt 0.416667 0.000000
vn -1.000000 0.000000 0.000001
f 64/64/64 65/65/65 66/66/66
v 105.790630 5.849001 5.679465
vt 0.458333 1.000000
vn -1.000000 0.000000 -0.000000
v 105.790630 5.849001 -0.000000
vt 0.500000 1.000000
vn -1.000000 0.000000 -0.000000
v 105.790630 3.204236 -0.000000
vt 0.500000 0.000000
vn -1.000000 0.000000 -0.000000
f 67/67/67 68/68/68 69/69/69
v 105.790630 5.849001 5.679465
vt 0.458333 1.000000
vn -1.000000 0.000000 -0.000000
v 105.790630 3.204236 -0.000000
vt 0.500000 0.000000
vn -1.000000 0.000000 -0.000000
v 105.790630 3.204236 5.679465
vt 0.458333 0.000000
vn -1.000000 0.000000 -0.000000
f 70/70/70 71/71/71 72/72/72
v 105.790630 5.849001 -0.000000
vt 0.500000 1.000000
vn -1.000000 0.000000 -0.000000
v 105.790630 5.849001 -5.679465
vt 0.541667 1.000000
vn -1.000000 0.000000 -0.000000
v 105.790630 3.204236 -5.679465
vt 0.541667 0.000000
vn -1.000000 0.000000 -0.000000
f 73/73/73 74/74/74 75/75/75
v 105.790630 5.849001 -0.000000
vt 0.500000 1.000000
vn -1.000000 0.000000 -0.000000
v 105.790630 3.204236 -5.679465
vt 0.541667 0.000000
vn -1.000000 0.000000 -0.000000
v 105.790630 3.204236 -0.000000
vt 0.500000 0.000000
vn -1.000000 0.000000 -0.000000
f 76/76/76 77/77/77 78/78/78
v 105.790630 5.849001 -5.679465
vt 0.541667 1.000000
vn -1.000000 0.000000 -0.000001
v 105.790630 5.849006 -11.358930
vt 0.583333 1.000000
vn -1.000000 0.000000 -0.000001
v 105.790630 3.204240 -11.358930
vt 0.583333 0.000000
vn -1.000000 0.000000 -0.000001
f 79/79/79 80/80/80 81/81/81
v 105.790630 5.849001 -5.679465
vt 0.541667 1.000000
vn -1.000000 0.000000 -0.000001
v 105.790630 3.204240 -11.358930
vt 0.583333 0.000000
vn -1.000000 0.000000 -0.000001
v 105.790630 3.204236 -5.679465
vt 0.541667 0.000000
vn -1.000000 0.000000 -0.000001
f 82/82/82 83/83/83 84/84/84
v 105.790630 5.849006 -11.358930
vt 0.583333 1.000000
vn -1.000000 0.000000 0.000001
v 105.790630 5.849125 -17.038395
vt 0.625000 1.000000
vn -1.000000 0.000000 0.000001
v 105.790630 3.204360 -17.038395
vt 0.625000 0.000000
vn -1.000000 0.000000 0.000001
f 85/85/85 86/86/86 87/87/87
v 105.790630 5.849006 -11.358930
vt 0.583333 1.000000
vn -1.000000 0.000000 0.000001
v 105.790630 3.204360 -17.038395
vt 0.625000 0.000000
vn -1.000000 0.000000 0.000001
v 105.790630 3.204240 -11.358930
vt 0.583333 0.000000
vn -1.000000 0.000000 0.000001
f 88/88/88 89/89/89 90/90/90
v 105.790630 5.849125 -17.038395
vt 0.625000 1.000000
vn -1.000000 0.000000 -0.000000
v 105.790630 5.850241 -22.717860
vt 0.666667 1.000000
vn -1.000000 0.000000 -0.000000
v 105.790630 3.205476 -22.717860
vt 0.666667 0.000000
vn -1.000000 0.000000 -0.000000
f 91/91/91 92/92/92 93/93/93
v 105.790630 5.849125 -17.038395
vt 0.625000 1.000000
vn -1.000000 0.000000 -0.000000
v 105.790630 3.205476 -22.717860
vt 0.666667 0.000000
vn -1.000000 0.000000 -0.000000
v 105.790630 3.204360 -17.038395
vt 0.625000 0.000000
vn -1.000000 0.000000 -0.000000
f 94/94/94 95/95/95 96/96/96
v 105.790630 5.850241 -22.717860
vt 0.666667 1.000000
vn -1.000000 0.000000 -0.000000
v 105.790630 5.856394 -28.397324
vt 0.708333 1.000000
vn -1.000000 0.000000 -0.000000
v 105.790630 3.211629 -28.397324
vt 0.708333 0.000000
vn -1.000000 0.000000 -0.000000
f 97/97/97 98/98/98 99/99/99
v 105.790630 5.850241 -22.717860
vt 0.666667 1.000000
vn -1.000000 0.000000 -0.000000
v 105.790630 3.211629 -28.397324
vt 0.708333 0.000000
vn -1.000000 0.000000 -0.000000
v 105.790630 3.205476 -22.717860
vt 0.666667 0.000000
vn -1.000000 0.000000 -0.000000
f 100/100/100 101/101/101 102/102/102
v 105.790630 5.856394 -28.397324
vt 0.708333 1.000000
vn -1.000000 0.000000 0.000001
v 105.790630 5.880789 -34.076789
vt 0.750000 1.000000
vn -1.000000 0.000000 0.000001
v 105.790630 3.236024 -34.076789
vt 0.750000 0.000000
vn -1.000000 0.000000 0.000001
f 103/103/103 104/104/104 105/105/105
v 105.790630 5.856394 -28.397324
vt 0.708333 1.000000
vn -1.000000 0.000000 0.000001
v 105.790630 3.236024 -34.076789
vt 0.750000 0.000000
vn -1.000000 0.000000 0.000001
v 105.790630 3.211629 -28.397324
vt 0.708333 0.000000
vn -1.000000 0.000000 0.000001
f 106/106/106 107/107/107 108/108/108
v 105.790630 5.880789 -34.076789
vt 0.750000 1.000000
vn -1.000000 0.000000 0.000001
v 105.790630 5.958105 -39.756253
vt 0.791667 1.000000
vn -1.000000 0.000000 0.000001
v 105.790630 3.313339 -39.756253
vt 0.791667 0.000000
vn -1.000000 0.000000 0.000001
f 109/109/109 110/110/110 111/111/111
v 105.790630 5.880789 -34.076789
vt 0.750000 1.000000
vn -1.000000 0.000000 0.000001
v 105.790630 3.313339 -39.756253
vt 0.791667 0.000000
vn -1.000000 0.000000 0.000001
v 105.790630 3.236024 -34.076789
vt 0.750000 0.000000
vn -1.000000 0.000000 0.000001
f 112/112/112 113/113/113 114/114/114
v 105.790630 5.958105 -39.756253
vt 0.791667 1.000000
vn -1.000000 0.000000 -0.000001
v 105.790630 6.166523 -45.435720
vt 0.833333 1.000000
vn -1.000000 0.000000 -0.000001
v 105.790630 3.521758 -45.435720
vt 0.833333 0.000000
vn -1.000000 0.000000 -0.000001
f 115/115/115 116/116/116 117/117/117
v 105.790630 5.958105 -39.756253
vt 0.791667 1.000000
vn -1.000000 0.000000 -0.000001
v 105.790630 3.521758 -45.435720
vt 0.833333 0.000000
vn -1.000000 0.000000 -0.000001
v 105.790630 3.313339 -39.756253
vt 0.791667 0.000000
vn -1.000000 0.000000 -0.000001
f 118/118/118 119/119/119 120/120/120
v 105.790630 6.166523 -45.435720
vt 0.833333 1.000000
vn -1.000000 0.000000 0.000000
v 105.790630 6.663694 -51.115184
vt 0.875000 1.000000
vn -1.000000 0.000000 0.000000
v 105.790630 4.018928 -51.115184
vt 0.875000 0.000000
vn -1.000000 0.000000 0.000000
f 121/121/121 122/122/122 123/123/123
v 105.790630 6.166523 -45.435720
vt 0.833333 1.000000
vn -1.000000 0.000000 0.000000
v 105.790630 4.018928 -51.115184
vt 0.875000 0.000000
vn -1.000000 0.000000 0.000000
v 105.790630 3.521758 -45.435720
vt 0.833333 0.000000
vn -1.000000 0.000000 0.000000
f 124/124/124 125/125/125 126/126/126
v 105.790630 6.663694 -51.115184
vt 0.875000 1.000000
vn -1.000000 0.000000 0.000001
v 105.790630 7.741579 -56.794648
vt 0.916667 1.000000
vn -1.000000 0.000000 0.000001
v 105.790630 5.096814 -56.794648
vt 0.916667 0.000000
vn -1.000000 0.000000 0.000001
f 127/127/127 128/128/128 129/129/129
v 105.790630 6.663694 -51.115184
vt 0.875000 1.000000
vn -1.000000 0.000000 0.000001
v 105.790630 5.096814 -56.794648
vt 0.916667 0.000000
vn -1.000000 0.000000 0.000001
v 105.790630 4.018928 -51.115184
vt 0.875000 0.000000
vn -1.000000 0.000000 0.000001
f 130/130/130 131/131/131 132/132/132
v 105.790630 7.741579 -56.794648
vt 0.916667 1.000000
vn -1.000000 0.000000 -0.000000
v 105.790630 9.905911 -62.474115
vt 0.958333 1.000000
vn -1.000000 0.000000 -0.000000
v 105.790630 7.261146 -62.474115
vt 0.958333 0.000000
vn -1.000000 0.000000 -0.000000
f 133/133/133 134/134/134 135/135/135
v 105.790630 7.741579 -56.794648
vt 0.916667 1.000000
vn -1.000000 0.000000 -0.000000
v 105.790630 7.261146 -62.474115
vt 0.958333 0.000000
vn -1.000000 0.000000 -0.000000
v 105.790630 5.096814 -56.794648
vt 0.916667 0.000000
vn -1.000000 0.000000 -0.000000
f 136/136/136 137/137/137 138/138/138
v 105.790630 9.905911 -62.474115
vt 0.958333 1.000000
vn -1.000000 0.000000 -0.000000
v 105.790630 13.986742 -68.153579
vt 1.000000 1.000000
vn -1.000000 0.000000 -0.000000
v 105.790630 11.341976 -68.153579
vt 1.000000 0.000000
vn -1.000000 0.000000 -0.000000
f 139/139/139 140/140/140 141/141/141
v 105.790630 9.905911 -62.474115
vt 0.958333 1.000000
vn -1.000000 0.000000 -0.000000
v 105.790630 11.341976 -68.153579
vt 1.000000 0.000000
vn -1.000000 0.000000 -0.000000
v 105.790630 7.261146 -62.474115
vt 0.958333 0.000000
vn -1.000000 0.000000 -0.000000
f 142/142/142 143/143/143 144/144/144
o Tile_end_course_/_left
usemtl Tile ends
v -105.790630 13.986742 68.153579
vt 0.000000 1.000000
vn -1.000000 0.000000 -0.000000
v -105.790630 9.905911 62.474115
vt 0.041667 1.000000
vn -1.000000 0.000000 -0.000000
v -105.790630 7.261146 62.474115
vt 0.041667 0.000000
vn -1.000000 0.000000 -0.000000
f 145/145/145 146/146/146 147/147/147
v -105.790630 13.986742 68.153579
vt 0.000000 1.000000
vn -1.000000 0.000000 -0.000000
v -105.790630 7.261146 62.474115
vt 0.041667 0.000000
vn -1.000000 0.000000 -0.000000
v -105.790630 11.341976 68.153579
vt 0.000000 0.000000
vn -1.000000 0.000000 -0.000000
f 148/148/148 149/149/149 150/150/150
v -105.790630 9.905911 62.474115
vt 0.041667 1.000000
vn -1.000000 0.000000 -0.000000
v -105.790630 7.741579 56.794648
vt 0.083333 1.000000
vn -1.000000 0.000000 -0.000000
v -105.790630 5.096814 56.794648
vt 0.083333 0.000000
vn -1.000000 0.000000 -0.000000
f 151/151/151 152/152/152 153/153/153
v -105.790630 9.905911 62.474115
vt 0.041667 1.000000
vn -1.000000 0.000000 -0.000000
v -105.790630 5.096814 56.794648
vt 0.083333 0.000000
vn -1.000000 0.000000 -0.000000
v -105.790630 7.261146 62.474115
vt 0.041667 0.000000
vn -1.000000 0.000000 -0.000000
f 154/154/154 155/155/155 156/156/156
v -105.790630 7.741579 56.794648
vt 0.083333 1.000000
vn -1.000000 0.000000 -0.000000
v -105.790630 6.663694 51.115184
vt 0.125000 1.000000
vn -1.000000 0.000000 -0.000000
v -105.790630 4.018928 51.115184
vt 0.125000 0.000000
vn -1.000000 0.000000 -0.000000
f 157/157/157 158/158/158 159/159/159
v -105.790630 7.741579 56.794648
vt 0.083333 1.000000
vn -1.000000 0.000000 -0.000000
v -105.790630 4.018928 51.115184
vt 0.125000 0.000000
vn -1.000000 0.000000 -0.000000
v -105.790630 5.096814 56.794648
vt 0.083333 0.000000
vn -1.000000 0.000000 -0.000000
f 160/160/160 161/161/161 162/162/162
v -105.790630 6.663694 51.115184
vt 0.125000 1.000000
vn -1.000000 0.000000 0.000000
v -105.790630 6.166523 45.435720
vt 0.166667 1.000000
vn -1.000000 0.000000 0.000000
v -105.790630 3.521758 45.435720
vt 0.166667 0.000000
vn -1.000000 0.000000 0.000000
f 163/163/163 164/164/164 165/165/165
v -105.790630 6.663694 51.115184
vt 0.125000 1.000000
vn -1.000000 0.000000 0.000000
v -105.790630 3.521758 45.435720
vt 0.166667 0.000000
vn -1.000000 0.000000 0.000000
v -105.790630 4.018928 51.115184
vt 0.125000 0.000000
vn -1.000000 0.000000 0.000000
f 166/166/166 167/167/167 168/168/168
v -105.790630 6.166523 45.435720
vt 0.166667 1.000000
vn -1.000000 0.000000 0.000000
v -105.790630 5.958105 39.756253
vt 0.208333 1.000000
vn -1.000000 0.000000 0.000000
v -105.790630 3.313339 39.756253
vt 0.208333 0.000000
vn -1.000000 0.000000 0.000000
f 169/169/169 170/170/170 171/171/171
v -105.790630 6.166523 45.435720
vt 0.166667 1.000000
vn -1.000000 0.000000 0.000000
v -105.790630 3.313339 39.756253
vt 0.208333 0.000000
vn -1.000000 0.000000 0.000000
v -105.790630 3.521758 45.435720
vt 0.166667 0.000000
vn -1.000000 0.000000 0.000000
f 172/172/172 173/173/173 174/174/174
v -105.790630 5.958105 39.756253
vt 0.208333 1.000000
vn -1.000000 0.000000 0.000001
v -105.790630 5.880789 34.076789
vt 0.250000 1.000000
vn -1.000000 0.000000 0.000001
v -105.790630 3.236024 34.076789
vt 0.250000 0.000000
vn -1.000000 0.000000 0.000001
f 175/175/175 176/176/176 177/177/177
v -105.790630 5.958105 39.756253
vt 0.208333 1.000000
vn -1.000000 0.000000 0.000001
v -105.790630 3.236024 34.076789
vt 0.250000 0.000000
vn -1.000000 0.000000 0.000001
v -105.790630 3.313339 39.756253
vt 0.208333 0.000000
vn -1.000000 0.000000 0.000001
f 178/178/178 179/179/179 180/180/180
v -105.790630 5.880789 34.076789
vt 0.250000 1.000000
vn -1.000000 0.000000 0.000001
v -105.790630 5.856394 28.397324
vt 0.291667 1.000000
vn -1.000000 0.000000 0.000001
v -105.790630 3.211629 28.397324
vt 0.291667 0.000000
vn -1.000000 0.000000 0.000001
f 181/181/181 182/182/182 183/183/183
v -105.790630 5.880789 34.076789
vt 0.250000 1.000000
vn -1.000000 0.000000 0.000001
v -105.790630 3.211629 28.397324
vt 0.291667 0.000000
vn -1.000000 0.000000 0.000001
v -105.790630 3.236024 34.076789
vt 0.250000 0.000000
vn -1.000000 0.000000 0.000001
f 184/184/184 185/185/185 186/186/186
v -105.790630 5.856394 28.397324
vt 0.291667 1.000000
vn -1.000000 0.000000 -0.000000
v -105.790630 5.850241 22.717860
vt 0.333333 1.000000
vn -1.000000 0.000000 -0.000000
v -105.790630 3.205476 22.717860
vt 0.333333 0.000000
vn -1.000000 0.000000 -0.000000
f 187/187/187 188/188/188 189/189/189
v -105.790630 5.856394 28.397324
vt 0.291667 1.000000
vn -1.000000 0.000000 -0.000000
v -105.790630 3.205476 22.717860
vt 0.333333 0.000000
vn -1.000000 0.000000 -0.000000
v -105.790630 3.211629 28.397324
vt 0.291667 0.000000
vn -1.000000 0.000000 -0.000000
f 190/190/190 191/191/191 192/192/192
v -105.790630 5.850241 22.717860
vt 0.333333 1.000000
vn -1.000000 0.000000 -0.000000
v -105.790630 5.849125 17.038395
vt 0.375000 1.000000
vn -1.000000 0.000000 -0.000000
v -105.790630 3.204360 17.038395
vt 0.375000 0.000000
vn -1.000000 0.000000 -0.000000
f 193/193/193 194/194/194 195/195/195
v -105.790630 5.850241 22.717860
vt 0.333333 1.000000
vn -1.000000 0.000000 -0.000000
v -105.790630 3.204360 17.038395
vt 0.375000 0.000000
vn -1.000000 0.000000 -0.000000
v -105.790630 3.205476 22.717860
vt 0.333333 0.000000
vn -1.000000 0.000000 -0.000000
f 196/196/196 197/197/197 198/198/198
v -105.790630 5.849125 17.038395
vt 0.375000 1.000000
vn -1.000000 0.000000 0.000001
v -105.790630 5.849006 11.358930
vt 0.416667 1.000000
vn -1.000000 0.000000 0.000001
v -105.790630 3.204240 11.358930
vt 0.416667 0.000000
vn -1.000000 0.000000 0.000001
f 199/199/199 200/200/200 201/201/201
v -105.790630 5.849125 17.038395
vt 0.375000 1.000000
vn -1.000000 0.000000 0.000001
v -105.790630 3.204240 11.358930
vt 0.416667 0.000000
vn -1.000000 0.000000 0.000001
v -105.790630 3.204360 17.038395
vt 0.375000 0.000000
vn -1.000000 0.000000 0.000001
f 202/202/202 203/203/203 204/204/204
v -105.790630 5.849006 11.358930
vt 0.416667 1.000000
vn -1.000000 0.000000 -0.000001
v -105.790630 5.849001 5.679465
vt 0.458333 1.000000
vn -1.000000 0.000000 -0.000001
v -105.790630 3.204236 5.679465
vt 0.458333 0.000000
vn -1.000000 0.000000 -0.000001
f 205/205/205 206/206/206 207/207/207
v -105.790630 5.849006 11.358930
vt 0.416667 1.000000
vn -1.000000 0.000000 -0.000001
v -105.790630 3.204236 5.679465
vt 0.458333 0.000000
vn -1.000000 0.000000 -0.000001
v -105.790630 3.204240 11.358930
vt 0.416667 0.000000
vn -1.000000 0.000000 -0.000001
f 208/208/208 209/209/209 210/210/210
v -105.790630 5.849001 5.679465
vt 0.458333 1.000000
vn -1.000000 0.000000 -0.000000
v -105.790630 5.849001 -0.000000
vt 0.500000 1.000000
vn -1.000000 0.000000 -0.000000
v -105.790630 3.204236 -0.000000
vt 0.500000 0.000000
vn -1.000000 0.000000 -0.000000
f 211/211/211 212/212/212 213/213/213
v -105.790630 5.849001 5.679465
vt 0.458333 1.000000
vn -1.000000 0.000000 -0.000000
v -105.790630 3.204236 -0.000000
vt 0.500000 0.000000
vn -1.000000 0.000000 -0.000000
v -105.790630 3.204236 5.679465
vt 0.458333 0.000000
vn -1.000000 0.000000 -0.000000
f 214/214/214 215/215/215 216/216/216
v -105.790630 5.849001 -0.000000
vt 0.500000 1.000000
vn -1.000000 0.000000 -0.000000
v -105.790630 5.849001 -5.679465
vt 0.541667 1.000000
vn -1.000000 0.000000 -0.000000
v -105.790630 3.204236 -5.679465
vt 0.541667 0.000000
vn -1.000000 0.000000 -0.000000
f 217/217/217 218/218/218 219/219/219
v -105.790630 5.849001 -0.000000
vt 0.500000 1.000000
vn -1.000000 0.000000 -0.000000
v -105.790630 3.204236 -5.679465
vt 0.541667 0.000000
vn -1.000000 0.000000 -0.000000
v -105.790630 3.204236 -0.000000
vt 0.500000 0.000000
vn -1.000000 0.000000 -0.000000
f 220/220/220 221/221/221 222/222/222
v -105.790630 5.849001 -5.679465
vt 0.541667 1.000000
vn -1.000000 0.000000 0.000001
v -105.790630 5.849006 -11.358930
vt 0.583333 1.000000
vn -1.000000 0.000000 0.000001
v -105.790630 3.204240 -11.358930
vt 0.583333 0.000000
vn -1.000000 0.000000 0.000001
f 223/223/223 224/224/224 225/225/225
v -105.790630 5.849001 -5.679465
vt 0.541667 1.000000
vn -1.000000 0.000000 0.000001
v -105.790630 3.204240 -11.358930
vt 0.583333 0.000000
vn -1.000000 0.000000 0.000001
v -105.790630 3.204236 -5.679465
vt 0.541667 0.000000
vn -1.000000 0.000000 0.000001
f 226/226/226 227/227/227 228/228/228
v -105.790630 5.849006 -11.358930
vt 0.583333 1.000000
vn -1.000000 0.000000 -0.000001
v -105.790630 5.849125 -17.038395
vt 0.625000 1.000000
vn -1.000000 0.000000 -0.000001
v -105.790630 3.204360 -17.038395
vt 0.625000 0.000000
vn -1.000000 0.000000 -0.000001
f 229/229/229 230/230/230 231/231/231
v -105.790630 5.849006 -11.358930
vt 0.583333 1.000000
vn -1.000000 0.000000 -0.000001
v -105.790630 3.204360 -17.038395
vt 0.625000 0.000000
vn -1.000000 0.000000 -0.000001
v -105.790630 3.204240 -11.358930
vt 0.583333 0.000000
vn -1.000000 0.000000 -0.000001
f 232/232/232 233/233/233 234/234/234
v -105.790630 5.849125 -17.038395
vt 0.625000 1.000000
vn -1.000000 0.000000 0.000000
v -105.790630 5.850241 -22.717860
vt 0.666667 1.000000
vn -1.000000 0.000000 0.000000
v -105.790630 3.205476 -22.717860
vt 0.666667 0.000000
vn -1.000000 0.000000 0.000000
f 235/235/235 236/236/236 237/237/237
v -105.790630 5.849125 -17.038395
vt 0.625000 1.000000
vn -1.000000 0.000000 0.000000
v -105.790630 3.205476 -22.717860
vt 0.666667 0.000000
vn -1.000000 0.000000 0.000000
v -105.790630 3.204360 -17.038395
vt 0.625000 0.000000
vn -1.000000 0.000000 0.000000
f 238/238/238 239/239/239 240/240/240
v -105.790630 5.850241 -22.717860
vt 0.666667 1.000000
vn -1.000000 0.000000 0.000000
v -105.790630 5.856394 -28.397324
vt 0.708333 1.000000
vn -1.000000 0.000000 0.000000
v -105.790630 3.211629 -28.397324
vt 0.708333 0.000000
vn -1.000000 0.000000 0.000000
f 241/241/241 242/242/242 243/243/243
v -105.790630 5.850241 -22.717860
vt 0.666667 1.000000
vn -1.000000 0.000000 0.000000
v -105.790630 3.211629 -28.397324
vt 0.708333 0.000000
vn -1.000000 0.000000 0.000000
v -105.790630 3.205476 -22.717860
vt 0.666667 0.000000
vn -1.000000 0.000000 0.000000
f 244/244/244 245/245/245 246/246/246
v -105.790630 5.856394 -28.397324
vt 0.708333 1.000000
vn -1.000000 0.000000 -0.000001
v -105.790630 5.880789 -34.076789
vt 0.750000 1.000000
vn -1.000000 0.000000 -0.000001
v -105.790630 3.236024 -34.076789
vt 0.750000 0.000000
vn -1.000000 0.000000 -0.000001
f 247/247/247 248/248/248 249/249/249
v -105.790630 5.856394 -28.397324
vt 0.708333 1.000000
vn -1.000000 0.000000 -0.000001
v -105.790630 3.236024 -34.076789
vt 0.750000 0.000000
vn -1.000000 0.000000 -0.000001
v -105.790630 3.211629 -28.397324
vt 0.708333 0.000000
vn -1.000000 0.000000 -0.000001
f 250/250/250 251/251/251 252/252/252
v -105.790630 5.880789 -34.076789
vt 0.750000 1.000000
vn -1.000000 0.000000 -0.000001
v -105.790630 5.958105 -39.756253
vt 0.791667 1.000000
vn -1.000000 0.000000 -0.000001
v -105.790630 3.313339 -39.756253
vt 0.791667 0.000000
vn -1.000000 0.000000 -0.000001
f 253/253/253 254/254/254 255/255/255
v -105.790630 5.880789 -34.076789
vt 0.750000 1.000000
vn -1.000000 0.000000 -0.000001
v -105.790630 3.313339 -39.756253
vt 0.791667 0.000000
vn -1.000000 0.000000 -0.000001
v -105.790630 3.236024 -34.076789
vt 0.750000 0.000000
vn -1.000000 0.000000 -0.000001
f 256/256/256 257/257/257 258/258/258
v -105.790630 5.958105 -39.756253
vt 0.791667 1.000000
vn -1.000000 0.000000 0.000001
v -105.790630 6.166523 -45.435720
vt 0.833333 1.000000
vn -1.000000 0.000000 0.000001
v -105.790630 3.521758 -45.435720
vt 0.833333 0.000000
vn -1.000000 0.000000 0.000001
f 259/259/259 260/260/260 261/261/261
v -105.790630 5.958105 -39.756253
vt 0.791667 1.000000
vn -1.000000 0.000000 0.000001
v -105.790630 3.521758 -45.435720
vt 0.833333 0.000000
vn -1.000000 0.000000 0.000001
v -105.790630 3.313339 -39.756253
vt 0.791667 0.000000
vn -1.000000 0.000000 0.000001
f 262/262/262 263/263/263 264/264/264
v -105.790630 6.166523 -45.435720
vt 0.833333 1.000000
vn -1.000000 0.000000 -0.000000
v -105.790630 6.663694 -51.115184
vt 0.875000 1.000000
vn -1.000000 0.000000 -0.000000
v -105.790630 4.018928 -51.115184
vt 0.875000 0.000000
vn -1.000000 0.000000 -0.000000
f 265/265/265 266/266/266 267/267/267
v -105.790630 6.166523 -45.435720
vt 0.833333 1.000000
vn -1.000000 0.000000 -0.000000
v -105.790630 4.018928 -51.115184
vt 0.875000 0.000000
vn -1.000000 0.000000 -0.000000
v -105.790630 3.521758 -45.435720
vt 0.833333 0.000000
vn -1.000000 0.000000 -0.000000
f 268/268/268 269/269/269 270/270/270
v -105.790630 6.663694 -51.115184
vt 0.875000 1.000000
vn -1.000000 0.000000 -0.000001
v -105.790630 7.741579 -56.794648
vt 0.916667 1.000000
vn -1.000000 0.000000 -0.000001
v -105.790630 5.096814 -56.794648
vt 0.916667 0.000000
vn -1.000000 0.000000 -0.000001
f 271/271/271 272/272/272 273/273/273
v -105.790630 6.663694 -51.115184
vt 0.875000 1.000000
vn -1.000000 0.000000 -0.000001
v -105.790630 5.096814 -56.794648
vt 0.916667 0.000000
vn -1.000000 0.000000 -0.000001
v -105.790630 4.018928 -51.115184
vt 0.875000 0.000000
vn -1.000000 0.000000 -0.000001
f 274/274/274 275/275/275 276/276/276
v -105.790630 7.741579 -56.794648
vt 0.916667 1.000000
vn -1.000000 0.000000 -0.000000
v -105.790630 9.905911 -62.474115
vt 0.958333 1.000000
vn -1.000000 0.000000 -0.000000
v -105.790630 7.261146 -62.474115
vt 0.958333 0.000000
vn -1.000000 0.000000 -0.000000
f 277/277/277 278/278/278 279/279/279
v -105.790630 7.741579 -56.794648
vt 0.916667 1.000000
vn -1.000000 0.000000 -0.000000
v -105.790630 7.261146 -62.474115
vt 0.958333 0.000000
vn -1.000000 0.000000 -0.000000
v -105.790630 5.096814 -56.794648
vt 0.916667 0.000000
vn -1.000000 0.000000 -0.000000
f 280/280/280 281/281/281 282/282/282
v -105.790630 9.905911 -62.474115
vt 0.958333 1.000000
vn -1.000000 0.000000 -0.000000
v -105.790630 13.986742 -68.153579
vt 1.000000 1.000000
vn -1.000000 0.000000 -0.000000
v -105.790630 11.341976 -68.153579
vt 1.000000 0.000000
vn -1.000000 0.000000 -0.000000
f 283/283/283 284/284/284 285/285/285
v -105.790630 9.905911 -62.474115
vt 0.958333 1.000000
vn -1.000000 0.000000 -0.000000
v -105.790630 11.341976 -68.153579
vt 1.000000 0.000000
vn -1.000000 0.000000 -0.000000
v -105.790630 7.261146 -62.474115
vt 0.958333 0.000000
vn -1.000000 0.000000 -0.000000
f 286/286/286 287/287/287 288/288/288
o Tile_end_course_/_front
usemtl Tile ends
v -105.790630 13.986742 68.153579
vt 0.000000 1.000000
vn 0.000000 0.000000 -1.000000
v -96.974746 9.905911 68.153579
vt 0.041667 1.000000
vn 0.000000 0.000000 -1.000000
v -96.974746 7.261146 68.153579
vt 0.041667 0.000000
vn 0.000000 0.000000 -1.000000
f 289/289/289 290/290/290 291/291/291
v -105.790630 13.986742 68.153579
vt 0.000000 1.000000
vn 0.000000 0.000000 -1.000000
v -96.974746 7.261146 68.153579
vt 0.041667 0.000000
vn 0.000000 0.000000 -1.000000
v -105.790630 11.341976 68.153579
vt 0.000000 0.000000
vn 0.000000 0.000000 -1.000000
f 292/292/292 293/293/293 294/294/294
v -96.974746 9.905911 68.153579
vt 0.041667 1.000000
vn 0.000000 0.000000 -1.000000
v -88.158855 7.741579 68.153579
vt 0.083333 1.000000
vn 0.000000 0.000000 -1.000000
v -88.158855 5.096814 68.153579
vt 0.083333 0.000000
vn 0.000000 0.000000 -1.000000
f 295/295/295 296/296/296 297/297/297
v -96.974746 9.905911 68.153579
vt 0.041667 1.000000
vn 0.000000 0.000000 -1.000000
v -88.158855 5.096814 68.153579
vt 0.083333 0.000000
vn 0.000000 0.000000 -1.000000
v -96.974746 7.261146 68.153579
vt 0.041667 0.000000
vn 0.000000 0.000000 -1.000000
f 298/298/298 299/299/299 300/300/300
v -88.158855 7.741579 68.153579
vt 0.083333 1.000000
vn 0.000000 0.000000 -1.000000
v -79.342972 6.663694 68.153579
vt 0.125000 1.000000
vn 0.000000 0.000000 -1.000000
v -79.342972 4.018928 68.153579
vt 0.125000 0.000000
vn 0.000000 0.000000 -1.000000
f 301/301/301 302/302/302 303/303/303
v -88.158855 7.741579 68.153579
vt 0.083333 1.000000
vn 0.000000 0.000000 -1.000000
v -79.342972 4.018928 68.153579
vt 0.125000 0.000000
vn 0.000000 0.000000 -1.000000
v -88.158855 5.096814 68.153579
vt 0.083333 0.000000
vn 0.000000 0.000000 -1.000000
f 304/304/304 305/305/305 306/306/306
v -79.342972 6.663694 68.153579
vt 0.125000 1.000000
vn 0.000000 0.000000 -1.000000
v -70.527089 6.166523 68.153579
vt 0.166667 1.000000
vn 0.000000 0.000000 -1.000000
v -70.527089 3.521758 68.153579
vt 0.166667 0.000000
vn 0.000000 0.000000 -1.000000
f 307/307/307 308/308/308 309/309/309
v -79.342972 6.663694 68.153579
vt 0.125000 1.000000
vn 0.000000 0.000000 -1.000000
v -70.527089 3.521758 68.153579
vt 0.166667 0.000000
vn 0.000000 0.000000 -1.000000
v -79.342972 4.018928 68.153579
vt 0.125000 0.000000
vn 0.000000 0.000000 -1.000000
f 310/310/310 311/311/311 312/312/312
v -70.527089 6.166523 68.153579
vt 0.166667 1.000000
vn 0.000000 0.000000 -1.000000
v -61.711202 5.958105 68.153579
vt 0.208333 1.000000
vn 0.000000 0.000000 -1.000000
v -61.711202 3.313339 68.153579
vt 0.208333 0.000000
vn 0.000000 0.000000 -1.000000
f 313/313/313 314/314/314 315/315/315
v -70.527089 6.166523 68.153579
vt 0.166667 1.000000
vn 0.000000 0.000000 -1.000000
v -61.711202 3.313339 68.153579
vt 0.208333 0.000000
vn 0.000000 0.000000 -1.000000
v -70.527089 3.521758 68.153579
vt 0.166667 0.000000
vn 0.000000 0.000000 -1.000000
f 316/316/316 317/317/317 318/318/318
v -61.711202 5.958105 68.153579
vt 0.208333 1.000000
vn 0.000000 0.000000 -1.000000
v -52.895315 5.880789 68.153579
vt 0.250000 1.000000
vn 0.000000 0.000000 -1.000000
v -52.895315 3.236024 68.153579
vt 0.250000 0.000000
vn 0.000000 0.000000 -1.000000
f 319/319/319 320/320/320 321/321/321
v -61.711202 5.958105 68.153579
vt 0.208333 1.000000
vn 0.000000 0.000000 -1.000000
v -52.895315 3.236024 68.153579
vt 0.250000 0.000000
vn 0.000000 0.000000 -1.000000
v -61.711202 3.313339 68.153579
vt 0.208333 0.000000
vn 0.000000 0.000000 -1.000000
f 322/322/322 323/323/323 324/324/324
v -52.895315 5.880789 68.153579
vt 0.250000 1.000000
vn 0.000000 0.000000 -1.000000
v -44.079428 5.856394 68.153579
vt 0.291667 1.000000
vn 0.000000 0.000000 -1.000000
v -44.079428 3.211629 68.153579
vt 0.291667 0.000000
vn 0.000000 0.000000 -1.000000
f 325/325/325 326/326/326 327/327/327
v -52.895315 5.880789 68.153579
vt 0.250000 1.000000
vn 0.000000 0.000000 -1.000000
v -44.079428 3.211629 68.153579
vt 0.291667 0.000000
vn 0.000000 0.000000 -1.000000
v -52.895315 3.236024 68.153579
vt 0.250000 0.000000
vn 0.000000 0.000000 -1.000000
f 328/328/328 329/329/329 330/330/330
v -44.079428 5.856394 68.153579
vt 0.291667 1.000000
vn 0.000000 0.000000 -1.000000
v -35.263545 5.850241 68.153579
vt 0.333333 1.000000
vn 0.000000 0.000000 -1.000000
v -35.263545 3.205476 68.153579
vt 0.333333 0.000000
vn 0.000000 0.000000 -1.000000
f 331/331/331 332/332/332 333/333/333
v -44.079428 5.856394 68.153579
vt 0.291667 1.000000
vn 0.000000 0.000000 -1.000000
v -35.263545 3.205476 68.153579
vt 0.333333 0.000000
vn 0.000000 0.000000 -1.000000
v -44.079428 3.211629 68.153579
vt 0.291667 0.000000
vn 0.000000 0.000000 -1.000000
f 334/334/334 335/335/335 336/336/336
v -35.263545 5.850241 68.153579
vt 0.333333 1.000000
vn 0.000000 0.000000 -1.000000
v -26.447657 5.849125 68.153579
vt 0.375000 1.000000
vn 0.000000 0.000000 -1.000000
v -26.447657 3.204360 68.153579
vt 0.375000 0.000000
vn 0.000000 0.000000 -1.000000
f 337/337/337 338/338/338 339/339/339
v -35.263545 5.850241 68.153579
vt 0.333333 1.000000
vn 0.000000 0.000000 -1.000000
v -26.447657 3.204360 68.153579
vt 0.375000 0.000000
vn 0.000000 0.000000 -1.000000
v -35.263545 3.205476 68.153579
vt 0.333333 0.000000
vn 0.000000 0.000000 -1.000000
f 340/340/340 341/341/341 342/342/342
v -26.447657 5.849125 68.153579
vt 0.375000 1.000000
vn 0.000000 0.000000 -1.000000
v -17.631772 5.849006 68.153579
vt 0.416667 1.000000
vn 0.000000 0.000000 -1.000000
v -17.631772 3.204240 68.153579
vt 0.416667 0.000000
vn 0.000000 0.000000 -1.000000
f 343/343/343 344/344/344 345/345/345
v -26.447657 5.849125 68.153579
vt 0.375000 1.000000
vn 0.000000 0.000000 -1.000000
v -17.631772 3.204240 68.153579
vt 0.416667 0.000000
vn 0.000000 0.000000 -1.000000
v -26.447657 3.204360 68.153579
vt 0.375000 0.000000
vn 0.000000 0.000000 -1.000000
f 346/346/346 347/347/347 348/348/348
v -17.631772 5.849006 68.153579
vt 0.416667 1.000000
vn 0.000000 0.000000 -1.000000
v -8.815886 5.849001 68.153579
vt 0.458333 1.000000
vn 0.000000 0.000000 -1.000000
v -8.815886 3.204236 68.153579
vt 0.458333 0.000000
vn 0.000000 0.000000 -1.000000
f 349/349/349 350/350/350 351/351/351
v -17.631772 5.849006 68.153579
vt 0.416667 1.000000
vn 0.000000 0.000000 -1.000000
v -8.815886 3.204236 68.153579
vt 0.458333 0.000000
vn 0.000000 0.000000 -1.000000
v -17.631772 3.204240 68.153579
vt 0.416667 0.000000
vn 0.000000 0.000000 -1.000000
f 352/352/352 353/353/353 354/354/354
v -8.815886 5.849001 68.153579
vt 0.458333 1.000000
vn 0.000000 0.000000 -1.000000
v 0.000000 5.849001 68.153579
vt 0.500000 1.000000
vn 0.000000 0.000000 -1.000000
v 0.000000 3.204236 68.153579
vt 0.500000 0.000000
vn 0.000000 0.000000 -1.000000
f 355/355/355 356/356/356 357/357/357
v -8.815886 5.849001 68.153579
vt 0.458333 1.000000
vn 0.000000 0.000000 -1.000000
v 0.000000 3.204236 68.153579
vt 0.500000 0.000000
vn 0.000000 0.000000 -1.000000
v -8.815886 3.204236 68.153579
vt 0.458333 0.000000
vn 0.000000 0.000000 -1.000000
f 358/358/358 359/359/359 360/360/360
v 0.000000 5.849001 68.153579
vt 0.500000 1.000000
vn 0.000000 0.000000 -1.000000
v 8.815886 5.849001 68.153579
vt 0.541667 1.000000
vn 0.000000 0.000000 -1.000000
v 8.815886 3.204236 68.153579
vt 0.541667 0.000000
vn 0.000000 0.000000 -1.000000
f 361/361/361 362/362/362 363/363/363
v 0.000000 5.849001 68.153579
vt 0.500000 1.000000
vn 0.000000 0.000000 -1.000000
v 8.815886 3.204236 68.153579
vt 0.541667 0.000000
vn 0.000000 0.000000 -1.000000
v 0.000000 3.204236 68.153579
vt 0.500000 0.000000
vn 0.000000 0.000000 -1.000000
f 364/364/364 365/365/365 366/366/366
v 8.815886 5.849001 68.153579
vt 0.541667 1.000000
vn 0.000000 0.000000 -1.000000
v 17.631772 5.849006 68.153579
vt 0.583333 1.000000
vn 0.000000 0.000000 -1.000000
v 17.631772 3.204240 68.153579
vt 0.583333 0.000000
vn 0.000000 0.000000 -1.000000
f 367/367/367 368/368/368 369/369/369
v 8.815886 5.849001 68.153579
vt 0.541667 1.000000
vn 0.000000 0.000000 -1.000000
v 17.631772 3.204240 68.153579
vt 0.583333 0.000000
vn 0.000000 0.000000 -1.000000
v 8.815886 3.204236 68.153579
vt 0.541667 0.000000
vn 0.000000 0.000000 -1.000000
f 370/370/370 371/371/371 372/372/372
v 17.631772 5.849006 68.153579
vt 0.583333 1.000000
vn 0.000000 0.000000 -1.000000
v 26.447657 5.849125 68.153579
vt 0.625000 1.000000
vn 0.000000 0.000000 -1.000000
v 26.447657 3.204360 68.153579
vt 0.625000 0.000000
vn 0.000000 0.000000 -1.000000
f 373/373/373 374/374/374 375/375/375
v 17.631772 5.849006 68.153579
vt 0.583333 1.000000
vn 0.000000 0.000000 -1.000000
v 26.447657 3.204360 68.153579
vt 0.625000 0.000000
vn 0.000000 0.000000 -1.000000
v 17.631772 3.204240 68.153579
vt 0.583333 0.000000
vn 0.000000 0.000000 -1.000000
f 376/376/376 377/377/377 378/378/378
v 26.447657 5.849125 68.153579
vt 0.625000 1.000000
vn 0.000000 0.000000 -1.000000
v 35.263545 5.850241 68.153579
vt 0.666667 1.000000
vn 0.000000 0.000000 -1.000000
v 35.263545 3.205476 68.153579
vt 0.666667 0.000000
vn 0.000000 0.000000 -1.000000
f 379/379/379 380/380/380 381/381/381
v 26.447657 5.849125 68.153579
vt 0.625000 1.000000
vn 0.000000 0.000000 -1.000000
v 35.263545 3.205476 68.153579
vt 0.666667 0.000000
vn 0.000000 0.000000 -1.000000
v 26.447657 3.204360 68.153579
vt 0.625000 0.000000
vn 0.000000 0.000000 -1.000000
f 382/382/382 383/383/383 384/384/384
v 35.263545 5.850241 68.153579
vt 0.666667 1.000000
vn 0.000000 0.000000 -1.000000
v 44.079428 5.856394 68.153579
vt 0.708333 1.000000
vn 0.000000 0.000000 -1.000000
v 44.079428 3.211629 68.153579
vt 0.708333 0.000000
vn 0.000000 0.000000 -1.000000
f 385/385/385 386/386/386 387/387/387
v 35.263545 5.850241 68.153579
vt 0.666667 1.000000
vn 0.000000 0.000000 -1.000000
v 44.079428 3.211629 68.153579
vt 0.708333 0.000000
vn 0.000000 0.000000 -1.000000
v 35.263545 3.205476 68.153579
vt 0.666667 0.000000
vn 0.000000 0.000000 -1.000000
f 388/388/388 389/389/389 390/390/390
v 44.079428 5.856394 68.153579
vt 0.708333 1.000000
vn 0.000000 0.000000 -1.000000
v 52.895315 5.880789 68.153579
vt 0.750000 1.000000
vn 0.000000 0.000000 -1.000000
v 52.895315 3.236024 68.153579
vt 0.750000 0.000000
vn 0.000000 0.000000 -1.000000
f 391/391/391 392/392/392 393/393/393
v 44.079428 5.856394 68.153579
vt 0.708333 1.000000
vn 0.000000 0.000000 -1.000000
v 52.895315 3.236024 68.153579
vt 0.750000 0.000000
vn 0.000000 0.000000 -1.000000
v 44.079428 3.211629 68.153579
vt 0.708333 0.000000
vn 0.000000 0.000000 -1.000000
f 394/394/394 395/395/395 396/396/396
v 52.895315 5.880789 68.153579
vt 0.750000 1.000000
vn 0.000000 0.000000 -1.000000
v 61.711202 5.958105 68.153579
vt 0.791667 1.000000
vn 0.000000 0.000000 -1.000000
v 61.711202 3.313339 68.153579
vt 0.791667 0.000000
vn 0.000000 0.000000 -1.000000
f 397/397/397 398/398/398 399/399/399
v 52.895315 5.880789 68.153579
vt 0.750000 1.000000
vn 0.000000 0.000000 -1.000000
v 61.711202 3.313339 68.153579
vt 0.791667 0.000000
vn 0.000000 0.000000 -1.000000
v 52.895315 3.236024 68.153579
vt 0.750000 0.000000
vn 0.000000 0.000000 -1.000000
f 400/400/400 401/401/401 402/402/402
v 61.711202 5.958105 68.153579
vt 0.791667 1.000000
vn 0.000000 0.000000 -1.000000
v 70.527089 6.166523 68.153579
vt 0.833333 1.000000
vn 0.000000 0.000000 -1.000000
v 70.527089 3.521758 68.153579
vt 0.833333 0.000000
vn 0.000000 0.000000 -1.000000
f 403/403/403 404/404/404 405/405/405
v 61.711202 5.958105 68.153579
vt 0.791667 1.000000
vn 0.000000 0.000000 -1.000000
v 70.527089 3.521758 68.153579
vt 0.833333 0.000000
vn 0.000000 0.000000 -1.000000
v 61.711202 3.313339 68.153579
vt 0.791667 0.000000
vn 0.000000 0.000000 -1.000000
f 406/406/406 407/407/407 408/408/408
v 70.527089 6.166523 68.153579
vt 0.833333 1.000000
vn 0.000000 0.000000 -1.000000
v 79.342972 6.663694 68.153579
vt 0.875000 1.000000
vn 0.000000 0.000000 -1.000000
v 79.342972 4.018928 68.153579
vt 0.875000 0.000000
vn 0.000000 0.000000 -1.000000
f 409/409/409 410/410/410 411/411/411
v 70.527089 6.166523 68.153579
vt 0.833333 1.000000
vn 0.000000 0.000000 -1.000000
v 79.342972 4.018928 68.153579
vt 0.875000 0.000000
vn 0.000000 0.000000 -1.000000
v 70.527089 3.521758 68.153579
vt 0.833333 0.000000
vn 0.000000 0.000000 -1.000000
f 412/412/412 413/413/413 414/414/414
v 79.342972 6.663694 68.153579
vt 0.875000 1.000000
vn 0.000000 0.000000 -1.000000
v 88.158855 7.741579 68.153579
vt 0.916667 1.000000
vn 0.000000 0.000000 -1.000000
v 88.158855 5.096814 68.153579
vt 0.916667 0.000000
vn 0.000000 0.000000 -1.000000
f 415/415/415 416/416/416 417/417/417
v 79.342972 6.663694 68.153579
vt 0.875000 1.000000
vn 0.000000 0.000000 -1.000000
v 88.158855 5.096814 68.153579
vt 0.916667 0.000000
vn 0.000000 0.000000 -1.000000
v 79.342972 4.018928 68.153579
vt 0.875000 0.000000
vn 0.000000 0.000000 -1.000000
f 418/418/418 419/419/419 420/420/420
v 88.158855 7.741579 68.153579
vt 0.916667 1.000000
vn 0.000000 0.000000 -1.000000
v 96.974746 9.905911 68.153579
vt 0.958333 1.000000
vn 0.000000 0.000000 -1.000000
v 96.974746 7.261146 68.153579
vt 0.958333 0.000000
vn 0.000000 0.000000 -1.000000
f 421/421/421 422/422/422 423/423/423
v 88.158855 7.741579 68.153579
vt 0.916667 1.000000
vn 0.000000 0.000000 -1.000000
v 96.974746 7.261146 68.153579
vt 0.958333 0.000000
vn 0.000000 0.000000 -1.000000
v 88.158855 5.096814 68.153579
vt 0.916667 0.000000
vn 0.000000 0.000000 -1.000000
f 424/424/424 425/425/425 426/426/426
v 96.974746 9.905911 68.153579
vt 0.958333 1.000000
vn 0.000000 0.000000 -1.000000
v 105.790630 13.986742 68.153579
vt 1.000000 1.000000
vn 0.000000 0.000000 -1.000000
v 105.790630 11.341976 68.153579
vt 1.000000 0.000000
vn 0.000000 0.000000 -1.000000
f 427/427/427 428/428/428 429/429/429
v 96.974746 9.905911 68.153579
vt 0.958333 1.000000
vn 0.000000 0.000000 -1.000000
v 105.790630 11.341976 68.153579
vt 1.000000 0.000000
vn 0.000000 0.000000 -1.000000
v 96.974746 7.261146 68.153579
vt 0.958333 0.000000
vn 0.000000 0.000000 -1.000000
f 430/430/430 431/431/431 432/432/432
o Tile_end_course_/_back
usemtl Tile ends
v -105.790630 13.986742 -68.153579
vt 0.000000 1.000000
vn 0.000000 0.000000 -1.000000
v -96.974746 9.905911 -68.153579
vt 0.041667 1.000000
vn 0.000000 0.000000 -1.000000
v -96.974746 7.261146 -68.153579
vt 0.041667 0.000000
vn 0.000000 0.000000 -1.000000
f 433/433/433 434/434/434 435/435/435
v -105.790630 13.986742 -68.153579
vt 0.000000 1.000000
vn 0.000000 0.000000 -1.000000
v -96.974746 7.261146 -68.153579
vt 0.041667 0.000000
vn 0.000000 0.000000 -1.000000
v -105.790630 11.341976 -68.153579
vt 0.000000 0.000000
vn 0.000000 0.000000 -1.000000
f 436/436/436 437/437/437 438/438/438
v -96.974746 9.905911 -68.153579
vt 0.041667 1.000000
vn 0.000000 0.000000 -1.000000
v -88.158855 7.741579 -68.153579
vt 0.083333 1.000000
vn 0.000000 0.000000 -1.000000
v -88.158855 5.096814 -68.153579
vt 0.083333 0.000000
vn 0.000000 0.000000 -1.000000
f 439/439/439 440/440/440 441/441/441
v -96.974746 9.905911 -68.153579
vt 0.041667 1.000000
vn 0.000000 0.000000 -1.000000
v -88.158855 5.096814 -68.153579
vt 0.083333 0.000000
vn 0.000000 0.000000 -1.000000
v -96.974746 7.261146 -68.153579
vt 0.041667 0.000000
vn 0.000000 0.000000 -1.000000
f 442/442/442 443/443/443 444/444/444
v -88.158855 7.741579 -68.153579
vt 0.083333 1.000000
vn 0.000000 0.000000 -1.000000
v -79.342972 6.663694 -68.153579
vt 0.125000 1.000000
vn 0.000000 0.000000 -1.000000
v -79.342972 4.018928 -68.153579
vt 0.125000 0.000000
vn 0.000000 0.000000 -1.000000
f 445/445/445 446/446/446 447/447/447
v -88.158855 7.741579 -68.153579
vt 0.083333 1.000000
vn 0.000000 0.000000 -1.000000
v -79.342972 4.018928 -68.153579
vt 0.125000 0.000000
vn 0.000000 0.000000 -1.000000
v -88.158855 5.096814 -68.153579
vt 0.083333 0.000000
vn 0.000000 0.000000 -1.000000
f 448/448/448 449/449/449 450/450/450
v -79.342972 6.663694 -68.153579
vt 0.125000 1.000000
vn 0.000000 0.000000 -1.000000
v -70.527089 6.166523 -68.153579
vt 0.166667 1.000000
vn 0.000000 0.000000 -1.000000
v -70.527089 3.521758 -68.153579
vt 0.166667 0.000000
vn 0.000000 0.000000 -1.000000
f 451/451/451 452/452/452 453/453/453
v -79.342972 6.663694 -68.153579
vt 0.125000 1.000000
vn 0.000000 0.000000 -1.000000
v -70.527089 3.521758 -68.153579
vt 0.166667 0.000000
vn 0.000000 0.000000 -1.000000
v -79.342972 4.018928 -68.153579
vt 0.125000 0.000000
vn 0.000000 0.000000 -1.000000
f 454/454/454 455/455/455 456/456/456
v -70.527089 6.166523 -68.153579
vt 0.166667 1.000000
vn 0.000000 0.000000 -1.000000
v -61.711202 5.958105 -68.153579
vt 0.208333 1.000000
vn 0.000000 0.000000 -1.000000
v -61.711202 3.313339 -68.153579
vt 0.208333 0.000000
vn 0.000000 0.000000 -1.000000
f 457/457/457 458/458/458 459/459/459
v -70.527089 6.166523 -68.153579
vt 0.166667 1.000000
vn 0.000000 0.000000 -1.000000
v -61.711202 3.313339 -68.153579
vt 0.208333 0.000000
vn 0.000000 0.000000 -1.000000
v -70.527089 3.521758 -68.153579
vt 0.166667 0.000000
vn 0.000000 0.000000 -1.000000
f 460/460/460 461/461/461 462/462/462
v -61.711202 5.958105 -68.153579
vt 0.208333 1.000000
vn 0.000000 0.000000 -1.000000
v -52.895315 5.880789 -68.153579
vt 0.250000 1.000000
vn 0.000000 0.000000 -1.000000
v -52.895315 3.236024 -68.153579
vt 0.250000 0.000000
vn 0.000000 0.000000 -1.000000
f 463/463/463 464/464/464 465/465/465
v -61.711202 5.958105 -68.153579
vt 0.208333 1.000000
vn 0.000000 0.000000 -1.000000
v -52.895315 3.236024 -68.153579
vt 0.250000 0.000000
vn 0.000000 0.000000 -1.000000
v -61.711202 3.313339 -68.153579
vt 0.208333 0.000000
vn 0.000000 0.000000 -1.000000
f 466/466/466 467/467/467 468/468/468
v -52.895315 5.880789 -68.153579
vt 0.250000 1.000000
vn 0.000000 0.000000 -1.000000
v -44.079428 5.856394 -68.153579
vt 0.291667 1.000000
vn 0.000000 0.000000 -1.000000
v -44.079428 3.211629 -68.153579
vt 0.291667 0.000000
vn 0.000000 0.000000 -1.000000
f 469/469/469 470/470/470 471/471/471
v -52.895315 5.880789 -68.153579
vt 0.250000 1.000000
vn 0.000000 0.000000 -1.000000
v -44.079428 3.211629 -68.153579
vt 0.291667 0.000000
vn 0.000000 0.000000 -1.000000
v -52.895315 3.236024 -68.153579
vt 0.250000 0.000000
vn 0.000000 0.000000 -1.000000
f 472/472/472 473/473/473 474/474/474
v -44.079428 5.856394 -68.153579
vt 0.291667 1.000000
vn 0.000000 0.000000 -1.000000
v -35.263545 5.850241 -68.153579
vt 0.333333 1.000000
vn 0.000000 0.000000 -1.000000
v -35.263545 3.205476 -68.153579
vt 0.333333 0.000000
vn 0.000000 0.000000 -1.000000
f 475/475/475 476/476/476 477/477/477
v -44.079428 5.856394 -68.153579
vt 0.291667 1.000000
vn 0.000000 0.000000 -1.000000
v -35.263545 3.205476 -68.153579
vt 0.333333 0.000000
vn 0.000000 0.000000 -1.000000
v -44.079428 3.211629 -68.153579
vt 0.291667 0.000000
vn 0.000000 0.000000 -1.000000
f 478/478/478 479/479/479 480/480/480
v -35.263545 5.850241 -68.153579
vt 0.333333 1.000000
vn 0.000000 0.000000 -1.000000
v -26.447657 5.849125 -68.153579
vt 0.375000 1.000000
vn 0.000000 0.000000 -1.000000
v -26.447657 3.204360 -68.153579
vt 0.375000 0.000000
vn 0.000000 0.000000 -1.000000
f 481/481/481 482/482/482 483/483/483
v -35.263545 5.850241 -68.153579
vt 0.333333 1.000000
vn 0.000000 0.000000 -1.000000
v -26.447657 3.204360 -68.153579
vt 0.375000 0.000000
vn 0.000000 0.000000 -1.000000
v -35.263545 3.205476 -68.153579
vt 0.333333 0.000000
vn 0.000000 0.000000 -1.000000
f 484/484/484 485/485/485 486/486/486
v -26.447657 5.849125 -68.153579
vt 0.375000 1.000000
vn 0.000000 0.000000 -1.000000
v -17.631772 5.849006 -68.153579
vt 0.416667 1.000000
vn 0.000000 0.000000 -1.000000
v -17.631772 3.204240 -68.153579
vt 0.416667 0.000000
vn 0.000000 0.000000 -1.000000
f 487/487/487 488/488/488 489/489/489
v -26.447657 5.849125 -68.153579
vt 0.375000 1.000000
vn 0.000000 0.000000 -1.000000
v -17.631772 3.204240 -68.153579
vt 0.416667 0.000000
vn 0.000000 0.000000 -1.000000
v -26.447657 3.204360 -68.153579
vt 0.375000 0.000000
vn 0.000000 0.000000 -1.000000
f 490/490/490 491/491/491 492/492/492
v -17.631772 5.849006 -68.153579
vt 0.416667 1.000000
vn 0.000000 0.000000 -1.000000
v -8.815886 5.849001 -68.153579
vt 0.458333 1.000000
vn 0.000000 0.000000 -1.000000
v -8.815886 3.204236 -68.153579
vt 0.458333 0.000000
vn 0.000000 0.000000 -1.000000
f 493/493/493 494/494/494 495/495/495
v -17.631772 5.849006 -68.153579
vt 0.416667 1.000000
vn 0.000000 0.000000 -1.000000
v -8.815886 3.204236 -68.153579
vt 0.458333 0.000000
vn 0.000000 0.000000 -1.000000
v -17.631772 3.204240 -68.153579
vt 0.416667 0.000000
vn 0.000000 0.000000 -1.000000
f 496/496/496 497/497/497 498/498/498
v -8.815886 5.849001 -68.153579
vt 0.458333 1.000000
vn 0.000000 0.000000 -1.000000
v 0.000000 5.849001 -68.153579
vt 0.500000 1.000000
vn 0.000000 0.000000 -1.000000
v 0.000000 3.204236 -68.153579
vt 0.500000 0.000000
vn 0.000000 0.000000 -1.000000
f 499/499/499 500/500/500 501/501/501
v -8.815886 5.849001 -68.153579
vt 0.458333 1.000000
vn 0.000000 0.000000 -1.000000
v 0.000000 3.204236 -68.153579
vt 0.500000 0.000000
vn 0.000000 0.000000 -1.000000
v -8.815886 3.204236 -68.153579
vt 0.458333 0.000000
vn 0.000000 0.000000 -1.000000
f 502/502/502 503/503/503 504/504/504
v 0.000000 5.849001 -68.153579
vt 0.500000 1.000000
vn 0.000000 0.000000 -1.000000
v 8.815886 5.849001 -68.153579
vt 0.541667 1.000000
vn 0.000000 0.000000 -1.000000
v 8.815886 3.204236 -68.153579
vt 0.541667 0.000000
vn 0.000000 0.000000 -1.000000
f 505/505/505 506/506/506 507/507/507
v 0.000000 5.849001 -68.153579
vt 0.500000 1.000000
vn 0.000000 0.000000 -1.000000
v 8.815886 3.204236 -68.153579
vt 0.541667 0.000000
vn 0.000000 0.000000 -1.000000
v 0.000000 3.204236 -68.153579
vt 0.500000 0.000000
vn 0.000000 0.000000 -1.000000
f 508/508/508 509/509/509 510/510/510
v 8.815886 5.849001 -68.153579
vt 0.541667 1.000000
vn 0.000000 0.000000 -1.000000
v 17.631772 5.849006 -68.153579
vt 0.583333 1.000000
vn 0.000000 0.000000 -1.000000
v 17.631772 3.204240 -68.153579
vt 0.583333 0.000000
vn 0.000000 0.000000 -1.000000
f 511/511/511 512/512/512 513/513/513
v 8.815886 5.849001 -68.153579
vt 0.541667 1.000000
vn 0.000000 0.000000 -1.000000
v 17.631772 3.204240 -68.153579
vt 0.583333 0.000000
vn 0.000000 0.000000 -1.000000
v 8.815886 3.204236 -68.153579
vt 0.541667 0.000000
vn 0.000000 0.000000 -1.000000
f 514/514/514 515/515/515 516/516/516
v 17.631772 5.849006 -68.153579
vt 0.583333 1.000000
vn 0.000000 0.000000 -1.000000
v 26.447657 5.849125 -68.153579
vt 0.625000 1.000000
vn 0.000000 0.000000 -1.000000
v 26.447657 3.204360 -68.153579
vt 0.625000 0.000000
vn 0.000000 0.000000 -1.000000
f 517/517/517 518/518/518 519/519/519
v 17.631772 5.849006 -68.153579
vt 0.583333 1.000000
vn 0.000000 0.000000 -1.000000
v 26.447657 3.204360 -68.153579
vt 0.625000 0.000000
vn 0.000000 0.000000 -1.000000
v 17.631772 3.204240 -68.153579
vt 0.583333 0.000000
vn 0.000000 0.000000 -1.000000
f 520/520/520 521/521/521 522/522/522
v 26.447657 5.849125 -68.153579
vt 0.625000 1.000000
vn 0.000000 0.000000 -1.000000
v 35.263545 5.850241 -68.153579
vt 0.666667 1.000000
vn 0.000000 0.000000 -1.000000
v 35.263545 3.205476 -68.153579
vt 0.666667 0.000000
vn 0.000000 0.000000 -1.000000
f 523/523/523 524/524/524 525/525/525
v 26.447657 5.849125 -68.153579
vt 0.625000 1.000000
vn 0.000000 0.000000 -1.000000
v 35.263545 3.205476 -68.153579
vt 0.666667 0.000000
vn 0.000000 0.000000 -1.000000
v 26.447657 3.204360 -68.153579
vt 0.625000 0.000000
vn 0.000000 0.000000 -1.000000
f 526/526/526 527/527/527 528/528/528
v 35.263545 5.850241 -68.153579
vt 0.666667 1.000000
vn 0.000000 0.000000 -1.000000
v 44.079428 5.856394 -68.153579
vt 0.708333 1.000000
vn 0.000000 0.000000 -1.000000
v 44.079428 3.211629 -68.153579
vt 0.708333 0.000000
vn 0.000000 0.000000 -1.000000
f 529/529/529 530/530/530 531/531/531
v 35.263545 5.850241 -68.153579
vt 0.666667 1.000000
vn 0.000000 0.000000 -1.000000
v 44.079428 3.211629 -68.153579
vt 0.708333 0.000000
vn 0.000000 0.000000 -1.000000
v 35.263545 3.205476 -68.153579
vt 0.666667 0.000000
vn 0.000000 0.000000 -1.000000
f 532/532/532 533/533/533 534/534/534
v 44.079428 5.856394 -68.153579
vt 0.708333 1.000000
vn 0.000000 0.000000 -1.000000
v 52.895315 5.880789 -68.153579
vt 0.750000 1.000000
vn 0.000000 0.000000 -1.000000
v 52.895315 3.236024 -68.153579
vt 0.750000 0.000000
vn 0.000000 0.000000 -1.000000
f 535/535/535 536/536/536 537/537/537
v 44.079428 5.856394 -68.153579
vt 0.708333 1.000000
vn 0.000000 0.000000 -1.000000
v 52.895315 3.236024 -68.153579
vt 0.750000 0.000000
vn 0.000000 0.000000 -1.000000
v 44.079428 3.211629 -68.153579
vt 0.708333 0.000000
vn 0.000000 0.000000 -1.000000
f 538/538/538 539/539/539 540/540/540
v 52.895315 5.880789 -68.153579
vt 0.750000 1.000000
vn 0.000000 0.000000 -1.000000
v 61.711202 5.958105 -68.153579
vt 0.791667 1.000000
vn 0.000000 0.000000 -1.000000
v 61.711202 3.313339 -68.153579
vt 0.791667 0.000000
vn 0.000000 0.000000 -1.000000
f 541/541/541 542/542/542 543/543/543
v 52.895315 5.880789 -68.153579
vt 0.750000 1.000000
vn 0.000000 0.000000 -1.000000
v 61.711202 3.313339 -68.153579
vt 0.791667 0.000000
vn 0.000000 0.000000 -1.000000
v 52.895315 3.236024 -68.153579
vt 0.750000 0.000000
vn 0.000000 0.000000 -1.000000
f 544/544/544 545/545/545 546/546/546
v 61.711202 5.958105 -68.153579
vt 0.791667 1.000000
vn 0.000000 0.000000 -1.000000
v 70.527089 6.166523 -68.153579
vt 0.833333 1.000000
vn 0.000000 0.000000 -1.000000
v 70.527089 3.521758 -68.153579
vt 0.833333 0.000000
vn 0.000000 0.000000 -1.000000
f 547/547/547 548/548/548 549/549/549
v 61.711202 5.958105 -68.153579
vt 0.791667 1.000000
vn 0.000000 0.000000 -1.000000
v 70.527089 3.521758 -68.153579
vt 0.833333 0.000000
vn 0.000000 0.000000 -1.000000
v 61.711202 3.313339 -68.153579
vt 0.791667 0.000000
vn 0.000000 0.000000 -1.000000
f 550/550/550 551/551/551 552/552/552
v 70.527089 6.166523 -68.153579
vt 0.833333 1.000000
vn 0.000000 0.000000 -1.000000
v 79.342972 6.663694 -68.153579
vt 0.875000 1.000000
vn 0.000000 0.000000 -1.000000
v 79.342972 4.018928 -68.153579
vt 0.875000 0.000000
vn 0.000000 0.000000 -1.000000
f 553/553/553 554/554/554 555/555/555
v 70.527089 6.166523 -68.153579
vt 0.833333 1.000000
vn 0.000000 0.000000 -1.000000
v 79.342972 4.018928 -68.153579
vt 0.875000 0.000000
vn 0.000000 0.000000 -1.000000
v 70.527089 3.521758 -68.153579
vt 0.833333 0.000000
vn 0.000000 0.000000 -1.000000
f 556/556/556 557/557/557 558/558/558
v 79.342972 6.663694 -68.153579
vt 0.875000 1.000000
vn 0.000000 0.000000 -1.000000
v 88.158855 7.741579 -68.153579
vt 0.916667 1.000000
vn 0.000000 0.000000 -1.000000
v 88.158855 5.096814 -68.153579
vt 0.916667 0.000000
vn 0.000000 0.000000 -1.000000
f 559/559/559 560/560/560 561/561/561
v 79.342972 6.663694 -68.153579
vt 0.875000 1.000000
vn 0.000000 0.000000 -1.000000
v 88.158855 5.096814 -68.153579
vt 0.916667 0.000000
vn 0.000000 0.000000 -1.000000
v 79.342972 4.018928 -68.153579
vt 0.875000 0.000000
vn 0.000000 0.000000 -1.000000
f 562/562/562 563/563/563 564/564/564
v 88.158855 7.741579 -68.153579
vt 0.916667 1.000000
vn 0.000000 0.000000 -1.000000
v 96.974746 9.905911 -68.153579
vt 0.958333 1.000000
vn 0.000000 0.000000 -1.000000
v 96.974746 7.261146 -68.153579
vt 0.958333 0.000000
vn 0.000000 0.000000 -1.000000
f 565/565/565 566/566/566 567/567/567
v 88.158855 7.741579 -68.153579
vt 0.916667 1.000000
vn 0.000000 0.000000 -1.000000
v 96.974746 7.261146 -68.153579
vt 0.958333 0.000000
vn 0.000000 0.000000 -1.000000
v 88.158855 5.096814 -68.153579
vt 0.916667 0.000000
vn 0.000000 0.000000 -1.000000
f 568/568/568 569/569/569 570/570/570
v 96.974746 9.905911 -68.153579
vt 0.958333 1.000000
vn 0.000000 0.000000 -1.000000
v 105.790630 13.986742 -68.153579
vt 1.000000 1.000000
vn 0.000000 0.000000 -1.000000
v 105.790630 11.341976 -68.153579
vt 1.000000 0.000000
vn 0.000000 0.000000 -1.000000
f 571/571/571 572/572/572 573/573/573
v 96.974746 9.905911 -68.153579
vt 0.958333 1.000000
vn 0.000000 0.000000 -1.000000
v 105.790630 11.341976 -68.153579
vt 1.000000 0.000000
vn 0.000000 0.000000 -1.000000
v 96.974746 7.261146 -68.153579
vt 0.958333 0.000000
vn 0.000000 0.000000 -1.000000
f 574/574/574 575/575/575 576/576/576
o Roof_underside
usemtl Old timber
v -105.790630 -1.017218 -68.153579
vt 0.000000 0.000000
vn 0.000000 -1.000000 -0.000000
v 105.790630 -1.017218 -68.153579
vt 1.000000 0.000000
vn 0.000000 -1.000000 -0.000000
v 105.790630 -1.017218 68.153579
vt 1.000000 1.000000
vn 0.000000 -1.000000 -0.000000
f 577/577/577 578/578/578 579/579/579
v -105.790630 -1.017218 -68.153579
vt 0.000000 0.000000
vn 0.000000 -1.000000 -0.000000
v 105.790630 -1.017218 68.153579
vt 1.000000 1.000000
vn 0.000000 -1.000000 -0.000000
v -105.790630 -1.017218 68.153579
vt 0.000000 1.000000
vn 0.000000 -1.000000 -0.000000
f 580/580/580 581/581/581 582/582/582
o Roof_slope_/_right
usemtl Photographed tiles
v 59.242754 39.555412 8.178429
vt 0.440000 0.880000
vn 0.827206 0.561876 -0.005075
v 59.242754 39.546185 7.156126
vt 0.447500 0.880000
vn 0.827206 0.561876 -0.005075
v 52.895315 48.826444 -0.000000
vt 0.500000 1.000000
vn 0.827206 0.561876 -0.005075
f 583/583/583 584/584/584 585/585/585
v 59.242754 39.555412 8.178429
vt 0.440000 0.880000
vn 0.827206 0.561876 -0.005075
v 52.895315 48.826444 -0.000000
vt 0.500000 1.000000
vn 0.827206 0.561876 -0.005075
v 52.895315 48.826444 -0.000000
vt 0.500000 1.000000
vn 0.827206 0.561876 -0.005075
f 586/586/586 587/587/587 588/588/588
v 59.242754 39.546185 7.156126
vt 0.447500 0.880000
vn 0.826076 0.563555 -0.001887
v 59.242754 39.542758 6.133822
vt 0.455000 0.880000
vn 0.826076 0.563555 -0.001887
v 52.895315 48.826444 -0.000000
vt 0.500000 1.000000
vn 0.826076 0.563555 -0.001887
f 589/589/589 590/590/590 591/591/591
v 59.242754 39.546185 7.156126
vt 0.447500 0.880000
vn 0.826076 0.563555 -0.001887
v 52.895315 48.826444 -0.000000
vt 0.500000 1.000000
vn 0.826076 0.563555 -0.001887
v 52.895315 48.826444 -0.000000
vt 0.500000 1.000000
vn 0.826076 0.563555 -0.001887
f 592/592/592 593/593/593 594/594/594
v 59.242754 39.542758 6.133822
vt 0.455000 0.880000
vn 0.825678 0.564141 -0.000593
v 59.242754 39.541680 5.111519
vt 0.462500 0.880000
vn 0.825678 0.564141 -0.000593
v 52.895315 48.826444 -0.000000
vt 0.500000 1.000000
vn 0.825678 0.564141 -0.000593
f 595/595/595 596/596/596 597/597/597
v 59.242754 39.542758 6.133822
vt 0.455000 0.880000
vn 0.825678 0.564141 -0.000593
v 52.895315 48.826444 -0.000000
vt 0.500000 1.000000
vn 0.825678 0.564141 -0.000593
v 52.895315 48.826444 -0.000000
vt 0.500000 1.000000
vn 0.825678 0.564141 -0.000593
f 598/598/598 599/599/599 600/600/600
v 59.242754 39.541680 5.111519
vt 0.462500 0.880000
vn 0.825566 0.564306 -0.000154
v 59.242754 39.541408 4.089215
vt 0.470000 0.880000
vn 0.825566 0.564306 -0.000154
v 52.895315 48.826444 -0.000000
vt 0.500000 1.000000
vn 0.825566 0.564306 -0.000154
f 601/601/601 602/602/602 603/603/603
v 59.242754 39.541680 5.111519
vt 0.462500 0.880000
vn 0.825566 0.564306 -0.000154
v 52.895315 48.826444 -0.000000
vt 0.500000 1.000000
vn 0.825566 0.564306 -0.000154
v 52.895315 48.826444 -0.000000
vt 0.500000 1.000000
vn 0.825566 0.564306 -0.000154
f 604/604/604 605/605/605 606/606/606
v 59.242754 39.541408 4.089215
vt 0.470000 0.880000
vn 0.825540 0.564344 -0.000033
v 59.242754 39.541358 3.066911
vt 0.477500 0.880000
vn 0.825540 0.564344 -0.000033
v 52.895315 48.826444 -0.000000
vt 0.500000 1.000000
vn 0.825540 0.564344 -0.000033
f 607/607/607 608/608/608 609/609/609
v 59.242754 39.541408 4.089215
vt 0.470000 0.880000
vn 0.825540 0.564344 -0.000033
v 52.895315 48.826444 -0.000000
vt 0.500000 1.000000
vn 0.825540 0.564344 -0.000033
v 52.895315 48.826444 -0.000000
vt 0.500000 1.000000
vn 0.825540 0.564344 -0.000033
f 610/610/610 611/611/611 612/612/612
v 59.242754 39.541358 3.066911
vt 0.477500 0.880000
vn 0.825536 0.564349 -0.000005
v 59.242754 39.541350 2.044607
vt 0.485000 0.880000
vn 0.825536 0.564349 -0.000005
v 52.895315 48.826444 -0.000000
vt 0.500000 1.000000
vn 0.825536 0.564349 -0.000005
f 613/613/613 614/614/614 615/615/615
v 59.242754 39.541358 3.066911
vt 0.477500 0.880000
vn 0.825536 0.564349 -0.000005
v 52.895315 48.826444 -0.000000
vt 0.500000 1.000000
vn 0.825536 0.564349 -0.000005
v 52.895315 48.826444 -0.000000
vt 0.500000 1.000000
vn 0.825536 0.564349 -0.000005
f 616/616/616 617/617/617 618/618/618
v 59.242754 39.541350 2.044607
vt 0.485000 0.880000
vn 0.825536 0.564349 -0.000000
v 59.242754 39.541350 1.022304
vt 0.492500 0.880000
vn 0.825536 0.564349 -0.000000
v 52.895315 48.826444 -0.000000
vt 0.500000 1.000000
vn 0.825536 0.564349 -0.000000
f 619/619/619 620/620/620 621/621/621
v 59.242754 39.541350 2.044607
vt 0.485000 0.880000
vn 0.825536 0.564349 -0.000000
v 52.895315 48.826444 -0.000000
vt 0.500000 1.000000
vn 0.825536 0.564349 -0.000000
v 52.895315 48.826444 -0.000000
vt 0.500000 1.000000
vn 0.825536 0.564349 -0.000000
f 622/622/622 623/623/623 624/624/624
v 59.242754 39.541350 1.022304
vt 0.492500 0.880000
vn 0.825536 0.564349 -0.000000
v 59.242754 39.541350 -0.000000
vt 0.500000 0.880000
vn 0.825536 0.564349 -0.000000
v 52.895315 48.826444 -0.000000
vt 0.500000 1.000000
vn 0.825536 0.564349 -0.000000
f 625/625/625 626/626/626 627/627/627
v 59.242754 39.541350 1.022304
vt 0.492500 0.880000
vn 0.825536 0.564349 -0.000000
v 52.895315 48.826444 -0.000000
vt 0.500000 1.000000
vn 0.825536 0.564349 -0.000000
v 52.895315 48.826444 -0.000000
vt 0.500000 1.000000
vn 0.825536 0.564349 -0.000000
f 628/628/628 629/629/629 630/630/630
v 59.242754 39.541350 -0.000000
vt 0.500000 0.880000
vn 0.825536 0.564349 -0.000000
v 59.242754 39.541350 -1.022304
vt 0.507500 0.880000
vn 0.825536 0.564349 -0.000000
v 52.895315 48.826444 -0.000000
vt 0.500000 1.000000
vn 0.825536 0.564349 -0.000000
f 631/631/631 632/632/632 633/633/633
v 59.242754 39.541350 -0.000000
vt 0.500000 0.880000
vn 0.825536 0.564349 -0.000000
v 52.895315 48.826444 -0.000000
vt 0.500000 1.000000
vn 0.825536 0.564349 -0.000000
v 52.895315 48.826444 -0.000000
vt 0.500000 1.000000
vn 0.825536 0.564349 -0.000000
f 634/634/634 635/635/635 636/636/636
v 59.242754 39.541350 -1.022304
vt 0.507500 0.880000
vn 0.825536 0.564349 -0.000000
v 59.242754 39.541350 -2.044607
vt 0.515000 0.880000
vn 0.825536 0.564349 -0.000000
v 52.895315 48.826444 -0.000000
vt 0.500000 1.000000
vn 0.825536 0.564349 -0.000000
f 637/637/637 638/638/638 639/639/639
v 59.242754 39.541350 -1.022304
vt 0.507500 0.880000
vn 0.825536 0.564349 -0.000000
v 52.895315 48.826444 -0.000000
vt 0.500000 1.000000
vn 0.825536 0.564349 -0.000000
v 52.895315 48.826444 -0.000000
vt 0.500000 1.000000
vn 0.825536 0.564349 -0.000000
f 640/640/640 641/641/641 642/642/642
v 59.242754 39.541350 -2.044607
vt 0.515000 0.880000
vn 0.825536 0.564349 0.000005
v 59.242754 39.541358 -3.066911
vt 0.522500 0.880000
vn 0.825536 0.564349 0.000005
v 52.895315 48.826444 -0.000000
vt 0.500000 1.000000
vn 0.825536 0.564349 0.000005
f 643/643/643 644/644/644 645/645/645
v 59.242754 39.541350 -2.044607
vt 0.515000 0.880000
vn 0.825536 0.564349 0.000005
v 52.895315 48.826444 -0.000000
vt 0.500000 1.000000
vn 0.825536 0.564349 0.000005
v 52.895315 48.826444 -0.000000
vt 0.500000 1.000000
vn 0.825536 0.564349 0.000005
f 646/646/646 647/647/647 648/648/648
v 59.242754 39.541358 -3.066911
vt 0.522500 0.880000
vn 0.825540 0.564344 0.000033
v 59.242754 39.541408 -4.089215
vt 0.530000 0.880000
vn 0.825540 0.564344 0.000033
v 52.895315 48.826444 -0.000000
vt 0.500000 1.000000
vn 0.825540 0.564344 0.000033
f 649/649/649 650/650/650 651/651/651
v 59.242754 39.541358 -3.066911
vt 0.522500 0.880000
vn 0.825540 0.564344 0.000033
v 52.895315 48.826444 -0.000000
vt 0.500000 1.000000
vn 0.825540 0.564344 0.000033
v 52.895315 48.826444 -0.000000
vt 0.500000 1.000000
vn 0.825540 0.564344 0.000033
f 652/652/652 653/653/653 654/654/654
v 59.242754 39.541408 -4.089215
vt 0.530000 0.880000
vn 0.825566 0.564306 0.000154
v 59.242754 39.541680 -5.111519
vt 0.537500 0.880000
vn 0.825566 0.564306 0.000154
v 52.895315 48.826444 -0.000000
vt 0.500000 1.000000
vn 0.825566 0.564306 0.000154
f 655/655/655 656/656/656 657/657/657
v 59.242754 39.541408 -4.089215
vt 0.530000 0.880000
vn 0.825566 0.564306 0.000154
v 52.895315 48.826444 -0.000000
vt 0.500000 1.000000
vn 0.825566 0.564306 0.000154
v 52.895315 48.826444 -0.000000
vt 0.500000 1.000000
vn 0.825566 0.564306 0.000154
f 658/658/658 659/659/659 660/660/660
v 59.242754 39.541680 -5.111519
vt 0.537500 0.880000
vn 0.825679 0.564139 0.000593
v 59.242754 39.542758 -6.133822
vt 0.545000 0.880000
vn 0.825679 0.564139 0.000593
v 52.895315 48.826444 -0.000000
vt 0.500000 1.000000
vn 0.825679 0.564139 0.000593
f 661/661/661 662/662/662 663/663/663
v 59.242754 39.541680 -5.111519
vt 0.537500 0.880000
vn 0.825679 0.564139 0.000593
v 52.895315 48.826444 -0.000000
vt 0.500000 1.000000
vn 0.825679 0.564139 0.000593
v 52.895315 48.826444 -0.000000
vt 0.500000 1.000000
vn 0.825679 0.564139 0.000593
f 664/664/664 665/665/665 666/666/666
v 59.242754 39.542758 -6.133822
vt 0.545000 0.880000
vn 0.826076 0.563555 0.001887
v 59.242754 39.546185 -7.156126
vt 0.552500 0.880000
vn 0.826076 0.563555 0.001887
v 52.895315 48.826444 -0.000000
vt 0.500000 1.000000
vn 0.826076 0.563555 0.001887
f 667/667/667 668/668/668 669/669/669
v 59.242754 39.542758 -6.133822
vt 0.545000 0.880000
vn 0.826076 0.563555 0.001887
v 52.895315 48.826444 -0.000000
vt 0.500000 1.000000
vn 0.826076 0.563555 0.001887
v 52.895315 48.826444 -0.000000
vt 0.500000 1.000000
vn 0.826076 0.563555 0.001887
f 670/670/670 671/671/671 672/672/672
v 59.242754 39.546185 -7.156126
vt 0.552500 0.880000
vn 0.827206 0.561876 0.005075
v 59.242754 39.555412 -8.178429
vt 0.560000 0.880000
vn 0.827206 0.561876 0.005075
v 52.895315 48.826444 -0.000000
vt 0.500000 1.000000
vn 0.827206 0.561876 0.005075
f 673/673/673 674/674/674 675/675/675
v 59.242754 39.546185 -7.156126
vt 0.552500 0.880000
vn 0.827206 0.561876 0.005075
v 52.895315 48.826444 -0.000000
vt 0.500000 1.000000
vn 0.827206 0.561876 0.005075
v 52.895315 48.826444 -0.000000
vt 0.500000 1.000000
vn 0.827206 0.561876 0.005075
f 676/676/676 677/677/677 678/678/678
v 66.119144 30.501445 17.038395
vt 0.375000 0.750000
vn 0.805027 0.592982 -0.017434
v 66.119144 30.417984 14.908595
vt 0.390625 0.750000
vn 0.805027 0.592982 -0.017434
v 59.242754 39.546185 7.156126
vt 0.447500 0.880000
vn 0.805027 0.592982 -0.017434
f 679/679/679 680/680/680 681/681/681
v 66.119144 30.501445 17.038395
vt 0.375000 0.750000
vn 0.805027 0.592982 -0.017434
v 59.242754 39.546185 7.156126
vt 0.447500 0.880000
vn 0.805027 0.592982 -0.017434
v 59.242754 39.555412 8.178429
vt 0.440000 0.880000
vn 0.805027 0.592982 -0.017434
f 682/682/682 683/683/683 684/684/684
v 66.119144 30.417984 14.908595
vt 0.390625 0.750000
vn 0.801607 0.597816 -0.006525
v 66.119144 30.387022 12.778796
vt 0.406250 0.750000
vn 0.801607 0.597816 -0.006525
v 59.242754 39.542758 6.133822
vt 0.455000 0.880000
vn 0.801607 0.597816 -0.006525
f 685/685/685 686/686/686 687/687/687
v 66.119144 30.417984 14.908595
vt 0.390625 0.750000
vn 0.801607 0.597816 -0.006525
v 59.242754 39.542758 6.133822
vt 0.455000 0.880000
vn 0.801607 0.597816 -0.006525
v 59.242754 39.546185 7.156126
vt 0.447500 0.880000
vn 0.801607 0.597816 -0.006525
f 688/688/688 689/689/689 690/690/690
v 66.119144 30.387022 12.778796
vt 0.406250 0.750000
vn 0.800391 0.599475 -0.002061
v 66.119144 30.377253 10.648997
vt 0.421875 0.750000
vn 0.800391 0.599475 -0.002061
v 59.242754 39.541680 5.111519
vt 0.462500 0.880000
vn 0.800391 0.599475 -0.002061
f 691/691/691 692/692/692 693/693/693
v 66.119144 30.387022 12.778796
vt 0.406250 0.750000
vn 0.800391 0.599475 -0.002061
v 59.242754 39.541680 5.111519
vt 0.462500 0.880000
vn 0.800391 0.599475 -0.002061
v 59.242754 39.542758 6.133822
vt 0.455000 0.880000
vn 0.800391 0.599475 -0.002061
f 694/694/694 695/695/695 696/696/696
v 66.119144 30.377253 10.648997
vt 0.421875 0.750000
vn 0.800042 0.599944 -0.000522
v 66.119144 30.374789 8.519197
vt 0.437500 0.750000
vn 0.800042 0.599944 -0.000522
v 59.242754 39.541408 4.089215
vt 0.470000 0.880000
vn 0.800042 0.599944 -0.000522
f 697/697/697 698/698/698 699/699/699
v 66.119144 30.377253 10.648997
vt 0.421875 0.750000
vn 0.800042 0.599944 -0.000522
v 59.242754 39.541408 4.089215
vt 0.470000 0.880000
vn 0.800042 0.599944 -0.000522
v 59.242754 39.541680 5.111519
vt 0.462500 0.880000
vn 0.800042 0.599944 -0.000522
f 700/700/700 701/701/701 702/702/702
v 66.119144 30.374789 8.519197
vt 0.437500 0.750000
vn 0.799966 0.600046 -0.000093
v 66.119144 30.374343 6.389398
vt 0.453125 0.750000
vn 0.799966 0.600046 -0.000093
v 59.242754 39.541358 3.066911
vt 0.477500 0.880000
vn 0.799966 0.600046 -0.000093
f 703/703/703 704/704/704 705/705/705
v 66.119144 30.374789 8.519197
vt 0.437500 0.750000
vn 0.799966 0.600046 -0.000093
v 59.242754 39.541358 3.066911
vt 0.477500 0.880000
vn 0.799966 0.600046 -0.000093
v 59.242754 39.541408 4.089215
vt 0.470000 0.880000
vn 0.799966 0.600046 -0.000093
f 706/706/706 707/707/707 708/708/708
v 66.119144 30.374343 6.389398
vt 0.453125 0.750000
vn 0.799955 0.600060 -0.000013
v 66.119144 30.374294 4.259599
vt 0.468750 0.750000
vn 0.799955 0.600060 -0.000013
v 59.242754 39.541350 2.044607
vt 0.485000 0.880000
vn 0.799955 0.600060 -0.000013
f 709/709/709 710/710/710 711/711/711
v 66.119144 30.374343 6.389398
vt 0.453125 0.750000
vn 0.799955 0.600060 -0.000013
v 59.242754 39.541350 2.044607
vt 0.485000 0.880000
vn 0.799955 0.600060 -0.000013
v 59.242754 39.541358 3.066911
vt 0.477500 0.880000
vn 0.799955 0.600060 -0.000013
f 712/712/712 713/713/713 714/714/714
v 66.119144 30.374294 4.259599
vt 0.468750 0.750000
vn 0.799954 0.600061 -0.000000
v 66.119144 30.374293 2.129799
vt 0.484375 0.750000
vn 0.799954 0.600061 -0.000000
v 59.242754 39.541350 1.022304
vt 0.492500 0.880000
vn 0.799954 0.600061 -0.000000
f 715/715/715 716/716/716 717/717/717
v 66.119144 30.374294 4.259599
vt 0.468750 0.750000
vn 0.799954 0.600061 -0.000000
v 59.242754 39.541350 1.022304
vt 0.492500 0.880000
vn 0.799954 0.600061 -0.000000
v 59.242754 39.541350 2.044607
vt 0.485000 0.880000
vn 0.799954 0.600061 -0.000000
f 718/718/718 719/719/719 720/720/720
v 66.119144 30.374293 2.129799
vt 0.484375 0.750000
vn 0.799954 0.600061 -0.000000
v 66.119144 30.374293 -0.000000
vt 0.500000 0.750000
vn 0.799954 0.600061 -0.000000
v 59.242754 39.541350 -0.000000
vt 0.500000 0.880000
vn 0.799954 0.600061 -0.000000
f 721/721/721 722/722/722 723/723/723
v 66.119144 30.374293 2.129799
vt 0.484375 0.750000
vn 0.799954 0.600061 -0.000000
v 59.242754 39.541350 -0.000000
vt 0.500000 0.880000
vn 0.799954 0.600061 -0.000000
v 59.242754 39.541350 1.022304
vt 0.492500 0.880000
vn 0.799954 0.600061 -0.000000
f 724/724/724 725/725/725 726/726/726
v 66.119144 30.374293 -0.000000
vt 0.500000 0.750000
vn 0.799954 0.600061 -0.000000
v 66.119144 30.374293 -2.129799
vt 0.515625 0.750000
vn 0.799954 0.600061 -0.000000
v 59.242754 39.541350 -1.022304
vt 0.507500 0.880000
vn 0.799954 0.600061 -0.000000
f 727/727/727 728/728/728 729/729/729
v 66.119144 30.374293 -0.000000
vt 0.500000 0.750000
vn 0.799954 0.600061 -0.000000
v 59.242754 39.541350 -1.022304
vt 0.507500 0.880000
vn 0.799954 0.600061 -0.000000
v 59.242754 39.541350 -0.000000
vt 0.500000 0.880000
vn 0.799954 0.600061 -0.000000
f 730/730/730 731/731/731 732/732/732
v 66.119144 30.374293 -2.129799
vt 0.515625 0.750000
vn 0.799954 0.600061 -0.000000
v 66.119144 30.374294 -4.259599
vt 0.531250 0.750000
vn 0.799954 0.600061 -0.000000
v 59.242754 39.541350 -2.044607
vt 0.515000 0.880000
vn 0.799954 0.600061 -0.000000
f 733/733/733 734/734/734 735/735/735
v 66.119144 30.374293 -2.129799
vt 0.515625 0.750000
vn 0.799954 0.600061 -0.000000
v 59.242754 39.541350 -2.044607
vt 0.515000 0.880000
vn 0.799954 0.600061 -0.000000
v 59.242754 39.541350 -1.022304
vt 0.507500 0.880000
vn 0.799954 0.600061 -0.000000
f 736/736/736 737/737/737 738/738/738
v 66.119144 30.374294 -4.259599
vt 0.531250 0.750000
vn 0.799955 0.600060 0.000013
v 66.119144 30.374343 -6.389398
vt 0.546875 0.750000
vn 0.799955 0.600060 0.000013
v 59.242754 39.541358 -3.066911
vt 0.522500 0.880000
vn 0.799955 0.600060 0.000013
f 739/739/739 740/740/740 741/741/741
v 66.119144 30.374294 -4.259599
vt 0.531250 0.750000
vn 0.799955 0.600060 0.000013
v 59.242754 39.541358 -3.066911
vt 0.522500 0.880000
vn 0.799955 0.600060 0.000013
v 59.242754 39.541350 -2.044607
vt 0.515000 0.880000
vn 0.799955 0.600060 0.000013
f 742/742/742 743/743/743 744/744/744
v 66.119144 30.374343 -6.389398
vt 0.546875 0.750000
vn 0.799966 0.600046 0.000093
v 66.119144 30.374789 -8.519197
vt 0.562500 0.750000
vn 0.799966 0.600046 0.000093
v 59.242754 39.541408 -4.089215
vt 0.530000 0.880000
vn 0.799966 0.600046 0.000093
f 745/745/745 746/746/746 747/747/747
v 66.119144 30.374343 -6.389398
vt 0.546875 0.750000
vn 0.799966 0.600046 0.000093
v 59.242754 39.541408 -4.089215
vt 0.530000 0.880000
vn 0.799966 0.600046 0.000093
v 59.242754 39.541358 -3.066911
vt 0.522500 0.880000
vn 0.799966 0.600046 0.000093
f 748/748/748 749/749/749 750/750/750
v 66.119144 30.374789 -8.519197
vt 0.562500 0.750000
vn 0.800042 0.599944 0.000522
v 66.119144 30.377253 -10.648997
vt 0.578125 0.750000
vn 0.800042 0.599944 0.000522
v 59.242754 39.541680 -5.111519
vt 0.537500 0.880000
vn 0.800042 0.599944 0.000522
f 751/751/751 752/752/752 753/753/753
v 66.119144 30.374789 -8.519197
vt 0.562500 0.750000
vn 0.800042 0.599944 0.000522
v 59.242754 39.541680 -5.111519
vt 0.537500 0.880000
vn 0.800042 0.599944 0.000522
v 59.242754 39.541408 -4.089215
vt 0.530000 0.880000
vn 0.800042 0.599944 0.000522
f 754/754/754 755/755/755 756/756/756
v 66.119144 30.377253 -10.648997
vt 0.578125 0.750000
vn 0.800391 0.599475 0.002061
v 66.119144 30.387022 -12.778796
vt 0.593750 0.750000
vn 0.800391 0.599475 0.002061
v 59.242754 39.542758 -6.133822
vt 0.545000 0.880000
vn 0.800391 0.599475 0.002061
f 757/757/757 758/758/758 759/759/759
v 66.119144 30.377253 -10.648997
vt 0.578125 0.750000
vn 0.800391 0.599475 0.002061
v 59.242754 39.542758 -6.133822
vt 0.545000 0.880000
vn 0.800391 0.599475 0.002061
v 59.242754 39.541680 -5.111519
vt 0.537500 0.880000
vn 0.800391 0.599475 0.002061
f 760/760/760 761/761/761 762/762/762
v 66.119144 30.387022 -12.778796
vt 0.593750 0.750000
vn 0.801607 0.597816 0.006525
v 66.119144 30.417984 -14.908595
vt 0.609375 0.750000
vn 0.801607 0.597816 0.006525
v 59.242754 39.546185 -7.156126
vt 0.552500 0.880000
vn 0.801607 0.597816 0.006525
f 763/763/763 764/764/764 765/765/765
v 66.119144 30.387022 -12.778796
vt 0.593750 0.750000
vn 0.801607 0.597816 0.006525
v 59.242754 39.546185 -7.156126
vt 0.552500 0.880000
vn 0.801607 0.597816 0.006525
v 59.242754 39.542758 -6.133822
vt 0.545000 0.880000
vn 0.801607 0.597816 0.006525
f 766/766/766 767/767/767 768/768/768
v 66.119144 30.417984 -14.908595
vt 0.609375 0.750000
vn 0.805027 0.592982 0.017434
v 66.119144 30.501445 -17.038395
vt 0.625000 0.750000
vn 0.805027 0.592982 0.017434
v 59.242754 39.555412 -8.178429
vt 0.560000 0.880000
vn 0.805027 0.592982 0.017434
f 769/769/769 770/770/770 771/771/771
v 66.119144 30.417984 -14.908595
vt 0.609375 0.750000
vn 0.805027 0.592982 0.017434
v 59.242754 39.555412 -8.178429
vt 0.560000 0.880000
vn 0.805027 0.592982 0.017434
v 59.242754 39.546185 -7.156126
vt 0.552500 0.880000
vn 0.805027 0.592982 0.017434
f 772/772/772 773/773/773 774/774/774
v 74.053444 21.539458 27.261431
vt 0.300000 0.600000
vn 0.777159 0.627456 -0.048193
v 74.053444 21.197600 23.853753
vt 0.325000 0.600000
vn 0.777159 0.627456 -0.048193
v 66.119144 30.417984 14.908595
vt 0.390625 0.750000
vn 0.777159 0.627456 -0.048193
f 775/775/775 776/776/776 777/777/777
v 74.053444 21.539458 27.261431
vt 0.300000 0.600000
vn 0.777159 0.627456 -0.048193
v 66.119144 30.417984 14.908595
vt 0.390625 0.750000
vn 0.777159 0.627456 -0.048193
v 66.119144 30.501445 17.038395
vt 0.375000 0.750000
vn 0.777159 0.627456 -0.048193
f 778/778/778 779/779/779 780/780/780
v 74.053444 21.197600 23.853753
vt 0.325000 0.600000
vn 0.767557 0.640720 -0.018256
v 74.053444 21.070784 20.446074
vt 0.350000 0.600000
vn 0.767557 0.640720 -0.018256
v 66.119144 30.387022 12.778796
vt 0.406250 0.750000
vn 0.767557 0.640720 -0.018256
f 781/781/781 782/782/782 783/783/783
v 74.053444 21.197600 23.853753
vt 0.325000 0.600000
vn 0.767557 0.640720 -0.018256
v 66.119144 30.387022 12.778796
vt 0.406250 0.750000
vn 0.767557 0.640720 -0.018256
v 66.119144 30.417984 14.908595
vt 0.390625 0.750000
vn 0.767557 0.640720 -0.018256
f 784/784/784 785/785/785 786/786/786
v 74.053444 21.070784 20.446074
vt 0.350000 0.600000
vn 0.763972 0.645223 -0.005802
v 74.053444 21.030769 17.038395
vt 0.375000 0.600000
vn 0.763972 0.645223 -0.005802
v 66.119144 30.377253 10.648997
vt 0.421875 0.750000
vn 0.763972 0.645223 -0.005802
f 787/787/787 788/788/788 789/789/789
v 74.053444 21.070784 20.446074
vt 0.350000 0.600000
vn 0.763972 0.645223 -0.005802
v 66.119144 30.377253 10.648997
vt 0.421875 0.750000
vn 0.763972 0.645223 -0.005802
v 66.119144 30.387022 12.778796
vt 0.406250 0.750000
vn 0.763972 0.645223 -0.005802
f 790/790/790 791/791/791 792/792/792
v 74.053444 21.030769 17.038395
vt 0.375000 0.600000
vn 0.762924 0.646486 -0.001467
v 74.053444 21.020676 13.630715
vt 0.400000 0.600000
vn 0.762924 0.646486 -0.001467
v 66.119144 30.374789 8.519197
vt 0.437500 0.750000
vn 0.762924 0.646486 -0.001467
f 793/793/793 794/794/794 795/795/795
v 74.053444 21.030769 17.038395
vt 0.375000 0.600000
vn 0.762924 0.646486 -0.001467
v 66.119144 30.374789 8.519197
vt 0.437500 0.750000
vn 0.762924 0.646486 -0.001467
v 66.119144 30.377253 10.648997
vt 0.421875 0.750000
vn 0.762924 0.646486 -0.001467
f 796/796/796 797/797/797 798/798/798
v 74.053444 21.020676 13.630715
vt 0.400000 0.600000
vn 0.762697 0.646756 -0.000264
v 74.053444 21.018847 10.223037
vt 0.425000 0.600000
vn 0.762697 0.646756 -0.000264
v 66.119144 30.374343 6.389398
vt 0.453125 0.750000
vn 0.762697 0.646756 -0.000264
f 799/799/799 800/800/800 801/801/801
v 74.053444 21.020676 13.630715
vt 0.400000 0.600000
vn 0.762697 0.646756 -0.000264
v 66.119144 30.374343 6.389398
vt 0.453125 0.750000
vn 0.762697 0.646756 -0.000264
v 66.119144 30.374789 8.519197
vt 0.437500 0.750000
vn 0.762697 0.646756 -0.000264
f 802/802/802 803/803/803 804/804/804
v 74.053444 21.018847 10.223037
vt 0.425000 0.600000
vn 0.762665 0.646794 -0.000030
v 74.053444 21.018651 6.815358
vt 0.450000 0.600000
vn 0.762665 0.646794 -0.000030
v 66.119144 30.374294 4.259599
vt 0.468750 0.750000
vn 0.762665 0.646794 -0.000030
f 805/805/805 806/806/806 807/807/807
v 74.053444 21.018847 10.223037
vt 0.425000 0.600000
vn 0.762665 0.646794 -0.000030
v 66.119144 30.374294 4.259599
vt 0.468750 0.750000
vn 0.762665 0.646794 -0.000030
v 66.119144 30.374343 6.389398
vt 0.453125 0.750000
vn 0.762665 0.646794 -0.000030
f 808/808/808 809/809/809 810/810/810
v 74.053444 21.018651 6.815358
vt 0.450000 0.600000
vn 0.762663 0.646796 0.000000
v 74.053444 21.018643 3.407679
vt 0.475000 0.600000
vn 0.762663 0.646796 0.000000
v 66.119144 30.374293 2.129799
vt 0.484375 0.750000
vn 0.762663 0.646796 0.000000
f 811/811/811 812/812/812 813/813/813
v 74.053444 21.018651 6.815358
vt 0.450000 0.600000
vn 0.762663 0.646796 0.000000
v 66.119144 30.374293 2.129799
vt 0.484375 0.750000
vn 0.762663 0.646796 0.000000
v 66.119144 30.374294 4.259599
vt 0.468750 0.750000
vn 0.762663 0.646796 0.000000
f 814/814/814 815/815/815 816/816/816
v 74.053444 21.018643 3.407679
vt 0.475000 0.600000
vn 0.762663 0.646796 -0.000000
v 74.053444 21.018643 -0.000000
vt 0.500000 0.600000
vn 0.762663 0.646796 -0.000000
v 66.119144 30.374293 -0.000000
vt 0.500000 0.750000
vn 0.762663 0.646796 -0.000000
f 817/817/817 818/818/818 819/819/819
v 74.053444 21.018643 3.407679
vt 0.475000 0.600000
vn 0.762663 0.646796 -0.000000
v 66.119144 30.374293 -0.000000
vt 0.500000 0.750000
vn 0.762663 0.646796 -0.000000
v 66.119144 30.374293 2.129799
vt 0.484375 0.750000
vn 0.762663 0.646796 -0.000000
f 820/820/820 821/821/821 822/822/822
v 74.053444 21.018643 -0.000000
vt 0.500000 0.600000
vn 0.762663 0.646796 -0.000000
v 74.053444 21.018643 -3.407679
vt 0.525000 0.600000
vn 0.762663 0.646796 -0.000000
v 66.119144 30.374293 -2.129799
vt 0.515625 0.750000
vn 0.762663 0.646796 -0.000000
f 823/823/823 824/824/824 825/825/825
v 74.053444 21.018643 -0.000000
vt 0.500000 0.600000
vn 0.762663 0.646796 -0.000000
v 66.119144 30.374293 -2.129799
vt 0.515625 0.750000
vn 0.762663 0.646796 -0.000000
v 66.119144 30.374293 -0.000000
vt 0.500000 0.750000
vn 0.762663 0.646796 -0.000000
f 826/826/826 827/827/827 828/828/828
v 74.053444 21.018643 -3.407679
vt 0.525000 0.600000
vn 0.762663 0.646796 -0.000000
v 74.053444 21.018651 -6.815358
vt 0.550000 0.600000
vn 0.762663 0.646796 -0.000000
v 66.119144 30.374294 -4.259599
vt 0.531250 0.750000
vn 0.762663 0.646796 -0.000000
f 829/829/829 830/830/830 831/831/831
v 74.053444 21.018643 -3.407679
vt 0.525000 0.600000
vn 0.762663 0.646796 -0.000000
v 66.119144 30.374294 -4.259599
vt 0.531250 0.750000
vn 0.762663 0.646796 -0.000000
v 66.119144 30.374293 -2.129799
vt 0.515625 0.750000
vn 0.762663 0.646796 -0.000000
f 832/832/832 833/833/833 834/834/834
v 74.053444 21.018651 -6.815358
vt 0.550000 0.600000
vn 0.762665 0.646793 0.000030
v 74.053444 21.018847 -10.223037
vt 0.575000 0.600000
vn 0.762665 0.646793 0.000030
v 66.119144 30.374343 -6.389398
vt 0.546875 0.750000
vn 0.762665 0.646793 0.000030
f 835/835/835 836/836/836 837/837/837
v 74.053444 21.018651 -6.815358
vt 0.550000 0.600000
vn 0.762665 0.646793 0.000030
v 66.119144 30.374343 -6.389398
vt 0.546875 0.750000
vn 0.762665 0.646793 0.000030
v 66.119144 30.374294 -4.259599
vt 0.531250 0.750000
vn 0.762665 0.646793 0.000030
f 838/838/838 839/839/839 840/840/840
v 74.053444 21.018847 -10.223037
vt 0.575000 0.600000
vn 0.762697 0.646756 0.000264
v 74.053444 21.020676 -13.630715
vt 0.600000 0.600000
vn 0.762697 0.646756 0.000264
v 66.119144 30.374789 -8.519197
vt 0.562500 0.750000
vn 0.762697 0.646756 0.000264
f 841/841/841 842/842/842 843/843/843
v 74.053444 21.018847 -10.223037
vt 0.575000 0.600000
vn 0.762697 0.646756 0.000264
v 66.119144 30.374789 -8.519197
vt 0.562500 0.750000
vn 0.762697 0.646756 0.000264
v 66.119144 30.374343 -6.389398
vt 0.546875 0.750000
vn 0.762697 0.646756 0.000264
f 844/844/844 845/845/845 846/846/846
v 74.053444 21.020676 -13.630715
vt 0.600000 0.600000
vn 0.762924 0.646486 0.001467
v 74.053444 21.030769 -17.038395
vt 0.625000 0.600000
vn 0.762924 0.646486 0.001467
v 66.119144 30.377253 -10.648997
vt 0.578125 0.750000
vn 0.762924 0.646486 0.001467
f 847/847/847 848/848/848 849/849/849
v 74.053444 21.020676 -13.630715
vt 0.600000 0.600000
vn 0.762924 0.646486 0.001467
v 66.119144 30.377253 -10.648997
vt 0.578125 0.750000
vn 0.762924 0.646486 0.001467
v 66.119144 30.374789 -8.519197
vt 0.562500 0.750000
vn 0.762924 0.646486 0.001467
f 850/850/850 851/851/851 852/852/852
v 74.053444 21.030769 -17.038395
vt 0.625000 0.600000
vn 0.763972 0.645223 0.005802
v 74.053444 21.070784 -20.446074
vt 0.650000 0.600000
vn 0.763972 0.645223 0.005802
v 66.119144 30.387022 -12.778796
vt 0.593750 0.750000
vn 0.763972 0.645223 0.005802
f 853/853/853 854/854/854 855/855/855
v 74.053444 21.030769 -17.038395
vt 0.625000 0.600000
vn 0.763972 0.645223 0.005802
v 66.119144 30.387022 -12.778796
vt 0.593750 0.750000
vn 0.763972 0.645223 0.005802
v 66.119144 30.377253 -10.648997
vt 0.578125 0.750000
vn 0.763972 0.645223 0.005802
f 856/856/856 857/857/857 858/858/858
v 74.053444 21.070784 -20.446074
vt 0.650000 0.600000
vn 0.767557 0.640720 0.018256
v 74.053444 21.197600 -23.853753
vt 0.675000 0.600000
vn 0.767557 0.640720 0.018256
v 66.119144 30.417984 -14.908595
vt 0.609375 0.750000
vn 0.767557 0.640720 0.018256
f 859/859/859 860/860/860 861/861/861
v 74.053444 21.070784 -20.446074
vt 0.650000 0.600000
vn 0.767557 0.640720 0.018256
v 66.119144 30.417984 -14.908595
vt 0.609375 0.750000
vn 0.767557 0.640720 0.018256
v 66.119144 30.387022 -12.778796
vt 0.593750 0.750000
vn 0.767557 0.640720 0.018256
f 862/862/862 863/863/863 864/864/864
v 74.053444 21.197600 -23.853753
vt 0.675000 0.600000
vn 0.777159 0.627456 0.048193
v 74.053444 21.539458 -27.261431
vt 0.700000 0.600000
vn 0.777159 0.627456 0.048193
v 66.119144 30.501445 -17.038395
vt 0.625000 0.750000
vn 0.777159 0.627456 0.048193
f 865/865/865 866/866/866 867/867/867
v 74.053444 21.197600 -23.853753
vt 0.675000 0.600000
vn 0.777159 0.627456 0.048193
v 66.119144 30.501445 -17.038395
vt 0.625000 0.750000
vn 0.777159 0.627456 0.048193
v 66.119144 30.417984 -14.908595
vt 0.609375 0.750000
vn 0.777159 0.627456 0.048193
f 868/868/868 869/869/869 870/870/870
v 81.987736 14.429340 37.484467
vt 0.225000 0.450000
vn 0.740423 0.664504 -0.101036
v 81.987736 13.540641 32.798911
vt 0.259375 0.450000
vn 0.740423 0.664504 -0.101036
v 74.053444 21.197600 23.853753
vt 0.325000 0.600000
vn 0.740423 0.664504 -0.101036
f 871/871/871 872/872/872 873/873/873
v 81.987736 14.429340 37.484467
vt 0.225000 0.450000
vn 0.740423 0.664504 -0.101036
v 74.053444 21.197600 23.853753
vt 0.325000 0.600000
vn 0.740423 0.664504 -0.101036
v 74.053444 21.539458 27.261431
vt 0.300000 0.600000
vn 0.740423 0.664504 -0.101036
f 874/874/874 875/875/875 876/876/876
v 81.987736 13.540641 32.798911
vt 0.259375 0.450000
vn 0.719240 0.693659 -0.039125
v 81.987736 13.210967 28.113352
vt 0.293750 0.450000
vn 0.719240 0.693659 -0.039125
v 74.053444 21.070784 20.446074
vt 0.350000 0.600000
vn 0.719240 0.693659 -0.039125
f 877/877/877 878/878/878 879/879/879
v 81.987736 13.540641 32.798911
vt 0.259375 0.450000
vn 0.719240 0.693659 -0.039125
v 74.053444 21.070784 20.446074
vt 0.350000 0.600000
vn 0.719240 0.693659 -0.039125
v 74.053444 21.197600 23.853753
vt 0.325000 0.600000
vn 0.719240 0.693659 -0.039125
f 880/880/880 881/881/881 882/882/882
v 81.987736 13.210967 28.113352
vt 0.293750 0.450000
vn 0.710704 0.703380 -0.012518
v 81.987736 13.106946 23.427793
vt 0.328125 0.450000
vn 0.710704 0.703380 -0.012518
v 74.053444 21.030769 17.038395
vt 0.375000 0.600000
vn 0.710704 0.703380 -0.012518
f 883/883/883 884/884/884 885/885/885
v 81.987736 13.210967 28.113352
vt 0.293750 0.450000
vn 0.710704 0.703380 -0.012518
v 74.053444 21.030769 17.038395
vt 0.375000 0.600000
vn 0.710704 0.703380 -0.012518
v 74.053444 21.070784 20.446074
vt 0.350000 0.600000
vn 0.710704 0.703380 -0.012518
f 886/886/886 887/887/887 888/888/888
v 81.987736 13.106946 23.427793
vt 0.328125 0.450000
vn 0.708144 0.706061 -0.003169
v 81.987736 13.080712 18.742233
vt 0.362500 0.450000
vn 0.708144 0.706061 -0.003169
v 74.053444 21.020676 13.630715
vt 0.400000 0.600000
vn 0.708144 0.706061 -0.003169
f 889/889/889 890/890/890 891/891/891
v 81.987736 13.106946 23.427793
vt 0.328125 0.450000
vn 0.708144 0.706061 -0.003169
v 74.053444 21.020676 13.630715
vt 0.400000 0.600000
vn 0.708144 0.706061 -0.003169
v 74.053444 21.030769 17.038395
vt 0.375000 0.600000
vn 0.708144 0.706061 -0.003169
f 892/892/892 893/893/893 894/894/894
v 81.987736 13.080712 18.742233
vt 0.362500 0.450000
vn 0.707587 0.706627 -0.000575
v 81.987736 13.075952 14.056676
vt 0.396875 0.450000
vn 0.707587 0.706627 -0.000575
v 74.053444 21.018847 10.223037
vt 0.425000 0.600000
vn 0.707587 0.706627 -0.000575
f 895/895/895 896/896/896 897/897/897
v 81.987736 13.080712 18.742233
vt 0.362500 0.450000
vn 0.707587 0.706627 -0.000575
v 74.053444 21.018847 10.223037
vt 0.425000 0.600000
vn 0.707587 0.706627 -0.000575
v 74.053444 21.020676 13.630715
vt 0.400000 0.600000
vn 0.707587 0.706627 -0.000575
f 898/898/898 899/899/899 900/900/900
v 81.987736 13.075952 14.056676
vt 0.396875 0.450000
vn 0.707509 0.706704 -0.000061
v 81.987736 13.075444 9.371117
vt 0.431250 0.450000
vn 0.707509 0.706704 -0.000061
v 74.053444 21.018651 6.815358
vt 0.450000 0.600000
vn 0.707509 0.706704 -0.000061
f 901/901/901 902/902/902 903/903/903
v 81.987736 13.075952 14.056676
vt 0.396875 0.450000
vn 0.707509 0.706704 -0.000061
v 74.053444 21.018651 6.815358
vt 0.450000 0.600000
vn 0.707509 0.706704 -0.000061
v 74.053444 21.018847 10.223037
vt 0.425000 0.600000
vn 0.707509 0.706704 -0.000061
f 904/904/904 905/905/905 906/906/906
v 81.987736 13.075444 9.371117
vt 0.431250 0.450000
vn 0.707504 0.706709 -0.000003
v 81.987736 13.075423 4.685558
vt 0.465625 0.450000
vn 0.707504 0.706709 -0.000003
v 74.053444 21.018643 3.407679
vt 0.475000 0.600000
vn 0.707504 0.706709 -0.000003
f 907/907/907 908/908/908 909/909/909
v 81.987736 13.075444 9.371117
vt 0.431250 0.450000
vn 0.707504 0.706709 -0.000003
v 74.053444 21.018643 3.407679
vt 0.475000 0.600000
vn 0.707504 0.706709 -0.000003
v 74.053444 21.018651 6.815358
vt 0.450000 0.600000
vn 0.707504 0.706709 -0.000003
f 910/910/910 911/911/911 912/912/912
v 81.987736 13.075423 4.685558
vt 0.465625 0.450000
vn 0.707504 0.706709 -0.000000
v 81.987736 13.075423 -0.000000
vt 0.500000 0.450000
vn 0.707504 0.706709 -0.000000
v 74.053444 21.018643 -0.000000
vt 0.500000 0.600000
vn 0.707504 0.706709 -0.000000
f 913/913/913 914/914/914 915/915/915
v 81.987736 13.075423 4.685558
vt 0.465625 0.450000
vn 0.707504 0.706709 -0.000000
v 74.053444 21.018643 -0.000000
vt 0.500000 0.600000
vn 0.707504 0.706709 -0.000000
v 74.053444 21.018643 3.407679
vt 0.475000 0.600000
vn 0.707504 0.706709 -0.000000
f 916/916/916 917/917/917 918/918/918
v 81.987736 13.075423 -0.000000
vt 0.500000 0.450000
vn 0.707504 0.706709 -0.000000
v 81.987736 13.075423 -4.685558
vt 0.534375 0.450000
vn 0.707504 0.706709 -0.000000
v 74.053444 21.018643 -3.407679
vt 0.525000 0.600000
vn 0.707504 0.706709 -0.000000
f 919/919/919 920/920/920 921/921/921
v 81.987736 13.075423 -0.000000
vt 0.500000 0.450000
vn 0.707504 0.706709 -0.000000
v 74.053444 21.018643 -3.407679
vt 0.525000 0.600000
vn 0.707504 0.706709 -0.000000
v 74.053444 21.018643 -0.000000
vt 0.500000 0.600000
vn 0.707504 0.706709 -0.000000
f 922/922/922 923/923/923 924/924/924
v 81.987736 13.075423 -4.685558
vt 0.534375 0.450000
vn 0.707504 0.706709 0.000003
v 81.987736 13.075444 -9.371117
vt 0.568750 0.450000
vn 0.707504 0.706709 0.000003
v 74.053444 21.018651 -6.815358
vt 0.550000 0.600000
vn 0.707504 0.706709 0.000003
f 925/925/925 926/926/926 927/927/927
v 81.987736 13.075423 -4.685558
vt 0.534375 0.450000
vn 0.707504 0.706709 0.000003
v 74.053444 21.018651 -6.815358
vt 0.550000 0.600000
vn 0.707504 0.706709 0.000003
v 74.053444 21.018643 -3.407679
vt 0.525000 0.600000
vn 0.707504 0.706709 0.000003
f 928/928/928 929/929/929 930/930/930
v 81.987736 13.075444 -9.371117
vt 0.568750 0.450000
vn 0.707509 0.706704 0.000061
v 81.987736 13.075952 -14.056676
vt 0.603125 0.450000
vn 0.707509 0.706704 0.000061
v 74.053444 21.018847 -10.223037
vt 0.575000 0.600000
vn 0.707509 0.706704 0.000061
f 931/931/931 932/932/932 933/933/933
v 81.987736 13.075444 -9.371117
vt 0.568750 0.450000
vn 0.707509 0.706704 0.000061
v 74.053444 21.018847 -10.223037
vt 0.575000 0.600000
vn 0.707509 0.706704 0.000061
v 74.053444 21.018651 -6.815358
vt 0.550000 0.600000
vn 0.707509 0.706704 0.000061
f 934/934/934 935/935/935 936/936/936
v 81.987736 13.075952 -14.056676
vt 0.603125 0.450000
vn 0.707587 0.706626 0.000575
v 81.987736 13.080712 -18.742233
vt 0.637500 0.450000
vn 0.707587 0.706626 0.000575
v 74.053444 21.020676 -13.630715
vt 0.600000 0.600000
vn 0.707587 0.706626 0.000575
f 937/937/937 938/938/938 939/939/939
v 81.987736 13.075952 -14.056676
vt 0.603125 0.450000
vn 0.707587 0.706626 0.000575
v 74.053444 21.020676 -13.630715
vt 0.600000 0.600000
vn 0.707587 0.706626 0.000575
v 74.053444 21.018847 -10.223037
vt 0.575000 0.600000
vn 0.707587 0.706626 0.000575
f 940/940/940 941/941/941 942/942/942
v 81.987736 13.080712 -18.742233
vt 0.637500 0.450000
vn 0.708144 0.706061 0.003169
v 81.987736 13.106946 -23.427793
vt 0.671875 0.450000
vn 0.708144 0.706061 0.003169
v 74.053444 21.030769 -17.038395
vt 0.625000 0.600000
vn 0.708144 0.706061 0.003169
f 943/943/943 944/944/944 945/945/945
v 81.987736 13.080712 -18.742233
vt 0.637500 0.450000
vn 0.708144 0.706061 0.003169
v 74.053444 21.030769 -17.038395
vt 0.625000 0.600000
vn 0.708144 0.706061 0.003169
v 74.053444 21.020676 -13.630715
vt 0.600000 0.600000
vn 0.708144 0.706061 0.003169
f 946/946/946 947/947/947 948/948/948
v 81.987736 13.106946 -23.427793
vt 0.671875 0.450000
vn 0.710704 0.703380 0.012518
v 81.987736 13.210967 -28.113352
vt 0.706250 0.450000
vn 0.710704 0.703380 0.012518
v 74.053444 21.070784 -20.446074
vt 0.650000 0.600000
vn 0.710704 0.703380 0.012518
f 949/949/949 950/950/950 951/951/951
v 81.987736 13.106946 -23.427793
vt 0.671875 0.450000
vn 0.710704 0.703380 0.012518
v 74.053444 21.070784 -20.446074
vt 0.650000 0.600000
vn 0.710704 0.703380 0.012518
v 74.053444 21.030769 -17.038395
vt 0.625000 0.600000
vn 0.710704 0.703380 0.012518
f 952/952/952 953/953/953 954/954/954
v 81.987736 13.210967 -28.113352
vt 0.706250 0.450000
vn 0.719240 0.693659 0.039125
v 81.987736 13.540641 -32.798911
vt 0.740625 0.450000
vn 0.719240 0.693659 0.039125
v 74.053444 21.197600 -23.853753
vt 0.675000 0.600000
vn 0.719240 0.693659 0.039125
f 955/955/955 956/956/956 957/957/957
v 81.987736 13.210967 -28.113352
vt 0.706250 0.450000
vn 0.719240 0.693659 0.039125
v 74.053444 21.197600 -23.853753
vt 0.675000 0.600000
vn 0.719240 0.693659 0.039125
v 74.053444 21.070784 -20.446074
vt 0.650000 0.600000
vn 0.719240 0.693659 0.039125
f 958/958/958 959/959/959 960/960/960
v 81.987736 13.540641 -32.798911
vt 0.740625 0.450000
vn 0.740423 0.664504 0.101036
v 81.987736 14.429340 -37.484467
vt 0.775000 0.450000
vn 0.740423 0.664504 0.101036
v 74.053444 21.539458 -27.261431
vt 0.700000 0.600000
vn 0.740423 0.664504 0.101036
f 961/961/961 962/962/962 963/963/963
v 81.987736 13.540641 -32.798911
vt 0.740625 0.450000
vn 0.740423 0.664504 0.101036
v 74.053444 21.539458 -27.261431
vt 0.700000 0.600000
vn 0.740423 0.664504 0.101036
v 74.053444 21.197600 -23.853753
vt 0.675000 0.600000
vn 0.740423 0.664504 0.101036
f 964/964/964 965/965/965 966/966/966
v 88.864130 10.008702 46.344435
vt 0.160000 0.320000
vn 0.695439 0.697928 -0.171058
v 88.864130 8.329151 40.551381
vt 0.202500 0.320000
vn 0.695439 0.697928 -0.171058
v 81.987736 13.540641 32.798911
vt 0.259375 0.450000
vn 0.695439 0.697928 -0.171058
f 967/967/967 968/968/968 969/969/969
v 88.864130 10.008702 46.344435
vt 0.160000 0.320000
vn 0.695439 0.697928 -0.171058
v 81.987736 13.540641 32.798911
vt 0.259375 0.450000
vn 0.695439 0.697928 -0.171058
v 81.987736 14.429340 37.484467
vt 0.225000 0.450000
vn 0.695439 0.697928 -0.171058
f 970/970/970 971/971/971 972/972/972
v 88.864130 8.329151 40.551381
vt 0.202500 0.320000
vn 0.656711 0.751045 -0.068285
v 88.864130 7.706102 34.758323
vt 0.245000 0.320000
vn 0.656711 0.751045 -0.068285
v 81.987736 13.210967 28.113352
vt 0.293750 0.450000
vn 0.656711 0.751045 -0.068285
f 973/973/973 974/974/974 975/975/975
v 88.864130 8.329151 40.551381
vt 0.202500 0.320000
vn 0.656711 0.751045 -0.068285
v 81.987736 13.210967 28.113352
vt 0.293750 0.450000
vn 0.656711 0.751045 -0.068285
v 81.987736 13.540641 32.798911
vt 0.259375 0.450000
vn 0.656711 0.751045 -0.068285
f 976/976/976 977/977/977 978/978/978
v 88.864130 7.706102 34.758323
vt 0.245000 0.320000
vn 0.639736 0.768278 -0.022041
v 88.864130 7.509513 28.965271
vt 0.287500 0.320000
vn 0.639736 0.768278 -0.022041
v 81.987736 13.106946 23.427793
vt 0.328125 0.450000
vn 0.639736 0.768278 -0.022041
f 979/979/979 980/980/980 981/981/981
v 88.864130 7.706102 34.758323
vt 0.245000 0.320000
vn 0.639736 0.768278 -0.022041
v 81.987736 13.106946 23.427793
vt 0.328125 0.450000
vn 0.639736 0.768278 -0.022041
v 81.987736 13.210967 28.113352
vt 0.293750 0.450000
vn 0.639736 0.768278 -0.022041
f 982/982/982 983/983/983 984/984/984
v 88.864130 7.509513 28.965271
vt 0.287500 0.320000
vn 0.634508 0.772896 -0.005592
v 88.864130 7.459931 23.172217
vt 0.330000 0.320000
vn 0.634508 0.772896 -0.005592
v 81.987736 13.080712 18.742233
vt 0.362500 0.450000
vn 0.634508 0.772896 -0.005592
f 985/985/985 986/986/986 987/987/987
v 88.864130 7.509513 28.965271
vt 0.287500 0.320000
vn 0.634508 0.772896 -0.005592
v 81.987736 13.080712 18.742233
vt 0.362500 0.450000
vn 0.634508 0.772896 -0.005592
v 81.987736 13.106946 23.427793
vt 0.328125 0.450000
vn 0.634508 0.772896 -0.005592
f 988/988/988 989/989/989 990/990/990
v 88.864130 7.459931 23.172217
vt 0.330000 0.320000
vn 0.633362 0.773855 -0.001016
v 88.864130 7.450937 17.379162
vt 0.372500 0.320000
vn 0.633362 0.773855 -0.001016
v 81.987736 13.075952 14.056676
vt 0.396875 0.450000
vn 0.633362 0.773855 -0.001016
f 991/991/991 992/992/992 993/993/993
v 88.864130 7.459931 23.172217
vt 0.330000 0.320000
vn 0.633362 0.773855 -0.001016
v 81.987736 13.075952 14.056676
vt 0.396875 0.450000
vn 0.633362 0.773855 -0.001016
v 81.987736 13.080712 18.742233
vt 0.362500 0.450000
vn 0.633362 0.773855 -0.001016
f 994/994/994 995/995/995 996/996/996
v 88.864130 7.450937 17.379162
vt 0.372500 0.320000
vn 0.633204 0.773985 -0.000109
v 88.864130 7.449975 11.586109
vt 0.415000 0.320000
vn 0.633204 0.773985 -0.000109
v 81.987736 13.075444 9.371117
vt 0.431250 0.450000
vn 0.633204 0.773985 -0.000109
f 997/997/997 998/998/998 999/999/999
v 88.864130 7.450937 17.379162
vt 0.372500 0.320000
vn 0.633204 0.773985 -0.000109
v 81.987736 13.075444 9.371117
vt 0.431250 0.450000
vn 0.633204 0.773985 -0.000109
v 81.987736 13.075952 14.056676
vt 0.396875 0.450000
vn 0.633204 0.773985 -0.000109
f 1000/1000/1000 1001/1001/1001 1002/1002/1002
v 88.864130 7.449975 11.586109
vt 0.415000 0.320000
vn 0.633194 0.773993 -0.000004
v 88.864130 7.449937 5.793054
vt 0.457500 0.320000
vn 0.633194 0.773993 -0.000004
v 81.987736 13.075423 4.685558
vt 0.465625 0.450000
vn 0.633194 0.773993 -0.000004
f 1003/1003/1003 1004/1004/1004 1005/1005/1005
v 88.864130 7.449975 11.586109
vt 0.415000 0.320000
vn 0.633194 0.773993 -0.000004
v 81.987736 13.075423 4.685558
vt 0.465625 0.450000
vn 0.633194 0.773993 -0.000004
v 81.987736 13.075444 9.371117
vt 0.431250 0.450000
vn 0.633194 0.773993 -0.000004
f 1006/1006/1006 1007/1007/1007 1008/1008/1008
v 88.864130 7.449937 5.793054
vt 0.457500 0.320000
vn 0.633194 0.773993 -0.000000
v 88.864130 7.449937 -0.000000
vt 0.500000 0.320000
vn 0.633194 0.773993 -0.000000
v 81.987736 13.075423 -0.000000
vt 0.500000 0.450000
vn 0.633194 0.773993 -0.000000
f 1009/1009/1009 1010/1010/1010 1011/1011/1011
v 88.864130 7.449937 5.793054
vt 0.457500 0.320000
vn 0.633194 0.773993 -0.000000
v 81.987736 13.075423 -0.000000
vt 0.500000 0.450000
vn 0.633194 0.773993 -0.000000
v 81.987736 13.075423 4.685558
vt 0.465625 0.450000
vn 0.633194 0.773993 -0.000000
f 1012/1012/1012 1013/1013/1013 1014/1014/1014
v 88.864130 7.449937 -0.000000
vt 0.500000 0.320000
vn 0.633194 0.773993 -0.000000
v 88.864130 7.449937 -5.793054
vt 0.542500 0.320000
vn 0.633194 0.773993 -0.000000
v 81.987736 13.075423 -4.685558
vt 0.534375 0.450000
vn 0.633194 0.773993 -0.000000
f 1015/1015/1015 1016/1016/1016 1017/1017/1017
v 88.864130 7.449937 -0.000000
vt 0.500000 0.320000
vn 0.633194 0.773993 -0.000000
v 81.987736 13.075423 -4.685558
vt 0.534375 0.450000
vn 0.633194 0.773993 -0.000000
v 81.987736 13.075423 -0.000000
vt 0.500000 0.450000
vn 0.633194 0.773993 -0.000000
f 1018/1018/1018 1019/1019/1019 1020/1020/1020
v 88.864130 7.449937 -5.793054
vt 0.542500 0.320000
vn 0.633194 0.773993 0.000004
v 88.864130 7.449975 -11.586109
vt 0.585000 0.320000
vn 0.633194 0.773993 0.000004
v 81.987736 13.075444 -9.371117
vt 0.568750 0.450000
vn 0.633194 0.773993 0.000004
f 1021/1021/1021 1022/1022/1022 1023/1023/1023
v 88.864130 7.449937 -5.793054
vt 0.542500 0.320000
vn 0.633194 0.773993 0.000004
v 81.987736 13.075444 -9.371117
vt 0.568750 0.450000
vn 0.633194 0.773993 0.000004
v 81.987736 13.075423 -4.685558
vt 0.534375 0.450000
vn 0.633194 0.773993 0.000004
f 1024/1024/1024 1025/1025/1025 1026/1026/1026
v 88.864130 7.449975 -11.586109
vt 0.585000 0.320000
vn 0.633204 0.773985 0.000109
v 88.864130 7.450937 -17.379162
vt 0.627500 0.320000
vn 0.633204 0.773985 0.000109
v 81.987736 13.075952 -14.056676
vt 0.603125 0.450000
vn 0.633204 0.773985 0.000109
f 1027/1027/1027 1028/1028/1028 1029/1029/1029
v 88.864130 7.449975 -11.586109
vt 0.585000 0.320000
vn 0.633204 0.773985 0.000109
v 81.987736 13.075952 -14.056676
vt 0.603125 0.450000
vn 0.633204 0.773985 0.000109
v 81.987736 13.075444 -9.371117
vt 0.568750 0.450000
vn 0.633204 0.773985 0.000109
f 1030/1030/1030 1031/1031/1031 1032/1032/1032
v 88.864130 7.450937 -17.379162
vt 0.627500 0.320000
vn 0.633362 0.773855 0.001016
v 88.864130 7.459931 -23.172217
vt 0.670000 0.320000
vn 0.633362 0.773855 0.001016
v 81.987736 13.080712 -18.742233
vt 0.637500 0.450000
vn 0.633362 0.773855 0.001016
f 1033/1033/1033 1034/1034/1034 1035/1035/1035
v 88.864130 7.450937 -17.379162
vt 0.627500 0.320000
vn 0.633362 0.773855 0.001016
v 81.987736 13.080712 -18.742233
vt 0.637500 0.450000
vn 0.633362 0.773855 0.001016
v 81.987736 13.075952 -14.056676
vt 0.603125 0.450000
vn 0.633362 0.773855 0.001016
f 1036/1036/1036 1037/1037/1037 1038/1038/1038
v 88.864130 7.459931 -23.172217
vt 0.670000 0.320000
vn 0.634508 0.772896 0.005592
v 88.864130 7.509513 -28.965271
vt 0.712500 0.320000
vn 0.634508 0.772896 0.005592
v 81.987736 13.106946 -23.427793
vt 0.671875 0.450000
vn 0.634508 0.772896 0.005592
f 1039/1039/1039 1040/1040/1040 1041/1041/1041
v 88.864130 7.459931 -23.172217
vt 0.670000 0.320000
vn 0.634508 0.772896 0.005592
v 81.987736 13.106946 -23.427793
vt 0.671875 0.450000
vn 0.634508 0.772896 0.005592
v 81.987736 13.080712 -18.742233
vt 0.637500 0.450000
vn 0.634508 0.772896 0.005592
f 1042/1042/1042 1043/1043/1043 1044/1044/1044
v 88.864130 7.509513 -28.965271
vt 0.712500 0.320000
vn 0.639736 0.768278 0.022040
v 88.864130 7.706102 -34.758323
vt 0.755000 0.320000
vn 0.639736 0.768278 0.022040
v 81.987736 13.210967 -28.113352
vt 0.706250 0.450000
vn 0.639736 0.768278 0.022040
f 1045/1045/1045 1046/1046/1046 1047/1047/1047
v 88.864130 7.509513 -28.965271
vt 0.712500 0.320000
vn 0.639736 0.768278 0.022040
v 81.987736 13.210967 -28.113352
vt 0.706250 0.450000
vn 0.639736 0.768278 0.022040
v 81.987736 13.106946 -23.427793
vt 0.671875 0.450000
vn 0.639736 0.768278 0.022040
f 1048/1048/1048 1049/1049/1049 1050/1050/1050
v 88.864130 7.706102 -34.758323
vt 0.755000 0.320000
vn 0.656711 0.751045 0.068285
v 88.864130 8.329151 -40.551381
vt 0.797500 0.320000
vn 0.656711 0.751045 0.068285
v 81.987736 13.540641 -32.798911
vt 0.740625 0.450000
vn 0.656711 0.751045 0.068285
f 1051/1051/1051 1052/1052/1052 1053/1053/1053
v 88.864130 7.706102 -34.758323
vt 0.755000 0.320000
vn 0.656711 0.751045 0.068285
v 81.987736 13.540641 -32.798911
vt 0.740625 0.450000
vn 0.656711 0.751045 0.068285
v 81.987736 13.210967 -28.113352
vt 0.706250 0.450000
vn 0.656711 0.751045 0.068285
f 1054/1054/1054 1055/1055/1055 1056/1056/1056
v 88.864130 8.329151 -40.551381
vt 0.797500 0.320000
vn 0.695439 0.697928 0.171059
v 88.864130 10.008702 -46.344435
vt 0.840000 0.320000
vn 0.695439 0.697928 0.171059
v 81.987736 14.429340 -37.484467
vt 0.775000 0.450000
vn 0.695439 0.697928 0.171059
f 1057/1057/1057 1058/1058/1058 1059/1059/1059
v 88.864130 8.329151 -40.551381
vt 0.797500 0.320000
vn 0.695439 0.697928 0.171059
v 81.987736 14.429340 -37.484467
vt 0.775000 0.450000
vn 0.695439 0.697928 0.171059
v 81.987736 13.540641 -32.798911
vt 0.740625 0.450000
vn 0.695439 0.697928 0.171059
f 1060/1060/1060 1061/1061/1061 1062/1062/1062
v 94.682615 8.079957 53.841327
vt 0.105000 0.210000
vn 0.617125 0.743977 -0.256234
v 94.682615 5.446369 47.111163
vt 0.154375 0.210000
vn 0.617125 0.743977 -0.256234
v 88.864130 8.329151 40.551381
vt 0.202500 0.320000
vn 0.617125 0.743977 -0.256234
f 1063/1063/1063 1064/1064/1064 1065/1065/1065
v 94.682615 8.079957 53.841327
vt 0.105000 0.210000
vn 0.617125 0.743977 -0.256234
v 88.864130 8.329151 40.551381
vt 0.202500 0.320000
vn 0.617125 0.743977 -0.256234
v 88.864130 10.008702 46.344435
vt 0.160000 0.320000
vn 0.617125 0.743977 -0.256234
f 1066/1066/1066 1067/1067/1067 1068/1068/1068
v 94.682615 5.446369 47.111163
vt 0.154375 0.210000
vn 0.547514 0.830049 -0.106050
v 94.682615 4.469409 40.380994
vt 0.203750 0.210000
vn 0.547514 0.830049 -0.106050
v 88.864130 7.706102 34.758323
vt 0.245000 0.320000
vn 0.547514 0.830049 -0.106050
f 1069/1069/1069 1070/1070/1070 1071/1071/1071
v 94.682615 5.446369 47.111163
vt 0.154375 0.210000
vn 0.547514 0.830049 -0.106050
v 88.864130 7.706102 34.758323
vt 0.245000 0.320000
vn 0.547514 0.830049 -0.106050
v 88.864130 8.329151 40.551381
vt 0.202500 0.320000
vn 0.547514 0.830049 -0.106050
f 1072/1072/1072 1073/1073/1073 1074/1074/1074
v 94.682615 4.469409 40.380994
vt 0.203750 0.210000
vn 0.515186 0.856383 -0.034524
v 94.682615 4.161150 33.650829
vt 0.253125 0.210000
vn 0.515186 0.856383 -0.034524
v 88.864130 7.509513 28.965271
vt 0.287500 0.320000
vn 0.515186 0.856383 -0.034524
f 1075/1075/1075 1076/1076/1076 1077/1077/1077
v 94.682615 4.469409 40.380994
vt 0.203750 0.210000
vn 0.515186 0.856383 -0.034524
v 88.864130 7.509513 28.965271
vt 0.287500 0.320000
vn 0.515186 0.856383 -0.034524
v 88.864130 7.706102 34.758323
vt 0.245000 0.320000
vn 0.515186 0.856383 -0.034524
f 1078/1078/1078 1079/1079/1079 1080/1080/1080
v 94.682615 4.161150 33.650829
vt 0.253125 0.210000
vn 0.505091 0.863022 -0.008774
v 94.682615 4.083406 26.920664
vt 0.302500 0.210000
vn 0.505091 0.863022 -0.008774
v 88.864130 7.459931 23.172217
vt 0.330000 0.320000
vn 0.505091 0.863022 -0.008774
f 1081/1081/1081 1082/1082/1082 1083/1083/1083
v 94.682615 4.161150 33.650829
vt 0.253125 0.210000
vn 0.505091 0.863022 -0.008774
v 88.864130 7.459931 23.172217
vt 0.330000 0.320000
vn 0.505091 0.863022 -0.008774
v 88.864130 7.509513 28.965271
vt 0.287500 0.320000
vn 0.505091 0.863022 -0.008774
f 1084/1084/1084 1085/1085/1085 1086/1086/1086
v 94.682615 4.083406 26.920664
vt 0.302500 0.210000
vn 0.502874 0.864358 -0.001594
v 94.682615 4.069302 20.190497
vt 0.351875 0.210000
vn 0.502874 0.864358 -0.001594
v 88.864130 7.450937 17.379162
vt 0.372500 0.320000
vn 0.502874 0.864358 -0.001594
f 1087/1087/1087 1088/1088/1088 1089/1089/1089
v 94.682615 4.083406 26.920664
vt 0.302500 0.210000
vn 0.502874 0.864358 -0.001594
v 88.864130 7.450937 17.379162
vt 0.372500 0.320000
vn 0.502874 0.864358 -0.001594
v 88.864130 7.459931 23.172217
vt 0.330000 0.320000
vn 0.502874 0.864358 -0.001594
f 1090/1090/1090 1091/1091/1091 1092/1092/1092
v 94.682615 4.069302 20.190497
vt 0.351875 0.210000
vn 0.502568 0.864538 -0.000171
v 94.682615 4.067794 13.460332
vt 0.401250 0.210000
vn 0.502568 0.864538 -0.000171
v 88.864130 7.449975 11.586109
vt 0.415000 0.320000
vn 0.502568 0.864538 -0.000171
f 1093/1093/1093 1094/1094/1094 1095/1095/1095
v 94.682615 4.069302 20.190497
vt 0.351875 0.210000
vn 0.502568 0.864538 -0.000171
v 88.864130 7.449975 11.586109
vt 0.415000 0.320000
vn 0.502568 0.864538 -0.000171
v 88.864130 7.450937 17.379162
vt 0.372500 0.320000
vn 0.502568 0.864538 -0.000171
f 1096/1096/1096 1097/1097/1097 1098/1098/1098
v 94.682615 4.067794 13.460332
vt 0.401250 0.210000
vn 0.502550 0.864548 -0.000007
v 94.682615 4.067733 6.730166
vt 0.450625 0.210000
vn 0.502550 0.864548 -0.000007
v 88.864130 7.449937 5.793054
vt 0.457500 0.320000
vn 0.502550 0.864548 -0.000007
f 1099/1099/1099 1100/1100/1100 1101/1101/1101
v 94.682615 4.067794 13.460332
vt 0.401250 0.210000
vn 0.502550 0.864548 -0.000007
v 88.864130 7.449937 5.793054
vt 0.457500 0.320000
vn 0.502550 0.864548 -0.000007
v 88.864130 7.449975 11.586109
vt 0.415000 0.320000
vn 0.502550 0.864548 -0.000007
f 1102/1102/1102 1103/1103/1103 1104/1104/1104
v 94.682615 4.067733 6.730166
vt 0.450625 0.210000
vn 0.502550 0.864548 -0.000000
v 94.682615 4.067733 -0.000000
vt 0.500000 0.210000
vn 0.502550 0.864548 -0.000000
v 88.864130 7.449937 -0.000000
vt 0.500000 0.320000
vn 0.502550 0.864548 -0.000000
f 1105/1105/1105 1106/1106/1106 1107/1107/1107
v 94.682615 4.067733 6.730166
vt 0.450625 0.210000
vn 0.502550 0.864548 -0.000000
v 88.864130 7.449937 -0.000000
vt 0.500000 0.320000
vn 0.502550 0.864548 -0.000000
v 88.864130 7.449937 5.793054
vt 0.457500 0.320000
vn 0.502550 0.864548 -0.000000
f 1108/1108/1108 1109/1109/1109 1110/1110/1110
v 94.682615 4.067733 -0.000000
vt 0.500000 0.210000
vn 0.502550 0.864548 -0.000000
v 94.682615 4.067733 -6.730166
vt 0.549375 0.210000
vn 0.502550 0.864548 -0.000000
v 88.864130 7.449937 -5.793054
vt 0.542500 0.320000
vn 0.502550 0.864548 -0.000000
f 1111/1111/1111 1112/1112/1112 1113/1113/1113
v 94.682615 4.067733 -0.000000
vt 0.500000 0.210000
vn 0.502550 0.864548 -0.000000
v 88.864130 7.449937 -5.793054
vt 0.542500 0.320000
vn 0.502550 0.864548 -0.000000
v 88.864130 7.449937 -0.000000
vt 0.500000 0.320000
vn 0.502550 0.864548 -0.000000
f 1114/1114/1114 1115/1115/1115 1116/1116/1116
v 94.682615 4.067733 -6.730166
vt 0.549375 0.210000
vn 0.502550 0.864548 0.000007
v 94.682615 4.067794 -13.460332
vt 0.598750 0.210000
vn 0.502550 0.864548 0.000007
v 88.864130 7.449975 -11.586109
vt 0.585000 0.320000
vn 0.502550 0.864548 0.000007
f 1117/1117/1117 1118/1118/1118 1119/1119/1119
v 94.682615 4.067733 -6.730166
vt 0.549375 0.210000
vn 0.502550 0.864548 0.000007
v 88.864130 7.449975 -11.586109
vt 0.585000 0.320000
vn 0.502550 0.864548 0.000007
v 88.864130 7.449937 -5.793054
vt 0.542500 0.320000
vn 0.502550 0.864548 0.000007
f 1120/1120/1120 1121/1121/1121 1122/1122/1122
v 94.682615 4.067794 -13.460332
vt 0.598750 0.210000
vn 0.502568 0.864538 0.000171
v 94.682615 4.069302 -20.190497
vt 0.648125 0.210000
vn 0.502568 0.864538 0.000171
v 88.864130 7.450937 -17.379162
vt 0.627500 0.320000
vn 0.502568 0.864538 0.000171
f 1123/1123/1123 1124/1124/1124 1125/1125/1125
v 94.682615 4.067794 -13.460332
vt 0.598750 0.210000
vn 0.502568 0.864538 0.000171
v 88.864130 7.450937 -17.379162
vt 0.627500 0.320000
vn 0.502568 0.864538 0.000171
v 88.864130 7.449975 -11.586109
vt 0.585000 0.320000
vn 0.502568 0.864538 0.000171
f 1126/1126/1126 1127/1127/1127 1128/1128/1128
v 94.682615 4.069302 -20.190497
vt 0.648125 0.210000
vn 0.502874 0.864358 0.001594
v 94.682615 4.083406 -26.920664
vt 0.697500 0.210000
vn 0.502874 0.864358 0.001594
v 88.864130 7.459931 -23.172217
vt 0.670000 0.320000
vn 0.502874 0.864358 0.001594
f 1129/1129/1129 1130/1130/1130 1131/1131/1131
v 94.682615 4.069302 -20.190497
vt 0.648125 0.210000
vn 0.502874 0.864358 0.001594
v 88.864130 7.459931 -23.172217
vt 0.670000 0.320000
vn 0.502874 0.864358 0.001594
v 88.864130 7.450937 -17.379162
vt 0.627500 0.320000
vn 0.502874 0.864358 0.001594
f 1132/1132/1132 1133/1133/1133 1134/1134/1134
v 94.682615 4.083406 -26.920664
vt 0.697500 0.210000
vn 0.505091 0.863021 0.008774
v 94.682615 4.161150 -33.650829
vt 0.746875 0.210000
vn 0.505091 0.863021 0.008774
v 88.864130 7.509513 -28.965271
vt 0.712500 0.320000
vn 0.505091 0.863021 0.008774
f 1135/1135/1135 1136/1136/1136 1137/1137/1137
v 94.682615 4.083406 -26.920664
vt 0.697500 0.210000
vn 0.505091 0.863021 0.008774
v 88.864130 7.509513 -28.965271
vt 0.712500 0.320000
vn 0.505091 0.863021 0.008774
v 88.864130 7.459931 -23.172217
vt 0.670000 0.320000
vn 0.505091 0.863021 0.008774
f 1138/1138/1138 1139/1139/1139 1140/1140/1140
v 94.682615 4.161150 -33.650829
vt 0.746875 0.210000
vn 0.515186 0.856383 0.034524
v 94.682615 4.469409 -40.380994
vt 0.796250 0.210000
vn 0.515186 0.856383 0.034524
v 88.864130 7.706102 -34.758323
vt 0.755000 0.320000
vn 0.515186 0.856383 0.034524
f 1141/1141/1141 1142/1142/1142 1143/1143/1143
v 94.682615 4.161150 -33.650829
vt 0.746875 0.210000
vn 0.515186 0.856383 0.034524
v 88.864130 7.706102 -34.758323
vt 0.755000 0.320000
vn 0.515186 0.856383 0.034524
v 88.864130 7.509513 -28.965271
vt 0.712500 0.320000
vn 0.515186 0.856383 0.034524
f 1144/1144/1144 1145/1145/1145 1146/1146/1146
v 94.682615 4.469409 -40.380994
vt 0.796250 0.210000
vn 0.547514 0.830049 0.106050
v 94.682615 5.446369 -47.111163
vt 0.845625 0.210000
vn 0.547514 0.830049 0.106050
v 88.864130 8.329151 -40.551381
vt 0.797500 0.320000
vn 0.547514 0.830049 0.106050
f 1147/1147/1147 1148/1148/1148 1149/1149/1149
v 94.682615 4.469409 -40.380994
vt 0.796250 0.210000
vn 0.547514 0.830049 0.106050
v 88.864130 8.329151 -40.551381
vt 0.797500 0.320000
vn 0.547514 0.830049 0.106050
v 88.864130 7.706102 -34.758323
vt 0.755000 0.320000
vn 0.547514 0.830049 0.106050
f 1150/1150/1150 1151/1151/1151 1152/1152/1152
v 94.682615 5.446369 -47.111163
vt 0.845625 0.210000
vn 0.617125 0.743977 0.256234
v 94.682615 8.079957 -53.841327
vt 0.895000 0.210000
vn 0.617125 0.743977 0.256234
v 88.864130 10.008702 -46.344435
vt 0.840000 0.320000
vn 0.617125 0.743977 0.256234
f 1153/1153/1153 1154/1154/1154 1155/1155/1155
v 94.682615 5.446369 -47.111163
vt 0.845625 0.210000
vn 0.617125 0.743977 0.256234
v 88.864130 10.008702 -46.344435
vt 0.840000 0.320000
vn 0.617125 0.743977 0.256234
v 88.864130 8.329151 -40.551381
vt 0.797500 0.320000
vn 0.617125 0.743977 0.256234
f 1156/1156/1156 1157/1157/1157 1158/1158/1158
v 99.443194 8.849222 59.975148
vt 0.060000 0.120000
vn 0.399859 0.838656 -0.369822
v 99.443194 5.209112 52.478256
vt 0.115000 0.120000
vn 0.399859 0.838656 -0.369822
v 94.682615 5.446369 47.111163
vt 0.154375 0.210000
vn 0.399859 0.838656 -0.369822
f 1159/1159/1159 1160/1160/1160 1161/1161/1161
v 99.443194 8.849222 59.975148
vt 0.060000 0.120000
vn 0.399859 0.838656 -0.369822
v 94.682615 5.446369 47.111163
vt 0.154375 0.210000
vn 0.399859 0.838656 -0.369822
v 94.682615 8.079957 53.841327
vt 0.105000 0.210000
vn 0.399859 0.838656 -0.369822
f 1162/1162/1162 1163/1163/1163 1164/1164/1164
v 99.443194 5.209112 52.478256
vt 0.115000 0.120000
vn 0.248811 0.955847 -0.156360
v 99.443194 3.858771 44.981363
vt 0.170000 0.120000
vn 0.248811 0.955847 -0.156360
v 94.682615 4.469409 40.380994
vt 0.203750 0.210000
vn 0.248811 0.955847 -0.156360
f 1165/1165/1165 1166/1166/1166 1167/1167/1167
v 99.443194 5.209112 52.478256
vt 0.115000 0.120000
vn 0.248811 0.955847 -0.156360
v 94.682615 4.469409 40.380994
vt 0.203750 0.210000
vn 0.248811 0.955847 -0.156360
v 94.682615 5.446369 47.111163
vt 0.154375 0.210000
vn 0.248811 0.955847 -0.156360
f 1168/1168/1168 1169/1169/1169 1170/1170/1170
v 99.443194 3.858771 44.981363
vt 0.170000 0.120000
vn 0.182975 0.981811 -0.050676
v 99.443194 3.432700 37.484467
vt 0.225000 0.120000
vn 0.182975 0.981811 -0.050676
v 94.682615 4.161150 33.650829
vt 0.253125 0.210000
vn 0.182975 0.981811 -0.050676
f 1171/1171/1171 1172/1172/1172 1173/1173/1173
v 99.443194 3.858771 44.981363
vt 0.170000 0.120000
vn 0.182975 0.981811 -0.050676
v 94.682615 4.161150 33.650829
vt 0.253125 0.210000
vn 0.182975 0.981811 -0.050676
v 94.682615 4.469409 40.380994
vt 0.203750 0.210000
vn 0.182975 0.981811 -0.050676
f 1174/1174/1174 1175/1175/1175 1176/1176/1176
v 99.443194 3.432700 37.484467
vt 0.225000 0.120000
vn 0.163335 0.986487 -0.012841
v 99.443194 3.325243 29.987574
vt 0.280000 0.120000
vn 0.163335 0.986487 -0.012841
v 94.682615 4.083406 26.920664
vt 0.302500 0.210000
vn 0.163335 0.986487 -0.012841
f 1177/1177/1177 1178/1178/1178 1179/1179/1179
v 99.443194 3.432700 37.484467
vt 0.225000 0.120000
vn 0.163335 0.986487 -0.012841
v 94.682615 4.083406 26.920664
vt 0.302500 0.210000
vn 0.163335 0.986487 -0.012841
v 94.682615 4.161150 33.650829
vt 0.253125 0.210000
vn 0.163335 0.986487 -0.012841
f 1180/1180/1180 1181/1181/1181 1182/1182/1182
v 99.443194 3.325243 29.987574
vt 0.280000 0.120000
vn 0.159103 0.987259 -0.002332
v 99.443194 3.305749 22.490682
vt 0.335000 0.120000
vn 0.159103 0.987259 -0.002332
v 94.682615 4.069302 20.190497
vt 0.351875 0.210000
vn 0.159103 0.987259 -0.002332
f 1183/1183/1183 1184/1184/1184 1185/1185/1185
v 99.443194 3.325243 29.987574
vt 0.280000 0.120000
vn 0.159103 0.987259 -0.002332
v 94.682615 4.069302 20.190497
vt 0.351875 0.210000
vn 0.159103 0.987259 -0.002332
v 94.682615 4.083406 26.920664
vt 0.302500 0.210000
vn 0.159103 0.987259 -0.002332
f 1186/1186/1186 1187/1187/1187 1188/1188/1188
v 99.443194 3.305749 22.490682
vt 0.335000 0.120000
vn 0.158523 0.987355 -0.000249
v 99.443194 3.303665 14.993787
vt 0.390000 0.120000
vn 0.158523 0.987355 -0.000249
v 94.682615 4.067794 13.460332
vt 0.401250 0.210000
vn 0.158523 0.987355 -0.000249
f 1189/1189/1189 1190/1190/1190 1191/1191/1191
v 99.443194 3.305749 22.490682
vt 0.335000 0.120000
vn 0.158523 0.987355 -0.000249
v 94.682615 4.067794 13.460332
vt 0.401250 0.210000
vn 0.158523 0.987355 -0.000249
v 94.682615 4.069302 20.190497
vt 0.351875 0.210000
vn 0.158523 0.987355 -0.000249
f 1192/1192/1192 1193/1193/1193 1194/1194/1194
v 99.443194 3.303665 14.993787
vt 0.390000 0.120000
vn 0.158488 0.987361 -0.000010
v 99.443194 3.303580 7.496894
vt 0.445000 0.120000
vn 0.158488 0.987361 -0.000010
v 94.682615 4.067733 6.730166
vt 0.450625 0.210000
vn 0.158488 0.987361 -0.000010
f 1195/1195/1195 1196/1196/1196 1197/1197/1197
v 99.443194 3.303665 14.993787
vt 0.390000 0.120000
vn 0.158488 0.987361 -0.000010
v 94.682615 4.067733 6.730166
vt 0.450625 0.210000
vn 0.158488 0.987361 -0.000010
v 94.682615 4.067794 13.460332
vt 0.401250 0.210000
vn 0.158488 0.987361 -0.000010
f 1198/1198/1198 1199/1199/1199 1200/1200/1200
v 99.443194 3.303580 7.496894
vt 0.445000 0.120000
vn 0.158488 0.987361 -0.000000
v 99.443194 3.303580 -0.000000
vt 0.500000 0.120000
vn 0.158488 0.987361 -0.000000
v 94.682615 4.067733 -0.000000
vt 0.500000 0.210000
vn 0.158488 0.987361 -0.000000
f 1201/1201/1201 1202/1202/1202 1203/1203/1203
v 99.443194 3.303580 7.496894
vt 0.445000 0.120000
vn 0.158488 0.987361 -0.000000
v 94.682615 4.067733 -0.000000
vt 0.500000 0.210000
vn 0.158488 0.987361 -0.000000
v 94.682615 4.067733 6.730166
vt 0.450625 0.210000
vn 0.158488 0.987361 -0.000000
f 1204/1204/1204 1205/1205/1205 1206/1206/1206
v 99.443194 3.303580 -0.000000
vt 0.500000 0.120000
vn 0.158488 0.987361 0.000000
v 99.443194 3.303580 -7.496894
vt 0.555000 0.120000
vn 0.158488 0.987361 0.000000
v 94.682615 4.067733 -6.730166
vt 0.549375 0.210000
vn 0.158488 0.987361 0.000000
f 1207/1207/1207 1208/1208/1208 1209/1209/1209
v 99.443194 3.303580 -0.000000
vt 0.500000 0.120000
vn 0.158488 0.987361 0.000000
v 94.682615 4.067733 -6.730166
vt 0.549375 0.210000
vn 0.158488 0.987361 0.000000
v 94.682615 4.067733 -0.000000
vt 0.500000 0.210000
vn 0.158488 0.987361 0.000000
f 1210/1210/1210 1211/1211/1211 1212/1212/1212
v 99.443194 3.303580 -7.496894
vt 0.555000 0.120000
vn 0.158488 0.987361 0.000010
v 99.443194 3.303665 -14.993787
vt 0.610000 0.120000
vn 0.158488 0.987361 0.000010
v 94.682615 4.067794 -13.460332
vt 0.598750 0.210000
vn 0.158488 0.987361 0.000010
f 1213/1213/1213 1214/1214/1214 1215/1215/1215
v 99.443194 3.303580 -7.496894
vt 0.555000 0.120000
vn 0.158488 0.987361 0.000010
v 94.682615 4.067794 -13.460332
vt 0.598750 0.210000
vn 0.158488 0.987361 0.000010
v 94.682615 4.067733 -6.730166
vt 0.549375 0.210000
vn 0.158488 0.987361 0.000010
f 1216/1216/1216 1217/1217/1217 1218/1218/1218
v 99.443194 3.303665 -14.993787
vt 0.610000 0.120000
vn 0.158523 0.987355 0.000249
v 99.443194 3.305749 -22.490682
vt 0.665000 0.120000
vn 0.158523 0.987355 0.000249
v 94.682615 4.069302 -20.190497
vt 0.648125 0.210000
vn 0.158523 0.987355 0.000249
f 1219/1219/1219 1220/1220/1220 1221/1221/1221
v 99.443194 3.303665 -14.993787
vt 0.610000 0.120000
vn 0.158523 0.987355 0.000249
v 94.682615 4.069302 -20.190497
vt 0.648125 0.210000
vn 0.158523 0.987355 0.000249
v 94.682615 4.067794 -13.460332
vt 0.598750 0.210000
vn 0.158523 0.987355 0.000249
f 1222/1222/1222 1223/1223/1223 1224/1224/1224
v 99.443194 3.305749 -22.490682
vt 0.665000 0.120000
vn 0.159103 0.987259 0.002332
v 99.443194 3.325243 -29.987574
vt 0.720000 0.120000
vn 0.159103 0.987259 0.002332
v 94.682615 4.083406 -26.920664
vt 0.697500 0.210000
vn 0.159103 0.987259 0.002332
f 1225/1225/1225 1226/1226/1226 1227/1227/1227
v 99.443194 3.305749 -22.490682
vt 0.665000 0.120000
vn 0.159103 0.987259 0.002332
v 94.682615 4.083406 -26.920664
vt 0.697500 0.210000
vn 0.159103 0.987259 0.002332
v 94.682615 4.069302 -20.190497
vt 0.648125 0.210000
vn 0.159103 0.987259 0.002332
f 1228/1228/1228 1229/1229/1229 1230/1230/1230
v 99.443194 3.325243 -29.987574
vt 0.720000 0.120000
vn 0.163335 0.986487 0.012842
v 99.443194 3.432700 -37.484467
vt 0.775000 0.120000
vn 0.163335 0.986487 0.012842
v 94.682615 4.161150 -33.650829
vt 0.746875 0.210000
vn 0.163335 0.986487 0.012842
f 1231/1231/1231 1232/1232/1232 1233/1233/1233
v 99.443194 3.325243 -29.987574
vt 0.720000 0.120000
vn 0.163335 0.986487 0.012842
v 94.682615 4.161150 -33.650829
vt 0.746875 0.210000
vn 0.163335 0.986487 0.012842
v 94.682615 4.083406 -26.920664
vt 0.697500 0.210000
vn 0.163335 0.986487 0.012842
f 1234/1234/1234 1235/1235/1235 1236/1236/1236
v 99.443194 3.432700 -37.484467
vt 0.775000 0.120000
vn 0.182975 0.981811 0.050676
v 99.443194 3.858771 -44.981363
vt 0.830000 0.120000
vn 0.182975 0.981811 0.050676
v 94.682615 4.469409 -40.380994
vt 0.796250 0.210000
vn 0.182975 0.981811 0.050676
f 1237/1237/1237 1238/1238/1238 1239/1239/1239
v 99.443194 3.432700 -37.484467
vt 0.775000 0.120000
vn 0.182975 0.981811 0.050676
v 94.682615 4.469409 -40.380994
vt 0.796250 0.210000
vn 0.182975 0.981811 0.050676
v 94.682615 4.161150 -33.650829
vt 0.746875 0.210000
vn 0.182975 0.981811 0.050676
f 1240/1240/1240 1241/1241/1241 1242/1242/1242
v 99.443194 3.858771 -44.981363
vt 0.830000 0.120000
vn 0.248811 0.955847 0.156360
v 99.443194 5.209112 -52.478256
vt 0.885000 0.120000
vn 0.248811 0.955847 0.156360
v 94.682615 5.446369 -47.111163
vt 0.845625 0.210000
vn 0.248811 0.955847 0.156360
f 1243/1243/1243 1244/1244/1244 1245/1245/1245
v 99.443194 3.858771 -44.981363
vt 0.830000 0.120000
vn 0.248811 0.955847 0.156360
v 94.682615 5.446369 -47.111163
vt 0.845625 0.210000
vn 0.248811 0.955847 0.156360
v 94.682615 4.469409 -40.380994
vt 0.796250 0.210000
vn 0.248811 0.955847 0.156360
f 1246/1246/1246 1247/1247/1247 1248/1248/1248
v 99.443194 5.209112 -52.478256
vt 0.885000 0.120000
vn 0.399859 0.838657 0.369821
v 99.443194 8.849222 -59.975148
vt 0.940000 0.120000
vn 0.399859 0.838657 0.369821
v 94.682615 8.079957 -53.841327
vt 0.895000 0.210000
vn 0.399859 0.838657 0.369821
f 1249/1249/1249 1250/1250/1250 1251/1251/1251
v 99.443194 5.209112 -52.478256
vt 0.885000 0.120000
vn 0.399859 0.838657 0.369821
v 94.682615 8.079957 -53.841327
vt 0.895000 0.210000
vn 0.399859 0.838657 0.369821
v 94.682615 5.446369 -47.111163
vt 0.845625 0.210000
vn 0.399859 0.838657 0.369821
f 1252/1252/1252 1253/1253/1253 1254/1254/1254
v 103.145865 11.100390 64.745901
vt 0.025000 0.050000
vn 0.136503 0.876299 -0.462024
v 103.145865 6.520687 56.652661
vt 0.084375 0.050000
vn 0.136503 0.876299 -0.462024
v 99.443194 5.209112 52.478256
vt 0.115000 0.120000
vn 0.136503 0.876299 -0.462024
f 1255/1255/1255 1256/1256/1256 1257/1257/1257
v 103.145865 11.100390 64.745901
vt 0.025000 0.050000
vn 0.136503 0.876299 -0.462024
v 99.443194 5.209112 52.478256
vt 0.115000 0.120000
vn 0.136503 0.876299 -0.462024
v 99.443194 8.849222 59.975148
vt 0.060000 0.120000
vn 0.136503 0.876299 -0.462024
f 1258/1258/1258 1259/1259/1259 1260/1260/1260
v 103.145865 6.520687 56.652661
vt 0.084375 0.050000
vn -0.099992 0.976486 -0.190988
v 103.145865 4.821792 48.559424
vt 0.143750 0.050000
vn -0.099992 0.976486 -0.190988
v 99.443194 3.858771 44.981363
vt 0.170000 0.120000
vn -0.099992 0.976486 -0.190988
f 1261/1261/1261 1262/1262/1262 1263/1263/1263
v 103.145865 6.520687 56.652661
vt 0.084375 0.050000
vn -0.099992 0.976486 -0.190988
v 99.443194 3.858771 44.981363
vt 0.170000 0.120000
vn -0.099992 0.976486 -0.190988
v 99.443194 5.209112 52.478256
vt 0.115000 0.120000
vn -0.099992 0.976486 -0.190988
f 1264/1264/1264 1265/1265/1265 1266/1266/1266
v 103.145865 4.821792 48.559424
vt 0.143750 0.050000
vn -0.186858 0.980522 -0.060511
v 103.145865 4.285743 40.466187
vt 0.203125 0.050000
vn -0.186858 0.980522 -0.060511
v 99.443194 3.432700 37.484467
vt 0.225000 0.120000
vn -0.186858 0.980522 -0.060511
f 1267/1267/1267 1268/1268/1268 1269/1269/1269
v 103.145865 4.821792 48.559424
vt 0.143750 0.050000
vn -0.186858 0.980522 -0.060511
v 99.443194 3.432700 37.484467
vt 0.225000 0.120000
vn -0.186858 0.980522 -0.060511
v 99.443194 3.858771 44.981363
vt 0.170000 0.120000
vn -0.186858 0.980522 -0.060511
f 1270/1270/1270 1271/1271/1271 1272/1272/1272
v 103.145865 4.285743 40.466187
vt 0.203125 0.050000
vn -0.210509 0.977473 -0.015214
v 103.145865 4.150549 32.372951
vt 0.262500 0.050000
vn -0.210509 0.977473 -0.015214
v 99.443194 3.325243 29.987574
vt 0.280000 0.120000
vn -0.210509 0.977473 -0.015214
f 1273/1273/1273 1274/1274/1274 1275/1275/1275
v 103.145865 4.285743 40.466187
vt 0.203125 0.050000
vn -0.210509 0.977473 -0.015214
v 99.443194 3.325243 29.987574
vt 0.280000 0.120000
vn -0.210509 0.977473 -0.015214
v 99.443194 3.432700 37.484467
vt 0.225000 0.120000
vn -0.210509 0.977473 -0.015214
f 1276/1276/1276 1277/1277/1277 1278/1278/1278
v 103.145865 4.150549 32.372951
vt 0.262500 0.050000
vn -0.215442 0.976513 -0.002757
v 103.145865 4.126023 24.279712
vt 0.321875 0.050000
vn -0.215442 0.976513 -0.002757
v 99.443194 3.305749 22.490682
vt 0.335000 0.120000
vn -0.215442 0.976513 -0.002757
f 1279/1279/1279 1280/1280/1280 1281/1281/1281
v 103.145865 4.150549 32.372951
vt 0.262500 0.050000
vn -0.215442 0.976513 -0.002757
v 99.443194 3.305749 22.490682
vt 0.335000 0.120000
vn -0.215442 0.976513 -0.002757
v 99.443194 3.325243 29.987574
vt 0.280000 0.120000
vn -0.215442 0.976513 -0.002757
f 1282/1282/1282 1283/1283/1283 1284/1284/1284
v 103.145865 4.126023 24.279712
vt 0.321875 0.050000
vn -0.216111 0.976369 -0.000295
v 103.145865 4.123401 16.186475
vt 0.381250 0.050000
vn -0.216111 0.976369 -0.000295
v 99.443194 3.303665 14.993787
vt 0.390000 0.120000
vn -0.216111 0.976369 -0.000295
f 1285/1285/1285 1286/1286/1286 1287/1287/1287
v 103.145865 4.126023 24.279712
vt 0.321875 0.050000
vn -0.216111 0.976369 -0.000295
v 99.443194 3.303665 14.993787
vt 0.390000 0.120000
vn -0.216111 0.976369 -0.000295
v 99.443194 3.305749 22.490682
vt 0.335000 0.120000
vn -0.216111 0.976369 -0.000295
f 1288/1288/1288 1289/1289/1289 1290/1290/1290
v 103.145865 4.123401 16.186475
vt 0.381250 0.050000
vn -0.216151 0.976360 -0.000012
v 103.145865 4.123295 8.093238
vt 0.440625 0.050000
vn -0.216151 0.976360 -0.000012
v 99.443194 3.303580 7.496894
vt 0.445000 0.120000
vn -0.216151 0.976360 -0.000012
f 1291/1291/1291 1292/1292/1292 1293/1293/1293
v 103.145865 4.123401 16.186475
vt 0.381250 0.050000
vn -0.216151 0.976360 -0.000012
v 99.443194 3.303580 7.496894
vt 0.445000 0.120000
vn -0.216151 0.976360 -0.000012
v 99.443194 3.303665 14.993787
vt 0.390000 0.120000
vn -0.216151 0.976360 -0.000012
f 1294/1294/1294 1295/1295/1295 1296/1296/1296
v 103.145865 4.123295 8.093238
vt 0.440625 0.050000
vn -0.216151 0.976360 0.000000
v 103.145865 4.123295 -0.000000
vt 0.500000 0.050000
vn -0.216151 0.976360 0.000000
v 99.443194 3.303580 -0.000000
vt 0.500000 0.120000
vn -0.216151 0.976360 0.000000
f 1297/1297/1297 1298/1298/1298 1299/1299/1299
v 103.145865 4.123295 8.093238
vt 0.440625 0.050000
vn -0.216151 0.976360 0.000000
v 99.443194 3.303580 -0.000000
vt 0.500000 0.120000
vn -0.216151 0.976360 0.000000
v 99.443194 3.303580 7.496894
vt 0.445000 0.120000
vn -0.216151 0.976360 0.000000
f 1300/1300/1300 1301/1301/1301 1302/1302/1302
v 103.145865 4.123295 -0.000000
vt 0.500000 0.050000
vn -0.216151 0.976360 -0.000000
v 103.145865 4.123295 -8.093238
vt 0.559375 0.050000
vn -0.216151 0.976360 -0.000000
v 99.443194 3.303580 -7.496894
vt 0.555000 0.120000
vn -0.216151 0.976360 -0.000000
f 1303/1303/1303 1304/1304/1304 1305/1305/1305
v 103.145865 4.123295 -0.000000
vt 0.500000 0.050000
vn -0.216151 0.976360 -0.000000
v 99.443194 3.303580 -7.496894
vt 0.555000 0.120000
vn -0.216151 0.976360 -0.000000
v 99.443194 3.303580 -0.000000
vt 0.500000 0.120000
vn -0.216151 0.976360 -0.000000
f 1306/1306/1306 1307/1307/1307 1308/1308/1308
v 103.145865 4.123295 -8.093238
vt 0.559375 0.050000
vn -0.216151 0.976360 0.000012
v 103.145865 4.123401 -16.186475
vt 0.618750 0.050000
vn -0.216151 0.976360 0.000012
v 99.443194 3.303665 -14.993787
vt 0.610000 0.120000
vn -0.216151 0.976360 0.000012
f 1309/1309/1309 1310/1310/1310 1311/1311/1311
v 103.145865 4.123295 -8.093238
vt 0.559375 0.050000
vn -0.216151 0.976360 0.000012
v 99.443194 3.303665 -14.993787
vt 0.610000 0.120000
vn -0.216151 0.976360 0.000012
v 99.443194 3.303580 -7.496894
vt 0.555000 0.120000
vn -0.216151 0.976360 0.000012
f 1312/1312/1312 1313/1313/1313 1314/1314/1314
v 103.145865 4.123401 -16.186475
vt 0.618750 0.050000
vn -0.216111 0.976369 0.000295
v 103.145865 4.126023 -24.279712
vt 0.678125 0.050000
vn -0.216111 0.976369 0.000295
v 99.443194 3.305749 -22.490682
vt 0.665000 0.120000
vn -0.216111 0.976369 0.000295
f 1315/1315/1315 1316/1316/1316 1317/1317/1317
v 103.145865 4.123401 -16.186475
vt 0.618750 0.050000
vn -0.216111 0.976369 0.000295
v 99.443194 3.305749 -22.490682
vt 0.665000 0.120000
vn -0.216111 0.976369 0.000295
v 99.443194 3.303665 -14.993787
vt 0.610000 0.120000
vn -0.216111 0.976369 0.000295
f 1318/1318/1318 1319/1319/1319 1320/1320/1320
v 103.145865 4.126023 -24.279712
vt 0.678125 0.050000
vn -0.215442 0.976513 0.002757
v 103.145865 4.150549 -32.372951
vt 0.737500 0.050000
vn -0.215442 0.976513 0.002757
v 99.443194 3.325243 -29.987574
vt 0.720000 0.120000
vn -0.215442 0.976513 0.002757
f 1321/1321/1321 1322/1322/1322 1323/1323/1323
v 103.145865 4.126023 -24.279712
vt 0.678125 0.050000
vn -0.215442 0.976513 0.002757
v 99.443194 3.325243 -29.987574
vt 0.720000 0.120000
vn -0.215442 0.976513 0.002757
v 99.443194 3.305749 -22.490682
vt 0.665000 0.120000
vn -0.215442 0.976513 0.002757
f 1324/1324/1324 1325/1325/1325 1326/1326/1326
v 103.145865 4.150549 -32.372951
vt 0.737500 0.050000
vn -0.210509 0.977474 0.015214
v 103.145865 4.285743 -40.466187
vt 0.796875 0.050000
vn -0.210509 0.977474 0.015214
v 99.443194 3.432700 -37.484467
vt 0.775000 0.120000
vn -0.210509 0.977474 0.015214
f 1327/1327/1327 1328/1328/1328 1329/1329/1329
v 103.145865 4.150549 -32.372951
vt 0.737500 0.050000
vn -0.210509 0.977474 0.015214
v 99.443194 3.432700 -37.484467
vt 0.775000 0.120000
vn -0.210509 0.977474 0.015214
v 99.443194 3.325243 -29.987574
vt 0.720000 0.120000
vn -0.210509 0.977474 0.015214
f 1330/1330/1330 1331/1331/1331 1332/1332/1332
v 103.145865 4.285743 -40.466187
vt 0.796875 0.050000
vn -0.186858 0.980522 0.060511
v 103.145865 4.821792 -48.559424
vt 0.856250 0.050000
vn -0.186858 0.980522 0.060511
v 99.443194 3.858771 -44.981363
vt 0.830000 0.120000
vn -0.186858 0.980522 0.060511
f 1333/1333/1333 1334/1334/1334 1335/1335/1335
v 103.145865 4.285743 -40.466187
vt 0.796875 0.050000
vn -0.186858 0.980522 0.060511
v 99.443194 3.858771 -44.981363
vt 0.830000 0.120000
vn -0.186858 0.980522 0.060511
v 99.443194 3.432700 -37.484467
vt 0.775000 0.120000
vn -0.186858 0.980522 0.060511
f 1336/1336/1336 1337/1337/1337 1338/1338/1338
v 103.145865 4.821792 -48.559424
vt 0.856250 0.050000
vn -0.099992 0.976486 0.190989
v 103.145865 6.520687 -56.652661
vt 0.915625 0.050000
vn -0.099992 0.976486 0.190989
v 99.443194 5.209112 -52.478256
vt 0.885000 0.120000
vn -0.099992 0.976486 0.190989
f 1339/1339/1339 1340/1340/1340 1341/1341/1341
v 103.145865 4.821792 -48.559424
vt 0.856250 0.050000
vn -0.099992 0.976486 0.190989
v 99.443194 5.209112 -52.478256
vt 0.885000 0.120000
vn -0.099992 0.976486 0.190989
v 99.443194 3.858771 -44.981363
vt 0.830000 0.120000
vn -0.099992 0.976486 0.190989
f 1342/1342/1342 1343/1343/1343 1344/1344/1344
v 103.145865 6.520687 -56.652661
vt 0.915625 0.050000
vn 0.136503 0.876299 0.462024
v 103.145865 11.100390 -64.745901
vt 0.975000 0.050000
vn 0.136503 0.876299 0.462024
v 99.443194 8.849222 -59.975148
vt 0.940000 0.120000
vn 0.136503 0.876299 0.462024
f 1345/1345/1345 1346/1346/1346 1347/1347/1347
v 103.145865 6.520687 -56.652661
vt 0.915625 0.050000
vn 0.136503 0.876299 0.462024
v 99.443194 8.849222 -59.975148
vt 0.940000 0.120000
vn 0.136503 0.876299 0.462024
v 99.443194 5.209112 -52.478256
vt 0.885000 0.120000
vn 0.136503 0.876299 0.462024
f 1348/1348/1348 1349/1349/1349 1350/1350/1350
v 105.790630 13.732438 68.153579
vt 0.000000 0.000000
vn -0.110724 0.853266 -0.509585
v 105.790630 8.390897 59.634381
vt 0.062500 0.000000
vn -0.110724 0.853266 -0.509585
v 103.145865 6.520687 56.652661
vt 0.084375 0.050000
vn -0.110724 0.853266 -0.509585
f 1351/1351/1351 1352/1352/1352 1353/1353/1353
v 105.790630 13.732438 68.153579
vt 0.000000 0.000000
vn -0.110724 0.853266 -0.509585
v 103.145865 6.520687 56.652661
vt 0.084375 0.050000
vn -0.110724 0.853266 -0.509585
v 103.145865 11.100390 64.745901
vt 0.025000 0.050000
vn -0.110724 0.853266 -0.509585
f 1354/1354/1354 1355/1355/1355 1356/1356/1356
v 105.790630 8.390897 59.634381
vt 0.062500 0.000000
vn -0.380772 0.902779 -0.200007
v 105.790630 6.409390 51.115184
vt 0.125000 0.000000
vn -0.380772 0.902779 -0.200007
v 103.145865 4.821792 48.559424
vt 0.143750 0.050000
vn -0.380772 0.902779 -0.200007
f 1357/1357/1357 1358/1358/1358 1359/1359/1359
v 105.790630 8.390897 59.634381
vt 0.062500 0.000000
vn -0.380772 0.902779 -0.200007
v 103.145865 4.821792 48.559424
vt 0.143750 0.050000
vn -0.380772 0.902779 -0.200007
v 103.145865 6.520687 56.652661
vt 0.084375 0.050000
vn -0.380772 0.902779 -0.200007
f 1360/1360/1360 1361/1361/1361 1362/1362/1362
v 105.790630 6.409390 51.115184
vt 0.125000 0.000000
vn -0.461513 0.884974 -0.061863
v 105.790630 5.784168 42.595987
vt 0.187500 0.000000
vn -0.461513 0.884974 -0.061863
v 103.145865 4.285743 40.466187
vt 0.203125 0.050000
vn -0.461513 0.884974 -0.061863
f 1363/1363/1363 1364/1364/1364 1365/1365/1365
v 105.790630 6.409390 51.115184
vt 0.125000 0.000000
vn -0.461513 0.884974 -0.061863
v 103.145865 4.285743 40.466187
vt 0.203125 0.050000
vn -0.461513 0.884974 -0.061863
v 103.145865 4.821792 48.559424
vt 0.143750 0.050000
vn -0.461513 0.884974 -0.061863
f 1366/1366/1366 1367/1367/1367 1368/1368/1368
v 105.790630 5.784168 42.595987
vt 0.187500 0.000000
vn -0.481547 0.876284 -0.015449
v 105.790630 5.626485 34.076789
vt 0.250000 0.000000
vn -0.481547 0.876284 -0.015449
v 103.145865 4.150549 32.372951
vt 0.262500 0.050000
vn -0.481547 0.876284 -0.015449
f 1369/1369/1369 1370/1370/1370 1371/1371/1371
v 105.790630 5.784168 42.595987
vt 0.187500 0.000000
vn -0.481547 0.876284 -0.015449
v 103.145865 4.150549 32.372951
vt 0.262500 0.050000
vn -0.481547 0.876284 -0.015449
v 103.145865 4.285743 40.466187
vt 0.203125 0.050000
vn -0.481547 0.876284 -0.015449
f 1372/1372/1372 1373/1373/1373 1374/1374/1374
v 105.790630 5.626485 34.076789
vt 0.250000 0.000000
vn -0.485594 0.874180 -0.002796
v 105.790630 5.597879 25.557592
vt 0.312500 0.000000
vn -0.485594 0.874180 -0.002796
v 103.145865 4.126023 24.279712
vt 0.321875 0.050000
vn -0.485594 0.874180 -0.002796
f 1375/1375/1375 1376/1376/1376 1377/1377/1377
v 105.790630 5.626485 34.076789
vt 0.250000 0.000000
vn -0.485594 0.874180 -0.002796
v 103.145865 4.126023 24.279712
vt 0.321875 0.050000
vn -0.485594 0.874180 -0.002796
v 103.145865 4.150549 32.372951
vt 0.262500 0.050000
vn -0.485594 0.874180 -0.002796
f 1378/1378/1378 1379/1379/1379 1380/1380/1380
v 105.790630 5.597879 25.557592
vt 0.312500 0.000000
vn -0.486138 0.873882 -0.000298
v 105.790630 5.594821 17.038395
vt 0.375000 0.000000
vn -0.486138 0.873882 -0.000298
v 103.145865 4.123401 16.186475
vt 0.381250 0.050000
vn -0.486138 0.873882 -0.000298
f 1381/1381/1381 1382/1382/1382 1383/1383/1383
v 105.790630 5.597879 25.557592
vt 0.312500 0.000000
vn -0.486138 0.873882 -0.000298
v 103.145865 4.123401 16.186475
vt 0.381250 0.050000
vn -0.486138 0.873882 -0.000298
v 103.145865 4.126023 24.279712
vt 0.321875 0.050000
vn -0.486138 0.873882 -0.000298
f 1384/1384/1384 1385/1385/1385 1386/1386/1386
v 105.790630 5.594821 17.038395
vt 0.375000 0.000000
vn -0.486170 0.873864 -0.000013
v 105.790630 5.594697 8.519197
vt 0.437500 0.000000
vn -0.486170 0.873864 -0.000013
v 103.145865 4.123295 8.093238
vt 0.440625 0.050000
vn -0.486170 0.873864 -0.000013
f 1387/1387/1387 1388/1388/1388 1389/1389/1389
v 105.790630 5.594821 17.038395
vt 0.375000 0.000000
vn -0.486170 0.873864 -0.000013
v 103.145865 4.123295 8.093238
vt 0.440625 0.050000
vn -0.486170 0.873864 -0.000013
v 103.145865 4.123401 16.186475
vt 0.381250 0.050000
vn -0.486170 0.873864 -0.000013
f 1390/1390/1390 1391/1391/1391 1392/1392/1392
v 105.790630 5.594697 8.519197
vt 0.437500 0.000000
vn -0.486170 0.873864 0.000000
v 105.790630 5.594697 -0.000000
vt 0.500000 0.000000
vn -0.486170 0.873864 0.000000
v 103.145865 4.123295 -0.000000
vt 0.500000 0.050000
vn -0.486170 0.873864 0.000000
f 1393/1393/1393 1394/1394/1394 1395/1395/1395
v 105.790630 5.594697 8.519197
vt 0.437500 0.000000
vn -0.486170 0.873864 0.000000
v 103.145865 4.123295 -0.000000
vt 0.500000 0.050000
vn -0.486170 0.873864 0.000000
v 103.145865 4.123295 8.093238
vt 0.440625 0.050000
vn -0.486170 0.873864 0.000000
f 1396/1396/1396 1397/1397/1397 1398/1398/1398
v 105.790630 5.594697 -0.000000
vt 0.500000 0.000000
vn -0.486170 0.873864 -0.000000
v 105.790630 5.594697 -8.519197
vt 0.562500 0.000000
vn -0.486170 0.873864 -0.000000
v 103.145865 4.123295 -8.093238
vt 0.559375 0.050000
vn -0.486170 0.873864 -0.000000
f 1399/1399/1399 1400/1400/1400 1401/1401/1401
v 105.790630 5.594697 -0.000000
vt 0.500000 0.000000
vn -0.486170 0.873864 -0.000000
v 103.145865 4.123295 -8.093238
vt 0.559375 0.050000
vn -0.486170 0.873864 -0.000000
v 103.145865 4.123295 -0.000000
vt 0.500000 0.050000
vn -0.486170 0.873864 -0.000000
f 1402/1402/1402 1403/1403/1403 1404/1404/1404
v 105.790630 5.594697 -8.519197
vt 0.562500 0.000000
vn -0.486170 0.873864 0.000013
v 105.790630 5.594821 -17.038395
vt 0.625000 0.000000
vn -0.486170 0.873864 0.000013
v 103.145865 4.123401 -16.186475
vt 0.618750 0.050000
vn -0.486170 0.873864 0.000013
f 1405/1405/1405 1406/1406/1406 1407/1407/1407
v 105.790630 5.594697 -8.519197
vt 0.562500 0.000000
vn -0.486170 0.873864 0.000013
v 103.145865 4.123401 -16.186475
vt 0.618750 0.050000
vn -0.486170 0.873864 0.000013
v 103.145865 4.123295 -8.093238
vt 0.559375 0.050000
vn -0.486170 0.873864 0.000013
f 1408/1408/1408 1409/1409/1409 1410/1410/1410
v 105.790630 5.594821 -17.038395
vt 0.625000 0.000000
vn -0.486138 0.873882 0.000298
v 105.790630 5.597879 -25.557592
vt 0.687500 0.000000
vn -0.486138 0.873882 0.000298
v 103.145865 4.126023 -24.279712
vt 0.678125 0.050000
vn -0.486138 0.873882 0.000298
f 1411/1411/1411 1412/1412/1412 1413/1413/1413
v 105.790630 5.594821 -17.038395
vt 0.625000 0.000000
vn -0.486138 0.873882 0.000298
v 103.145865 4.126023 -24.279712
vt 0.678125 0.050000
vn -0.486138 0.873882 0.000298
v 103.145865 4.123401 -16.186475
vt 0.618750 0.050000
vn -0.486138 0.873882 0.000298
f 1414/1414/1414 1415/1415/1415 1416/1416/1416
v 105.790630 5.597879 -25.557592
vt 0.687500 0.000000
vn -0.485594 0.874180 0.002796
v 105.790630 5.626485 -34.076789
vt 0.750000 0.000000
vn -0.485594 0.874180 0.002796
v 103.145865 4.150549 -32.372951
vt 0.737500 0.050000
vn -0.485594 0.874180 0.002796
f 1417/1417/1417 1418/1418/1418 1419/1419/1419
v 105.790630 5.597879 -25.557592
vt 0.687500 0.000000
vn -0.485594 0.874180 0.002796
v 103.145865 4.150549 -32.372951
vt 0.737500 0.050000
vn -0.485594 0.874180 0.002796
v 103.145865 4.126023 -24.279712
vt 0.678125 0.050000
vn -0.485594 0.874180 0.002796
f 1420/1420/1420 1421/1421/1421 1422/1422/1422
v 105.790630 5.626485 -34.076789
vt 0.750000 0.000000
vn -0.481547 0.876284 0.015449
v 105.790630 5.784168 -42.595987
vt 0.812500 0.000000
vn -0.481547 0.876284 0.015449
v 103.145865 4.285743 -40.466187
vt 0.796875 0.050000
vn -0.481547 0.876284 0.015449
f 1423/1423/1423 1424/1424/1424 1425/1425/1425
v 105.790630 5.626485 -34.076789
vt 0.750000 0.000000
vn -0.481547 0.876284 0.015449
v 103.145865 4.285743 -40.466187
vt 0.796875 0.050000
vn -0.481547 0.876284 0.015449
v 103.145865 4.150549 -32.372951
vt 0.737500 0.050000
vn -0.481547 0.876284 0.015449
f 1426/1426/1426 1427/1427/1427 1428/1428/1428
v 105.790630 5.784168 -42.595987
vt 0.812500 0.000000
vn -0.461513 0.884974 0.061863
v 105.790630 6.409390 -51.115184
vt 0.875000 0.000000
vn -0.461513 0.884974 0.061863
v 103.145865 4.821792 -48.559424
vt 0.856250 0.050000
vn -0.461513 0.884974 0.061863
f 1429/1429/1429 1430/1430/1430 1431/1431/1431
v 105.790630 5.784168 -42.595987
vt 0.812500 0.000000
vn -0.461513 0.884974 0.061863
v 103.145865 4.821792 -48.559424
vt 0.856250 0.050000
vn -0.461513 0.884974 0.061863
v 103.145865 4.285743 -40.466187
vt 0.796875 0.050000
vn -0.461513 0.884974 0.061863
f 1432/1432/1432 1433/1433/1433 1434/1434/1434
v 105.790630 6.409390 -51.115184
vt 0.875000 0.000000
vn -0.380772 0.902779 0.200007
v 105.790630 8.390897 -59.634381
vt 0.937500 0.000000
vn -0.380772 0.902779 0.200007
v 103.145865 6.520687 -56.652661
vt 0.915625 0.050000
vn -0.380772 0.902779 0.200007
f 1435/1435/1435 1436/1436/1436 1437/1437/1437
v 105.790630 6.409390 -51.115184
vt 0.875000 0.000000
vn -0.380772 0.902779 0.200007
v 103.145865 6.520687 -56.652661
vt 0.915625 0.050000
vn -0.380772 0.902779 0.200007
v 103.145865 4.821792 -48.559424
vt 0.856250 0.050000
vn -0.380772 0.902779 0.200007
f 1438/1438/1438 1439/1439/1439 1440/1440/1440
v 105.790630 8.390897 -59.634381
vt 0.937500 0.000000
vn -0.110724 0.853266 0.509585
v 105.790630 13.732438 -68.153579
vt 1.000000 0.000000
vn -0.110724 0.853266 0.509585
v 103.145865 11.100390 -64.745901
vt 0.975000 0.050000
vn -0.110724 0.853266 0.509585
f 1441/1441/1441 1442/1442/1442 1443/1443/1443
v 105.790630 8.390897 -59.634381
vt 0.937500 0.000000
vn -0.110724 0.853266 0.509585
v 103.145865 11.100390 -64.745901
vt 0.975000 0.050000
vn -0.110724 0.853266 0.509585
v 103.145865 6.520687 -56.652661
vt 0.915625 0.050000
vn -0.110724 0.853266 0.509585
f 1444/1444/1444 1445/1445/1445 1446/1446/1446
o Roof_slope_/_left
usemtl Photographed tiles
v -52.895315 48.826444 -0.000000
vt 0.500000 1.000000
vn -0.827206 0.561875 -0.005074
v -52.895315 48.826444 -0.000000
vt 0.500000 1.000000
vn -0.827206 0.561875 -0.005074
v -59.242754 39.546185 7.156126
vt 0.447500 0.880000
vn -0.827206 0.561875 -0.005074
f 1447/1447/1447 1448/1448/1448 1449/1449/1449
v -52.895315 48.826444 -0.000000
vt 0.500000 1.000000
vn -0.827206 0.561875 -0.005074
v -59.242754 39.546185 7.156126
vt 0.447500 0.880000
vn -0.827206 0.561875 -0.005074
v -59.242754 39.555412 8.178429
vt 0.440000 0.880000
vn -0.827206 0.561875 -0.005074
f 1450/1450/1450 1451/1451/1451 1452/1452/1452
v -52.895315 48.826444 -0.000000
vt 0.500000 1.000000
vn -0.826075 0.563556 -0.001888
v -52.895315 48.826444 -0.000000
vt 0.500000 1.000000
vn -0.826075 0.563556 -0.001888
v -59.242754 39.542758 6.133822
vt 0.455000 0.880000
vn -0.826075 0.563556 -0.001888
f 1453/1453/1453 1454/1454/1454 1455/1455/1455
v -52.895315 48.826444 -0.000000
vt 0.500000 1.000000
vn -0.826075 0.563556 -0.001888
v -59.242754 39.542758 6.133822
vt 0.455000 0.880000
vn -0.826075 0.563556 -0.001888
v -59.242754 39.546185 7.156126
vt 0.447500 0.880000
vn -0.826075 0.563556 -0.001888
f 1456/1456/1456 1457/1457/1457 1458/1458/1458
v -52.895315 48.826444 -0.000000
vt 0.500000 1.000000
vn -0.825678 0.564141 -0.000592
v -52.895315 48.826444 -0.000000
vt 0.500000 1.000000
vn -0.825678 0.564141 -0.000592
v -59.242754 39.541680 5.111519
vt 0.462500 0.880000
vn -0.825678 0.564141 -0.000592
f 1459/1459/1459 1460/1460/1460 1461/1461/1461
v -52.895315 48.826444 -0.000000
vt 0.500000 1.000000
vn -0.825678 0.564141 -0.000592
v -59.242754 39.541680 5.111519
vt 0.462500 0.880000
vn -0.825678 0.564141 -0.000592
v -59.242754 39.542758 6.133822
vt 0.455000 0.880000
vn -0.825678 0.564141 -0.000592
f 1462/1462/1462 1463/1463/1463 1464/1464/1464
v -52.895315 48.826444 -0.000000
vt 0.500000 1.000000
vn -0.825566 0.564306 -0.000152
v -52.895315 48.826444 -0.000000
vt 0.500000 1.000000
vn -0.825566 0.564306 -0.000152
v -59.242754 39.541408 4.089215
vt 0.470000 0.880000
vn -0.825566 0.564306 -0.000152
f 1465/1465/1465 1466/1466/1466 1467/1467/1467
v -52.895315 48.826444 -0.000000
vt 0.500000 1.000000
vn -0.825566 0.564306 -0.000152
v -59.242754 39.541408 4.089215
vt 0.470000 0.880000
vn -0.825566 0.564306 -0.000152
v -59.242754 39.541680 5.111519
vt 0.462500 0.880000
vn -0.825566 0.564306 -0.000152
f 1468/1468/1468 1469/1469/1469 1470/1470/1470
v -52.895315 48.826444 -0.000000
vt 0.500000 1.000000
vn -0.825540 0.564344 -0.000031
v -52.895315 48.826444 -0.000000
vt 0.500000 1.000000
vn -0.825540 0.564344 -0.000031
v -59.242754 39.541358 3.066911
vt 0.477500 0.880000
vn -0.825540 0.564344 -0.000031
f 1471/1471/1471 1472/1472/1472 1473/1473/1473
v -52.895315 48.826444 -0.000000
vt 0.500000 1.000000
vn -0.825540 0.564344 -0.000031
v -59.242754 39.541358 3.066911
vt 0.477500 0.880000
vn -0.825540 0.564344 -0.000031
v -59.242754 39.541408 4.089215
vt 0.470000 0.880000
vn -0.825540 0.564344 -0.000031
f 1474/1474/1474 1475/1475/1475 1476/1476/1476
v -52.895315 48.826444 -0.000000
vt 0.500000 1.000000
vn -0.825536 0.564349 -0.000003
v -52.895315 48.826444 -0.000000
vt 0.500000 1.000000
vn -0.825536 0.564349 -0.000003
v -59.242754 39.541350 2.044607
vt 0.485000 0.880000
vn -0.825536 0.564349 -0.000003
f 1477/1477/1477 1478/1478/1478 1479/1479/1479
v -52.895315 48.826444 -0.000000
vt 0.500000 1.000000
vn -0.825536 0.564349 -0.000003
v -59.242754 39.541350 2.044607
vt 0.485000 0.880000
vn -0.825536 0.564349 -0.000003
v -59.242754 39.541358 3.066911
vt 0.477500 0.880000
vn -0.825536 0.564349 -0.000003
f 1480/1480/1480 1481/1481/1481 1482/1482/1482
v -52.895315 48.826444 -0.000000
vt 0.500000 1.000000
vn -0.825536 0.564349 -0.000000
v -52.895315 48.826444 -0.000000
vt 0.500000 1.000000
vn -0.825536 0.564349 -0.000000
v -59.242754 39.541350 1.022304
vt 0.492500 0.880000
vn -0.825536 0.564349 -0.000000
f 1483/1483/1483 1484/1484/1484 1485/1485/1485
v -52.895315 48.826444 -0.000000
vt 0.500000 1.000000
vn -0.825536 0.564349 -0.000000
v -59.242754 39.541350 1.022304
vt 0.492500 0.880000
vn -0.825536 0.564349 -0.000000
v -59.242754 39.541350 2.044607
vt 0.485000 0.880000
vn -0.825536 0.564349 -0.000000
f 1486/1486/1486 1487/1487/1487 1488/1488/1488
v -52.895315 48.826444 -0.000000
vt 0.500000 1.000000
vn -0.825536 0.564349 -0.000000
v -52.895315 48.826444 -0.000000
vt 0.500000 1.000000
vn -0.825536 0.564349 -0.000000
v -59.242754 39.541350 -0.000000
vt 0.500000 0.880000
vn -0.825536 0.564349 -0.000000
f 1489/1489/1489 1490/1490/1490 1491/1491/1491
v -52.895315 48.826444 -0.000000
vt 0.500000 1.000000
vn -0.825536 0.564349 -0.000000
v -59.242754 39.541350 -0.000000
vt 0.500000 0.880000
vn -0.825536 0.564349 -0.000000
v -59.242754 39.541350 1.022304
vt 0.492500 0.880000
vn -0.825536 0.564349 -0.000000
f 1492/1492/1492 1493/1493/1493 1494/1494/1494
v -52.895315 48.826444 -0.000000
vt 0.500000 1.000000
vn -0.825536 0.564349 -0.000000
v -52.895315 48.826444 -0.000000
vt 0.500000 1.000000
vn -0.825536 0.564349 -0.000000
v -59.242754 39.541350 -1.022304
vt 0.507500 0.880000
vn -0.825536 0.564349 -0.000000
f 1495/1495/1495 1496/1496/1496 1497/1497/1497
v -52.895315 48.826444 -0.000000
vt 0.500000 1.000000
vn -0.825536 0.564349 -0.000000
v -59.242754 39.541350 -1.022304
vt 0.507500 0.880000
vn -0.825536 0.564349 -0.000000
v -59.242754 39.541350 -0.000000
vt 0.500000 0.880000
vn -0.825536 0.564349 -0.000000
f 1498/1498/1498 1499/1499/1499 1500/1500/1500
v -52.895315 48.826444 -0.000000
vt 0.500000 1.000000
vn -0.825536 0.564349 -0.000000
v -52.895315 48.826444 -0.000000
vt 0.500000 1.000000
vn -0.825536 0.564349 -0.000000
v -59.242754 39.541350 -2.044607
vt 0.515000 0.880000
vn -0.825536 0.564349 -0.000000
f 1501/1501/1501 1502/1502/1502 1503/1503/1503
v -52.895315 48.826444 -0.000000
vt 0.500000 1.000000
vn -0.825536 0.564349 -0.000000
v -59.242754 39.541350 -2.044607
vt 0.515000 0.880000
vn -0.825536 0.564349 -0.000000
v -59.242754 39.541350 -1.022304
vt 0.507500 0.880000
vn -0.825536 0.564349 -0.000000
f 1504/1504/1504 1505/1505/1505 1506/1506/1506
v -52.895315 48.826444 -0.000000
vt 0.500000 1.000000
vn -0.825536 0.564349 0.000003
v -52.895315 48.826444 -0.000000
vt 0.500000 1.000000
vn -0.825536 0.564349 0.000003
v -59.242754 39.541358 -3.066911
vt 0.522500 0.880000
vn -0.825536 0.564349 0.000003
f 1507/1507/1507 1508/1508/1508 1509/1509/1509
v -52.895315 48.826444 -0.000000
vt 0.500000 1.000000
vn -0.825536 0.564349 0.000003
v -59.242754 39.541358 -3.066911
vt 0.522500 0.880000
vn -0.825536 0.564349 0.000003
v -59.242754 39.541350 -2.044607
vt 0.515000 0.880000
vn -0.825536 0.564349 0.000003
f 1510/1510/1510 1511/1511/1511 1512/1512/1512
v -52.895315 48.826444 -0.000000
vt 0.500000 1.000000
vn -0.825540 0.564344 0.000031
v -52.895315 48.826444 -0.000000
vt 0.500000 1.000000
vn -0.825540 0.564344 0.000031
v -59.242754 39.541408 -4.089215
vt 0.530000 0.880000
vn -0.825540 0.564344 0.000031
f 1513/1513/1513 1514/1514/1514 1515/1515/1515
v -52.895315 48.826444 -0.000000
vt 0.500000 1.000000
vn -0.825540 0.564344 0.000031
v -59.242754 39.541408 -4.089215
vt 0.530000 0.880000
vn -0.825540 0.564344 0.000031
v -59.242754 39.541358 -3.066911
vt 0.522500 0.880000
vn -0.825540 0.564344 0.000031
f 1516/1516/1516 1517/1517/1517 1518/1518/1518
v -52.895315 48.826444 -0.000000
vt 0.500000 1.000000
vn -0.825566 0.564306 0.000152
v -52.895315 48.826444 -0.000000
vt 0.500000 1.000000
vn -0.825566 0.564306 0.000152
v -59.242754 39.541680 -5.111519
vt 0.537500 0.880000
vn -0.825566 0.564306 0.000152
f 1519/1519/1519 1520/1520/1520 1521/1521/1521
v -52.895315 48.826444 -0.000000
vt 0.500000 1.000000
vn -0.825566 0.564306 0.000152
v -59.242754 39.541680 -5.111519
vt 0.537500 0.880000
vn -0.825566 0.564306 0.000152
v -59.242754 39.541408 -4.089215
vt 0.530000 0.880000
vn -0.825566 0.564306 0.000152
f 1522/1522/1522 1523/1523/1523 1524/1524/1524
v -52.895315 48.826444 -0.000000
vt 0.500000 1.000000
vn -0.825678 0.564141 0.000592
v -52.895315 48.826444 -0.000000
vt 0.500000 1.000000
vn -0.825678 0.564141 0.000592
v -59.242754 39.542758 -6.133822
vt 0.545000 0.880000
vn -0.825678 0.564141 0.000592
f 1525/1525/1525 1526/1526/1526 1527/1527/1527
v -52.895315 48.826444 -0.000000
vt 0.500000 1.000000
vn -0.825678 0.564141 0.000592
v -59.242754 39.542758 -6.133822
vt 0.545000 0.880000
vn -0.825678 0.564141 0.000592
v -59.242754 39.541680 -5.111519
vt 0.537500 0.880000
vn -0.825678 0.564141 0.000592
f 1528/1528/1528 1529/1529/1529 1530/1530/1530
v -52.895315 48.826444 -0.000000
vt 0.500000 1.000000
vn -0.826075 0.563556 0.001888
v -52.895315 48.826444 -0.000000
vt 0.500000 1.000000
vn -0.826075 0.563556 0.001888
v -59.242754 39.546185 -7.156126
vt 0.552500 0.880000
vn -0.826075 0.563556 0.001888
f 1531/1531/1531 1532/1532/1532 1533/1533/1533
v -52.895315 48.826444 -0.000000
vt 0.500000 1.000000
vn -0.826075 0.563556 0.001888
v -59.242754 39.546185 -7.156126
vt 0.552500 0.880000
vn -0.826075 0.563556 0.001888
v -59.242754 39.542758 -6.133822
vt 0.545000 0.880000
vn -0.826075 0.563556 0.001888
f 1534/1534/1534 1535/1535/1535 1536/1536/1536
v -52.895315 48.826444 -0.000000
vt 0.500000 1.000000
vn -0.827206 0.561875 0.005074
v -52.895315 48.826444 -0.000000
vt 0.500000 1.000000
vn -0.827206 0.561875 0.005074
v -59.242754 39.555412 -8.178429
vt 0.560000 0.880000
vn -0.827206 0.561875 0.005074
f 1537/1537/1537 1538/1538/1538 1539/1539/1539
v -52.895315 48.826444 -0.000000
vt 0.500000 1.000000
vn -0.827206 0.561875 0.005074
v -59.242754 39.555412 -8.178429
vt 0.560000 0.880000
vn -0.827206 0.561875 0.005074
v -59.242754 39.546185 -7.156126
vt 0.552500 0.880000
vn -0.827206 0.561875 0.005074
f 1540/1540/1540 1541/1541/1541 1542/1542/1542
v -59.242754 39.555412 8.178429
vt 0.440000 0.880000
vn -0.805027 0.592982 -0.017434
v -59.242754 39.546185 7.156126
vt 0.447500 0.880000
vn -0.805027 0.592982 -0.017434
v -66.119144 30.417984 14.908595
vt 0.390625 0.750000
vn -0.805027 0.592982 -0.017434
f 1543/1543/1543 1544/1544/1544 1545/1545/1545
v -59.242754 39.555412 8.178429
vt 0.440000 0.880000
vn -0.805027 0.592982 -0.017434
v -66.119144 30.417984 14.908595
vt 0.390625 0.750000
vn -0.805027 0.592982 -0.017434
v -66.119144 30.501445 17.038395
vt 0.375000 0.750000
vn -0.805027 0.592982 -0.017434
f 1546/1546/1546 1547/1547/1547 1548/1548/1548
v -59.242754 39.546185 7.156126
vt 0.447500 0.880000
vn -0.801607 0.597816 -0.006524
v -59.242754 39.542758 6.133822
vt 0.455000 0.880000
vn -0.801607 0.597816 -0.006524
v -66.119144 30.387022 12.778796
vt 0.406250 0.750000
vn -0.801607 0.597816 -0.006524
f 1549/1549/1549 1550/1550/1550 1551/1551/1551
v -59.242754 39.546185 7.156126
vt 0.447500 0.880000
vn -0.801607 0.597816 -0.006524
v -66.119144 30.387022 12.778796
vt 0.406250 0.750000
vn -0.801607 0.597816 -0.006524
v -66.119144 30.417984 14.908595
vt 0.390625 0.750000
vn -0.801607 0.597816 -0.006524
f 1552/1552/1552 1553/1553/1553 1554/1554/1554
v -59.242754 39.542758 6.133822
vt 0.455000 0.880000
vn -0.800391 0.599474 -0.002062
v -59.242754 39.541680 5.111519
vt 0.462500 0.880000
vn -0.800391 0.599474 -0.002062
v -66.119144 30.377253 10.648997
vt 0.421875 0.750000
vn -0.800391 0.599474 -0.002062
f 1555/1555/1555 1556/1556/1556 1557/1557/1557
v -59.242754 39.542758 6.133822
vt 0.455000 0.880000
vn -0.800391 0.599474 -0.002062
v -66.119144 30.377253 10.648997
vt 0.421875 0.750000
vn -0.800391 0.599474 -0.002062
v -66.119144 30.387022 12.778796
vt 0.406250 0.750000
vn -0.800391 0.599474 -0.002062
f 1558/1558/1558 1559/1559/1559 1560/1560/1560
v -59.242754 39.541680 5.111519
vt 0.462500 0.880000
vn -0.800042 0.599944 -0.000520
v -59.242754 39.541408 4.089215
vt 0.470000 0.880000
vn -0.800042 0.599944 -0.000520
v -66.119144 30.374789 8.519197
vt 0.437500 0.750000
vn -0.800042 0.599944 -0.000520
f 1561/1561/1561 1562/1562/1562 1563/1563/1563
v -59.242754 39.541680 5.111519
vt 0.462500 0.880000
vn -0.800042 0.599944 -0.000520
v -66.119144 30.374789 8.519197
vt 0.437500 0.750000
vn -0.800042 0.599944 -0.000520
v -66.119144 30.377253 10.648997
vt 0.421875 0.750000
vn -0.800042 0.599944 -0.000520
f 1564/1564/1564 1565/1565/1565 1566/1566/1566
v -59.242754 39.541408 4.089215
vt 0.470000 0.880000
vn -0.799966 0.600046 -0.000095
v -59.242754 39.541358 3.066911
vt 0.477500 0.880000
vn -0.799966 0.600046 -0.000095
v -66.119144 30.374343 6.389398
vt 0.453125 0.750000
vn -0.799966 0.600046 -0.000095
f 1567/1567/1567 1568/1568/1568 1569/1569/1569
v -59.242754 39.541408 4.089215
vt 0.470000 0.880000
vn -0.799966 0.600046 -0.000095
v -66.119144 30.374343 6.389398
vt 0.453125 0.750000
vn -0.799966 0.600046 -0.000095
v -66.119144 30.374789 8.519197
vt 0.437500 0.750000
vn -0.799966 0.600046 -0.000095
f 1570/1570/1570 1571/1571/1571 1572/1572/1572
v -59.242754 39.541358 3.066911
vt 0.477500 0.880000
vn -0.799955 0.600059 -0.000013
v -59.242754 39.541350 2.044607
vt 0.485000 0.880000
vn -0.799955 0.600059 -0.000013
v -66.119144 30.374294 4.259599
vt 0.468750 0.750000
vn -0.799955 0.600059 -0.000013
f 1573/1573/1573 1574/1574/1574 1575/1575/1575
v -59.242754 39.541358 3.066911
vt 0.477500 0.880000
vn -0.799955 0.600059 -0.000013
v -66.119144 30.374294 4.259599
vt 0.468750 0.750000
vn -0.799955 0.600059 -0.000013
v -66.119144 30.374343 6.389398
vt 0.453125 0.750000
vn -0.799955 0.600059 -0.000013
f 1576/1576/1576 1577/1577/1577 1578/1578/1578
v -59.242754 39.541350 2.044607
vt 0.485000 0.880000
vn -0.799954 0.600061 -0.000000
v -59.242754 39.541350 1.022304
vt 0.492500 0.880000
vn -0.799954 0.600061 -0.000000
v -66.119144 30.374293 2.129799
vt 0.484375 0.750000
vn -0.799954 0.600061 -0.000000
f 1579/1579/1579 1580/1580/1580 1581/1581/1581
v -59.242754 39.541350 2.044607
vt 0.485000 0.880000
vn -0.799954 0.600061 -0.000000
v -66.119144 30.374293 2.129799
vt 0.484375 0.750000
vn -0.799954 0.600061 -0.000000
v -66.119144 30.374294 4.259599
vt 0.468750 0.750000
vn -0.799954 0.600061 -0.000000
f 1582/1582/1582 1583/1583/1583 1584/1584/1584
v -59.242754 39.541350 1.022304
vt 0.492500 0.880000
vn -0.799954 0.600061 -0.000000
v -59.242754 39.541350 -0.000000
vt 0.500000 0.880000
vn -0.799954 0.600061 -0.000000
v -66.119144 30.374293 -0.000000
vt 0.500000 0.750000
vn -0.799954 0.600061 -0.000000
f 1585/1585/1585 1586/1586/1586 1587/1587/1587
v -59.242754 39.541350 1.022304
vt 0.492500 0.880000
vn -0.799954 0.600061 -0.000000
v -66.119144 30.374293 -0.000000
vt 0.500000 0.750000
vn -0.799954 0.600061 -0.000000
v -66.119144 30.374293 2.129799
vt 0.484375 0.750000
vn -0.799954 0.600061 -0.000000
f 1588/1588/1588 1589/1589/1589 1590/1590/1590
v -59.242754 39.541350 -0.000000
vt 0.500000 0.880000
vn -0.799954 0.600061 -0.000000
v -59.242754 39.541350 -1.022304
vt 0.507500 0.880000
vn -0.799954 0.600061 -0.000000
v -66.119144 30.374293 -2.129799
vt 0.515625 0.750000
vn -0.799954 0.600061 -0.000000
f 1591/1591/1591 1592/1592/1592 1593/1593/1593
v -59.242754 39.541350 -0.000000
vt 0.500000 0.880000
vn -0.799954 0.600061 -0.000000
v -66.119144 30.374293 -2.129799
vt 0.515625 0.750000
vn -0.799954 0.600061 -0.000000
v -66.119144 30.374293 -0.000000
vt 0.500000 0.750000
vn -0.799954 0.600061 -0.000000
f 1594/1594/1594 1595/1595/1595 1596/1596/1596
v -59.242754 39.541350 -1.022304
vt 0.507500 0.880000
vn -0.799954 0.600061 0.000000
v -59.242754 39.541350 -2.044607
vt 0.515000 0.880000
vn -0.799954 0.600061 0.000000
v -66.119144 30.374294 -4.259599
vt 0.531250 0.750000
vn -0.799954 0.600061 0.000000
f 1597/1597/1597 1598/1598/1598 1599/1599/1599
v -59.242754 39.541350 -1.022304
vt 0.507500 0.880000
vn -0.799954 0.600061 0.000000
v -66.119144 30.374294 -4.259599
vt 0.531250 0.750000
vn -0.799954 0.600061 0.000000
v -66.119144 30.374293 -2.129799
vt 0.515625 0.750000
vn -0.799954 0.600061 0.000000
f 1600/1600/1600 1601/1601/1601 1602/1602/1602
v -59.242754 39.541350 -2.044607
vt 0.515000 0.880000
vn -0.799955 0.600060 0.000013
v -59.242754 39.541358 -3.066911
vt 0.522500 0.880000
vn -0.799955 0.600060 0.000013
v -66.119144 30.374343 -6.389398
vt 0.546875 0.750000
vn -0.799955 0.600060 0.000013
f 1603/1603/1603 1604/1604/1604 1605/1605/1605
v -59.242754 39.541350 -2.044607
vt 0.515000 0.880000
vn -0.799955 0.600060 0.000013
v -66.119144 30.374343 -6.389398
vt 0.546875 0.750000
vn -0.799955 0.600060 0.000013
v -66.119144 30.374294 -4.259599
vt 0.531250 0.750000
vn -0.799955 0.600060 0.000013
f 1606/1606/1606 1607/1607/1607 1608/1608/1608
v -59.242754 39.541358 -3.066911
vt 0.522500 0.880000
vn -0.799966 0.600046 0.000095
v -59.242754 39.541408 -4.089215
vt 0.530000 0.880000
vn -0.799966 0.600046 0.000095
v -66.119144 30.374789 -8.519197
vt 0.562500 0.750000
vn -0.799966 0.600046 0.000095
f 1609/1609/1609 1610/1610/1610 1611/1611/1611
v -59.242754 39.541358 -3.066911
vt 0.522500 0.880000
vn -0.799966 0.600046 0.000095
v -66.119144 30.374789 -8.519197
vt 0.562500 0.750000
vn -0.799966 0.600046 0.000095
v -66.119144 30.374343 -6.389398
vt 0.546875 0.750000
vn -0.799966 0.600046 0.000095
f 1612/1612/1612 1613/1613/1613 1614/1614/1614
v -59.242754 39.541408 -4.089215
vt 0.530000 0.880000
vn -0.800042 0.599944 0.000520
v -59.242754 39.541680 -5.111519
vt 0.537500 0.880000
vn -0.800042 0.599944 0.000520
v -66.119144 30.377253 -10.648997
vt 0.578125 0.750000
vn -0.800042 0.599944 0.000520
f 1615/1615/1615 1616/1616/1616 1617/1617/1617
v -59.242754 39.541408 -4.089215
vt 0.530000 0.880000
vn -0.800042 0.599944 0.000520
v -66.119144 30.377253 -10.648997
vt 0.578125 0.750000
vn -0.800042 0.599944 0.000520
v -66.119144 30.374789 -8.519197
vt 0.562500 0.750000
vn -0.800042 0.599944 0.000520
f 1618/1618/1618 1619/1619/1619 1620/1620/1620
v -59.242754 39.541680 -5.111519
vt 0.537500 0.880000
vn -0.800391 0.599475 0.002062
v -59.242754 39.542758 -6.133822
vt 0.545000 0.880000
vn -0.800391 0.599475 0.002062
v -66.119144 30.387022 -12.778796
vt 0.593750 0.750000
vn -0.800391 0.599475 0.002062
f 1621/1621/1621 1622/1622/1622 1623/1623/1623
v -59.242754 39.541680 -5.111519
vt 0.537500 0.880000
vn -0.800391 0.599475 0.002062
v -66.119144 30.387022 -12.778796
vt 0.593750 0.750000
vn -0.800391 0.599475 0.002062
v -66.119144 30.377253 -10.648997
vt 0.578125 0.750000
vn -0.800391 0.599475 0.002062
f 1624/1624/1624 1625/1625/1625 1626/1626/1626
v -59.242754 39.542758 -6.133822
vt 0.545000 0.880000
vn -0.801607 0.597816 0.006524
v -59.242754 39.546185 -7.156126
vt 0.552500 0.880000
vn -0.801607 0.597816 0.006524
v -66.119144 30.417984 -14.908595
vt 0.609375 0.750000
vn -0.801607 0.597816 0.006524
f 1627/1627/1627 1628/1628/1628 1629/1629/1629
v -59.242754 39.542758 -6.133822
vt 0.545000 0.880000
vn -0.801607 0.597816 0.006524
v -66.119144 30.417984 -14.908595
vt 0.609375 0.750000
vn -0.801607 0.597816 0.006524
v -66.119144 30.387022 -12.778796
vt 0.593750 0.750000
vn -0.801607 0.597816 0.006524
f 1630/1630/1630 1631/1631/1631 1632/1632/1632
v -59.242754 39.546185 -7.156126
vt 0.552500 0.880000
vn -0.805027 0.592982 0.017434
v -59.242754 39.555412 -8.178429
vt 0.560000 0.880000
vn -0.805027 0.592982 0.017434
v -66.119144 30.501445 -17.038395
vt 0.625000 0.750000
vn -0.805027 0.592982 0.017434
f 1633/1633/1633 1634/1634/1634 1635/1635/1635
v -59.242754 39.546185 -7.156126
vt 0.552500 0.880000
vn -0.805027 0.592982 0.017434
v -66.119144 30.501445 -17.038395
vt 0.625000 0.750000
vn -0.805027 0.592982 0.017434
v -66.119144 30.417984 -14.908595
vt 0.609375 0.750000
vn -0.805027 0.592982 0.017434
f 1636/1636/1636 1637/1637/1637 1638/1638/1638
v -66.119144 30.501445 17.038395
vt 0.375000 0.750000
vn -0.777159 0.627456 -0.048194
v -66.119144 30.417984 14.908595
vt 0.390625 0.750000
vn -0.777159 0.627456 -0.048194
v -74.053444 21.197600 23.853753
vt 0.325000 0.600000
vn -0.777159 0.627456 -0.048194
f 1639/1639/1639 1640/1640/1640 1641/1641/1641
v -66.119144 30.501445 17.038395
vt 0.375000 0.750000
vn -0.777159 0.627456 -0.048194
v -74.053444 21.197600 23.853753
vt 0.325000 0.600000
vn -0.777159 0.627456 -0.048194
v -74.053444 21.539458 27.261431
vt 0.300000 0.600000
vn -0.777159 0.627456 -0.048194
f 1642/1642/1642 1643/1643/1643 1644/1644/1644
v -66.119144 30.417984 14.908595
vt 0.390625 0.750000
vn -0.767557 0.640720 -0.018256
v -66.119144 30.387022 12.778796
vt 0.406250 0.750000
vn -0.767557 0.640720 -0.018256
v -74.053444 21.070784 20.446074
vt 0.350000 0.600000
vn -0.767557 0.640720 -0.018256
f 1645/1645/1645 1646/1646/1646 1647/1647/1647
v -66.119144 30.417984 14.908595
vt 0.390625 0.750000
vn -0.767557 0.640720 -0.018256
v -74.053444 21.070784 20.446074
vt 0.350000 0.600000
vn -0.767557 0.640720 -0.018256
v -74.053444 21.197600 23.853753
vt 0.325000 0.600000
vn -0.767557 0.640720 -0.018256
f 1648/1648/1648 1649/1649/1649 1650/1650/1650
v -66.119144 30.387022 12.778796
vt 0.406250 0.750000
vn -0.763972 0.645223 -0.005801
v -66.119144 30.377253 10.648997
vt 0.421875 0.750000
vn -0.763972 0.645223 -0.005801
v -74.053444 21.030769 17.038395
vt 0.375000 0.600000
vn -0.763972 0.645223 -0.005801
f 1651/1651/1651 1652/1652/1652 1653/1653/1653
v -66.119144 30.387022 12.778796
vt 0.406250 0.750000
vn -0.763972 0.645223 -0.005801
v -74.053444 21.030769 17.038395
vt 0.375000 0.600000
vn -0.763972 0.645223 -0.005801
v -74.053444 21.070784 20.446074
vt 0.350000 0.600000
vn -0.763972 0.645223 -0.005801
f 1654/1654/1654 1655/1655/1655 1656/1656/1656
v -66.119144 30.377253 10.648997
vt 0.421875 0.750000
vn -0.762924 0.646486 -0.001466
v -66.119144 30.374789 8.519197
vt 0.437500 0.750000
vn -0.762924 0.646486 -0.001466
v -74.053444 21.020676 13.630715
vt 0.400000 0.600000
vn -0.762924 0.646486 -0.001466
f 1657/1657/1657 1658/1658/1658 1659/1659/1659
v -66.119144 30.377253 10.648997
vt 0.421875 0.750000
vn -0.762924 0.646486 -0.001466
v -74.053444 21.020676 13.630715
vt 0.400000 0.600000
vn -0.762924 0.646486 -0.001466
v -74.053444 21.030769 17.038395
vt 0.375000 0.600000
vn -0.762924 0.646486 -0.001466
f 1660/1660/1660 1661/1661/1661 1662/1662/1662
v -66.119144 30.374789 8.519197
vt 0.437500 0.750000
vn -0.762697 0.646756 -0.000265
v -66.119144 30.374343 6.389398
vt 0.453125 0.750000
vn -0.762697 0.646756 -0.000265
v -74.053444 21.018847 10.223037
vt 0.425000 0.600000
vn -0.762697 0.646756 -0.000265
f 1663/1663/1663 1664/1664/1664 1665/1665/1665
v -66.119144 30.374789 8.519197
vt 0.437500 0.750000
vn -0.762697 0.646756 -0.000265
v -74.053444 21.018847 10.223037
vt 0.425000 0.600000
vn -0.762697 0.646756 -0.000265
v -74.053444 21.020676 13.630715
vt 0.400000 0.600000
vn -0.762697 0.646756 -0.000265
f 1666/1666/1666 1667/1667/1667 1668/1668/1668
v -66.119144 30.374343 6.389398
vt 0.453125 0.750000
vn -0.762665 0.646794 -0.000029
v -66.119144 30.374294 4.259599
vt 0.468750 0.750000
vn -0.762665 0.646794 -0.000029
v -74.053444 21.018651 6.815358
vt 0.450000 0.600000
vn -0.762665 0.646794 -0.000029
f 1669/1669/1669 1670/1670/1670 1671/1671/1671
v -66.119144 30.374343 6.389398
vt 0.453125 0.750000
vn -0.762665 0.646794 -0.000029
v -74.053444 21.018651 6.815358
vt 0.450000 0.600000
vn -0.762665 0.646794 -0.000029
v -74.053444 21.018847 10.223037
vt 0.425000 0.600000
vn -0.762665 0.646794 -0.000029
f 1672/1672/1672 1673/1673/1673 1674/1674/1674
v -66.119144 30.374294 4.259599
vt 0.468750 0.750000
vn -0.762663 0.646796 -0.000000
v -66.119144 30.374293 2.129799
vt 0.484375 0.750000
vn -0.762663 0.646796 -0.000000
v -74.053444 21.018643 3.407679
vt 0.475000 0.600000
vn -0.762663 0.646796 -0.000000
f 1675/1675/1675 1676/1676/1676 1677/1677/1677
v -66.119144 30.374294 4.259599
vt 0.468750 0.750000
vn -0.762663 0.646796 -0.000000
v -74.053444 21.018643 3.407679
vt 0.475000 0.600000
vn -0.762663 0.646796 -0.000000
v -74.053444 21.018651 6.815358
vt 0.450000 0.600000
vn -0.762663 0.646796 -0.000000
f 1678/1678/1678 1679/1679/1679 1680/1680/1680
v -66.119144 30.374293 2.129799
vt 0.484375 0.750000
vn -0.762663 0.646796 -0.000000
v -66.119144 30.374293 -0.000000
vt 0.500000 0.750000
vn -0.762663 0.646796 -0.000000
v -74.053444 21.018643 -0.000000
vt 0.500000 0.600000
vn -0.762663 0.646796 -0.000000
f 1681/1681/1681 1682/1682/1682 1683/1683/1683
v -66.119144 30.374293 2.129799
vt 0.484375 0.750000
vn -0.762663 0.646796 -0.000000
v -74.053444 21.018643 -0.000000
vt 0.500000 0.600000
vn -0.762663 0.646796 -0.000000
v -74.053444 21.018643 3.407679
vt 0.475000 0.600000
vn -0.762663 0.646796 -0.000000
f 1684/1684/1684 1685/1685/1685 1686/1686/1686
v -66.119144 30.374293 -0.000000
vt 0.500000 0.750000
vn -0.762663 0.646796 -0.000000
v -66.119144 30.374293 -2.129799
vt 0.515625 0.750000
vn -0.762663 0.646796 -0.000000
v -74.053444 21.018643 -3.407679
vt 0.525000 0.600000
vn -0.762663 0.646796 -0.000000
f 1687/1687/1687 1688/1688/1688 1689/1689/1689
v -66.119144 30.374293 -0.000000
vt 0.500000 0.750000
vn -0.762663 0.646796 -0.000000
v -74.053444 21.018643 -3.407679
vt 0.525000 0.600000
vn -0.762663 0.646796 -0.000000
v -74.053444 21.018643 -0.000000
vt 0.500000 0.600000
vn -0.762663 0.646796 -0.000000
f 1690/1690/1690 1691/1691/1691 1692/1692/1692
v -66.119144 30.374293 -2.129799
vt 0.515625 0.750000
vn -0.762663 0.646796 0.000000
v -66.119144 30.374294 -4.259599
vt 0.531250 0.750000
vn -0.762663 0.646796 0.000000
v -74.053444 21.018651 -6.815358
vt 0.550000 0.600000
vn -0.762663 0.646796 0.000000
f 1693/1693/1693 1694/1694/1694 1695/1695/1695
v -66.119144 30.374293 -2.129799
vt 0.515625 0.750000
vn -0.762663 0.646796 0.000000
v -74.053444 21.018651 -6.815358
vt 0.550000 0.600000
vn -0.762663 0.646796 0.000000
v -74.053444 21.018643 -3.407679
vt 0.525000 0.600000
vn -0.762663 0.646796 0.000000
f 1696/1696/1696 1697/1697/1697 1698/1698/1698
v -66.119144 30.374294 -4.259599
vt 0.531250 0.750000
vn -0.762665 0.646794 0.000029
v -66.119144 30.374343 -6.389398
vt 0.546875 0.750000
vn -0.762665 0.646794 0.000029
v -74.053444 21.018847 -10.223037
vt 0.575000 0.600000
vn -0.762665 0.646794 0.000029
f 1699/1699/1699 1700/1700/1700 1701/1701/1701
v -66.119144 30.374294 -4.259599
vt 0.531250 0.750000
vn -0.762665 0.646794 0.000029
v -74.053444 21.018847 -10.223037
vt 0.575000 0.600000
vn -0.762665 0.646794 0.000029
v -74.053444 21.018651 -6.815358
vt 0.550000 0.600000
vn -0.762665 0.646794 0.000029
f 1702/1702/1702 1703/1703/1703 1704/1704/1704
v -66.119144 30.374343 -6.389398
vt 0.546875 0.750000
vn -0.762697 0.646756 0.000265
v -66.119144 30.374789 -8.519197
vt 0.562500 0.750000
vn -0.762697 0.646756 0.000265
v -74.053444 21.020676 -13.630715
vt 0.600000 0.600000
vn -0.762697 0.646756 0.000265
f 1705/1705/1705 1706/1706/1706 1707/1707/1707
v -66.119144 30.374343 -6.389398
vt 0.546875 0.750000
vn -0.762697 0.646756 0.000265
v -74.053444 21.020676 -13.630715
vt 0.600000 0.600000
vn -0.762697 0.646756 0.000265
v -74.053444 21.018847 -10.223037
vt 0.575000 0.600000
vn -0.762697 0.646756 0.000265
f 1708/1708/1708 1709/1709/1709 1710/1710/1710
v -66.119144 30.374789 -8.519197
vt 0.562500 0.750000
vn -0.762924 0.646486 0.001466
v -66.119144 30.377253 -10.648997
vt 0.578125 0.750000
vn -0.762924 0.646486 0.001466
v -74.053444 21.030769 -17.038395
vt 0.625000 0.600000
vn -0.762924 0.646486 0.001466
f 1711/1711/1711 1712/1712/1712 1713/1713/1713
v -66.119144 30.374789 -8.519197
vt 0.562500 0.750000
vn -0.762924 0.646486 0.001466
v -74.053444 21.030769 -17.038395
vt 0.625000 0.600000
vn -0.762924 0.646486 0.001466
v -74.053444 21.020676 -13.630715
vt 0.600000 0.600000
vn -0.762924 0.646486 0.001466
f 1714/1714/1714 1715/1715/1715 1716/1716/1716
v -66.119144 30.377253 -10.648997
vt 0.578125 0.750000
vn -0.763972 0.645223 0.005801
v -66.119144 30.387022 -12.778796
vt 0.593750 0.750000
vn -0.763972 0.645223 0.005801
v -74.053444 21.070784 -20.446074
vt 0.650000 0.600000
vn -0.763972 0.645223 0.005801
f 1717/1717/1717 1718/1718/1718 1719/1719/1719
v -66.119144 30.377253 -10.648997
vt 0.578125 0.750000
vn -0.763972 0.645223 0.005801
v -74.053444 21.070784 -20.446074
vt 0.650000 0.600000
vn -0.763972 0.645223 0.005801
v -74.053444 21.030769 -17.038395
vt 0.625000 0.600000
vn -0.763972 0.645223 0.005801
f 1720/1720/1720 1721/1721/1721 1722/1722/1722
v -66.119144 30.387022 -12.778796
vt 0.593750 0.750000
vn -0.767557 0.640720 0.018256
v -66.119144 30.417984 -14.908595
vt 0.609375 0.750000
vn -0.767557 0.640720 0.018256
v -74.053444 21.197600 -23.853753
vt 0.675000 0.600000
vn -0.767557 0.640720 0.018256
f 1723/1723/1723 1724/1724/1724 1725/1725/1725
v -66.119144 30.387022 -12.778796
vt 0.593750 0.750000
vn -0.767557 0.640720 0.018256
v -74.053444 21.197600 -23.853753
vt 0.675000 0.600000
vn -0.767557 0.640720 0.018256
v -74.053444 21.070784 -20.446074
vt 0.650000 0.600000
vn -0.767557 0.640720 0.018256
f 1726/1726/1726 1727/1727/1727 1728/1728/1728
v -66.119144 30.417984 -14.908595
vt 0.609375 0.750000
vn -0.777159 0.627456 0.048194
v -66.119144 30.501445 -17.038395
vt 0.625000 0.750000
vn -0.777159 0.627456 0.048194
v -74.053444 21.539458 -27.261431
vt 0.700000 0.600000
vn -0.777159 0.627456 0.048194
f 1729/1729/1729 1730/1730/1730 1731/1731/1731
v -66.119144 30.417984 -14.908595
vt 0.609375 0.750000
vn -0.777159 0.627456 0.048194
v -74.053444 21.539458 -27.261431
vt 0.700000 0.600000
vn -0.777159 0.627456 0.048194
v -74.053444 21.197600 -23.853753
vt 0.675000 0.600000
vn -0.777159 0.627456 0.048194
f 1732/1732/1732 1733/1733/1733 1734/1734/1734
v -74.053444 21.539458 27.261431
vt 0.300000 0.600000
vn -0.740423 0.664504 -0.101036
v -74.053444 21.197600 23.853753
vt 0.325000 0.600000
vn -0.740423 0.664504 -0.101036
v -81.987736 13.540641 32.798911
vt 0.259375 0.450000
vn -0.740423 0.664504 -0.101036
f 1735/1735/1735 1736/1736/1736 1737/1737/1737
v -74.053444 21.539458 27.261431
vt 0.300000 0.600000
vn -0.740423 0.664504 -0.101036
v -81.987736 13.540641 32.798911
vt 0.259375 0.450000
vn -0.740423 0.664504 -0.101036
v -81.987736 14.429340 37.484467
vt 0.225000 0.450000
vn -0.740423 0.664504 -0.101036
f 1738/1738/1738 1739/1739/1739 1740/1740/1740
v -74.053444 21.197600 23.853753
vt 0.325000 0.600000
vn -0.719240 0.693659 -0.039126
v -74.053444 21.070784 20.446074
vt 0.350000 0.600000
vn -0.719240 0.693659 -0.039126
v -81.987736 13.210967 28.113352
vt 0.293750 0.450000
vn -0.719240 0.693659 -0.039126
f 1741/1741/1741 1742/1742/1742 1743/1743/1743
v -74.053444 21.197600 23.853753
vt 0.325000 0.600000
vn -0.719240 0.693659 -0.039126
v -81.987736 13.210967 28.113352
vt 0.293750 0.450000
vn -0.719240 0.693659 -0.039126
v -81.987736 13.540641 32.798911
vt 0.259375 0.450000
vn -0.719240 0.693659 -0.039126
f 1744/1744/1744 1745/1745/1745 1746/1746/1746
v -74.053444 21.070784 20.446074
vt 0.350000 0.600000
vn -0.710704 0.703380 -0.012517
v -74.053444 21.030769 17.038395
vt 0.375000 0.600000
vn -0.710704 0.703380 -0.012517
v -81.987736 13.106946 23.427793
vt 0.328125 0.450000
vn -0.710704 0.703380 -0.012517
f 1747/1747/1747 1748/1748/1748 1749/1749/1749
v -74.053444 21.070784 20.446074
vt 0.350000 0.600000
vn -0.710704 0.703380 -0.012517
v -81.987736 13.106946 23.427793
vt 0.328125 0.450000
vn -0.710704 0.703380 -0.012517
v -81.987736 13.210967 28.113352
vt 0.293750 0.450000
vn -0.710704 0.703380 -0.012517
f 1750/1750/1750 1751/1751/1751 1752/1752/1752
v -74.053444 21.030769 17.038395
vt 0.375000 0.600000
vn -0.708144 0.706061 -0.003168
v -74.053444 21.020676 13.630715
vt 0.400000 0.600000
vn -0.708144 0.706061 -0.003168
v -81.987736 13.080712 18.742233
vt 0.362500 0.450000
vn -0.708144 0.706061 -0.003168
f 1753/1753/1753 1754/1754/1754 1755/1755/1755
v -74.053444 21.030769 17.038395
vt 0.375000 0.600000
vn -0.708144 0.706061 -0.003168
v -81.987736 13.080712 18.742233
vt 0.362500 0.450000
vn -0.708144 0.706061 -0.003168
v -81.987736 13.106946 23.427793
vt 0.328125 0.450000
vn -0.708144 0.706061 -0.003168
f 1756/1756/1756 1757/1757/1757 1758/1758/1758
v -74.053444 21.020676 13.630715
vt 0.400000 0.600000
vn -0.707587 0.706626 -0.000576
v -74.053444 21.018847 10.223037
vt 0.425000 0.600000
vn -0.707587 0.706626 -0.000576
v -81.987736 13.075952 14.056676
vt 0.396875 0.450000
vn -0.707587 0.706626 -0.000576
f 1759/1759/1759 1760/1760/1760 1761/1761/1761
v -74.053444 21.020676 13.630715
vt 0.400000 0.600000
vn -0.707587 0.706626 -0.000576
v -81.987736 13.075952 14.056676
vt 0.396875 0.450000
vn -0.707587 0.706626 -0.000576
v -81.987736 13.080712 18.742233
vt 0.362500 0.450000
vn -0.707587 0.706626 -0.000576
f 1762/1762/1762 1763/1763/1763 1764/1764/1764
v -74.053444 21.018847 10.223037
vt 0.425000 0.600000
vn -0.707509 0.706704 -0.000061
v -74.053444 21.018651 6.815358
vt 0.450000 0.600000
vn -0.707509 0.706704 -0.000061
v -81.987736 13.075444 9.371117
vt 0.431250 0.450000
vn -0.707509 0.706704 -0.000061
f 1765/1765/1765 1766/1766/1766 1767/1767/1767
v -74.053444 21.018847 10.223037
vt 0.425000 0.600000
vn -0.707509 0.706704 -0.000061
v -81.987736 13.075444 9.371117
vt 0.431250 0.450000
vn -0.707509 0.706704 -0.000061
v -81.987736 13.075952 14.056676
vt 0.396875 0.450000
vn -0.707509 0.706704 -0.000061
f 1768/1768/1768 1769/1769/1769 1770/1770/1770
v -74.053444 21.018651 6.815358
vt 0.450000 0.600000
vn -0.707504 0.706709 -0.000002
v -74.053444 21.018643 3.407679
vt 0.475000 0.600000
vn -0.707504 0.706709 -0.000002
v -81.987736 13.075423 4.685558
vt 0.465625 0.450000
vn -0.707504 0.706709 -0.000002
f 1771/1771/1771 1772/1772/1772 1773/1773/1773
v -74.053444 21.018651 6.815358
vt 0.450000 0.600000
vn -0.707504 0.706709 -0.000002
v -81.987736 13.075423 4.685558
vt 0.465625 0.450000
vn -0.707504 0.706709 -0.000002
v -81.987736 13.075444 9.371117
vt 0.431250 0.450000
vn -0.707504 0.706709 -0.000002
f 1774/1774/1774 1775/1775/1775 1776/1776/1776
v -74.053444 21.018643 3.407679
vt 0.475000 0.600000
vn -0.707504 0.706709 -0.000000
v -74.053444 21.018643 -0.000000
vt 0.500000 0.600000
vn -0.707504 0.706709 -0.000000
v -81.987736 13.075423 -0.000000
vt 0.500000 0.450000
vn -0.707504 0.706709 -0.000000
f 1777/1777/1777 1778/1778/1778 1779/1779/1779
v -74.053444 21.018643 3.407679
vt 0.475000 0.600000
vn -0.707504 0.706709 -0.000000
v -81.987736 13.075423 -0.000000
vt 0.500000 0.450000
vn -0.707504 0.706709 -0.000000
v -81.987736 13.075423 4.685558
vt 0.465625 0.450000
vn -0.707504 0.706709 -0.000000
f 1780/1780/1780 1781/1781/1781 1782/1782/1782
v -74.053444 21.018643 -0.000000
vt 0.500000 0.600000
vn -0.707504 0.706709 -0.000000
v -74.053444 21.018643 -3.407679
vt 0.525000 0.600000
vn -0.707504 0.706709 -0.000000
v -81.987736 13.075423 -4.685558
vt 0.534375 0.450000
vn -0.707504 0.706709 -0.000000
f 1783/1783/1783 1784/1784/1784 1785/1785/1785
v -74.053444 21.018643 -0.000000
vt 0.500000 0.600000
vn -0.707504 0.706709 -0.000000
v -81.987736 13.075423 -4.685558
vt 0.534375 0.450000
vn -0.707504 0.706709 -0.000000
v -81.987736 13.075423 -0.000000
vt 0.500000 0.450000
vn -0.707504 0.706709 -0.000000
f 1786/1786/1786 1787/1787/1787 1788/1788/1788
v -74.053444 21.018643 -3.407679
vt 0.525000 0.600000
vn -0.707504 0.706709 0.000002
v -74.053444 21.018651 -6.815358
vt 0.550000 0.600000
vn -0.707504 0.706709 0.000002
v -81.987736 13.075444 -9.371117
vt 0.568750 0.450000
vn -0.707504 0.706709 0.000002
f 1789/1789/1789 1790/1790/1790 1791/1791/1791
v -74.053444 21.018643 -3.407679
vt 0.525000 0.600000
vn -0.707504 0.706709 0.000002
v -81.987736 13.075444 -9.371117
vt 0.568750 0.450000
vn -0.707504 0.706709 0.000002
v -81.987736 13.075423 -4.685558
vt 0.534375 0.450000
vn -0.707504 0.706709 0.000002
f 1792/1792/1792 1793/1793/1793 1794/1794/1794
v -74.053444 21.018651 -6.815358
vt 0.550000 0.600000
vn -0.707509 0.706704 0.000061
v -74.053444 21.018847 -10.223037
vt 0.575000 0.600000
vn -0.707509 0.706704 0.000061
v -81.987736 13.075952 -14.056676
vt 0.603125 0.450000
vn -0.707509 0.706704 0.000061
f 1795/1795/1795 1796/1796/1796 1797/1797/1797
v -74.053444 21.018651 -6.815358
vt 0.550000 0.600000
vn -0.707509 0.706704 0.000061
v -81.987736 13.075952 -14.056676
vt 0.603125 0.450000
vn -0.707509 0.706704 0.000061
v -81.987736 13.075444 -9.371117
vt 0.568750 0.450000
vn -0.707509 0.706704 0.000061
f 1798/1798/1798 1799/1799/1799 1800/1800/1800
v -74.053444 21.018847 -10.223037
vt 0.575000 0.600000
vn -0.707587 0.706627 0.000576
v -74.053444 21.020676 -13.630715
vt 0.600000 0.600000
vn -0.707587 0.706627 0.000576
v -81.987736 13.080712 -18.742233
vt 0.637500 0.450000
vn -0.707587 0.706627 0.000576
f 1801/1801/1801 1802/1802/1802 1803/1803/1803
v -74.053444 21.018847 -10.223037
vt 0.575000 0.600000
vn -0.707587 0.706627 0.000576
v -81.987736 13.080712 -18.742233
vt 0.637500 0.450000
vn -0.707587 0.706627 0.000576
v -81.987736 13.075952 -14.056676
vt 0.603125 0.450000
vn -0.707587 0.706627 0.000576
f 1804/1804/1804 1805/1805/1805 1806/1806/1806
v -74.053444 21.020676 -13.630715
vt 0.600000 0.600000
vn -0.708144 0.706061 0.003168
v -74.053444 21.030769 -17.038395
vt 0.625000 0.600000
vn -0.708144 0.706061 0.003168
v -81.987736 13.106946 -23.427793
vt 0.671875 0.450000
vn -0.708144 0.706061 0.003168
f 1807/1807/1807 1808/1808/1808 1809/1809/1809
v -74.053444 21.020676 -13.630715
vt 0.600000 0.600000
vn -0.708144 0.706061 0.003168
v -81.987736 13.106946 -23.427793
vt 0.671875 0.450000
vn -0.708144 0.706061 0.003168
v -81.987736 13.080712 -18.742233
vt 0.637500 0.450000
vn -0.708144 0.706061 0.003168
f 1810/1810/1810 1811/1811/1811 1812/1812/1812
v -74.053444 21.030769 -17.038395
vt 0.625000 0.600000
vn -0.710704 0.703380 0.012517
v -74.053444 21.070784 -20.446074
vt 0.650000 0.600000
vn -0.710704 0.703380 0.012517
v -81.987736 13.210967 -28.113352
vt 0.706250 0.450000
vn -0.710704 0.703380 0.012517
f 1813/1813/1813 1814/1814/1814 1815/1815/1815
v -74.053444 21.030769 -17.038395
vt 0.625000 0.600000
vn -0.710704 0.703380 0.012517
v -81.987736 13.210967 -28.113352
vt 0.706250 0.450000
vn -0.710704 0.703380 0.012517
v -81.987736 13.106946 -23.427793
vt 0.671875 0.450000
vn -0.710704 0.703380 0.012517
f 1816/1816/1816 1817/1817/1817 1818/1818/1818
v -74.053444 21.070784 -20.446074
vt 0.650000 0.600000
vn -0.719240 0.693659 0.039126
v -74.053444 21.197600 -23.853753
vt 0.675000 0.600000
vn -0.719240 0.693659 0.039126
v -81.987736 13.540641 -32.798911
vt 0.740625 0.450000
vn -0.719240 0.693659 0.039126
f 1819/1819/1819 1820/1820/1820 1821/1821/1821
v -74.053444 21.070784 -20.446074
vt 0.650000 0.600000
vn -0.719240 0.693659 0.039126
v -81.987736 13.540641 -32.798911
vt 0.740625 0.450000
vn -0.719240 0.693659 0.039126
v -81.987736 13.210967 -28.113352
vt 0.706250 0.450000
vn -0.719240 0.693659 0.039126
f 1822/1822/1822 1823/1823/1823 1824/1824/1824
v -74.053444 21.197600 -23.853753
vt 0.675000 0.600000
vn -0.740423 0.664504 0.101037
v -74.053444 21.539458 -27.261431
vt 0.700000 0.600000
vn -0.740423 0.664504 0.101037
v -81.987736 14.429340 -37.484467
vt 0.775000 0.450000
vn -0.740423 0.664504 0.101037
f 1825/1825/1825 1826/1826/1826 1827/1827/1827
v -74.053444 21.197600 -23.853753
vt 0.675000 0.600000
vn -0.740423 0.664504 0.101037
v -81.987736 14.429340 -37.484467
vt 0.775000 0.450000
vn -0.740423 0.664504 0.101037
v -81.987736 13.540641 -32.798911
vt 0.740625 0.450000
vn -0.740423 0.664504 0.101037
f 1828/1828/1828 1829/1829/1829 1830/1830/1830
v -81.987736 14.429340 37.484467
vt 0.225000 0.450000
vn -0.695439 0.697928 -0.171058
v -81.987736 13.540641 32.798911
vt 0.259375 0.450000
vn -0.695439 0.697928 -0.171058
v -88.864130 8.329151 40.551381
vt 0.202500 0.320000
vn -0.695439 0.697928 -0.171058
f 1831/1831/1831 1832/1832/1832 1833/1833/1833
v -81.987736 14.429340 37.484467
vt 0.225000 0.450000
vn -0.695439 0.697928 -0.171058
v -88.864130 8.329151 40.551381
vt 0.202500 0.320000
vn -0.695439 0.697928 -0.171058
v -88.864130 10.008702 46.344435
vt 0.160000 0.320000
vn -0.695439 0.697928 -0.171058
f 1834/1834/1834 1835/1835/1835 1836/1836/1836
v -81.987736 13.540641 32.798911
vt 0.259375 0.450000
vn -0.656711 0.751045 -0.068286
v -81.987736 13.210967 28.113352
vt 0.293750 0.450000
vn -0.656711 0.751045 -0.068286
v -88.864130 7.706102 34.758323
vt 0.245000 0.320000
vn -0.656711 0.751045 -0.068286
f 1837/1837/1837 1838/1838/1838 1839/1839/1839
v -81.987736 13.540641 32.798911
vt 0.259375 0.450000
vn -0.656711 0.751045 -0.068286
v -88.864130 7.706102 34.758323
vt 0.245000 0.320000
vn -0.656711 0.751045 -0.068286
v -88.864130 8.329151 40.551381
vt 0.202500 0.320000
vn -0.656711 0.751045 -0.068286
f 1840/1840/1840 1841/1841/1841 1842/1842/1842
v -81.987736 13.210967 28.113352
vt 0.293750 0.450000
vn -0.639736 0.768278 -0.022040
v -81.987736 13.106946 23.427793
vt 0.328125 0.450000
vn -0.639736 0.768278 -0.022040
v -88.864130 7.509513 28.965271
vt 0.287500 0.320000
vn -0.639736 0.768278 -0.022040
f 1843/1843/1843 1844/1844/1844 1845/1845/1845
v -81.987736 13.210967 28.113352
vt 0.293750 0.450000
vn -0.639736 0.768278 -0.022040
v -88.864130 7.509513 28.965271
vt 0.287500 0.320000
vn -0.639736 0.768278 -0.022040
v -88.864130 7.706102 34.758323
vt 0.245000 0.320000
vn -0.639736 0.768278 -0.022040
f 1846/1846/1846 1847/1847/1847 1848/1848/1848
v -81.987736 13.106946 23.427793
vt 0.328125 0.450000
vn -0.634508 0.772896 -0.005591
v -81.987736 13.080712 18.742233
vt 0.362500 0.450000
vn -0.634508 0.772896 -0.005591
v -88.864130 7.459931 23.172217
vt 0.330000 0.320000
vn -0.634508 0.772896 -0.005591
f 1849/1849/1849 1850/1850/1850 1851/1851/1851
v -81.987736 13.106946 23.427793
vt 0.328125 0.450000
vn -0.634508 0.772896 -0.005591
v -88.864130 7.459931 23.172217
vt 0.330000 0.320000
vn -0.634508 0.772896 -0.005591
v -88.864130 7.509513 28.965271
vt 0.287500 0.320000
vn -0.634508 0.772896 -0.005591
f 1852/1852/1852 1853/1853/1853 1854/1854/1854
v -81.987736 13.080712 18.742233
vt 0.362500 0.450000
vn -0.633362 0.773855 -0.001016
v -81.987736 13.075952 14.056676
vt 0.396875 0.450000
vn -0.633362 0.773855 -0.001016
v -88.864130 7.450937 17.379162
vt 0.372500 0.320000
vn -0.633362 0.773855 -0.001016
f 1855/1855/1855 1856/1856/1856 1857/1857/1857
v -81.987736 13.080712 18.742233
vt 0.362500 0.450000
vn -0.633362 0.773855 -0.001016
v -88.864130 7.450937 17.379162
vt 0.372500 0.320000
vn -0.633362 0.773855 -0.001016
v -88.864130 7.459931 23.172217
vt 0.330000 0.320000
vn -0.633362 0.773855 -0.001016
f 1858/1858/1858 1859/1859/1859 1860/1860/1860
v -81.987736 13.075952 14.056676
vt 0.396875 0.450000
vn -0.633204 0.773985 -0.000108
v -81.987736 13.075444 9.371117
vt 0.431250 0.450000
vn -0.633204 0.773985 -0.000108
v -88.864130 7.449975 11.586109
vt 0.415000 0.320000
vn -0.633204 0.773985 -0.000108
f 1861/1861/1861 1862/1862/1862 1863/1863/1863
v -81.987736 13.075952 14.056676
vt 0.396875 0.450000
vn -0.633204 0.773985 -0.000108
v -88.864130 7.449975 11.586109
vt 0.415000 0.320000
vn -0.633204 0.773985 -0.000108
v -88.864130 7.450937 17.379162
vt 0.372500 0.320000
vn -0.633204 0.773985 -0.000108
f 1864/1864/1864 1865/1865/1865 1866/1866/1866
v -81.987736 13.075444 9.371117
vt 0.431250 0.450000
vn -0.633194 0.773993 -0.000005
v -81.987736 13.075423 4.685558
vt 0.465625 0.450000
vn -0.633194 0.773993 -0.000005
v -88.864130 7.449937 5.793054
vt 0.457500 0.320000
vn -0.633194 0.773993 -0.000005
f 1867/1867/1867 1868/1868/1868 1869/1869/1869
v -81.987736 13.075444 9.371117
vt 0.431250 0.450000
vn -0.633194 0.773993 -0.000005
v -88.864130 7.449937 5.793054
vt 0.457500 0.320000
vn -0.633194 0.773993 -0.000005
v -88.864130 7.449975 11.586109
vt 0.415000 0.320000
vn -0.633194 0.773993 -0.000005
f 1870/1870/1870 1871/1871/1871 1872/1872/1872
v -81.987736 13.075423 4.685558
vt 0.465625 0.450000
vn -0.633194 0.773993 -0.000000
v -81.987736 13.075423 -0.000000
vt 0.500000 0.450000
vn -0.633194 0.773993 -0.000000
v -88.864130 7.449937 -0.000000
vt 0.500000 0.320000
vn -0.633194 0.773993 -0.000000
f 1873/1873/1873 1874/1874/1874 1875/1875/1875
v -81.987736 13.075423 4.685558
vt 0.465625 0.450000
vn -0.633194 0.773993 -0.000000
v -88.864130 7.449937 -0.000000
vt 0.500000 0.320000
vn -0.633194 0.773993 -0.000000
v -88.864130 7.449937 5.793054
vt 0.457500 0.320000
vn -0.633194 0.773993 -0.000000
f 1876/1876/1876 1877/1877/1877 1878/1878/1878
v -81.987736 13.075423 -0.000000
vt 0.500000 0.450000
vn -0.633194 0.773993 -0.000000
v -81.987736 13.075423 -4.685558
vt 0.534375 0.450000
vn -0.633194 0.773993 -0.000000
v -88.864130 7.449937 -5.793054
vt 0.542500 0.320000
vn -0.633194 0.773993 -0.000000
f 1879/1879/1879 1880/1880/1880 1881/1881/1881
v -81.987736 13.075423 -0.000000
vt 0.500000 0.450000
vn -0.633194 0.773993 -0.000000
v -88.864130 7.449937 -5.793054
vt 0.542500 0.320000
vn -0.633194 0.773993 -0.000000
v -88.864130 7.449937 -0.000000
vt 0.500000 0.320000
vn -0.633194 0.773993 -0.000000
f 1882/1882/1882 1883/1883/1883 1884/1884/1884
v -81.987736 13.075423 -4.685558
vt 0.534375 0.450000
vn -0.633194 0.773993 0.000005
v -81.987736 13.075444 -9.371117
vt 0.568750 0.450000
vn -0.633194 0.773993 0.000005
v -88.864130 7.449975 -11.586109
vt 0.585000 0.320000
vn -0.633194 0.773993 0.000005
f 1885/1885/1885 1886/1886/1886 1887/1887/1887
v -81.987736 13.075423 -4.685558
vt 0.534375 0.450000
vn -0.633194 0.773993 0.000005
v -88.864130 7.449975 -11.586109
vt 0.585000 0.320000
vn -0.633194 0.773993 0.000005
v -88.864130 7.449937 -5.793054
vt 0.542500 0.320000
vn -0.633194 0.773993 0.000005
f 1888/1888/1888 1889/1889/1889 1890/1890/1890
v -81.987736 13.075444 -9.371117
vt 0.568750 0.450000
vn -0.633204 0.773985 0.000108
v -81.987736 13.075952 -14.056676
vt 0.603125 0.450000
vn -0.633204 0.773985 0.000108
v -88.864130 7.450937 -17.379162
vt 0.627500 0.320000
vn -0.633204 0.773985 0.000108
f 1891/1891/1891 1892/1892/1892 1893/1893/1893
v -81.987736 13.075444 -9.371117
vt 0.568750 0.450000
vn -0.633204 0.773985 0.000108
v -88.864130 7.450937 -17.379162
vt 0.627500 0.320000
vn -0.633204 0.773985 0.000108
v -88.864130 7.449975 -11.586109
vt 0.585000 0.320000
vn -0.633204 0.773985 0.000108
f 1894/1894/1894 1895/1895/1895 1896/1896/1896
v -81.987736 13.075952 -14.056676
vt 0.603125 0.450000
vn -0.633362 0.773855 0.001016
v -81.987736 13.080712 -18.742233
vt 0.637500 0.450000
vn -0.633362 0.773855 0.001016
v -88.864130 7.459931 -23.172217
vt 0.670000 0.320000
vn -0.633362 0.773855 0.001016
f 1897/1897/1897 1898/1898/1898 1899/1899/1899
v -81.987736 13.075952 -14.056676
vt 0.603125 0.450000
vn -0.633362 0.773855 0.001016
v -88.864130 7.459931 -23.172217
vt 0.670000 0.320000
vn -0.633362 0.773855 0.001016
v -88.864130 7.450937 -17.379162
vt 0.627500 0.320000
vn -0.633362 0.773855 0.001016
f 1900/1900/1900 1901/1901/1901 1902/1902/1902
v -81.987736 13.080712 -18.742233
vt 0.637500 0.450000
vn -0.634508 0.772896 0.005591
v -81.987736 13.106946 -23.427793
vt 0.671875 0.450000
vn -0.634508 0.772896 0.005591
v -88.864130 7.509513 -28.965271
vt 0.712500 0.320000
vn -0.634508 0.772896 0.005591
f 1903/1903/1903 1904/1904/1904 1905/1905/1905
v -81.987736 13.080712 -18.742233
vt 0.637500 0.450000
vn -0.634508 0.772896 0.005591
v -88.864130 7.509513 -28.965271
vt 0.712500 0.320000
vn -0.634508 0.772896 0.005591
v -88.864130 7.459931 -23.172217
vt 0.670000 0.320000
vn -0.634508 0.772896 0.005591
f 1906/1906/1906 1907/1907/1907 1908/1908/1908
v -81.987736 13.106946 -23.427793
vt 0.671875 0.450000
vn -0.639736 0.768278 0.022040
v -81.987736 13.210967 -28.113352
vt 0.706250 0.450000
vn -0.639736 0.768278 0.022040
v -88.864130 7.706102 -34.758323
vt 0.755000 0.320000
vn -0.639736 0.768278 0.022040
f 1909/1909/1909 1910/1910/1910 1911/1911/1911
v -81.987736 13.106946 -23.427793
vt 0.671875 0.450000
vn -0.639736 0.768278 0.022040
v -88.864130 7.706102 -34.758323
vt 0.755000 0.320000
vn -0.639736 0.768278 0.022040
v -88.864130 7.509513 -28.965271
vt 0.712500 0.320000
vn -0.639736 0.768278 0.022040
f 1912/1912/1912 1913/1913/1913 1914/1914/1914
v -81.987736 13.210967 -28.113352
vt 0.706250 0.450000
vn -0.656711 0.751045 0.068286
v -81.987736 13.540641 -32.798911
vt 0.740625 0.450000
vn -0.656711 0.751045 0.068286
v -88.864130 8.329151 -40.551381
vt 0.797500 0.320000
vn -0.656711 0.751045 0.068286
f 1915/1915/1915 1916/1916/1916 1917/1917/1917
v -81.987736 13.210967 -28.113352
vt 0.706250 0.450000
vn -0.656711 0.751045 0.068286
v -88.864130 8.329151 -40.551381
vt 0.797500 0.320000
vn -0.656711 0.751045 0.068286
v -88.864130 7.706102 -34.758323
vt 0.755000 0.320000
vn -0.656711 0.751045 0.068286
f 1918/1918/1918 1919/1919/1919 1920/1920/1920
v -81.987736 13.540641 -32.798911
vt 0.740625 0.450000
vn -0.695439 0.697928 0.171059
v -81.987736 14.429340 -37.484467
vt 0.775000 0.450000
vn -0.695439 0.697928 0.171059
v -88.864130 10.008702 -46.344435
vt 0.840000 0.320000
vn -0.695439 0.697928 0.171059
f 1921/1921/1921 1922/1922/1922 1923/1923/1923
v -81.987736 13.540641 -32.798911
vt 0.740625 0.450000
vn -0.695439 0.697928 0.171059
v -88.864130 10.008702 -46.344435
vt 0.840000 0.320000
vn -0.695439 0.697928 0.171059
v -88.864130 8.329151 -40.551381
vt 0.797500 0.320000
vn -0.695439 0.697928 0.171059
f 1924/1924/1924 1925/1925/1925 1926/1926/1926
v -88.864130 10.008702 46.344435
vt 0.160000 0.320000
vn -0.617125 0.743977 -0.256234
v -88.864130 8.329151 40.551381
vt 0.202500 0.320000
vn -0.617125 0.743977 -0.256234
v -94.682615 5.446369 47.111163
vt 0.154375 0.210000
vn -0.617125 0.743977 -0.256234
f 1927/1927/1927 1928/1928/1928 1929/1929/1929
v -88.864130 10.008702 46.344435
vt 0.160000 0.320000
vn -0.617125 0.743977 -0.256234
v -94.682615 5.446369 47.111163
vt 0.154375 0.210000
vn -0.617125 0.743977 -0.256234
v -94.682615 8.079957 53.841327
vt 0.105000 0.210000
vn -0.617125 0.743977 -0.256234
f 1930/1930/1930 1931/1931/1931 1932/1932/1932
v -88.864130 8.329151 40.551381
vt 0.202500 0.320000
vn -0.547514 0.830049 -0.106049
v -88.864130 7.706102 34.758323
vt 0.245000 0.320000
vn -0.547514 0.830049 -0.106049
v -94.682615 4.469409 40.380994
vt 0.203750 0.210000
vn -0.547514 0.830049 -0.106049
f 1933/1933/1933 1934/1934/1934 1935/1935/1935
v -88.864130 8.329151 40.551381
vt 0.202500 0.320000
vn -0.547514 0.830049 -0.106049
v -94.682615 4.469409 40.380994
vt 0.203750 0.210000
vn -0.547514 0.830049 -0.106049
v -94.682615 5.446369 47.111163
vt 0.154375 0.210000
vn -0.547514 0.830049 -0.106049
f 1936/1936/1936 1937/1937/1937 1938/1938/1938
v -88.864130 7.706102 34.758323
vt 0.245000 0.320000
vn -0.515186 0.856383 -0.034523
v -88.864130 7.509513 28.965271
vt 0.287500 0.320000
vn -0.515186 0.856383 -0.034523
v -94.682615 4.161150 33.650829
vt 0.253125 0.210000
vn -0.515186 0.856383 -0.034523
f 1939/1939/1939 1940/1940/1940 1941/1941/1941
v -88.864130 7.706102 34.758323
vt 0.245000 0.320000
vn -0.515186 0.856383 -0.034523
v -94.682615 4.161150 33.650829
vt 0.253125 0.210000
vn -0.515186 0.856383 -0.034523
v -94.682615 4.469409 40.380994
vt 0.203750 0.210000
vn -0.515186 0.856383 -0.034523
f 1942/1942/1942 1943/1943/1943 1944/1944/1944
v -88.864130 7.509513 28.965271
vt 0.287500 0.320000
vn -0.505091 0.863022 -0.008774
v -88.864130 7.459931 23.172217
vt 0.330000 0.320000
vn -0.505091 0.863022 -0.008774
v -94.682615 4.083406 26.920664
vt 0.302500 0.210000
vn -0.505091 0.863022 -0.008774
f 1945/1945/1945 1946/1946/1946 1947/1947/1947
v -88.864130 7.509513 28.965271
vt 0.287500 0.320000
vn -0.505091 0.863022 -0.008774
v -94.682615 4.083406 26.920664
vt 0.302500 0.210000
vn -0.505091 0.863022 -0.008774
v -94.682615 4.161150 33.650829
vt 0.253125 0.210000
vn -0.505091 0.863022 -0.008774
f 1948/1948/1948 1949/1949/1949 1950/1950/1950
v -88.864130 7.459931 23.172217
vt 0.330000 0.320000
vn -0.502874 0.864358 -0.001594
v -88.864130 7.450937 17.379162
vt 0.372500 0.320000
vn -0.502874 0.864358 -0.001594
v -94.682615 4.069302 20.190497
vt 0.351875 0.210000
vn -0.502874 0.864358 -0.001594
f 1951/1951/1951 1952/1952/1952 1953/1953/1953
v -88.864130 7.459931 23.172217
vt 0.330000 0.320000
vn -0.502874 0.864358 -0.001594
v -94.682615 4.069302 20.190497
vt 0.351875 0.210000
vn -0.502874 0.864358 -0.001594
v -94.682615 4.083406 26.920664
vt 0.302500 0.210000
vn -0.502874 0.864358 -0.001594
f 1954/1954/1954 1955/1955/1955 1956/1956/1956
v -88.864130 7.450937 17.379162
vt 0.372500 0.320000
vn -0.502568 0.864538 -0.000171
v -88.864130 7.449975 11.586109
vt 0.415000 0.320000
vn -0.502568 0.864538 -0.000171
v -94.682615 4.067794 13.460332
vt 0.401250 0.210000
vn -0.502568 0.864538 -0.000171
f 1957/1957/1957 1958/1958/1958 1959/1959/1959
v -88.864130 7.450937 17.379162
vt 0.372500 0.320000
vn -0.502568 0.864538 -0.000171
v -94.682615 4.067794 13.460332
vt 0.401250 0.210000
vn -0.502568 0.864538 -0.000171
v -94.682615 4.069302 20.190497
vt 0.351875 0.210000
vn -0.502568 0.864538 -0.000171
f 1960/1960/1960 1961/1961/1961 1962/1962/1962
v -88.864130 7.449975 11.586109
vt 0.415000 0.320000
vn -0.502550 0.864548 -0.000007
v -88.864130 7.449937 5.793054
vt 0.457500 0.320000
vn -0.502550 0.864548 -0.000007
v -94.682615 4.067733 6.730166
vt 0.450625 0.210000
vn -0.502550 0.864548 -0.000007
f 1963/1963/1963 1964/1964/1964 1965/1965/1965
v -88.864130 7.449975 11.586109
vt 0.415000 0.320000
vn -0.502550 0.864548 -0.000007
v -94.682615 4.067733 6.730166
vt 0.450625 0.210000
vn -0.502550 0.864548 -0.000007
v -94.682615 4.067794 13.460332
vt 0.401250 0.210000
vn -0.502550 0.864548 -0.000007
f 1966/1966/1966 1967/1967/1967 1968/1968/1968
v -88.864130 7.449937 5.793054
vt 0.457500 0.320000
vn -0.502550 0.864548 0.000000
v -88.864130 7.449937 -0.000000
vt 0.500000 0.320000
vn -0.502550 0.864548 0.000000
v -94.682615 4.067733 -0.000000
vt 0.500000 0.210000
vn -0.502550 0.864548 0.000000
f 1969/1969/1969 1970/1970/1970 1971/1971/1971
v -88.864130 7.449937 5.793054
vt 0.457500 0.320000
vn -0.502550 0.864548 0.000000
v -94.682615 4.067733 -0.000000
vt 0.500000 0.210000
vn -0.502550 0.864548 0.000000
v -94.682615 4.067733 6.730166
vt 0.450625 0.210000
vn -0.502550 0.864548 0.000000
f 1972/1972/1972 1973/1973/1973 1974/1974/1974
v -88.864130 7.449937 -0.000000
vt 0.500000 0.320000
vn -0.502550 0.864548 -0.000000
v -88.864130 7.449937 -5.793054
vt 0.542500 0.320000
vn -0.502550 0.864548 -0.000000
v -94.682615 4.067733 -6.730166
vt 0.549375 0.210000
vn -0.502550 0.864548 -0.000000
f 1975/1975/1975 1976/1976/1976 1977/1977/1977
v -88.864130 7.449937 -0.000000
vt 0.500000 0.320000
vn -0.502550 0.864548 -0.000000
v -94.682615 4.067733 -6.730166
vt 0.549375 0.210000
vn -0.502550 0.864548 -0.000000
v -94.682615 4.067733 -0.000000
vt 0.500000 0.210000
vn -0.502550 0.864548 -0.000000
f 1978/1978/1978 1979/1979/1979 1980/1980/1980
v -88.864130 7.449937 -5.793054
vt 0.542500 0.320000
vn -0.502550 0.864548 0.000007
v -88.864130 7.449975 -11.586109
vt 0.585000 0.320000
vn -0.502550 0.864548 0.000007
v -94.682615 4.067794 -13.460332
vt 0.598750 0.210000
vn -0.502550 0.864548 0.000007
f 1981/1981/1981 1982/1982/1982 1983/1983/1983
v -88.864130 7.449937 -5.793054
vt 0.542500 0.320000
vn -0.502550 0.864548 0.000007
v -94.682615 4.067794 -13.460332
vt 0.598750 0.210000
vn -0.502550 0.864548 0.000007
v -94.682615 4.067733 -6.730166
vt 0.549375 0.210000
vn -0.502550 0.864548 0.000007
f 1984/1984/1984 1985/1985/1985 1986/1986/1986
v -88.864130 7.449975 -11.586109
vt 0.585000 0.320000
vn -0.502568 0.864538 0.000171
v -88.864130 7.450937 -17.379162
vt 0.627500 0.320000
vn -0.502568 0.864538 0.000171
v -94.682615 4.069302 -20.190497
vt 0.648125 0.210000
vn -0.502568 0.864538 0.000171
f 1987/1987/1987 1988/1988/1988 1989/1989/1989
v -88.864130 7.449975 -11.586109
vt 0.585000 0.320000
vn -0.502568 0.864538 0.000171
v -94.682615 4.069302 -20.190497
vt 0.648125 0.210000
vn -0.502568 0.864538 0.000171
v -94.682615 4.067794 -13.460332
vt 0.598750 0.210000
vn -0.502568 0.864538 0.000171
f 1990/1990/1990 1991/1991/1991 1992/1992/1992
v -88.864130 7.450937 -17.379162
vt 0.627500 0.320000
vn -0.502874 0.864358 0.001594
v -88.864130 7.459931 -23.172217
vt 0.670000 0.320000
vn -0.502874 0.864358 0.001594
v -94.682615 4.083406 -26.920664
vt 0.697500 0.210000
vn -0.502874 0.864358 0.001594
f 1993/1993/1993 1994/1994/1994 1995/1995/1995
v -88.864130 7.450937 -17.379162
vt 0.627500 0.320000
vn -0.502874 0.864358 0.001594
v -94.682615 4.083406 -26.920664
vt 0.697500 0.210000
vn -0.502874 0.864358 0.001594
v -94.682615 4.069302 -20.190497
vt 0.648125 0.210000
vn -0.502874 0.864358 0.001594
f 1996/1996/1996 1997/1997/1997 1998/1998/1998
v -88.864130 7.459931 -23.172217
vt 0.670000 0.320000
vn -0.505091 0.863022 0.008774
v -88.864130 7.509513 -28.965271
vt 0.712500 0.320000
vn -0.505091 0.863022 0.008774
v -94.682615 4.161150 -33.650829
vt 0.746875 0.210000
vn -0.505091 0.863022 0.008774
f 1999/1999/1999 2000/2000/2000 2001/2001/2001
v -88.864130 7.459931 -23.172217
vt 0.670000 0.320000
vn -0.505091 0.863022 0.008774
v -94.682615 4.161150 -33.650829
vt 0.746875 0.210000
vn -0.505091 0.863022 0.008774
v -94.682615 4.083406 -26.920664
vt 0.697500 0.210000
vn -0.505091 0.863022 0.008774
f 2002/2002/2002 2003/2003/2003 2004/2004/2004
v -88.864130 7.509513 -28.965271
vt 0.712500 0.320000
vn -0.515186 0.856383 0.034523
v -88.864130 7.706102 -34.758323
vt 0.755000 0.320000
vn -0.515186 0.856383 0.034523
v -94.682615 4.469409 -40.380994
vt 0.796250 0.210000
vn -0.515186 0.856383 0.034523
f 2005/2005/2005 2006/2006/2006 2007/2007/2007
v -88.864130 7.509513 -28.965271
vt 0.712500 0.320000
vn -0.515186 0.856383 0.034523
v -94.682615 4.469409 -40.380994
vt 0.796250 0.210000
vn -0.515186 0.856383 0.034523
v -94.682615 4.161150 -33.650829
vt 0.746875 0.210000
vn -0.515186 0.856383 0.034523
f 2008/2008/2008 2009/2009/2009 2010/2010/2010
v -88.864130 7.706102 -34.758323
vt 0.755000 0.320000
vn -0.547514 0.830049 0.106049
v -88.864130 8.329151 -40.551381
vt 0.797500 0.320000
vn -0.547514 0.830049 0.106049
v -94.682615 5.446369 -47.111163
vt 0.845625 0.210000
vn -0.547514 0.830049 0.106049
f 2011/2011/2011 2012/2012/2012 2013/2013/2013
v -88.864130 7.706102 -34.758323
vt 0.755000 0.320000
vn -0.547514 0.830049 0.106049
v -94.682615 5.446369 -47.111163
vt 0.845625 0.210000
vn -0.547514 0.830049 0.106049
v -94.682615 4.469409 -40.380994
vt 0.796250 0.210000
vn -0.547514 0.830049 0.106049
f 2014/2014/2014 2015/2015/2015 2016/2016/2016
v -88.864130 8.329151 -40.551381
vt 0.797500 0.320000
vn -0.617125 0.743977 0.256234
v -88.864130 10.008702 -46.344435
vt 0.840000 0.320000
vn -0.617125 0.743977 0.256234
v -94.682615 8.079957 -53.841327
vt 0.895000 0.210000
vn -0.617125 0.743977 0.256234
f 2017/2017/2017 2018/2018/2018 2019/2019/2019
v -88.864130 8.329151 -40.551381
vt 0.797500 0.320000
vn -0.617125 0.743977 0.256234
v -94.682615 8.079957 -53.841327
vt 0.895000 0.210000
vn -0.617125 0.743977 0.256234
v -94.682615 5.446369 -47.111163
vt 0.845625 0.210000
vn -0.617125 0.743977 0.256234
f 2020/2020/2020 2021/2021/2021 2022/2022/2022
v -94.682615 8.079957 53.841327
vt 0.105000 0.210000
vn -0.399859 0.838657 -0.369821
v -94.682615 5.446369 47.111163
vt 0.154375 0.210000
vn -0.399859 0.838657 -0.369821
v -99.443194 5.209112 52.478256
vt 0.115000 0.120000
vn -0.399859 0.838657 -0.369821
f 2023/2023/2023 2024/2024/2024 2025/2025/2025
v -94.682615 8.079957 53.841327
vt 0.105000 0.210000
vn -0.399859 0.838657 -0.369821
v -99.443194 5.209112 52.478256
vt 0.115000 0.120000
vn -0.399859 0.838657 -0.369821
v -99.443194 8.849222 59.975148
vt 0.060000 0.120000
vn -0.399859 0.838657 -0.369821
f 2026/2026/2026 2027/2027/2027 2028/2028/2028
v -94.682615 5.446369 47.111163
vt 0.154375 0.210000
vn -0.248811 0.955847 -0.156360
v -94.682615 4.469409 40.380994
vt 0.203750 0.210000
vn -0.248811 0.955847 -0.156360
v -99.443194 3.858771 44.981363
vt 0.170000 0.120000
vn -0.248811 0.955847 -0.156360
f 2029/2029/2029 2030/2030/2030 2031/2031/2031
v -94.682615 5.446369 47.111163
vt 0.154375 0.210000
vn -0.248811 0.955847 -0.156360
v -99.443194 3.858771 44.981363
vt 0.170000 0.120000
vn -0.248811 0.955847 -0.156360
v -99.443194 5.209112 52.478256
vt 0.115000 0.120000
vn -0.248811 0.955847 -0.156360
f 2032/2032/2032 2033/2033/2033 2034/2034/2034
v -94.682615 4.469409 40.380994
vt 0.203750 0.210000
vn -0.182975 0.981811 -0.050676
v -94.682615 4.161150 33.650829
vt 0.253125 0.210000
vn -0.182975 0.981811 -0.050676
v -99.443194 3.432700 37.484467
vt 0.225000 0.120000
vn -0.182975 0.981811 -0.050676
f 2035/2035/2035 2036/2036/2036 2037/2037/2037
v -94.682615 4.469409 40.380994
vt 0.203750 0.210000
vn -0.182975 0.981811 -0.050676
v -99.443194 3.432700 37.484467
vt 0.225000 0.120000
vn -0.182975 0.981811 -0.050676
v -99.443194 3.858771 44.981363
vt 0.170000 0.120000
vn -0.182975 0.981811 -0.050676
f 2038/2038/2038 2039/2039/2039 2040/2040/2040
v -94.682615 4.161150 33.650829
vt 0.253125 0.210000
vn -0.163335 0.986487 -0.012842
v -94.682615 4.083406 26.920664
vt 0.302500 0.210000
vn -0.163335 0.986487 -0.012842
v -99.443194 3.325243 29.987574
vt 0.280000 0.120000
vn -0.163335 0.986487 -0.012842
f 2041/2041/2041 2042/2042/2042 2043/2043/2043
v -94.682615 4.161150 33.650829
vt 0.253125 0.210000
vn -0.163335 0.986487 -0.012842
v -99.443194 3.325243 29.987574
vt 0.280000 0.120000
vn -0.163335 0.986487 -0.012842
v -99.443194 3.432700 37.484467
vt 0.225000 0.120000
vn -0.163335 0.986487 -0.012842
f 2044/2044/2044 2045/2045/2045 2046/2046/2046
v -94.682615 4.083406 26.920664
vt 0.302500 0.210000
vn -0.159103 0.987259 -0.002332
v -94.682615 4.069302 20.190497
vt 0.351875 0.210000
vn -0.159103 0.987259 -0.002332
v -99.443194 3.305749 22.490682
vt 0.335000 0.120000
vn -0.159103 0.987259 -0.002332
f 2047/2047/2047 2048/2048/2048 2049/2049/2049
v -94.682615 4.083406 26.920664
vt 0.302500 0.210000
vn -0.159103 0.987259 -0.002332
v -99.443194 3.305749 22.490682
vt 0.335000 0.120000
vn -0.159103 0.987259 -0.002332
v -99.443194 3.325243 29.987574
vt 0.280000 0.120000
vn -0.159103 0.987259 -0.002332
f 2050/2050/2050 2051/2051/2051 2052/2052/2052
v -94.682615 4.069302 20.190497
vt 0.351875 0.210000
vn -0.158523 0.987355 -0.000249
v -94.682615 4.067794 13.460332
vt 0.401250 0.210000
vn -0.158523 0.987355 -0.000249
v -99.443194 3.303665 14.993787
vt 0.390000 0.120000
vn -0.158523 0.987355 -0.000249
f 2053/2053/2053 2054/2054/2054 2055/2055/2055
v -94.682615 4.069302 20.190497
vt 0.351875 0.210000
vn -0.158523 0.987355 -0.000249
v -99.443194 3.303665 14.993787
vt 0.390000 0.120000
vn -0.158523 0.987355 -0.000249
v -99.443194 3.305749 22.490682
vt 0.335000 0.120000
vn -0.158523 0.987355 -0.000249
f 2056/2056/2056 2057/2057/2057 2058/2058/2058
v -94.682615 4.067794 13.460332
vt 0.401250 0.210000
vn -0.158488 0.987361 -0.000010
v -94.682615 4.067733 6.730166
vt 0.450625 0.210000
vn -0.158488 0.987361 -0.000010
v -99.443194 3.303580 7.496894
vt 0.445000 0.120000
vn -0.158488 0.987361 -0.000010
f 2059/2059/2059 2060/2060/2060 2061/2061/2061
v -94.682615 4.067794 13.460332
vt 0.401250 0.210000
vn -0.158488 0.987361 -0.000010
v -99.443194 3.303580 7.496894
vt 0.445000 0.120000
vn -0.158488 0.987361 -0.000010
v -99.443194 3.303665 14.993787
vt 0.390000 0.120000
vn -0.158488 0.987361 -0.000010
f 2062/2062/2062 2063/2063/2063 2064/2064/2064
v -94.682615 4.067733 6.730166
vt 0.450625 0.210000
vn -0.158488 0.987361 -0.000000
v -94.682615 4.067733 -0.000000
vt 0.500000 0.210000
vn -0.158488 0.987361 -0.000000
v -99.443194 3.303580 -0.000000
vt 0.500000 0.120000
vn -0.158488 0.987361 -0.000000
f 2065/2065/2065 2066/2066/2066 2067/2067/2067
v -94.682615 4.067733 6.730166
vt 0.450625 0.210000
vn -0.158488 0.987361 -0.000000
v -99.443194 3.303580 -0.000000
vt 0.500000 0.120000
vn -0.158488 0.987361 -0.000000
v -99.443194 3.303580 7.496894
vt 0.445000 0.120000
vn -0.158488 0.987361 -0.000000
f 2068/2068/2068 2069/2069/2069 2070/2070/2070
v -94.682615 4.067733 -0.000000
vt 0.500000 0.210000
vn -0.158488 0.987361 0.000000
v -94.682615 4.067733 -6.730166
vt 0.549375 0.210000
vn -0.158488 0.987361 0.000000
v -99.443194 3.303580 -7.496894
vt 0.555000 0.120000
vn -0.158488 0.987361 0.000000
f 2071/2071/2071 2072/2072/2072 2073/2073/2073
v -94.682615 4.067733 -0.000000
vt 0.500000 0.210000
vn -0.158488 0.987361 0.000000
v -99.443194 3.303580 -7.496894
vt 0.555000 0.120000
vn -0.158488 0.987361 0.000000
v -99.443194 3.303580 -0.000000
vt 0.500000 0.120000
vn -0.158488 0.987361 0.000000
f 2074/2074/2074 2075/2075/2075 2076/2076/2076
v -94.682615 4.067733 -6.730166
vt 0.549375 0.210000
vn -0.158488 0.987361 0.000010
v -94.682615 4.067794 -13.460332
vt 0.598750 0.210000
vn -0.158488 0.987361 0.000010
v -99.443194 3.303665 -14.993787
vt 0.610000 0.120000
vn -0.158488 0.987361 0.000010
f 2077/2077/2077 2078/2078/2078 2079/2079/2079
v -94.682615 4.067733 -6.730166
vt 0.549375 0.210000
vn -0.158488 0.987361 0.000010
v -99.443194 3.303665 -14.993787
vt 0.610000 0.120000
vn -0.158488 0.987361 0.000010
v -99.443194 3.303580 -7.496894
vt 0.555000 0.120000
vn -0.158488 0.987361 0.000010
f 2080/2080/2080 2081/2081/2081 2082/2082/2082
v -94.682615 4.067794 -13.460332
vt 0.598750 0.210000
vn -0.158523 0.987355 0.000249
v -94.682615 4.069302 -20.190497
vt 0.648125 0.210000
vn -0.158523 0.987355 0.000249
v -99.443194 3.305749 -22.490682
vt 0.665000 0.120000
vn -0.158523 0.987355 0.000249
f 2083/2083/2083 2084/2084/2084 2085/2085/2085
v -94.682615 4.067794 -13.460332
vt 0.598750 0.210000
vn -0.158523 0.987355 0.000249
v -99.443194 3.305749 -22.490682
vt 0.665000 0.120000
vn -0.158523 0.987355 0.000249
v -99.443194 3.303665 -14.993787
vt 0.610000 0.120000
vn -0.158523 0.987355 0.000249
f 2086/2086/2086 2087/2087/2087 2088/2088/2088
v -94.682615 4.069302 -20.190497
vt 0.648125 0.210000
vn -0.159103 0.987259 0.002332
v -94.682615 4.083406 -26.920664
vt 0.697500 0.210000
vn -0.159103 0.987259 0.002332
v -99.443194 3.325243 -29.987574
vt 0.720000 0.120000
vn -0.159103 0.987259 0.002332
f 2089/2089/2089 2090/2090/2090 2091/2091/2091
v -94.682615 4.069302 -20.190497
vt 0.648125 0.210000
vn -0.159103 0.987259 0.002332
v -99.443194 3.325243 -29.987574
vt 0.720000 0.120000
vn -0.159103 0.987259 0.002332
v -99.443194 3.305749 -22.490682
vt 0.665000 0.120000
vn -0.159103 0.987259 0.002332
f 2092/2092/2092 2093/2093/2093 2094/2094/2094
v -94.682615 4.083406 -26.920664
vt 0.697500 0.210000
vn -0.163335 0.986487 0.012841
v -94.682615 4.161150 -33.650829
vt 0.746875 0.210000
vn -0.163335 0.986487 0.012841
v -99.443194 3.432700 -37.484467
vt 0.775000 0.120000
vn -0.163335 0.986487 0.012841
f 2095/2095/2095 2096/2096/2096 2097/2097/2097
v -94.682615 4.083406 -26.920664
vt 0.697500 0.210000
vn -0.163335 0.986487 0.012841
v -99.443194 3.432700 -37.484467
vt 0.775000 0.120000
vn -0.163335 0.986487 0.012841
v -99.443194 3.325243 -29.987574
vt 0.720000 0.120000
vn -0.163335 0.986487 0.012841
f 2098/2098/2098 2099/2099/2099 2100/2100/2100
v -94.682615 4.161150 -33.650829
vt 0.746875 0.210000
vn -0.182975 0.981811 0.050676
v -94.682615 4.469409 -40.380994
vt 0.796250 0.210000
vn -0.182975 0.981811 0.050676
v -99.443194 3.858771 -44.981363
vt 0.830000 0.120000
vn -0.182975 0.981811 0.050676
f 2101/2101/2101 2102/2102/2102 2103/2103/2103
v -94.682615 4.161150 -33.650829
vt 0.746875 0.210000
vn -0.182975 0.981811 0.050676
v -99.443194 3.858771 -44.981363
vt 0.830000 0.120000
vn -0.182975 0.981811 0.050676
v -99.443194 3.432700 -37.484467
vt 0.775000 0.120000
vn -0.182975 0.981811 0.050676
f 2104/2104/2104 2105/2105/2105 2106/2106/2106
v -94.682615 4.469409 -40.380994
vt 0.796250 0.210000
vn -0.248811 0.955847 0.156360
v -94.682615 5.446369 -47.111163
vt 0.845625 0.210000
vn -0.248811 0.955847 0.156360
v -99.443194 5.209112 -52.478256
vt 0.885000 0.120000
vn -0.248811 0.955847 0.156360
f 2107/2107/2107 2108/2108/2108 2109/2109/2109
v -94.682615 4.469409 -40.380994
vt 0.796250 0.210000
vn -0.248811 0.955847 0.156360
v -99.443194 5.209112 -52.478256
vt 0.885000 0.120000
vn -0.248811 0.955847 0.156360
v -99.443194 3.858771 -44.981363
vt 0.830000 0.120000
vn -0.248811 0.955847 0.156360
f 2110/2110/2110 2111/2111/2111 2112/2112/2112
v -94.682615 5.446369 -47.111163
vt 0.845625 0.210000
vn -0.399859 0.838657 0.369821
v -94.682615 8.079957 -53.841327
vt 0.895000 0.210000
vn -0.399859 0.838657 0.369821
v -99.443194 8.849222 -59.975148
vt 0.940000 0.120000
vn -0.399859 0.838657 0.369821
f 2113/2113/2113 2114/2114/2114 2115/2115/2115
v -94.682615 5.446369 -47.111163
vt 0.845625 0.210000
vn -0.399859 0.838657 0.369821
v -99.443194 8.849222 -59.975148
vt 0.940000 0.120000
vn -0.399859 0.838657 0.369821
v -99.443194 5.209112 -52.478256
vt 0.885000 0.120000
vn -0.399859 0.838657 0.369821
f 2116/2116/2116 2117/2117/2117 2118/2118/2118
v -99.443194 8.849222 59.975148
vt 0.060000 0.120000
vn -0.136503 0.876300 -0.462024
v -99.443194 5.209112 52.478256
vt 0.115000 0.120000
vn -0.136503 0.876300 -0.462024
v -103.145865 6.520687 56.652661
vt 0.084375 0.050000
vn -0.136503 0.876300 -0.462024
f 2119/2119/2119 2120/2120/2120 2121/2121/2121
v -99.443194 8.849222 59.975148
vt 0.060000 0.120000
vn -0.136503 0.876300 -0.462024
v -103.145865 6.520687 56.652661
vt 0.084375 0.050000
vn -0.136503 0.876300 -0.462024
v -103.145865 11.100390 64.745901
vt 0.025000 0.050000
vn -0.136503 0.876300 -0.462024
f 2122/2122/2122 2123/2123/2123 2124/2124/2124
v -99.443194 5.209112 52.478256
vt 0.115000 0.120000
vn 0.099992 0.976486 -0.190988
v -99.443194 3.858771 44.981363
vt 0.170000 0.120000
vn 0.099992 0.976486 -0.190988
v -103.145865 4.821792 48.559424
vt 0.143750 0.050000
vn 0.099992 0.976486 -0.190988
f 2125/2125/2125 2126/2126/2126 2127/2127/2127
v -99.443194 5.209112 52.478256
vt 0.115000 0.120000
vn 0.099992 0.976486 -0.190988
v -103.145865 4.821792 48.559424
vt 0.143750 0.050000
vn 0.099992 0.976486 -0.190988
v -103.145865 6.520687 56.652661
vt 0.084375 0.050000
vn 0.099992 0.976486 -0.190988
f 2128/2128/2128 2129/2129/2129 2130/2130/2130
v -99.443194 3.858771 44.981363
vt 0.170000 0.120000
vn 0.186858 0.980522 -0.060511
v -99.443194 3.432700 37.484467
vt 0.225000 0.120000
vn 0.186858 0.980522 -0.060511
v -103.145865 4.285743 40.466187
vt 0.203125 0.050000
vn 0.186858 0.980522 -0.060511
f 2131/2131/2131 2132/2132/2132 2133/2133/2133
v -99.443194 3.858771 44.981363
vt 0.170000 0.120000
vn 0.186858 0.980522 -0.060511
v -103.145865 4.285743 40.466187
vt 0.203125 0.050000
vn 0.186858 0.980522 -0.060511
v -103.145865 4.821792 48.559424
vt 0.143750 0.050000
vn 0.186858 0.980522 -0.060511
f 2134/2134/2134 2135/2135/2135 2136/2136/2136
v -99.443194 3.432700 37.484467
vt 0.225000 0.120000
vn 0.210509 0.977473 -0.015214
v -99.443194 3.325243 29.987574
vt 0.280000 0.120000
vn 0.210509 0.977473 -0.015214
v -103.145865 4.150549 32.372951
vt 0.262500 0.050000
vn 0.210509 0.977473 -0.015214
f 2137/2137/2137 2138/2138/2138 2139/2139/2139
v -99.443194 3.432700 37.484467
vt 0.225000 0.120000
vn 0.210509 0.977473 -0.015214
v -103.145865 4.150549 32.372951
vt 0.262500 0.050000
vn 0.210509 0.977473 -0.015214
v -103.145865 4.285743 40.466187
vt 0.203125 0.050000
vn 0.210509 0.977473 -0.015214
f 2140/2140/2140 2141/2141/2141 2142/2142/2142
v -99.443194 3.325243 29.987574
vt 0.280000 0.120000
vn 0.215442 0.976513 -0.002757
v -99.443194 3.305749 22.490682
vt 0.335000 0.120000
vn 0.215442 0.976513 -0.002757
v -103.145865 4.126023 24.279712
vt 0.321875 0.050000
vn 0.215442 0.976513 -0.002757
f 2143/2143/2143 2144/2144/2144 2145/2145/2145
v -99.443194 3.325243 29.987574
vt 0.280000 0.120000
vn 0.215442 0.976513 -0.002757
v -103.145865 4.126023 24.279712
vt 0.321875 0.050000
vn 0.215442 0.976513 -0.002757
v -103.145865 4.150549 32.372951
vt 0.262500 0.050000
vn 0.215442 0.976513 -0.002757
f 2146/2146/2146 2147/2147/2147 2148/2148/2148
v -99.443194 3.305749 22.490682
vt 0.335000 0.120000
vn 0.216111 0.976369 -0.000295
v -99.443194 3.303665 14.993787
vt 0.390000 0.120000
vn 0.216111 0.976369 -0.000295
v -103.145865 4.123401 16.186475
vt 0.381250 0.050000
vn 0.216111 0.976369 -0.000295
f 2149/2149/2149 2150/2150/2150 2151/2151/2151
v -99.443194 3.305749 22.490682
vt 0.335000 0.120000
vn 0.216111 0.976369 -0.000295
v -103.145865 4.123401 16.186475
vt 0.381250 0.050000
vn 0.216111 0.976369 -0.000295
v -103.145865 4.126023 24.279712
vt 0.321875 0.050000
vn 0.216111 0.976369 -0.000295
f 2152/2152/2152 2153/2153/2153 2154/2154/2154
v -99.443194 3.303665 14.993787
vt 0.390000 0.120000
vn 0.216151 0.976360 -0.000012
v -99.443194 3.303580 7.496894
vt 0.445000 0.120000
vn 0.216151 0.976360 -0.000012
v -103.145865 4.123295 8.093238
vt 0.440625 0.050000
vn 0.216151 0.976360 -0.000012
f 2155/2155/2155 2156/2156/2156 2157/2157/2157
v -99.443194 3.303665 14.993787
vt 0.390000 0.120000
vn 0.216151 0.976360 -0.000012
v -103.145865 4.123295 8.093238
vt 0.440625 0.050000
vn 0.216151 0.976360 -0.000012
v -103.145865 4.123401 16.186475
vt 0.381250 0.050000
vn 0.216151 0.976360 -0.000012
f 2158/2158/2158 2159/2159/2159 2160/2160/2160
v -99.443194 3.303580 7.496894
vt 0.445000 0.120000
vn 0.216151 0.976360 -0.000000
v -99.443194 3.303580 -0.000000
vt 0.500000 0.120000
vn 0.216151 0.976360 -0.000000
v -103.145865 4.123295 -0.000000
vt 0.500000 0.050000
vn 0.216151 0.976360 -0.000000
f 2161/2161/2161 2162/2162/2162 2163/2163/2163
v -99.443194 3.303580 7.496894
vt 0.445000 0.120000
vn 0.216151 0.976360 -0.000000
v -103.145865 4.123295 -0.000000
vt 0.500000 0.050000
vn 0.216151 0.976360 -0.000000
v -103.145865 4.123295 8.093238
vt 0.440625 0.050000
vn 0.216151 0.976360 -0.000000
f 2164/2164/2164 2165/2165/2165 2166/2166/2166
v -99.443194 3.303580 -0.000000
vt 0.500000 0.120000
vn 0.216151 0.976360 0.000000
v -99.443194 3.303580 -7.496894
vt 0.555000 0.120000
vn 0.216151 0.976360 0.000000
v -103.145865 4.123295 -8.093238
vt 0.559375 0.050000
vn 0.216151 0.976360 0.000000
f 2167/2167/2167 2168/2168/2168 2169/2169/2169
v -99.443194 3.303580 -0.000000
vt 0.500000 0.120000
vn 0.216151 0.976360 0.000000
v -103.145865 4.123295 -8.093238
vt 0.559375 0.050000
vn 0.216151 0.976360 0.000000
v -103.145865 4.123295 -0.000000
vt 0.500000 0.050000
vn 0.216151 0.976360 0.000000
f 2170/2170/2170 2171/2171/2171 2172/2172/2172
v -99.443194 3.303580 -7.496894
vt 0.555000 0.120000
vn 0.216151 0.976360 0.000012
v -99.443194 3.303665 -14.993787
vt 0.610000 0.120000
vn 0.216151 0.976360 0.000012
v -103.145865 4.123401 -16.186475
vt 0.618750 0.050000
vn 0.216151 0.976360 0.000012
f 2173/2173/2173 2174/2174/2174 2175/2175/2175
v -99.443194 3.303580 -7.496894
vt 0.555000 0.120000
vn 0.216151 0.976360 0.000012
v -103.145865 4.123401 -16.186475
vt 0.618750 0.050000
vn 0.216151 0.976360 0.000012
v -103.145865 4.123295 -8.093238
vt 0.559375 0.050000
vn 0.216151 0.976360 0.000012
f 2176/2176/2176 2177/2177/2177 2178/2178/2178
v -99.443194 3.303665 -14.993787
vt 0.610000 0.120000
vn 0.216111 0.976369 0.000295
v -99.443194 3.305749 -22.490682
vt 0.665000 0.120000
vn 0.216111 0.976369 0.000295
v -103.145865 4.126023 -24.279712
vt 0.678125 0.050000
vn 0.216111 0.976369 0.000295
f 2179/2179/2179 2180/2180/2180 2181/2181/2181
v -99.443194 3.303665 -14.993787
vt 0.610000 0.120000
vn 0.216111 0.976369 0.000295
v -103.145865 4.126023 -24.279712
vt 0.678125 0.050000
vn 0.216111 0.976369 0.000295
v -103.145865 4.123401 -16.186475
vt 0.618750 0.050000
vn 0.216111 0.976369 0.000295
f 2182/2182/2182 2183/2183/2183 2184/2184/2184
v -99.443194 3.305749 -22.490682
vt 0.665000 0.120000
vn 0.215442 0.976513 0.002757
v -99.443194 3.325243 -29.987574
vt 0.720000 0.120000
vn 0.215442 0.976513 0.002757
v -103.145865 4.150549 -32.372951
vt 0.737500 0.050000
vn 0.215442 0.976513 0.002757
f 2185/2185/2185 2186/2186/2186 2187/2187/2187
v -99.443194 3.305749 -22.490682
vt 0.665000 0.120000
vn 0.215442 0.976513 0.002757
v -103.145865 4.150549 -32.372951
vt 0.737500 0.050000
vn 0.215442 0.976513 0.002757
v -103.145865 4.126023 -24.279712
vt 0.678125 0.050000
vn 0.215442 0.976513 0.002757
f 2188/2188/2188 2189/2189/2189 2190/2190/2190
v -99.443194 3.325243 -29.987574
vt 0.720000 0.120000
vn 0.210509 0.977474 0.015214
v -99.443194 3.432700 -37.484467
vt 0.775000 0.120000
vn 0.210509 0.977474 0.015214
v -103.145865 4.285743 -40.466187
vt 0.796875 0.050000
vn 0.210509 0.977474 0.015214
f 2191/2191/2191 2192/2192/2192 2193/2193/2193
v -99.443194 3.325243 -29.987574
vt 0.720000 0.120000
vn 0.210509 0.977474 0.015214
v -103.145865 4.285743 -40.466187
vt 0.796875 0.050000
vn 0.210509 0.977474 0.015214
v -103.145865 4.150549 -32.372951
vt 0.737500 0.050000
vn 0.210509 0.977474 0.015214
f 2194/2194/2194 2195/2195/2195 2196/2196/2196
v -99.443194 3.432700 -37.484467
vt 0.775000 0.120000
vn 0.186858 0.980522 0.060511
v -99.443194 3.858771 -44.981363
vt 0.830000 0.120000
vn 0.186858 0.980522 0.060511
v -103.145865 4.821792 -48.559424
vt 0.856250 0.050000
vn 0.186858 0.980522 0.060511
f 2197/2197/2197 2198/2198/2198 2199/2199/2199
v -99.443194 3.432700 -37.484467
vt 0.775000 0.120000
vn 0.186858 0.980522 0.060511
v -103.145865 4.821792 -48.559424
vt 0.856250 0.050000
vn 0.186858 0.980522 0.060511
v -103.145865 4.285743 -40.466187
vt 0.796875 0.050000
vn 0.186858 0.980522 0.060511
f 2200/2200/2200 2201/2201/2201 2202/2202/2202
v -99.443194 3.858771 -44.981363
vt 0.830000 0.120000
vn 0.099992 0.976486 0.190988
v -99.443194 5.209112 -52.478256
vt 0.885000 0.120000
vn 0.099992 0.976486 0.190988
v -103.145865 6.520687 -56.652661
vt 0.915625 0.050000
vn 0.099992 0.976486 0.190988
f 2203/2203/2203 2204/2204/2204 2205/2205/2205
v -99.443194 3.858771 -44.981363
vt 0.830000 0.120000
vn 0.099992 0.976486 0.190988
v -103.145865 6.520687 -56.652661
vt 0.915625 0.050000
vn 0.099992 0.976486 0.190988
v -103.145865 4.821792 -48.559424
vt 0.856250 0.050000
vn 0.099992 0.976486 0.190988
f 2206/2206/2206 2207/2207/2207 2208/2208/2208
v -99.443194 5.209112 -52.478256
vt 0.885000 0.120000
vn -0.136503 0.876299 0.462024
v -99.443194 8.849222 -59.975148
vt 0.940000 0.120000
vn -0.136503 0.876299 0.462024
v -103.145865 11.100390 -64.745901
vt 0.975000 0.050000
vn -0.136503 0.876299 0.462024
f 2209/2209/2209 2210/2210/2210 2211/2211/2211
v -99.443194 5.209112 -52.478256
vt 0.885000 0.120000
vn -0.136503 0.876299 0.462024
v -103.145865 11.100390 -64.745901
vt 0.975000 0.050000
vn -0.136503 0.876299 0.462024
v -103.145865 6.520687 -56.652661
vt 0.915625 0.050000
vn -0.136503 0.876299 0.462024
f 2212/2212/2212 2213/2213/2213 2214/2214/2214
v -103.145865 11.100390 64.745901
vt 0.025000 0.050000
vn 0.110724 0.853266 -0.509586
v -103.145865 6.520687 56.652661
vt 0.084375 0.050000
vn 0.110724 0.853266 -0.509586
v -105.790630 8.390897 59.634381
vt 0.062500 0.000000
vn 0.110724 0.853266 -0.509586
f 2215/2215/2215 2216/2216/2216 2217/2217/2217
v -103.145865 11.100390 64.745901
vt 0.025000 0.050000
vn 0.110724 0.853266 -0.509586
v -105.790630 8.390897 59.634381
vt 0.062500 0.000000
vn 0.110724 0.853266 -0.509586
v -105.790630 13.732438 68.153579
vt 0.000000 0.000000
vn 0.110724 0.853266 -0.509586
f 2218/2218/2218 2219/2219/2219 2220/2220/2220
v -103.145865 6.520687 56.652661
vt 0.084375 0.050000
vn 0.380772 0.902779 -0.200007
v -103.145865 4.821792 48.559424
vt 0.143750 0.050000
vn 0.380772 0.902779 -0.200007
v -105.790630 6.409390 51.115184
vt 0.125000 0.000000
vn 0.380772 0.902779 -0.200007
f 2221/2221/2221 2222/2222/2222 2223/2223/2223
v -103.145865 6.520687 56.652661
vt 0.084375 0.050000
vn 0.380772 0.902779 -0.200007
v -105.790630 6.409390 51.115184
vt 0.125000 0.000000
vn 0.380772 0.902779 -0.200007
v -105.790630 8.390897 59.634381
vt 0.062500 0.000000
vn 0.380772 0.902779 -0.200007
f 2224/2224/2224 2225/2225/2225 2226/2226/2226
v -103.145865 4.821792 48.559424
vt 0.143750 0.050000
vn 0.461513 0.884974 -0.061862
v -103.145865 4.285743 40.466187
vt 0.203125 0.050000
vn 0.461513 0.884974 -0.061862
v -105.790630 5.784168 42.595987
vt 0.187500 0.000000
vn 0.461513 0.884974 -0.061862
f 2227/2227/2227 2228/2228/2228 2229/2229/2229
v -103.145865 4.821792 48.559424
vt 0.143750 0.050000
vn 0.461513 0.884974 -0.061862
v -105.790630 5.784168 42.595987
vt 0.187500 0.000000
vn 0.461513 0.884974 -0.061862
v -105.790630 6.409390 51.115184
vt 0.125000 0.000000
vn 0.461513 0.884974 -0.061862
f 2230/2230/2230 2231/2231/2231 2232/2232/2232
v -103.145865 4.285743 40.466187
vt 0.203125 0.050000
vn 0.481547 0.876284 -0.015449
v -103.145865 4.150549 32.372951
vt 0.262500 0.050000
vn 0.481547 0.876284 -0.015449
v -105.790630 5.626485 34.076789
vt 0.250000 0.000000
vn 0.481547 0.876284 -0.015449
f 2233/2233/2233 2234/2234/2234 2235/2235/2235
v -103.145865 4.285743 40.466187
vt 0.203125 0.050000
vn 0.481547 0.876284 -0.015449
v -105.790630 5.626485 34.076789
vt 0.250000 0.000000
vn 0.481547 0.876284 -0.015449
v -105.790630 5.784168 42.595987
vt 0.187500 0.000000
vn 0.481547 0.876284 -0.015449
f 2236/2236/2236 2237/2237/2237 2238/2238/2238
v -103.145865 4.150549 32.372951
vt 0.262500 0.050000
vn 0.485594 0.874180 -0.002796
v -103.145865 4.126023 24.279712
vt 0.321875 0.050000
vn 0.485594 0.874180 -0.002796
v -105.790630 5.597879 25.557592
vt 0.312500 0.000000
vn 0.485594 0.874180 -0.002796
f 2239/2239/2239 2240/2240/2240 2241/2241/2241
v -103.145865 4.150549 32.372951
vt 0.262500 0.050000
vn 0.485594 0.874180 -0.002796
v -105.790630 5.597879 25.557592
vt 0.312500 0.000000
vn 0.485594 0.874180 -0.002796
v -105.790630 5.626485 34.076789
vt 0.250000 0.000000
vn 0.485594 0.874180 -0.002796
f 2242/2242/2242 2243/2243/2243 2244/2244/2244
v -103.145865 4.126023 24.279712
vt 0.321875 0.050000
vn 0.486138 0.873882 -0.000298
v -103.145865 4.123401 16.186475
vt 0.381250 0.050000
vn 0.486138 0.873882 -0.000298
v -105.790630 5.594821 17.038395
vt 0.375000 0.000000
vn 0.486138 0.873882 -0.000298
f 2245/2245/2245 2246/2246/2246 2247/2247/2247
v -103.145865 4.126023 24.279712
vt 0.321875 0.050000
vn 0.486138 0.873882 -0.000298
v -105.790630 5.594821 17.038395
vt 0.375000 0.000000
vn 0.486138 0.873882 -0.000298
v -105.790630 5.597879 25.557592
vt 0.312500 0.000000
vn 0.486138 0.873882 -0.000298
f 2248/2248/2248 2249/2249/2249 2250/2250/2250
v -103.145865 4.123401 16.186475
vt 0.381250 0.050000
vn 0.486170 0.873864 -0.000012
v -103.145865 4.123295 8.093238
vt 0.440625 0.050000
vn 0.486170 0.873864 -0.000012
v -105.790630 5.594697 8.519197
vt 0.437500 0.000000
vn 0.486170 0.873864 -0.000012
f 2251/2251/2251 2252/2252/2252 2253/2253/2253
v -103.145865 4.123401 16.186475
vt 0.381250 0.050000
vn 0.486170 0.873864 -0.000012
v -105.790630 5.594697 8.519197
vt 0.437500 0.000000
vn 0.486170 0.873864 -0.000012
v -105.790630 5.594821 17.038395
vt 0.375000 0.000000
vn 0.486170 0.873864 -0.000012
f 2254/2254/2254 2255/2255/2255 2256/2256/2256
v -103.145865 4.123295 8.093238
vt 0.440625 0.050000
vn 0.486170 0.873864 -0.000000
v -103.145865 4.123295 -0.000000
vt 0.500000 0.050000
vn 0.486170 0.873864 -0.000000
v -105.790630 5.594697 -0.000000
vt 0.500000 0.000000
vn 0.486170 0.873864 -0.000000
f 2257/2257/2257 2258/2258/2258 2259/2259/2259
v -103.145865 4.123295 8.093238
vt 0.440625 0.050000
vn 0.486170 0.873864 -0.000000
v -105.790630 5.594697 -0.000000
vt 0.500000 0.000000
vn 0.486170 0.873864 -0.000000
v -105.790630 5.594697 8.519197
vt 0.437500 0.000000
vn 0.486170 0.873864 -0.000000
f 2260/2260/2260 2261/2261/2261 2262/2262/2262
v -103.145865 4.123295 -0.000000
vt 0.500000 0.050000
vn 0.486170 0.873864 0.000000
v -103.145865 4.123295 -8.093238
vt 0.559375 0.050000
vn 0.486170 0.873864 0.000000
v -105.790630 5.594697 -8.519197
vt 0.562500 0.000000
vn 0.486170 0.873864 0.000000
f 2263/2263/2263 2264/2264/2264 2265/2265/2265
v -103.145865 4.123295 -0.000000
vt 0.500000 0.050000
vn 0.486170 0.873864 0.000000
v -105.790630 5.594697 -8.519197
vt 0.562500 0.000000
vn 0.486170 0.873864 0.000000
v -105.790630 5.594697 -0.000000
vt 0.500000 0.000000
vn 0.486170 0.873864 0.000000
f 2266/2266/2266 2267/2267/2267 2268/2268/2268
v -103.145865 4.123295 -8.093238
vt 0.559375 0.050000
vn 0.486170 0.873864 0.000012
v -103.145865 4.123401 -16.186475
vt 0.618750 0.050000
vn 0.486170 0.873864 0.000012
v -105.790630 5.594821 -17.038395
vt 0.625000 0.000000
vn 0.486170 0.873864 0.000012
f 2269/2269/2269 2270/2270/2270 2271/2271/2271
v -103.145865 4.123295 -8.093238
vt 0.559375 0.050000
vn 0.486170 0.873864 0.000012
v -105.790630 5.594821 -17.038395
vt 0.625000 0.000000
vn 0.486170 0.873864 0.000012
v -105.790630 5.594697 -8.519197
vt 0.562500 0.000000
vn 0.486170 0.873864 0.000012
f 2272/2272/2272 2273/2273/2273 2274/2274/2274
v -103.145865 4.123401 -16.186475
vt 0.618750 0.050000
vn 0.486138 0.873882 0.000298
v -103.145865 4.126023 -24.279712
vt 0.678125 0.050000
vn 0.486138 0.873882 0.000298
v -105.790630 5.597879 -25.557592
vt 0.687500 0.000000
vn 0.486138 0.873882 0.000298
f 2275/2275/2275 2276/2276/2276 2277/2277/2277
v -103.145865 4.123401 -16.186475
vt 0.618750 0.050000
vn 0.486138 0.873882 0.000298
v -105.790630 5.597879 -25.557592
vt 0.687500 0.000000
vn 0.486138 0.873882 0.000298
v -105.790630 5.594821 -17.038395
vt 0.625000 0.000000
vn 0.486138 0.873882 0.000298
f 2278/2278/2278 2279/2279/2279 2280/2280/2280
v -103.145865 4.126023 -24.279712
vt 0.678125 0.050000
vn 0.485594 0.874180 0.002796
v -103.145865 4.150549 -32.372951
vt 0.737500 0.050000
vn 0.485594 0.874180 0.002796
v -105.790630 5.626485 -34.076789
vt 0.750000 0.000000
vn 0.485594 0.874180 0.002796
f 2281/2281/2281 2282/2282/2282 2283/2283/2283
v -103.145865 4.126023 -24.279712
vt 0.678125 0.050000
vn 0.485594 0.874180 0.002796
v -105.790630 5.626485 -34.076789
vt 0.750000 0.000000
vn 0.485594 0.874180 0.002796
v -105.790630 5.597879 -25.557592
vt 0.687500 0.000000
vn 0.485594 0.874180 0.002796
f 2284/2284/2284 2285/2285/2285 2286/2286/2286
v -103.145865 4.150549 -32.372951
vt 0.737500 0.050000
vn 0.481547 0.876284 0.015449
v -103.145865 4.285743 -40.466187
vt 0.796875 0.050000
vn 0.481547 0.876284 0.015449
v -105.790630 5.784168 -42.595987
vt 0.812500 0.000000
vn 0.481547 0.876284 0.015449
f 2287/2287/2287 2288/2288/2288 2289/2289/2289
v -103.145865 4.150549 -32.372951
vt 0.737500 0.050000
vn 0.481547 0.876284 0.015449
v -105.790630 5.784168 -42.595987
vt 0.812500 0.000000
vn 0.481547 0.876284 0.015449
v -105.790630 5.626485 -34.076789
vt 0.750000 0.000000
vn 0.481547 0.876284 0.015449
f 2290/2290/2290 2291/2291/2291 2292/2292/2292
v -103.145865 4.285743 -40.466187
vt 0.796875 0.050000
vn 0.461513 0.884974 0.061862
v -103.145865 4.821792 -48.559424
vt 0.856250 0.050000
vn 0.461513 0.884974 0.061862
v -105.790630 6.409390 -51.115184
vt 0.875000 0.000000
vn 0.461513 0.884974 0.061862
f 2293/2293/2293 2294/2294/2294 2295/2295/2295
v -103.145865 4.285743 -40.466187
vt 0.796875 0.050000
vn 0.461513 0.884974 0.061862
v -105.790630 6.409390 -51.115184
vt 0.875000 0.000000
vn 0.461513 0.884974 0.061862
v -105.790630 5.784168 -42.595987
vt 0.812500 0.000000
vn 0.461513 0.884974 0.061862
f 2296/2296/2296 2297/2297/2297 2298/2298/2298
v -103.145865 4.821792 -48.559424
vt 0.856250 0.050000
vn 0.380772 0.902779 0.200007
v -103.145865 6.520687 -56.652661
vt 0.915625 0.050000
vn 0.380772 0.902779 0.200007
v -105.790630 8.390897 -59.634381
vt 0.937500 0.000000
vn 0.380772 0.902779 0.200007
f 2299/2299/2299 2300/2300/2300 2301/2301/2301
v -103.145865 4.821792 -48.559424
vt 0.856250 0.050000
vn 0.380772 0.902779 0.200007
v -105.790630 8.390897 -59.634381
vt 0.937500 0.000000
vn 0.380772 0.902779 0.200007
v -105.790630 6.409390 -51.115184
vt 0.875000 0.000000
vn 0.380772 0.902779 0.200007
f 2302/2302/2302 2303/2303/2303 2304/2304/2304
v -103.145865 6.520687 -56.652661
vt 0.915625 0.050000
vn 0.110724 0.853266 0.509586
v -103.145865 11.100390 -64.745901
vt 0.975000 0.050000
vn 0.110724 0.853266 0.509586
v -105.790630 13.732438 -68.153579
vt 1.000000 0.000000
vn 0.110724 0.853266 0.509586
f 2305/2305/2305 2306/2306/2306 2307/2307/2307
v -103.145865 6.520687 -56.652661
vt 0.915625 0.050000
vn 0.110724 0.853266 0.509586
v -105.790630 13.732438 -68.153579
vt 1.000000 0.000000
vn 0.110724 0.853266 0.509586
v -105.790630 8.390897 -59.634381
vt 0.937500 0.000000
vn 0.110724 0.853266 0.509586
f 2308/2308/2308 2309/2309/2309 2310/2310/2310
o Roof_slope_/_front
usemtl Photographed tiles
v -59.242754 39.555412 8.178429
vt 0.220000 0.880000
vn 0.000435 0.661193 0.750216
v -51.837408 39.546185 8.178429
vt 0.255000 0.880000
vn 0.000435 0.661193 0.750216
v -46.283400 48.826444 -0.000000
vt 0.281250 1.000000
vn 0.000435 0.661193 0.750216
f 2311/2311/2311 2312/2312/2312 2313/2313/2313
v -59.242754 39.555412 8.178429
vt 0.220000 0.880000
vn 0.000435 0.661193 0.750216
v -46.283400 48.826444 -0.000000
vt 0.281250 1.000000
vn 0.000435 0.661193 0.750216
v -52.895315 48.826444 -0.000000
vt 0.250000 1.000000
vn 0.000435 0.661193 0.750216
f 2314/2314/2314 2315/2315/2315 2316/2316/2316
v -51.837408 39.546185 8.178429
vt 0.255000 0.880000
vn 0.000162 0.661046 0.750345
v -44.432065 39.542758 8.178429
vt 0.290000 0.880000
vn 0.000162 0.661046 0.750345
v -39.671486 48.826444 -0.000000
vt 0.312500 1.000000
vn 0.000162 0.661046 0.750345
f 2317/2317/2317 2318/2318/2318 2319/2319/2319
v -51.837408 39.546185 8.178429
vt 0.255000 0.880000
vn 0.000162 0.661046 0.750345
v -39.671486 48.826444 -0.000000
vt 0.312500 1.000000
vn 0.000162 0.661046 0.750345
v -46.283400 48.826444 -0.000000
vt 0.281250 1.000000
vn 0.000162 0.661046 0.750345
f 2320/2320/2320 2321/2321/2321 2322/2322/2322
v -44.432065 39.542758 8.178429
vt 0.290000 0.880000
vn 0.000051 0.660993 0.750392
v -37.026722 39.541680 8.178429
vt 0.325000 0.880000
vn 0.000051 0.660993 0.750392
v -33.059572 48.826444 -0.000000
vt 0.343750 1.000000
vn 0.000051 0.660993 0.750392
f 2323/2323/2323 2324/2324/2324 2325/2325/2325
v -44.432065 39.542758 8.178429
vt 0.290000 0.880000
vn 0.000051 0.660993 0.750392
v -33.059572 48.826444 -0.000000
vt 0.343750 1.000000
vn 0.000051 0.660993 0.750392
v -39.671486 48.826444 -0.000000
vt 0.312500 1.000000
vn 0.000051 0.660993 0.750392
f 2326/2326/2326 2327/2327/2327 2328/2328/2328
v -37.026722 39.541680 8.178429
vt 0.325000 0.880000
vn 0.000013 0.660977 0.750407
v -29.621377 39.541408 8.178429
vt 0.360000 0.880000
vn 0.000013 0.660977 0.750407
v -26.447657 48.826444 -0.000000
vt 0.375000 1.000000
vn 0.000013 0.660977 0.750407
f 2329/2329/2329 2330/2330/2330 2331/2331/2331
v -37.026722 39.541680 8.178429
vt 0.325000 0.880000
vn 0.000013 0.660977 0.750407
v -26.447657 48.826444 -0.000000
vt 0.375000 1.000000
vn 0.000013 0.660977 0.750407
v -33.059572 48.826444 -0.000000
vt 0.343750 1.000000
vn 0.000013 0.660977 0.750407
f 2332/2332/2332 2333/2333/2333 2334/2334/2334
v -29.621377 39.541408 8.178429
vt 0.360000 0.880000
vn 0.000003 0.660972 0.750410
v -22.216032 39.541358 8.178429
vt 0.395000 0.880000
vn 0.000003 0.660972 0.750410
v -19.835743 48.826444 -0.000000
vt 0.406250 1.000000
vn 0.000003 0.660972 0.750410
f 2335/2335/2335 2336/2336/2336 2337/2337/2337
v -29.621377 39.541408 8.178429
vt 0.360000 0.880000
vn 0.000003 0.660972 0.750410
v -19.835743 48.826444 -0.000000
vt 0.406250 1.000000
vn 0.000003 0.660972 0.750410
v -26.447657 48.826444 -0.000000
vt 0.375000 1.000000
vn 0.000003 0.660972 0.750410
f 2338/2338/2338 2339/2339/2339 2340/2340/2340
v -22.216032 39.541358 8.178429
vt 0.395000 0.880000
vn 0.000000 0.660972 0.750411
v -14.810689 39.541350 8.178429
vt 0.430000 0.880000
vn 0.000000 0.660972 0.750411
v -13.223829 48.826444 -0.000000
vt 0.437500 1.000000
vn 0.000000 0.660972 0.750411
f 2341/2341/2341 2342/2342/2342 2343/2343/2343
v -22.216032 39.541358 8.178429
vt 0.395000 0.880000
vn 0.000000 0.660972 0.750411
v -13.223829 48.826444 -0.000000
vt 0.437500 1.000000
vn 0.000000 0.660972 0.750411
v -19.835743 48.826444 -0.000000
vt 0.406250 1.000000
vn 0.000000 0.660972 0.750411
f 2344/2344/2344 2345/2345/2345 2346/2346/2346
v -14.810689 39.541350 8.178429
vt 0.430000 0.880000
vn 0.000000 0.660972 0.750411
v -7.405344 39.541350 8.178429
vt 0.465000 0.880000
vn 0.000000 0.660972 0.750411
v -6.611914 48.826444 -0.000000
vt 0.468750 1.000000
vn 0.000000 0.660972 0.750411
f 2347/2347/2347 2348/2348/2348 2349/2349/2349
v -14.810689 39.541350 8.178429
vt 0.430000 0.880000
vn 0.000000 0.660972 0.750411
v -6.611914 48.826444 -0.000000
vt 0.468750 1.000000
vn 0.000000 0.660972 0.750411
v -13.223829 48.826444 -0.000000
vt 0.437500 1.000000
vn 0.000000 0.660972 0.750411
f 2350/2350/2350 2351/2351/2351 2352/2352/2352
v -7.405344 39.541350 8.178429
vt 0.465000 0.880000
vn 0.000000 0.660972 0.750411
v 0.000000 39.541350 8.178429
vt 0.500000 0.880000
vn 0.000000 0.660972 0.750411
v 0.000000 48.826444 -0.000000
vt 0.500000 1.000000
vn 0.000000 0.660972 0.750411
f 2353/2353/2353 2354/2354/2354 2355/2355/2355
v -7.405344 39.541350 8.178429
vt 0.465000 0.880000
vn 0.000000 0.660972 0.750411
v 0.000000 48.826444 -0.000000
vt 0.500000 1.000000
vn 0.000000 0.660972 0.750411
v -6.611914 48.826444 -0.000000
vt 0.468750 1.000000
vn 0.000000 0.660972 0.750411
f 2356/2356/2356 2357/2357/2357 2358/2358/2358
v 0.000000 39.541350 8.178429
vt 0.500000 0.880000
vn 0.000000 0.660972 0.750411
v 7.405344 39.541350 8.178429
vt 0.535000 0.880000
vn 0.000000 0.660972 0.750411
v 6.611914 48.826444 -0.000000
vt 0.531250 1.000000
vn 0.000000 0.660972 0.750411
f 2359/2359/2359 2360/2360/2360 2361/2361/2361
v 0.000000 39.541350 8.178429
vt 0.500000 0.880000
vn 0.000000 0.660972 0.750411
v 6.611914 48.826444 -0.000000
vt 0.531250 1.000000
vn 0.000000 0.660972 0.750411
v 0.000000 48.826444 -0.000000
vt 0.500000 1.000000
vn 0.000000 0.660972 0.750411
f 2362/2362/2362 2363/2363/2363 2364/2364/2364
v 7.405344 39.541350 8.178429
vt 0.535000 0.880000
vn 0.000000 0.660972 0.750411
v 14.810689 39.541350 8.178429
vt 0.570000 0.880000
vn 0.000000 0.660972 0.750411
v 13.223829 48.826444 -0.000000
vt 0.562500 1.000000
vn 0.000000 0.660972 0.750411
f 2365/2365/2365 2366/2366/2366 2367/2367/2367
v 7.405344 39.541350 8.178429
vt 0.535000 0.880000
vn 0.000000 0.660972 0.750411
v 13.223829 48.826444 -0.000000
vt 0.562500 1.000000
vn 0.000000 0.660972 0.750411
v 6.611914 48.826444 -0.000000
vt 0.531250 1.000000
vn 0.000000 0.660972 0.750411
f 2368/2368/2368 2369/2369/2369 2370/2370/2370
v 14.810689 39.541350 8.178429
vt 0.570000 0.880000
vn 0.000000 0.660972 0.750411
v 22.216032 39.541358 8.178429
vt 0.605000 0.880000
vn 0.000000 0.660972 0.750411
v 19.835743 48.826444 -0.000000
vt 0.593750 1.000000
vn 0.000000 0.660972 0.750411
f 2371/2371/2371 2372/2372/2372 2373/2373/2373
v 14.810689 39.541350 8.178429
vt 0.570000 0.880000
vn 0.000000 0.660972 0.750411
v 19.835743 48.826444 -0.000000
vt 0.593750 1.000000
vn 0.000000 0.660972 0.750411
v 13.223829 48.826444 -0.000000
vt 0.562500 1.000000
vn 0.000000 0.660972 0.750411
f 2374/2374/2374 2375/2375/2375 2376/2376/2376
v 22.216032 39.541358 8.178429
vt 0.605000 0.880000
vn -0.000003 0.660972 0.750410
v 29.621377 39.541408 8.178429
vt 0.640000 0.880000
vn -0.000003 0.660972 0.750410
v 26.447657 48.826444 -0.000000
vt 0.625000 1.000000
vn -0.000003 0.660972 0.750410
f 2377/2377/2377 2378/2378/2378 2379/2379/2379
v 22.216032 39.541358 8.178429
vt 0.605000 0.880000
vn -0.000003 0.660972 0.750410
v 26.447657 48.826444 -0.000000
vt 0.625000 1.000000
vn -0.000003 0.660972 0.750410
v 19.835743 48.826444 -0.000000
vt 0.593750 1.000000
vn -0.000003 0.660972 0.750410
f 2380/2380/2380 2381/2381/2381 2382/2382/2382
v 29.621377 39.541408 8.178429
vt 0.640000 0.880000
vn -0.000013 0.660977 0.750406
v 37.026722 39.541680 8.178429
vt 0.675000 0.880000
vn -0.000013 0.660977 0.750406
v 33.059572 48.826444 -0.000000
vt 0.656250 1.000000
vn -0.000013 0.660977 0.750406
f 2383/2383/2383 2384/2384/2384 2385/2385/2385
v 29.621377 39.541408 8.178429
vt 0.640000 0.880000
vn -0.000013 0.660977 0.750406
v 33.059572 48.826444 -0.000000
vt 0.656250 1.000000
vn -0.000013 0.660977 0.750406
v 26.447657 48.826444 -0.000000
vt 0.625000 1.000000
vn -0.000013 0.660977 0.750406
f 2386/2386/2386 2387/2387/2387 2388/2388/2388
v 37.026722 39.541680 8.178429
vt 0.675000 0.880000
vn -0.000051 0.660993 0.750392
v 44.432065 39.542758 8.178429
vt 0.710000 0.880000
vn -0.000051 0.660993 0.750392
v 39.671486 48.826444 -0.000000
vt 0.687500 1.000000
vn -0.000051 0.660993 0.750392
f 2389/2389/2389 2390/2390/2390 2391/2391/2391
v 37.026722 39.541680 8.178429
vt 0.675000 0.880000
vn -0.000051 0.660993 0.750392
v 39.671486 48.826444 -0.000000
vt 0.687500 1.000000
vn -0.000051 0.660993 0.750392
v 33.059572 48.826444 -0.000000
vt 0.656250 1.000000
vn -0.000051 0.660993 0.750392
f 2392/2392/2392 2393/2393/2393 2394/2394/2394
v 44.432065 39.542758 8.178429
vt 0.710000 0.880000
vn -0.000162 0.661046 0.750345
v 51.837408 39.546185 8.178429
vt 0.745000 0.880000
vn -0.000162 0.661046 0.750345
v 46.283400 48.826444 -0.000000
vt 0.718750 1.000000
vn -0.000162 0.661046 0.750345
f 2395/2395/2395 2396/2396/2396 2397/2397/2397
v 44.432065 39.542758 8.178429
vt 0.710000 0.880000
vn -0.000162 0.661046 0.750345
v 46.283400 48.826444 -0.000000
vt 0.718750 1.000000
vn -0.000162 0.661046 0.750345
v 39.671486 48.826444 -0.000000
vt 0.687500 1.000000
vn -0.000162 0.661046 0.750345
f 2398/2398/2398 2399/2399/2399 2400/2400/2400
v 51.837408 39.546185 8.178429
vt 0.745000 0.880000
vn -0.000435 0.661193 0.750216
v 59.242754 39.555412 8.178429
vt 0.780000 0.880000
vn -0.000435 0.661193 0.750216
v 52.895315 48.826444 -0.000000
vt 0.750000 1.000000
vn -0.000435 0.661193 0.750216
f 2401/2401/2401 2402/2402/2402 2403/2403/2403
v 51.837408 39.546185 8.178429
vt 0.745000 0.880000
vn -0.000435 0.661193 0.750216
v 52.895315 48.826444 -0.000000
vt 0.750000 1.000000
vn -0.000435 0.661193 0.750216
v 46.283400 48.826444 -0.000000
vt 0.718750 1.000000
vn -0.000435 0.661193 0.750216
f 2404/2404/2404 2405/2405/2405 2406/2406/2406
v -66.119144 30.501445 17.038395
vt 0.187500 0.750000
vn 0.004119 0.696439 0.717604
v -57.854251 30.417984 17.038395
vt 0.226562 0.750000
vn 0.004119 0.696439 0.717604
v -51.837408 39.546185 8.178429
vt 0.255000 0.880000
vn 0.004119 0.696439 0.717604
f 2407/2407/2407 2408/2408/2408 2409/2409/2409
v -66.119144 30.501445 17.038395
vt 0.187500 0.750000
vn 0.004119 0.696439 0.717604
v -51.837408 39.546185 8.178429
vt 0.255000 0.880000
vn 0.004119 0.696439 0.717604
v -59.242754 39.555412 8.178429
vt 0.220000 0.880000
vn 0.004119 0.696439 0.717604
f 2410/2410/2410 2411/2411/2411 2412/2412/2412
v -57.854251 30.417984 17.038395
vt 0.226562 0.750000
vn 0.001526 0.695463 0.718561
v -49.589358 30.387022 17.038395
vt 0.265625 0.750000
vn 0.001526 0.695463 0.718561
v -44.432065 39.542758 8.178429
vt 0.290000 0.880000
vn 0.001526 0.695463 0.718561
f 2413/2413/2413 2414/2414/2414 2415/2415/2415
v -57.854251 30.417984 17.038395
vt 0.226562 0.750000
vn 0.001526 0.695463 0.718561
v -44.432065 39.542758 8.178429
vt 0.290000 0.880000
vn 0.001526 0.695463 0.718561
v -51.837408 39.546185 8.178429
vt 0.255000 0.880000
vn 0.001526 0.695463 0.718561
f 2416/2416/2416 2417/2417/2417 2418/2418/2418
v -49.589358 30.387022 17.038395
vt 0.265625 0.750000
vn 0.000481 0.695105 0.718908
v -41.324465 30.377253 17.038395
vt 0.304688 0.750000
vn 0.000481 0.695105 0.718908
v -37.026722 39.541680 8.178429
vt 0.325000 0.880000
vn 0.000481 0.695105 0.718908
f 2419/2419/2419 2420/2420/2420 2421/2421/2421
v -49.589358 30.387022 17.038395
vt 0.265625 0.750000
vn 0.000481 0.695105 0.718908
v -37.026722 39.541680 8.178429
vt 0.325000 0.880000
vn 0.000481 0.695105 0.718908
v -44.432065 39.542758 8.178429
vt 0.290000 0.880000
vn 0.000481 0.695105 0.718908
f 2422/2422/2422 2423/2423/2423 2424/2424/2424
v -41.324465 30.377253 17.038395
vt 0.304688 0.750000
vn 0.000121 0.694994 0.719015
v -33.059572 30.374789 17.038395
vt 0.343750 0.750000
vn 0.000121 0.694994 0.719015
v -29.621377 39.541408 8.178429
vt 0.360000 0.880000
vn 0.000121 0.694994 0.719015
f 2425/2425/2425 2426/2426/2426 2427/2427/2427
v -41.324465 30.377253 17.038395
vt 0.304688 0.750000
vn 0.000121 0.694994 0.719015
v -29.621377 39.541408 8.178429
vt 0.360000 0.880000
vn 0.000121 0.694994 0.719015
v -37.026722 39.541680 8.178429
vt 0.325000 0.880000
vn 0.000121 0.694994 0.719015
f 2428/2428/2428 2429/2429/2429 2430/2430/2430
v -33.059572 30.374789 17.038395
vt 0.343750 0.750000
vn 0.000022 0.694966 0.719043
v -24.794679 30.374343 17.038395
vt 0.382812 0.750000
vn 0.000022 0.694966 0.719043
v -22.216032 39.541358 8.178429
vt 0.395000 0.880000
vn 0.000022 0.694966 0.719043
f 2431/2431/2431 2432/2432/2432 2433/2433/2433
v -33.059572 30.374789 17.038395
vt 0.343750 0.750000
vn 0.000022 0.694966 0.719043
v -22.216032 39.541358 8.178429
vt 0.395000 0.880000
vn 0.000022 0.694966 0.719043
v -29.621377 39.541408 8.178429
vt 0.360000 0.880000
vn 0.000022 0.694966 0.719043
f 2434/2434/2434 2435/2435/2435 2436/2436/2436
v -24.794679 30.374343 17.038395
vt 0.382812 0.750000
vn 0.000003 0.694961 0.719047
v -16.529786 30.374294 17.038395
vt 0.421875 0.750000
vn 0.000003 0.694961 0.719047
v -14.810689 39.541350 8.178429
vt 0.430000 0.880000
vn 0.000003 0.694961 0.719047
f 2437/2437/2437 2438/2438/2438 2439/2439/2439
v -24.794679 30.374343 17.038395
vt 0.382812 0.750000
vn 0.000003 0.694961 0.719047
v -14.810689 39.541350 8.178429
vt 0.430000 0.880000
vn 0.000003 0.694961 0.719047
v -22.216032 39.541358 8.178429
vt 0.395000 0.880000
vn 0.000003 0.694961 0.719047
f 2440/2440/2440 2441/2441/2441 2442/2442/2442
v -16.529786 30.374294 17.038395
vt 0.421875 0.750000
vn 0.000000 0.694960 0.719048
v -8.264893 30.374293 17.038395
vt 0.460938 0.750000
vn 0.000000 0.694960 0.719048
v -7.405344 39.541350 8.178429
vt 0.465000 0.880000
vn 0.000000 0.694960 0.719048
f 2443/2443/2443 2444/2444/2444 2445/2445/2445
v -16.529786 30.374294 17.038395
vt 0.421875 0.750000
vn 0.000000 0.694960 0.719048
v -7.405344 39.541350 8.178429
vt 0.465000 0.880000
vn 0.000000 0.694960 0.719048
v -14.810689 39.541350 8.178429
vt 0.430000 0.880000
vn 0.000000 0.694960 0.719048
f 2446/2446/2446 2447/2447/2447 2448/2448/2448
v -8.264893 30.374293 17.038395
vt 0.460938 0.750000
vn 0.000000 0.694960 0.719048
v 0.000000 30.374293 17.038395
vt 0.500000 0.750000
vn 0.000000 0.694960 0.719048
v 0.000000 39.541350 8.178429
vt 0.500000 0.880000
vn 0.000000 0.694960 0.719048
f 2449/2449/2449 2450/2450/2450 2451/2451/2451
v -8.264893 30.374293 17.038395
vt 0.460938 0.750000
vn 0.000000 0.694960 0.719048
v 0.000000 39.541350 8.178429
vt 0.500000 0.880000
vn 0.000000 0.694960 0.719048
v -7.405344 39.541350 8.178429
vt 0.465000 0.880000
vn 0.000000 0.694960 0.719048
f 2452/2452/2452 2453/2453/2453 2454/2454/2454
v 0.000000 30.374293 17.038395
vt 0.500000 0.750000
vn 0.000000 0.694960 0.719048
v 8.264893 30.374293 17.038395
vt 0.539062 0.750000
vn 0.000000 0.694960 0.719048
v 7.405344 39.541350 8.178429
vt 0.535000 0.880000
vn 0.000000 0.694960 0.719048
f 2455/2455/2455 2456/2456/2456 2457/2457/2457
v 0.000000 30.374293 17.038395
vt 0.500000 0.750000
vn 0.000000 0.694960 0.719048
v 7.405344 39.541350 8.178429
vt 0.535000 0.880000
vn 0.000000 0.694960 0.719048
v 0.000000 39.541350 8.178429
vt 0.500000 0.880000
vn 0.000000 0.694960 0.719048
f 2458/2458/2458 2459/2459/2459 2460/2460/2460
v 8.264893 30.374293 17.038395
vt 0.539062 0.750000
vn 0.000000 0.694960 0.719048
v 16.529786 30.374294 17.038395
vt 0.578125 0.750000
vn 0.000000 0.694960 0.719048
v 14.810689 39.541350 8.178429
vt 0.570000 0.880000
vn 0.000000 0.694960 0.719048
f 2461/2461/2461 2462/2462/2462 2463/2463/2463
v 8.264893 30.374293 17.038395
vt 0.539062 0.750000
vn 0.000000 0.694960 0.719048
v 14.810689 39.541350 8.178429
vt 0.570000 0.880000
vn 0.000000 0.694960 0.719048
v 7.405344 39.541350 8.178429
vt 0.535000 0.880000
vn 0.000000 0.694960 0.719048
f 2464/2464/2464 2465/2465/2465 2466/2466/2466
v 16.529786 30.374294 17.038395
vt 0.578125 0.750000
vn -0.000003 0.694961 0.719047
v 24.794679 30.374343 17.038395
vt 0.617188 0.750000
vn -0.000003 0.694961 0.719047
v 22.216032 39.541358 8.178429
vt 0.605000 0.880000
vn -0.000003 0.694961 0.719047
f 2467/2467/2467 2468/2468/2468 2469/2469/2469
v 16.529786 30.374294 17.038395
vt 0.578125 0.750000
vn -0.000003 0.694961 0.719047
v 22.216032 39.541358 8.178429
vt 0.605000 0.880000
vn -0.000003 0.694961 0.719047
v 14.810689 39.541350 8.178429
vt 0.570000 0.880000
vn -0.000003 0.694961 0.719047
f 2470/2470/2470 2471/2471/2471 2472/2472/2472
v 24.794679 30.374343 17.038395
vt 0.617188 0.750000
vn -0.000022 0.694966 0.719043
v 33.059572 30.374789 17.038395
vt 0.656250 0.750000
vn -0.000022 0.694966 0.719043
v 29.621377 39.541408 8.178429
vt 0.640000 0.880000
vn -0.000022 0.694966 0.719043
f 2473/2473/2473 2474/2474/2474 2475/2475/2475
v 24.794679 30.374343 17.038395
vt 0.617188 0.750000
vn -0.000022 0.694966 0.719043
v 29.621377 39.541408 8.178429
vt 0.640000 0.880000
vn -0.000022 0.694966 0.719043
v 22.216032 39.541358 8.178429
vt 0.605000 0.880000
vn -0.000022 0.694966 0.719043
f 2476/2476/2476 2477/2477/2477 2478/2478/2478
v 33.059572 30.374789 17.038395
vt 0.656250 0.750000
vn -0.000121 0.694994 0.719015
v 41.324465 30.377253 17.038395
vt 0.695312 0.750000
vn -0.000121 0.694994 0.719015
v 37.026722 39.541680 8.178429
vt 0.675000 0.880000
vn -0.000121 0.694994 0.719015
f 2479/2479/2479 2480/2480/2480 2481/2481/2481
v 33.059572 30.374789 17.038395
vt 0.656250 0.750000
vn -0.000121 0.694994 0.719015
v 37.026722 39.541680 8.178429
vt 0.675000 0.880000
vn -0.000121 0.694994 0.719015
v 29.621377 39.541408 8.178429
vt 0.640000 0.880000
vn -0.000121 0.694994 0.719015
f 2482/2482/2482 2483/2483/2483 2484/2484/2484
v 41.324465 30.377253 17.038395
vt 0.695312 0.750000
vn -0.000481 0.695105 0.718908
v 49.589358 30.387022 17.038395
vt 0.734375 0.750000
vn -0.000481 0.695105 0.718908
v 44.432065 39.542758 8.178429
vt 0.710000 0.880000
vn -0.000481 0.695105 0.718908
f 2485/2485/2485 2486/2486/2486 2487/2487/2487
v 41.324465 30.377253 17.038395
vt 0.695312 0.750000
vn -0.000481 0.695105 0.718908
v 44.432065 39.542758 8.178429
vt 0.710000 0.880000
vn -0.000481 0.695105 0.718908
v 37.026722 39.541680 8.178429
vt 0.675000 0.880000
vn -0.000481 0.695105 0.718908
f 2488/2488/2488 2489/2489/2489 2490/2490/2490
v 49.589358 30.387022 17.038395
vt 0.734375 0.750000
vn -0.001526 0.695463 0.718561
v 57.854251 30.417984 17.038395
vt 0.773438 0.750000
vn -0.001526 0.695463 0.718561
v 51.837408 39.546185 8.178429
vt 0.745000 0.880000
vn -0.001526 0.695463 0.718561
f 2491/2491/2491 2492/2492/2492 2493/2493/2493
v 49.589358 30.387022 17.038395
vt 0.734375 0.750000
vn -0.001526 0.695463 0.718561
v 51.837408 39.546185 8.178429
vt 0.745000 0.880000
vn -0.001526 0.695463 0.718561
v 44.432065 39.542758 8.178429
vt 0.710000 0.880000
vn -0.001526 0.695463 0.718561
f 2494/2494/2494 2495/2495/2495 2496/2496/2496
v 57.854251 30.417984 17.038395
vt 0.773438 0.750000
vn -0.004119 0.696439 0.717604
v 66.119144 30.501445 17.038395
vt 0.812500 0.750000
vn -0.004119 0.696439 0.717604
v 59.242754 39.555412 8.178429
vt 0.780000 0.880000
vn -0.004119 0.696439 0.717604
f 2497/2497/2497 2498/2498/2498 2499/2499/2499
v 57.854251 30.417984 17.038395
vt 0.773438 0.750000
vn -0.004119 0.696439 0.717604
v 59.242754 39.555412 8.178429
vt 0.780000 0.880000
vn -0.004119 0.696439 0.717604
v 51.837408 39.546185 8.178429
vt 0.745000 0.880000
vn -0.004119 0.696439 0.717604
f 2500/2500/2500 2501/2501/2501 2502/2502/2502
v -74.053444 21.539458 27.261431
vt 0.150000 0.600000
vn 0.017978 0.740610 0.671694
v -64.796761 21.197600 27.261431
vt 0.193750 0.600000
vn 0.017978 0.740610 0.671694
v -57.854251 30.417984 17.038395
vt 0.226562 0.750000
vn 0.017978 0.740610 0.671694
f 2503/2503/2503 2504/2504/2504 2505/2505/2505
v -74.053444 21.539458 27.261431
vt 0.150000 0.600000
vn 0.017978 0.740610 0.671694
v -57.854251 30.417984 17.038395
vt 0.226562 0.750000
vn 0.017978 0.740610 0.671694
v -66.119144 30.501445 17.038395
vt 0.187500 0.750000
vn 0.017978 0.740610 0.671694
f 2506/2506/2506 2507/2507/2507 2508/2508/2508
v -64.796761 21.197600 27.261431
vt 0.193750 0.600000
vn 0.006652 0.738747 0.673950
v -55.540079 21.070784 27.261431
vt 0.237500 0.600000
vn 0.006652 0.738747 0.673950
v -49.589358 30.387022 17.038395
vt 0.265625 0.750000
vn 0.006652 0.738747 0.673950
f 2509/2509/2509 2510/2510/2510 2511/2511/2511
v -64.796761 21.197600 27.261431
vt 0.193750 0.600000
vn 0.006652 0.738747 0.673950
v -49.589358 30.387022 17.038395
vt 0.265625 0.750000
vn 0.006652 0.738747 0.673950
v -57.854251 30.417984 17.038395
vt 0.226562 0.750000
vn 0.006652 0.738747 0.673950
f 2512/2512/2512 2513/2513/2513 2514/2514/2514
v -55.540079 21.070784 27.261431
vt 0.237500 0.600000
vn 0.002097 0.738024 0.674771
v -46.283400 21.030769 27.261431
vt 0.281250 0.600000
vn 0.002097 0.738024 0.674771
v -41.324465 30.377253 17.038395
vt 0.304688 0.750000
vn 0.002097 0.738024 0.674771
f 2515/2515/2515 2516/2516/2516 2517/2517/2517
v -55.540079 21.070784 27.261431
vt 0.237500 0.600000
vn 0.002097 0.738024 0.674771
v -41.324465 30.377253 17.038395
vt 0.304688 0.750000
vn 0.002097 0.738024 0.674771
v -49.589358 30.387022 17.038395
vt 0.265625 0.750000
vn 0.002097 0.738024 0.674771
f 2518/2518/2518 2519/2519/2519 2520/2520/2520
v -46.283400 21.030769 27.261431
vt 0.281250 0.600000
vn 0.000529 0.737787 0.675033
v -37.026722 21.020676 27.261431
vt 0.325000 0.600000
vn 0.000529 0.737787 0.675033
v -33.059572 30.374789 17.038395
vt 0.343750 0.750000
vn 0.000529 0.737787 0.675033
f 2521/2521/2521 2522/2522/2522 2523/2523/2523
v -46.283400 21.030769 27.261431
vt 0.281250 0.600000
vn 0.000529 0.737787 0.675033
v -33.059572 30.374789 17.038395
vt 0.343750 0.750000
vn 0.000529 0.737787 0.675033
v -41.324465 30.377253 17.038395
vt 0.304688 0.750000
vn 0.000529 0.737787 0.675033
f 2524/2524/2524 2525/2525/2525 2526/2526/2526
v -37.026722 21.020676 27.261431
vt 0.325000 0.600000
vn 0.000096 0.737724 0.675102
v -27.770040 21.018847 27.261431
vt 0.368750 0.600000
vn 0.000096 0.737724 0.675102
v -24.794679 30.374343 17.038395
vt 0.382812 0.750000
vn 0.000096 0.737724 0.675102
f 2527/2527/2527 2528/2528/2528 2529/2529/2529
v -37.026722 21.020676 27.261431
vt 0.325000 0.600000
vn 0.000096 0.737724 0.675102
v -24.794679 30.374343 17.038395
vt 0.382812 0.750000
vn 0.000096 0.737724 0.675102
v -33.059572 30.374789 17.038395
vt 0.343750 0.750000
vn 0.000096 0.737724 0.675102
f 2530/2530/2530 2531/2531/2531 2532/2532/2532
v -27.770040 21.018847 27.261431
vt 0.368750 0.600000
vn 0.000010 0.737712 0.675116
v -18.513361 21.018651 27.261431
vt 0.412500 0.600000
vn 0.000010 0.737712 0.675116
v -16.529786 30.374294 17.038395
vt 0.421875 0.750000
vn 0.000010 0.737712 0.675116
f 2533/2533/2533 2534/2534/2534 2535/2535/2535
v -27.770040 21.018847 27.261431
vt 0.368750 0.600000
vn 0.000010 0.737712 0.675116
v -16.529786 30.374294 17.038395
vt 0.421875 0.750000
vn 0.000010 0.737712 0.675116
v -24.794679 30.374343 17.038395
vt 0.382812 0.750000
vn 0.000010 0.737712 0.675116
f 2536/2536/2536 2537/2537/2537 2538/2538/2538
v -18.513361 21.018651 27.261431
vt 0.412500 0.600000
vn 0.000001 0.737710 0.675118
v -9.256680 21.018643 27.261431
vt 0.456250 0.600000
vn 0.000001 0.737710 0.675118
v -8.264893 30.374293 17.038395
vt 0.460938 0.750000
vn 0.000001 0.737710 0.675118
f 2539/2539/2539 2540/2540/2540 2541/2541/2541
v -18.513361 21.018651 27.261431
vt 0.412500 0.600000
vn 0.000001 0.737710 0.675118
v -8.264893 30.374293 17.038395
vt 0.460938 0.750000
vn 0.000001 0.737710 0.675118
v -16.529786 30.374294 17.038395
vt 0.421875 0.750000
vn 0.000001 0.737710 0.675118
f 2542/2542/2542 2543/2543/2543 2544/2544/2544
v -9.256680 21.018643 27.261431
vt 0.456250 0.600000
vn 0.000000 0.737710 0.675118
v 0.000000 21.018643 27.261431
vt 0.500000 0.600000
vn 0.000000 0.737710 0.675118
v 0.000000 30.374293 17.038395
vt 0.500000 0.750000
vn 0.000000 0.737710 0.675118
f 2545/2545/2545 2546/2546/2546 2547/2547/2547
v -9.256680 21.018643 27.261431
vt 0.456250 0.600000
vn 0.000000 0.737710 0.675118
v 0.000000 30.374293 17.038395
vt 0.500000 0.750000
vn 0.000000 0.737710 0.675118
v -8.264893 30.374293 17.038395
vt 0.460938 0.750000
vn 0.000000 0.737710 0.675118
f 2548/2548/2548 2549/2549/2549 2550/2550/2550
v 0.000000 21.018643 27.261431
vt 0.500000 0.600000
vn 0.000000 0.737710 0.675118
v 9.256680 21.018643 27.261431
vt 0.543750 0.600000
vn 0.000000 0.737710 0.675118
v 8.264893 30.374293 17.038395
vt 0.539062 0.750000
vn 0.000000 0.737710 0.675118
f 2551/2551/2551 2552/2552/2552 2553/2553/2553
v 0.000000 21.018643 27.261431
vt 0.500000 0.600000
vn 0.000000 0.737710 0.675118
v 8.264893 30.374293 17.038395
vt 0.539062 0.750000
vn 0.000000 0.737710 0.675118
v 0.000000 30.374293 17.038395
vt 0.500000 0.750000
vn 0.000000 0.737710 0.675118
f 2554/2554/2554 2555/2555/2555 2556/2556/2556
v 9.256680 21.018643 27.261431
vt 0.543750 0.600000
vn -0.000001 0.737710 0.675118
v 18.513361 21.018651 27.261431
vt 0.587500 0.600000
vn -0.000001 0.737710 0.675118
v 16.529786 30.374294 17.038395
vt 0.578125 0.750000
vn -0.000001 0.737710 0.675118
f 2557/2557/2557 2558/2558/2558 2559/2559/2559
v 9.256680 21.018643 27.261431
vt 0.543750 0.600000
vn -0.000001 0.737710 0.675118
v 16.529786 30.374294 17.038395
vt 0.578125 0.750000
vn -0.000001 0.737710 0.675118
v 8.264893 30.374293 17.038395
vt 0.539062 0.750000
vn -0.000001 0.737710 0.675118
f 2560/2560/2560 2561/2561/2561 2562/2562/2562
v 18.513361 21.018651 27.261431
vt 0.587500 0.600000
vn -0.000010 0.737711 0.675116
v 27.770040 21.018847 27.261431
vt 0.631250 0.600000
vn -0.000010 0.737711 0.675116
v 24.794679 30.374343 17.038395
vt 0.617188 0.750000
vn -0.000010 0.737711 0.675116
f 2563/2563/2563 2564/2564/2564 2565/2565/2565
v 18.513361 21.018651 27.261431
vt 0.587500 0.600000
vn -0.000010 0.737711 0.675116
v 24.794679 30.374343 17.038395
vt 0.617188 0.750000
vn -0.000010 0.737711 0.675116
v 16.529786 30.374294 17.038395
vt 0.578125 0.750000
vn -0.000010 0.737711 0.675116
f 2566/2566/2566 2567/2567/2567 2568/2568/2568
v 27.770040 21.018847 27.261431
vt 0.631250 0.600000
vn -0.000096 0.737724 0.675102
v 37.026722 21.020676 27.261431
vt 0.675000 0.600000
vn -0.000096 0.737724 0.675102
v 33.059572 30.374789 17.038395
vt 0.656250 0.750000
vn -0.000096 0.737724 0.675102
f 2569/2569/2569 2570/2570/2570 2571/2571/2571
v 27.770040 21.018847 27.261431
vt 0.631250 0.600000
vn -0.000096 0.737724 0.675102
v 33.059572 30.374789 17.038395
vt 0.656250 0.750000
vn -0.000096 0.737724 0.675102
v 24.794679 30.374343 17.038395
vt 0.617188 0.750000
vn -0.000096 0.737724 0.675102
f 2572/2572/2572 2573/2573/2573 2574/2574/2574
v 37.026722 21.020676 27.261431
vt 0.675000 0.600000
vn -0.000529 0.737787 0.675033
v 46.283400 21.030769 27.261431
vt 0.718750 0.600000
vn -0.000529 0.737787 0.675033
v 41.324465 30.377253 17.038395
vt 0.695312 0.750000
vn -0.000529 0.737787 0.675033
f 2575/2575/2575 2576/2576/2576 2577/2577/2577
v 37.026722 21.020676 27.261431
vt 0.675000 0.600000
vn -0.000529 0.737787 0.675033
v 41.324465 30.377253 17.038395
vt 0.695312 0.750000
vn -0.000529 0.737787 0.675033
v 33.059572 30.374789 17.038395
vt 0.656250 0.750000
vn -0.000529 0.737787 0.675033
f 2578/2578/2578 2579/2579/2579 2580/2580/2580
v 46.283400 21.030769 27.261431
vt 0.718750 0.600000
vn -0.002097 0.738024 0.674771
v 55.540079 21.070784 27.261431
vt 0.762500 0.600000
vn -0.002097 0.738024 0.674771
v 49.589358 30.387022 17.038395
vt 0.734375 0.750000
vn -0.002097 0.738024 0.674771
f 2581/2581/2581 2582/2582/2582 2583/2583/2583
v 46.283400 21.030769 27.261431
vt 0.718750 0.600000
vn -0.002097 0.738024 0.674771
v 49.589358 30.387022 17.038395
vt 0.734375 0.750000
vn -0.002097 0.738024 0.674771
v 41.324465 30.377253 17.038395
vt 0.695312 0.750000
vn -0.002097 0.738024 0.674771
f 2584/2584/2584 2585/2585/2585 2586/2586/2586
v 55.540079 21.070784 27.261431
vt 0.762500 0.600000
vn -0.006652 0.738747 0.673950
v 64.796761 21.197600 27.261431
vt 0.806250 0.600000
vn -0.006652 0.738747 0.673950
v 57.854251 30.417984 17.038395
vt 0.773438 0.750000
vn -0.006652 0.738747 0.673950
f 2587/2587/2587 2588/2588/2588 2589/2589/2589
v 55.540079 21.070784 27.261431
vt 0.762500 0.600000
vn -0.006652 0.738747 0.673950
v 57.854251 30.417984 17.038395
vt 0.773438 0.750000
vn -0.006652 0.738747 0.673950
v 49.589358 30.387022 17.038395
vt 0.734375 0.750000
vn -0.006652 0.738747 0.673950
f 2590/2590/2590 2591/2591/2591 2592/2592/2592
v 64.796761 21.197600 27.261431
vt 0.806250 0.600000
vn -0.017978 0.740610 0.671694
v 74.053444 21.539458 27.261431
vt 0.850000 0.600000
vn -0.017978 0.740610 0.671694
v 66.119144 30.501445 17.038395
vt 0.812500 0.750000
vn -0.017978 0.740610 0.671694
f 2593/2593/2593 2594/2594/2594 2595/2595/2595
v 64.796761 21.197600 27.261431
vt 0.806250 0.600000
vn -0.017978 0.740610 0.671694
v 66.119144 30.501445 17.038395
vt 0.812500 0.750000
vn -0.017978 0.740610 0.671694
v 57.854251 30.417984 17.038395
vt 0.773438 0.750000
vn -0.017978 0.740610 0.671694
f 2596/2596/2596 2597/2597/2597 2598/2598/2598
v -81.987736 14.429340 37.484467
vt 0.112500 0.450000
vn 0.049969 0.792048 0.608411
v -71.739272 13.540641 37.484467
vt 0.160938 0.450000
vn 0.049969 0.792048 0.608411
v -64.796761 21.197600 27.261431
vt 0.193750 0.600000
vn 0.049969 0.792048 0.608411
f 2599/2599/2599 2600/2600/2600 2601/2601/2601
v -81.987736 14.429340 37.484467
vt 0.112500 0.450000
vn 0.049969 0.792048 0.608411
v -64.796761 21.197600 27.261431
vt 0.193750 0.600000
vn 0.049969 0.792048 0.608411
v -74.053444 21.539458 27.261431
vt 0.150000 0.600000
vn 0.049969 0.792048 0.608411
f 2602/2602/2602 2603/2603/2603 2604/2604/2604
v -71.739272 13.540641 37.484467
vt 0.160938 0.450000
vn 0.018507 0.790788 0.611810
v -61.490804 13.210967 37.484467
vt 0.209375 0.450000
vn 0.018507 0.790788 0.611810
v -55.540079 21.070784 27.261431
vt 0.237500 0.600000
vn 0.018507 0.790788 0.611810
f 2605/2605/2605 2606/2606/2606 2607/2607/2607
v -71.739272 13.540641 37.484467
vt 0.160938 0.450000
vn 0.018507 0.790788 0.611810
v -55.540079 21.070784 27.261431
vt 0.237500 0.600000
vn 0.018507 0.790788 0.611810
v -64.796761 21.197600 27.261431
vt 0.193750 0.600000
vn 0.018507 0.790788 0.611810
f 2608/2608/2608 2609/2609/2609 2610/2610/2610
v -61.490804 13.210967 37.484467
vt 0.209375 0.450000
vn 0.005834 0.790055 0.613008
v -51.242336 13.106946 37.484467
vt 0.257812 0.450000
vn 0.005834 0.790055 0.613008
v -46.283400 21.030769 27.261431
vt 0.281250 0.600000
vn 0.005834 0.790055 0.613008
f 2611/2611/2611 2612/2612/2612 2613/2613/2613
v -61.490804 13.210967 37.484467
vt 0.209375 0.450000
vn 0.005834 0.790055 0.613008
v -46.283400 21.030769 27.261431
vt 0.281250 0.600000
vn 0.005834 0.790055 0.613008
v -55.540079 21.070784 27.261431
vt 0.237500 0.600000
vn 0.005834 0.790055 0.613008
f 2614/2614/2614 2615/2615/2615 2616/2616/2616
v -51.242336 13.106946 37.484467
vt 0.257812 0.450000
vn 0.001471 0.789765 0.613408
v -40.993868 13.080712 37.484467
vt 0.306250 0.450000
vn 0.001471 0.789765 0.613408
v -37.026722 21.020676 27.261431
vt 0.325000 0.600000
vn 0.001471 0.789765 0.613408
f 2617/2617/2617 2618/2618/2618 2619/2619/2619
v -51.242336 13.106946 37.484467
vt 0.257812 0.450000
vn 0.001471 0.789765 0.613408
v -37.026722 21.020676 27.261431
vt 0.325000 0.600000
vn 0.001471 0.789765 0.613408
v -46.283400 21.030769 27.261431
vt 0.281250 0.600000
vn 0.001471 0.789765 0.613408
f 2620/2620/2620 2621/2621/2621 2622/2622/2622
v -40.993868 13.080712 37.484467
vt 0.306250 0.450000
vn 0.000267 0.789676 0.613524
v -30.745402 13.075952 37.484467
vt 0.354688 0.450000
vn 0.000267 0.789676 0.613524
v -27.770040 21.018847 27.261431
vt 0.368750 0.600000
vn 0.000267 0.789676 0.613524
f 2623/2623/2623 2624/2624/2624 2625/2625/2625
v -40.993868 13.080712 37.484467
vt 0.306250 0.450000
vn 0.000267 0.789676 0.613524
v -27.770040 21.018847 27.261431
vt 0.368750 0.600000
vn 0.000267 0.789676 0.613524
v -37.026722 21.020676 27.261431
vt 0.325000 0.600000
vn 0.000267 0.789676 0.613524
f 2626/2626/2626 2627/2627/2627 2628/2628/2628
v -30.745402 13.075952 37.484467
vt 0.354688 0.450000
vn 0.000029 0.789656 0.613550
v -20.496934 13.075444 37.484467
vt 0.403125 0.450000
vn 0.000029 0.789656 0.613550
v -18.513361 21.018651 27.261431
vt 0.412500 0.600000
vn 0.000029 0.789656 0.613550
f 2629/2629/2629 2630/2630/2630 2631/2631/2631
v -30.745402 13.075952 37.484467
vt 0.354688 0.450000
vn 0.000029 0.789656 0.613550
v -18.513361 21.018651 27.261431
vt 0.412500 0.600000
vn 0.000029 0.789656 0.613550
v -27.770040 21.018847 27.261431
vt 0.368750 0.600000
vn 0.000029 0.789656 0.613550
f 2632/2632/2632 2633/2633/2633 2634/2634/2634
v -20.496934 13.075444 37.484467
vt 0.403125 0.450000
vn 0.000001 0.789653 0.613554
v -10.248467 13.075423 37.484467
vt 0.451562 0.450000
vn 0.000001 0.789653 0.613554
v -9.256680 21.018643 27.261431
vt 0.456250 0.600000
vn 0.000001 0.789653 0.613554
f 2635/2635/2635 2636/2636/2636 2637/2637/2637
v -20.496934 13.075444 37.484467
vt 0.403125 0.450000
vn 0.000001 0.789653 0.613554
v -9.256680 21.018643 27.261431
vt 0.456250 0.600000
vn 0.000001 0.789653 0.613554
v -18.513361 21.018651 27.261431
vt 0.412500 0.600000
vn 0.000001 0.789653 0.613554
f 2638/2638/2638 2639/2639/2639 2640/2640/2640
v -10.248467 13.075423 37.484467
vt 0.451562 0.450000
vn 0.000000 0.789653 0.613554
v 0.000000 13.075423 37.484467
vt 0.500000 0.450000
vn 0.000000 0.789653 0.613554
v 0.000000 21.018643 27.261431
vt 0.500000 0.600000
vn 0.000000 0.789653 0.613554
f 2641/2641/2641 2642/2642/2642 2643/2643/2643
v -10.248467 13.075423 37.484467
vt 0.451562 0.450000
vn 0.000000 0.789653 0.613554
v 0.000000 21.018643 27.261431
vt 0.500000 0.600000
vn 0.000000 0.789653 0.613554
v -9.256680 21.018643 27.261431
vt 0.456250 0.600000
vn 0.000000 0.789653 0.613554
f 2644/2644/2644 2645/2645/2645 2646/2646/2646
v 0.000000 13.075423 37.484467
vt 0.500000 0.450000
vn 0.000000 0.789653 0.613554
v 10.248467 13.075423 37.484467
vt 0.548437 0.450000
vn 0.000000 0.789653 0.613554
v 9.256680 21.018643 27.261431
vt 0.543750 0.600000
vn 0.000000 0.789653 0.613554
f 2647/2647/2647 2648/2648/2648 2649/2649/2649
v 0.000000 13.075423 37.484467
vt 0.500000 0.450000
vn 0.000000 0.789653 0.613554
v 9.256680 21.018643 27.261431
vt 0.543750 0.600000
vn 0.000000 0.789653 0.613554
v 0.000000 21.018643 27.261431
vt 0.500000 0.600000
vn 0.000000 0.789653 0.613554
f 2650/2650/2650 2651/2651/2651 2652/2652/2652
v 10.248467 13.075423 37.484467
vt 0.548437 0.450000
vn -0.000001 0.789653 0.613554
v 20.496934 13.075444 37.484467
vt 0.596875 0.450000
vn -0.000001 0.789653 0.613554
v 18.513361 21.018651 27.261431
vt 0.587500 0.600000
vn -0.000001 0.789653 0.613554
f 2653/2653/2653 2654/2654/2654 2655/2655/2655
v 10.248467 13.075423 37.484467
vt 0.548437 0.450000
vn -0.000001 0.789653 0.613554
v 18.513361 21.018651 27.261431
vt 0.587500 0.600000
vn -0.000001 0.789653 0.613554
v 9.256680 21.018643 27.261431
vt 0.543750 0.600000
vn -0.000001 0.789653 0.613554
f 2656/2656/2656 2657/2657/2657 2658/2658/2658
v 20.496934 13.075444 37.484467
vt 0.596875 0.450000
vn -0.000029 0.789656 0.613550
v 30.745402 13.075952 37.484467
vt 0.645312 0.450000
vn -0.000029 0.789656 0.613550
v 27.770040 21.018847 27.261431
vt 0.631250 0.600000
vn -0.000029 0.789656 0.613550
f 2659/2659/2659 2660/2660/2660 2661/2661/2661
v 20.496934 13.075444 37.484467
vt 0.596875 0.450000
vn -0.000029 0.789656 0.613550
v 27.770040 21.018847 27.261431
vt 0.631250 0.600000
vn -0.000029 0.789656 0.613550
v 18.513361 21.018651 27.261431
vt 0.587500 0.600000
vn -0.000029 0.789656 0.613550
f 2662/2662/2662 2663/2663/2663 2664/2664/2664
v 30.745402 13.075952 37.484467
vt 0.645312 0.450000
vn -0.000267 0.789676 0.613524
v 40.993868 13.080712 37.484467
vt 0.693750 0.450000
vn -0.000267 0.789676 0.613524
v 37.026722 21.020676 27.261431
vt 0.675000 0.600000
vn -0.000267 0.789676 0.613524
f 2665/2665/2665 2666/2666/2666 2667/2667/2667
v 30.745402 13.075952 37.484467
vt 0.645312 0.450000
vn -0.000267 0.789676 0.613524
v 37.026722 21.020676 27.261431
vt 0.675000 0.600000
vn -0.000267 0.789676 0.613524
v 27.770040 21.018847 27.261431
vt 0.631250 0.600000
vn -0.000267 0.789676 0.613524
f 2668/2668/2668 2669/2669/2669 2670/2670/2670
v 40.993868 13.080712 37.484467
vt 0.693750 0.450000
vn -0.001471 0.789765 0.613408
v 51.242336 13.106946 37.484467
vt 0.742188 0.450000
vn -0.001471 0.789765 0.613408
v 46.283400 21.030769 27.261431
vt 0.718750 0.600000
vn -0.001471 0.789765 0.613408
f 2671/2671/2671 2672/2672/2672 2673/2673/2673
v 40.993868 13.080712 37.484467
vt 0.693750 0.450000
vn -0.001471 0.789765 0.613408
v 46.283400 21.030769 27.261431
vt 0.718750 0.600000
vn -0.001471 0.789765 0.613408
v 37.026722 21.020676 27.261431
vt 0.675000 0.600000
vn -0.001471 0.789765 0.613408
f 2674/2674/2674 2675/2675/2675 2676/2676/2676
v 51.242336 13.106946 37.484467
vt 0.742188 0.450000
vn -0.005834 0.790055 0.613008
v 61.490804 13.210967 37.484467
vt 0.790625 0.450000
vn -0.005834 0.790055 0.613008
v 55.540079 21.070784 27.261431
vt 0.762500 0.600000
vn -0.005834 0.790055 0.613008
f 2677/2677/2677 2678/2678/2678 2679/2679/2679
v 51.242336 13.106946 37.484467
vt 0.742188 0.450000
vn -0.005834 0.790055 0.613008
v 55.540079 21.070784 27.261431
vt 0.762500 0.600000
vn -0.005834 0.790055 0.613008
v 46.283400 21.030769 27.261431
vt 0.718750 0.600000
vn -0.005834 0.790055 0.613008
f 2680/2680/2680 2681/2681/2681 2682/2682/2682
v 61.490804 13.210967 37.484467
vt 0.790625 0.450000
vn -0.018507 0.790788 0.611810
v 71.739272 13.540641 37.484467
vt 0.839063 0.450000
vn -0.018507 0.790788 0.611810
v 64.796761 21.197600 27.261431
vt 0.806250 0.600000
vn -0.018507 0.790788 0.611810
f 2683/2683/2683 2684/2684/2684 2685/2685/2685
v 61.490804 13.210967 37.484467
vt 0.790625 0.450000
vn -0.018507 0.790788 0.611810
v 64.796761 21.197600 27.261431
vt 0.806250 0.600000
vn -0.018507 0.790788 0.611810
v 55.540079 21.070784 27.261431
vt 0.762500 0.600000
vn -0.018507 0.790788 0.611810
f 2686/2686/2686 2687/2687/2687 2688/2688/2688
v 71.739272 13.540641 37.484467
vt 0.839063 0.450000
vn -0.049969 0.792048 0.608411
v 81.987736 14.429340 37.484467
vt 0.887500 0.450000
vn -0.049969 0.792048 0.608411
v 74.053444 21.539458 27.261431
vt 0.850000 0.600000
vn -0.049969 0.792048 0.608411
f 2689/2689/2689 2690/2690/2690 2691/2691/2691
v 71.739272 13.540641 37.484467
vt 0.839063 0.450000
vn -0.049969 0.792048 0.608411
v 74.053444 21.539458 27.261431
vt 0.850000 0.600000
vn -0.049969 0.792048 0.608411
v 64.796761 21.197600 27.261431
vt 0.806250 0.600000
vn -0.049969 0.792048 0.608411
f 2692/2692/2692 2693/2693/2693 2694/2694/2694
v -88.864130 10.008702 46.344435
vt 0.080000 0.320000
vn 0.101177 0.841342 0.530950
v -77.756115 8.329151 46.344435
vt 0.132500 0.320000
vn 0.101177 0.841342 0.530950
v -71.739272 13.540641 37.484467
vt 0.160938 0.450000
vn 0.101177 0.841342 0.530950
f 2695/2695/2695 2696/2696/2696 2697/2697/2697
v -88.864130 10.008702 46.344435
vt 0.080000 0.320000
vn 0.101177 0.841342 0.530950
v -71.739272 13.540641 37.484467
vt 0.160938 0.450000
vn 0.101177 0.841342 0.530950
v -81.987736 14.429340 37.484467
vt 0.112500 0.450000
vn 0.101177 0.841342 0.530950
f 2698/2698/2698 2699/2699/2699 2700/2700/2700
v -77.756115 8.329151 46.344435
vt 0.132500 0.320000
vn 0.037669 0.844387 0.534407
v -66.648093 7.706102 46.344435
vt 0.185000 0.320000
vn 0.037669 0.844387 0.534407
v -61.490804 13.210967 37.484467
vt 0.209375 0.450000
vn 0.037669 0.844387 0.534407
f 2701/2701/2701 2702/2702/2702 2703/2703/2703
v -77.756115 8.329151 46.344435
vt 0.132500 0.320000
vn 0.037669 0.844387 0.534407
v -61.490804 13.210967 37.484467
vt 0.209375 0.450000
vn 0.037669 0.844387 0.534407
v -71.739272 13.540641 37.484467
vt 0.160938 0.450000
vn 0.037669 0.844387 0.534407
f 2704/2704/2704 2705/2705/2705 2706/2706/2706
v -66.648093 7.706102 46.344435
vt 0.185000 0.320000
vn 0.011887 0.844484 0.535448
v -55.540079 7.509513 46.344435
vt 0.237500 0.320000
vn 0.011887 0.844484 0.535448
v -51.242336 13.106946 37.484467
vt 0.257812 0.450000
vn 0.011887 0.844484 0.535448
f 2707/2707/2707 2708/2708/2708 2709/2709/2709
v -66.648093 7.706102 46.344435
vt 0.185000 0.320000
vn 0.011887 0.844484 0.535448
v -51.242336 13.106946 37.484467
vt 0.257812 0.450000
vn 0.011887 0.844484 0.535448
v -61.490804 13.210967 37.484467
vt 0.209375 0.450000
vn 0.011887 0.844484 0.535448
f 2710/2710/2710 2711/2711/2711 2712/2712/2712
v -55.540079 7.509513 46.344435
vt 0.237500 0.320000
vn 0.002997 0.844318 0.535833
v -44.432065 7.459931 46.344435
vt 0.290000 0.320000
vn 0.002997 0.844318 0.535833
v -40.993868 13.080712 37.484467
vt 0.306250 0.450000
vn 0.002997 0.844318 0.535833
f 2713/2713/2713 2714/2714/2714 2715/2715/2715
v -55.540079 7.509513 46.344435
vt 0.237500 0.320000
vn 0.002997 0.844318 0.535833
v -40.993868 13.080712 37.484467
vt 0.306250 0.450000
vn 0.002997 0.844318 0.535833
v -51.242336 13.106946 37.484467
vt 0.257812 0.450000
vn 0.002997 0.844318 0.535833
f 2716/2716/2716 2717/2717/2717 2718/2718/2718
v -44.432065 7.459931 46.344435
vt 0.290000 0.320000
vn 0.000544 0.844236 0.535971
v -33.324047 7.450937 46.344435
vt 0.342500 0.320000
vn 0.000544 0.844236 0.535971
v -30.745402 13.075952 37.484467
vt 0.354688 0.450000
vn 0.000544 0.844236 0.535971
f 2719/2719/2719 2720/2720/2720 2721/2721/2721
v -44.432065 7.459931 46.344435
vt 0.290000 0.320000
vn 0.000544 0.844236 0.535971
v -30.745402 13.075952 37.484467
vt 0.354688 0.450000
vn 0.000544 0.844236 0.535971
v -40.993868 13.080712 37.484467
vt 0.306250 0.450000
vn 0.000544 0.844236 0.535971
f 2722/2722/2722 2723/2723/2723 2724/2724/2724
v -33.324047 7.450937 46.344435
vt 0.342500 0.320000
vn 0.000058 0.844212 0.536009
v -22.216032 7.449975 46.344435
vt 0.395000 0.320000
vn 0.000058 0.844212 0.536009
v -20.496934 13.075444 37.484467
vt 0.403125 0.450000
vn 0.000058 0.844212 0.536009
f 2725/2725/2725 2726/2726/2726 2727/2727/2727
v -33.324047 7.450937 46.344435
vt 0.342500 0.320000
vn 0.000058 0.844212 0.536009
v -20.496934 13.075444 37.484467
vt 0.403125 0.450000
vn 0.000058 0.844212 0.536009
v -30.745402 13.075952 37.484467
vt 0.354688 0.450000
vn 0.000058 0.844212 0.536009
f 2728/2728/2728 2729/2729/2729 2730/2730/2730
v -22.216032 7.449975 46.344435
vt 0.395000 0.320000
vn 0.000002 0.844208 0.536015
v -11.108016 7.449937 46.344435
vt 0.447500 0.320000
vn 0.000002 0.844208 0.536015
v -10.248467 13.075423 37.484467
vt 0.451562 0.450000
vn 0.000002 0.844208 0.536015
f 2731/2731/2731 2732/2732/2732 2733/2733/2733
v -22.216032 7.449975 46.344435
vt 0.395000 0.320000
vn 0.000002 0.844208 0.536015
v -10.248467 13.075423 37.484467
vt 0.451562 0.450000
vn 0.000002 0.844208 0.536015
v -20.496934 13.075444 37.484467
vt 0.403125 0.450000
vn 0.000002 0.844208 0.536015
f 2734/2734/2734 2735/2735/2735 2736/2736/2736
v -11.108016 7.449937 46.344435
vt 0.447500 0.320000
vn 0.000000 0.844208 0.536016
v 0.000000 7.449937 46.344435
vt 0.500000 0.320000
vn 0.000000 0.844208 0.536016
v 0.000000 13.075423 37.484467
vt 0.500000 0.450000
vn 0.000000 0.844208 0.536016
f 2737/2737/2737 2738/2738/2738 2739/2739/2739
v -11.108016 7.449937 46.344435
vt 0.447500 0.320000
vn 0.000000 0.844208 0.536016
v 0.000000 13.075423 37.484467
vt 0.500000 0.450000
vn 0.000000 0.844208 0.536016
v -10.248467 13.075423 37.484467
vt 0.451562 0.450000
vn 0.000000 0.844208 0.536016
f 2740/2740/2740 2741/2741/2741 2742/2742/2742
v 0.000000 7.449937 46.344435
vt 0.500000 0.320000
vn 0.000000 0.844208 0.536016
v 11.108016 7.449937 46.344435
vt 0.552500 0.320000
vn 0.000000 0.844208 0.536016
v 10.248467 13.075423 37.484467
vt 0.548437 0.450000
vn 0.000000 0.844208 0.536016
f 2743/2743/2743 2744/2744/2744 2745/2745/2745
v 0.000000 7.449937 46.344435
vt 0.500000 0.320000
vn 0.000000 0.844208 0.536016
v 10.248467 13.075423 37.484467
vt 0.548437 0.450000
vn 0.000000 0.844208 0.536016
v 0.000000 13.075423 37.484467
vt 0.500000 0.450000
vn 0.000000 0.844208 0.536016
f 2746/2746/2746 2747/2747/2747 2748/2748/2748
v 11.108016 7.449937 46.344435
vt 0.552500 0.320000
vn -0.000002 0.844208 0.536015
v 22.216032 7.449975 46.344435
vt 0.605000 0.320000
vn -0.000002 0.844208 0.536015
v 20.496934 13.075444 37.484467
vt 0.596875 0.450000
vn -0.000002 0.844208 0.536015
f 2749/2749/2749 2750/2750/2750 2751/2751/2751
v 11.108016 7.449937 46.344435
vt 0.552500 0.320000
vn -0.000002 0.844208 0.536015
v 20.496934 13.075444 37.484467
vt 0.596875 0.450000
vn -0.000002 0.844208 0.536015
v 10.248467 13.075423 37.484467
vt 0.548437 0.450000
vn -0.000002 0.844208 0.536015
f 2752/2752/2752 2753/2753/2753 2754/2754/2754
v 22.216032 7.449975 46.344435
vt 0.605000 0.320000
vn -0.000058 0.844212 0.536009
v 33.324047 7.450937 46.344435
vt 0.657500 0.320000
vn -0.000058 0.844212 0.536009
v 30.745402 13.075952 37.484467
vt 0.645312 0.450000
vn -0.000058 0.844212 0.536009
f 2755/2755/2755 2756/2756/2756 2757/2757/2757
v 22.216032 7.449975 46.344435
vt 0.605000 0.320000
vn -0.000058 0.844212 0.536009
v 30.745402 13.075952 37.484467
vt 0.645312 0.450000
vn -0.000058 0.844212 0.536009
v 20.496934 13.075444 37.484467
vt 0.596875 0.450000
vn -0.000058 0.844212 0.536009
f 2758/2758/2758 2759/2759/2759 2760/2760/2760
v 33.324047 7.450937 46.344435
vt 0.657500 0.320000
vn -0.000544 0.844236 0.535971
v 44.432065 7.459931 46.344435
vt 0.710000 0.320000
vn -0.000544 0.844236 0.535971
v 40.993868 13.080712 37.484467
vt 0.693750 0.450000
vn -0.000544 0.844236 0.535971
f 2761/2761/2761 2762/2762/2762 2763/2763/2763
v 33.324047 7.450937 46.344435
vt 0.657500 0.320000
vn -0.000544 0.844236 0.535971
v 40.993868 13.080712 37.484467
vt 0.693750 0.450000
vn -0.000544 0.844236 0.535971
v 30.745402 13.075952 37.484467
vt 0.645312 0.450000
vn -0.000544 0.844236 0.535971
f 2764/2764/2764 2765/2765/2765 2766/2766/2766
v 44.432065 7.459931 46.344435
vt 0.710000 0.320000
vn -0.002997 0.844318 0.535833
v 55.540079 7.509513 46.344435
vt 0.762500 0.320000
vn -0.002997 0.844318 0.535833
v 51.242336 13.106946 37.484467
vt 0.742188 0.450000
vn -0.002997 0.844318 0.535833
f 2767/2767/2767 2768/2768/2768 2769/2769/2769
v 44.432065 7.459931 46.344435
vt 0.710000 0.320000
vn -0.002997 0.844318 0.535833
v 51.242336 13.106946 37.484467
vt 0.742188 0.450000
vn -0.002997 0.844318 0.535833
v 40.993868 13.080712 37.484467
vt 0.693750 0.450000
vn -0.002997 0.844318 0.535833
f 2770/2770/2770 2771/2771/2771 2772/2772/2772
v 55.540079 7.509513 46.344435
vt 0.762500 0.320000
vn -0.011887 0.844484 0.535448
v 66.648093 7.706102 46.344435
vt 0.815000 0.320000
vn -0.011887 0.844484 0.535448
v 61.490804 13.210967 37.484467
vt 0.790625 0.450000
vn -0.011887 0.844484 0.535448
f 2773/2773/2773 2774/2774/2774 2775/2775/2775
v 55.540079 7.509513 46.344435
vt 0.762500 0.320000
vn -0.011887 0.844484 0.535448
v 61.490804 13.210967 37.484467
vt 0.790625 0.450000
vn -0.011887 0.844484 0.535448
v 51.242336 13.106946 37.484467
vt 0.742188 0.450000
vn -0.011887 0.844484 0.535448
f 2776/2776/2776 2777/2777/2777 2778/2778/2778
v 66.648093 7.706102 46.344435
vt 0.815000 0.320000
vn -0.037669 0.844387 0.534407
v 77.756115 8.329151 46.344435
vt 0.867500 0.320000
vn -0.037669 0.844387 0.534407
v 71.739272 13.540641 37.484467
vt 0.839063 0.450000
vn -0.037669 0.844387 0.534407
f 2779/2779/2779 2780/2780/2780 2781/2781/2781
v 66.648093 7.706102 46.344435
vt 0.815000 0.320000
vn -0.037669 0.844387 0.534407
v 71.739272 13.540641 37.484467
vt 0.839063 0.450000
vn -0.037669 0.844387 0.534407
v 61.490804 13.210967 37.484467
vt 0.790625 0.450000
vn -0.037669 0.844387 0.534407
f 2782/2782/2782 2783/2783/2783 2784/2784/2784
v 77.756115 8.329151 46.344435
vt 0.867500 0.320000
vn -0.101176 0.841342 0.530950
v 88.864130 10.008702 46.344435
vt 0.920000 0.320000
vn -0.101176 0.841342 0.530950
v 81.987736 14.429340 37.484467
vt 0.887500 0.450000
vn -0.101176 0.841342 0.530950
f 2785/2785/2785 2786/2786/2786 2787/2787/2787
v 77.756115 8.329151 46.344435
vt 0.867500 0.320000
vn -0.101176 0.841342 0.530950
v 81.987736 14.429340 37.484467
vt 0.887500 0.450000
vn -0.101176 0.841342 0.530950
v 71.739272 13.540641 37.484467
vt 0.839063 0.450000
vn -0.101176 0.841342 0.530950
f 2788/2788/2788 2789/2789/2789 2790/2790/2790
v -94.682615 8.079957 53.841327
vt 0.052500 0.210000
vn 0.168494 0.896287 0.410218
v -82.847287 5.446369 53.841327
vt 0.108438 0.210000
vn 0.168494 0.896287 0.410218
v -77.756115 8.329151 46.344435
vt 0.132500 0.320000
vn 0.168494 0.896287 0.410218
f 2791/2791/2791 2792/2792/2792 2793/2793/2793
v -94.682615 8.079957 53.841327
vt 0.052500 0.210000
vn 0.168494 0.896287 0.410218
v -77.756115 8.329151 46.344435
vt 0.132500 0.320000
vn 0.168494 0.896287 0.410218
v -88.864130 10.008702 46.344435
vt 0.080000 0.320000
vn 0.168494 0.896287 0.410218
f 2794/2794/2794 2795/2795/2795 2796/2796/2796
v -82.847287 5.446369 53.841327
vt 0.108438 0.210000
vn 0.063417 0.909366 0.411135
v -71.011958 4.469409 53.841327
vt 0.164375 0.210000
vn 0.063417 0.909366 0.411135
v -66.648093 7.706102 46.344435
vt 0.185000 0.320000
vn 0.063417 0.909366 0.411135
f 2797/2797/2797 2798/2798/2798 2799/2799/2799
v -82.847287 5.446369 53.841327
vt 0.108438 0.210000
vn 0.063417 0.909366 0.411135
v -66.648093 7.706102 46.344435
vt 0.185000 0.320000
vn 0.063417 0.909366 0.411135
v -77.756115 8.329151 46.344435
vt 0.132500 0.320000
vn 0.063417 0.909366 0.411135
f 2800/2800/2800 2801/2801/2801 2802/2802/2802
v -71.011958 4.469409 53.841327
vt 0.164375 0.210000
vn 0.020055 0.911422 0.410984
v -59.176633 4.161150 53.841327
vt 0.220313 0.210000
vn 0.020055 0.911422 0.410984
v -55.540079 7.509513 46.344435
vt 0.237500 0.320000
vn 0.020055 0.911422 0.410984
f 2803/2803/2803 2804/2804/2804 2805/2805/2805
v -71.011958 4.469409 53.841327
vt 0.164375 0.210000
vn 0.020055 0.911422 0.410984
v -55.540079 7.509513 46.344435
vt 0.237500 0.320000
vn 0.020055 0.911422 0.410984
v -66.648093 7.706102 46.344435
vt 0.185000 0.320000
vn 0.020055 0.911422 0.410984
f 2806/2806/2806 2807/2807/2807 2808/2808/2808
v -59.176633 4.161150 53.841327
vt 0.220313 0.210000
vn 0.005059 0.911591 0.411068
v -47.341308 4.083406 53.841327
vt 0.276250 0.210000
vn 0.005059 0.911591 0.411068
v -44.432065 7.459931 46.344435
vt 0.290000 0.320000
vn 0.005059 0.911591 0.411068
f 2809/2809/2809 2810/2810/2810 2811/2811/2811
v -59.176633 4.161150 53.841327
vt 0.220313 0.210000
vn 0.005059 0.911591 0.411068
v -44.432065 7.459931 46.344435
vt 0.290000 0.320000
vn 0.005059 0.911591 0.411068
v -55.540079 7.509513 46.344435
vt 0.237500 0.320000
vn 0.005059 0.911591 0.411068
f 2812/2812/2812 2813/2813/2813 2814/2814/2814
v -47.341308 4.083406 53.841327
vt 0.276250 0.210000
vn 0.000918 0.911555 0.411178
v -35.505979 4.069302 53.841327
vt 0.332188 0.210000
vn 0.000918 0.911555 0.411178
v -33.324047 7.450937 46.344435
vt 0.342500 0.320000
vn 0.000918 0.911555 0.411178
f 2815/2815/2815 2816/2816/2816 2817/2817/2817
v -47.341308 4.083406 53.841327
vt 0.276250 0.210000
vn 0.000918 0.911555 0.411178
v -33.324047 7.450937 46.344435
vt 0.342500 0.320000
vn 0.000918 0.911555 0.411178
v -44.432065 7.459931 46.344435
vt 0.290000 0.320000
vn 0.000918 0.911555 0.411178
f 2818/2818/2818 2819/2819/2819 2820/2820/2820
v -35.505979 4.069302 53.841327
vt 0.332188 0.210000
vn 0.000098 0.911534 0.411224
v -23.670654 4.067794 53.841327
vt 0.388125 0.210000
vn 0.000098 0.911534 0.411224
v -22.216032 7.449975 46.344435
vt 0.395000 0.320000
vn 0.000098 0.911534 0.411224
f 2821/2821/2821 2822/2822/2822 2823/2823/2823
v -35.505979 4.069302 53.841327
vt 0.332188 0.210000
vn 0.000098 0.911534 0.411224
v -22.216032 7.449975 46.344435
vt 0.395000 0.320000
vn 0.000098 0.911534 0.411224
v -33.324047 7.450937 46.344435
vt 0.342500 0.320000
vn 0.000098 0.911534 0.411224
f 2824/2824/2824 2825/2825/2825 2826/2826/2826
v -23.670654 4.067794 53.841327
vt 0.388125 0.210000
vn 0.000004 0.911530 0.411233
v -11.835327 4.067733 53.841327
vt 0.444063 0.210000
vn 0.000004 0.911530 0.411233
v -11.108016 7.449937 46.344435
vt 0.447500 0.320000
vn 0.000004 0.911530 0.411233
f 2827/2827/2827 2828/2828/2828 2829/2829/2829
v -23.670654 4.067794 53.841327
vt 0.388125 0.210000
vn 0.000004 0.911530 0.411233
v -11.108016 7.449937 46.344435
vt 0.447500 0.320000
vn 0.000004 0.911530 0.411233
v -22.216032 7.449975 46.344435
vt 0.395000 0.320000
vn 0.000004 0.911530 0.411233
f 2830/2830/2830 2831/2831/2831 2832/2832/2832
v -11.835327 4.067733 53.841327
vt 0.444063 0.210000
vn 0.000000 0.911530 0.411234
v 0.000000 4.067733 53.841327
vt 0.500000 0.210000
vn 0.000000 0.911530 0.411234
v 0.000000 7.449937 46.344435
vt 0.500000 0.320000
vn 0.000000 0.911530 0.411234
f 2833/2833/2833 2834/2834/2834 2835/2835/2835
v -11.835327 4.067733 53.841327
vt 0.444063 0.210000
vn 0.000000 0.911530 0.411234
v 0.000000 7.449937 46.344435
vt 0.500000 0.320000
vn 0.000000 0.911530 0.411234
v -11.108016 7.449937 46.344435
vt 0.447500 0.320000
vn 0.000000 0.911530 0.411234
f 2836/2836/2836 2837/2837/2837 2838/2838/2838
v 0.000000 4.067733 53.841327
vt 0.500000 0.210000
vn 0.000000 0.911530 0.411234
v 11.835327 4.067733 53.841327
vt 0.555938 0.210000
vn 0.000000 0.911530 0.411234
v 11.108016 7.449937 46.344435
vt 0.552500 0.320000
vn 0.000000 0.911530 0.411234
f 2839/2839/2839 2840/2840/2840 2841/2841/2841
v 0.000000 4.067733 53.841327
vt 0.500000 0.210000
vn 0.000000 0.911530 0.411234
v 11.108016 7.449937 46.344435
vt 0.552500 0.320000
vn 0.000000 0.911530 0.411234
v 0.000000 7.449937 46.344435
vt 0.500000 0.320000
vn 0.000000 0.911530 0.411234
f 2842/2842/2842 2843/2843/2843 2844/2844/2844
v 11.835327 4.067733 53.841327
vt 0.555938 0.210000
vn -0.000004 0.911530 0.411233
v 23.670654 4.067794 53.841327
vt 0.611875 0.210000
vn -0.000004 0.911530 0.411233
v 22.216032 7.449975 46.344435
vt 0.605000 0.320000
vn -0.000004 0.911530 0.411233
f 2845/2845/2845 2846/2846/2846 2847/2847/2847
v 11.835327 4.067733 53.841327
vt 0.555938 0.210000
vn -0.000004 0.911530 0.411233
v 22.216032 7.449975 46.344435
vt 0.605000 0.320000
vn -0.000004 0.911530 0.411233
v 11.108016 7.449937 46.344435
vt 0.552500 0.320000
vn -0.000004 0.911530 0.411233
f 2848/2848/2848 2849/2849/2849 2850/2850/2850
v 23.670654 4.067794 53.841327
vt 0.611875 0.210000
vn -0.000098 0.911534 0.411224
v 35.505979 4.069302 53.841327
vt 0.667813 0.210000
vn -0.000098 0.911534 0.411224
v 33.324047 7.450937 46.344435
vt 0.657500 0.320000
vn -0.000098 0.911534 0.411224
f 2851/2851/2851 2852/2852/2852 2853/2853/2853
v 23.670654 4.067794 53.841327
vt 0.611875 0.210000
vn -0.000098 0.911534 0.411224
v 33.324047 7.450937 46.344435
vt 0.657500 0.320000
vn -0.000098 0.911534 0.411224
v 22.216032 7.449975 46.344435
vt 0.605000 0.320000
vn -0.000098 0.911534 0.411224
f 2854/2854/2854 2855/2855/2855 2856/2856/2856
v 35.505979 4.069302 53.841327
vt 0.667813 0.210000
vn -0.000918 0.911555 0.411178
v 47.341308 4.083406 53.841327
vt 0.723750 0.210000
vn -0.000918 0.911555 0.411178
v 44.432065 7.459931 46.344435
vt 0.710000 0.320000
vn -0.000918 0.911555 0.411178
f 2857/2857/2857 2858/2858/2858 2859/2859/2859
v 35.505979 4.069302 53.841327
vt 0.667813 0.210000
vn -0.000918 0.911555 0.411178
v 44.432065 7.459931 46.344435
vt 0.710000 0.320000
vn -0.000918 0.911555 0.411178
v 33.324047 7.450937 46.344435
vt 0.657500 0.320000
vn -0.000918 0.911555 0.411178
f 2860/2860/2860 2861/2861/2861 2862/2862/2862
v 47.341308 4.083406 53.841327
vt 0.723750 0.210000
vn -0.005059 0.911591 0.411068
v 59.176633 4.161150 53.841327
vt 0.779688 0.210000
vn -0.005059 0.911591 0.411068
v 55.540079 7.509513 46.344435
vt 0.762500 0.320000
vn -0.005059 0.911591 0.411068
f 2863/2863/2863 2864/2864/2864 2865/2865/2865
v 47.341308 4.083406 53.841327
vt 0.723750 0.210000
vn -0.005059 0.911591 0.411068
v 55.540079 7.509513 46.344435
vt 0.762500 0.320000
vn -0.005059 0.911591 0.411068
v 44.432065 7.459931 46.344435
vt 0.710000 0.320000
vn -0.005059 0.911591 0.411068
f 2866/2866/2866 2867/2867/2867 2868/2868/2868
v 59.176633 4.161150 53.841327
vt 0.779688 0.210000
vn -0.020055 0.911422 0.410984
v 71.011958 4.469409 53.841327
vt 0.835625 0.210000
vn -0.020055 0.911422 0.410984
v 66.648093 7.706102 46.344435
vt 0.815000 0.320000
vn -0.020055 0.911422 0.410984
f 2869/2869/2869 2870/2870/2870 2871/2871/2871
v 59.176633 4.161150 53.841327
vt 0.779688 0.210000
vn -0.020055 0.911422 0.410984
v 66.648093 7.706102 46.344435
vt 0.815000 0.320000
vn -0.020055 0.911422 0.410984
v 55.540079 7.509513 46.344435
vt 0.762500 0.320000
vn -0.020055 0.911422 0.410984
f 2872/2872/2872 2873/2873/2873 2874/2874/2874
v 71.011958 4.469409 53.841327
vt 0.835625 0.210000
vn -0.063417 0.909366 0.411135
v 82.847287 5.446369 53.841327
vt 0.891563 0.210000
vn -0.063417 0.909366 0.411135
v 77.756115 8.329151 46.344435
vt 0.867500 0.320000
vn -0.063417 0.909366 0.411135
f 2875/2875/2875 2876/2876/2876 2877/2877/2877
v 71.011958 4.469409 53.841327
vt 0.835625 0.210000
vn -0.063417 0.909366 0.411135
v 77.756115 8.329151 46.344435
vt 0.867500 0.320000
vn -0.063417 0.909366 0.411135
v 66.648093 7.706102 46.344435
vt 0.815000 0.320000
vn -0.063417 0.909366 0.411135
f 2878/2878/2878 2879/2879/2879 2880/2880/2880
v 82.847287 5.446369 53.841327
vt 0.891563 0.210000
vn -0.168494 0.896287 0.410218
v 94.682615 8.079957 53.841327
vt 0.947500 0.210000
vn -0.168494 0.896287 0.410218
v 88.864130 10.008702 46.344435
vt 0.920000 0.320000
vn -0.168494 0.896287 0.410218
f 2881/2881/2881 2882/2882/2882 2883/2883/2883
v 82.847287 5.446369 53.841327
vt 0.891563 0.210000
vn -0.168494 0.896287 0.410218
v 88.864130 10.008702 46.344435
vt 0.920000 0.320000
vn -0.168494 0.896287 0.410218
v 77.756115 8.329151 46.344435
vt 0.867500 0.320000
vn -0.168494 0.896287 0.410218
f 2884/2884/2884 2885/2885/2885 2886/2886/2886
v -99.443194 8.849222 59.975148
vt 0.030000 0.120000
vn 0.247888 0.958796 0.138786
v -87.012794 5.209112 59.975148
vt 0.088750 0.120000
vn 0.247888 0.958796 0.138786
v -82.847287 5.446369 53.841327
vt 0.108438 0.210000
vn 0.247888 0.958796 0.138786
f 2887/2887/2887 2888/2888/2888 2889/2889/2889
v -99.443194 8.849222 59.975148
vt 0.030000 0.120000
vn 0.247888 0.958796 0.138786
v -82.847287 5.446369 53.841327
vt 0.108438 0.210000
vn 0.247888 0.958796 0.138786
v -94.682615 8.079957 53.841327
vt 0.052500 0.210000
vn 0.247888 0.958796 0.138786
f 2890/2890/2890 2891/2891/2891 2892/2892/2892
v -87.012794 5.209112 59.975148
vt 0.088750 0.120000
vn 0.094686 0.987251 0.127944
v -74.582394 3.858771 59.975148
vt 0.147500 0.120000
vn 0.094686 0.987251 0.127944
v -71.011958 4.469409 53.841327
vt 0.164375 0.210000
vn 0.094686 0.987251 0.127944
f 2893/2893/2893 2894/2894/2894 2895/2895/2895
v -87.012794 5.209112 59.975148
vt 0.088750 0.120000
vn 0.094686 0.987251 0.127944
v -71.011958 4.469409 53.841327
vt 0.164375 0.210000
vn 0.094686 0.987251 0.127944
v -82.847287 5.446369 53.841327
vt 0.108438 0.210000
vn 0.094686 0.987251 0.127944
f 2896/2896/2896 2897/2897/2897 2898/2898/2898
v -74.582394 3.858771 59.975148
vt 0.147500 0.120000
vn 0.030014 0.991794 0.124275
v -62.151993 3.432700 59.975148
vt 0.206250 0.120000
vn 0.030014 0.991794 0.124275
v -59.176633 4.161150 53.841327
vt 0.220313 0.210000
vn 0.030014 0.991794 0.124275
f 2899/2899/2899 2900/2900/2900 2901/2901/2901
v -74.582394 3.858771 59.975148
vt 0.147500 0.120000
vn 0.030014 0.991794 0.124275
v -59.176633 4.161150 53.841327
vt 0.220313 0.210000
vn 0.030014 0.991794 0.124275
v -71.011958 4.469409 53.841327
vt 0.164375 0.210000
vn 0.030014 0.991794 0.124275
f 2902/2902/2902 2903/2903/2903 2904/2904/2904
v -62.151993 3.432700 59.975148
vt 0.206250 0.120000
vn 0.007574 0.992309 0.123556
v -49.721597 3.325243 59.975148
vt 0.265000 0.120000
vn 0.007574 0.992309 0.123556
v -47.341308 4.083406 53.841327
vt 0.276250 0.210000
vn 0.007574 0.992309 0.123556
f 2905/2905/2905 2906/2906/2906 2907/2907/2907
v -62.151993 3.432700 59.975148
vt 0.206250 0.120000
vn 0.007574 0.992309 0.123556
v -47.341308 4.083406 53.841327
vt 0.276250 0.210000
vn 0.007574 0.992309 0.123556
v -59.176633 4.161150 53.841327
vt 0.220313 0.210000
vn 0.007574 0.992309 0.123556
f 2908/2908/2908 2909/2909/2909 2910/2910/2910
v -49.721597 3.325243 59.975148
vt 0.265000 0.120000
vn 0.001374 0.992336 0.123559
v -37.291197 3.305749 59.975148
vt 0.323750 0.120000
vn 0.001374 0.992336 0.123559
v -35.505979 4.069302 53.841327
vt 0.332188 0.210000
vn 0.001374 0.992336 0.123559
f 2911/2911/2911 2912/2912/2912 2913/2913/2913
v -49.721597 3.325243 59.975148
vt 0.265000 0.120000
vn 0.001374 0.992336 0.123559
v -35.505979 4.069302 53.841327
vt 0.332188 0.210000
vn 0.001374 0.992336 0.123559
v -47.341308 4.083406 53.841327
vt 0.276250 0.210000
vn 0.001374 0.992336 0.123559
f 2914/2914/2914 2915/2915/2915 2916/2916/2916
v -37.291197 3.305749 59.975148
vt 0.323750 0.120000
vn 0.000147 0.992331 0.123610
v -24.860799 3.303665 59.975148
vt 0.382500 0.120000
vn 0.000147 0.992331 0.123610
v -23.670654 4.067794 53.841327
vt 0.388125 0.210000
vn 0.000147 0.992331 0.123610
f 2917/2917/2917 2918/2918/2918 2919/2919/2919
v -37.291197 3.305749 59.975148
vt 0.323750 0.120000
vn 0.000147 0.992331 0.123610
v -23.670654 4.067794 53.841327
vt 0.388125 0.210000
vn 0.000147 0.992331 0.123610
v -35.505979 4.069302 53.841327
vt 0.332188 0.210000
vn 0.000147 0.992331 0.123610
f 2920/2920/2920 2921/2921/2921 2922/2922/2922
v -24.860799 3.303665 59.975148
vt 0.382500 0.120000
vn 0.000006 0.992329 0.123624
v -12.430399 3.303580 59.975148
vt 0.441250 0.120000
vn 0.000006 0.992329 0.123624
v -11.835327 4.067733 53.841327
vt 0.444063 0.210000
vn 0.000006 0.992329 0.123624
f 2923/2923/2923 2924/2924/2924 2925/2925/2925
v -24.860799 3.303665 59.975148
vt 0.382500 0.120000
vn 0.000006 0.992329 0.123624
v -11.835327 4.067733 53.841327
vt 0.444063 0.210000
vn 0.000006 0.992329 0.123624
v -23.670654 4.067794 53.841327
vt 0.388125 0.210000
vn 0.000006 0.992329 0.123624
f 2926/2926/2926 2927/2927/2927 2928/2928/2928
v -12.430399 3.303580 59.975148
vt 0.441250 0.120000
vn 0.000000 0.992329 0.123625
v 0.000000 3.303580 59.975148
vt 0.500000 0.120000
vn 0.000000 0.992329 0.123625
v 0.000000 4.067733 53.841327
vt 0.500000 0.210000
vn 0.000000 0.992329 0.123625
f 2929/2929/2929 2930/2930/2930 2931/2931/2931
v -12.430399 3.303580 59.975148
vt 0.441250 0.120000
vn 0.000000 0.992329 0.123625
v 0.000000 4.067733 53.841327
vt 0.500000 0.210000
vn 0.000000 0.992329 0.123625
v -11.835327 4.067733 53.841327
vt 0.444063 0.210000
vn 0.000000 0.992329 0.123625
f 2932/2932/2932 2933/2933/2933 2934/2934/2934
v 0.000000 3.303580 59.975148
vt 0.500000 0.120000
vn -0.000000 0.992329 0.123625
v 12.430399 3.303580 59.975148
vt 0.558750 0.120000
vn -0.000000 0.992329 0.123625
v 11.835327 4.067733 53.841327
vt 0.555938 0.210000
vn -0.000000 0.992329 0.123625
f 2935/2935/2935 2936/2936/2936 2937/2937/2937
v 0.000000 3.303580 59.975148
vt 0.500000 0.120000
vn -0.000000 0.992329 0.123625
v 11.835327 4.067733 53.841327
vt 0.555938 0.210000
vn -0.000000 0.992329 0.123625
v 0.000000 4.067733 53.841327
vt 0.500000 0.210000
vn -0.000000 0.992329 0.123625
f 2938/2938/2938 2939/2939/2939 2940/2940/2940
v 12.430399 3.303580 59.975148
vt 0.558750 0.120000
vn -0.000006 0.992329 0.123624
v 24.860799 3.303665 59.975148
vt 0.617500 0.120000
vn -0.000006 0.992329 0.123624
v 23.670654 4.067794 53.841327
vt 0.611875 0.210000
vn -0.000006 0.992329 0.123624
f 2941/2941/2941 2942/2942/2942 2943/2943/2943
v 12.430399 3.303580 59.975148
vt 0.558750 0.120000
vn -0.000006 0.992329 0.123624
v 23.670654 4.067794 53.841327
vt 0.611875 0.210000
vn -0.000006 0.992329 0.123624
v 11.835327 4.067733 53.841327
vt 0.555938 0.210000
vn -0.000006 0.992329 0.123624
f 2944/2944/2944 2945/2945/2945 2946/2946/2946
v 24.860799 3.303665 59.975148
vt 0.617500 0.120000
vn -0.000147 0.992331 0.123610
v 37.291197 3.305749 59.975148
vt 0.676250 0.120000
vn -0.000147 0.992331 0.123610
v 35.505979 4.069302 53.841327
vt 0.667813 0.210000
vn -0.000147 0.992331 0.123610
f 2947/2947/2947 2948/2948/2948 2949/2949/2949
v 24.860799 3.303665 59.975148
vt 0.617500 0.120000
vn -0.000147 0.992331 0.123610
v 35.505979 4.069302 53.841327
vt 0.667813 0.210000
vn -0.000147 0.992331 0.123610
v 23.670654 4.067794 53.841327
vt 0.611875 0.210000
vn -0.000147 0.992331 0.123610
f 2950/2950/2950 2951/2951/2951 2952/2952/2952
v 37.291197 3.305749 59.975148
vt 0.676250 0.120000
vn -0.001374 0.992336 0.123559
v 49.721597 3.325243 59.975148
vt 0.735000 0.120000
vn -0.001374 0.992336 0.123559
v 47.341308 4.083406 53.841327
vt 0.723750 0.210000
vn -0.001374 0.992336 0.123559
f 2953/2953/2953 2954/2954/2954 2955/2955/2955
v 37.291197 3.305749 59.975148
vt 0.676250 0.120000
vn -0.001374 0.992336 0.123559
v 47.341308 4.083406 53.841327
vt 0.723750 0.210000
vn -0.001374 0.992336 0.123559
v 35.505979 4.069302 53.841327
vt 0.667813 0.210000
vn -0.001374 0.992336 0.123559
f 2956/2956/2956 2957/2957/2957 2958/2958/2958
v 49.721597 3.325243 59.975148
vt 0.735000 0.120000
vn -0.007574 0.992309 0.123556
v 62.151993 3.432700 59.975148
vt 0.793750 0.120000
vn -0.007574 0.992309 0.123556
v 59.176633 4.161150 53.841327
vt 0.779688 0.210000
vn -0.007574 0.992309 0.123556
f 2959/2959/2959 2960/2960/2960 2961/2961/2961
v 49.721597 3.325243 59.975148
vt 0.735000 0.120000
vn -0.007574 0.992309 0.123556
v 59.176633 4.161150 53.841327
vt 0.779688 0.210000
vn -0.007574 0.992309 0.123556
v 47.341308 4.083406 53.841327
vt 0.723750 0.210000
vn -0.007574 0.992309 0.123556
f 2962/2962/2962 2963/2963/2963 2964/2964/2964
v 62.151993 3.432700 59.975148
vt 0.793750 0.120000
vn -0.030014 0.991794 0.124275
v 74.582394 3.858771 59.975148
vt 0.852500 0.120000
vn -0.030014 0.991794 0.124275
v 71.011958 4.469409 53.841327
vt 0.835625 0.210000
vn -0.030014 0.991794 0.124275
f 2965/2965/2965 2966/2966/2966 2967/2967/2967
v 62.151993 3.432700 59.975148
vt 0.793750 0.120000
vn -0.030014 0.991794 0.124275
v 71.011958 4.469409 53.841327
vt 0.835625 0.210000
vn -0.030014 0.991794 0.124275
v 59.176633 4.161150 53.841327
vt 0.779688 0.210000
vn -0.030014 0.991794 0.124275
f 2968/2968/2968 2969/2969/2969 2970/2970/2970
v 74.582394 3.858771 59.975148
vt 0.852500 0.120000
vn -0.094686 0.987251 0.127944
v 87.012794 5.209112 59.975148
vt 0.911250 0.120000
vn -0.094686 0.987251 0.127944
v 82.847287 5.446369 53.841327
vt 0.891563 0.210000
vn -0.094686 0.987251 0.127944
f 2971/2971/2971 2972/2972/2972 2973/2973/2973
v 74.582394 3.858771 59.975148
vt 0.852500 0.120000
vn -0.094686 0.987251 0.127944
v 82.847287 5.446369 53.841327
vt 0.891563 0.210000
vn -0.094686 0.987251 0.127944
v 71.011958 4.469409 53.841327
vt 0.835625 0.210000
vn -0.094686 0.987251 0.127944
f 2974/2974/2974 2975/2975/2975 2976/2976/2976
v 87.012794 5.209112 59.975148
vt 0.911250 0.120000
vn -0.247888 0.958796 0.138786
v 99.443194 8.849222 59.975148
vt 0.970000 0.120000
vn -0.247888 0.958796 0.138786
v 94.682615 8.079957 53.841327
vt 0.947500 0.210000
vn -0.247888 0.958796 0.138786
f 2977/2977/2977 2978/2978/2978 2979/2979/2979
v 87.012794 5.209112 59.975148
vt 0.911250 0.120000
vn -0.247888 0.958796 0.138786
v 94.682615 8.079957 53.841327
vt 0.947500 0.210000
vn -0.247888 0.958796 0.138786
v 82.847287 5.446369 53.841327
vt 0.891563 0.210000
vn -0.247888 0.958796 0.138786
f 2980/2980/2980 2981/2981/2981 2982/2982/2982
v -103.145865 11.100390 64.745901
vt 0.012500 0.050000
vn 0.306137 0.943150 -0.129417
v -90.252629 6.520687 64.745901
vt 0.073437 0.050000
vn 0.306137 0.943150 -0.129417
v -87.012794 5.209112 59.975148
vt 0.088750 0.120000
vn 0.306137 0.943150 -0.129417
f 2983/2983/2983 2984/2984/2984 2985/2985/2985
v -103.145865 11.100390 64.745901
vt 0.012500 0.050000
vn 0.306137 0.943150 -0.129417
v -87.012794 5.209112 59.975148
vt 0.088750 0.120000
vn 0.306137 0.943150 -0.129417
v -99.443194 8.849222 59.975148
vt 0.030000 0.120000
vn 0.306137 0.943150 -0.129417
f 2986/2986/2986 2987/2987/2987 2988/2988/2988
v -90.252629 6.520687 64.745901
vt 0.073437 0.050000
vn 0.118022 0.980161 -0.159236
v -77.359401 4.821792 64.745901
vt 0.134375 0.050000
vn 0.118022 0.980161 -0.159236
v -74.582394 3.858771 59.975148
vt 0.147500 0.120000
vn 0.118022 0.980161 -0.159236
f 2989/2989/2989 2990/2990/2990 2991/2991/2991
v -90.252629 6.520687 64.745901
vt 0.073437 0.050000
vn 0.118022 0.980161 -0.159236
v -74.582394 3.858771 59.975148
vt 0.147500 0.120000
vn 0.118022 0.980161 -0.159236
v -87.012794 5.209112 59.975148
vt 0.088750 0.120000
vn 0.118022 0.980161 -0.159236
f 2992/2992/2992 2993/2993/2993 2994/2994/2994
v -77.359401 4.821792 64.745901
vt 0.134375 0.050000
vn 0.037429 0.985155 -0.167536
v -64.466165 4.285743 64.745901
vt 0.195312 0.050000
vn 0.037429 0.985155 -0.167536
v -62.151993 3.432700 59.975148
vt 0.206250 0.120000
vn 0.037429 0.985155 -0.167536
f 2995/2995/2995 2996/2996/2996 2997/2997/2997
v -77.359401 4.821792 64.745901
vt 0.134375 0.050000
vn 0.037429 0.985155 -0.167536
v -62.151993 3.432700 59.975148
vt 0.206250 0.120000
vn 0.037429 0.985155 -0.167536
v -74.582394 3.858771 59.975148
vt 0.147500 0.120000
vn 0.037429 0.985155 -0.167536
f 2998/2998/2998 2999/2999/2999 3000/3000/3000
v -64.466165 4.285743 64.745901
vt 0.195312 0.050000
vn 0.009443 0.985531 -0.169232
v -51.572933 4.150549 64.745901
vt 0.256250 0.050000
vn 0.009443 0.985531 -0.169232
v -49.721597 3.325243 59.975148
vt 0.265000 0.120000
vn 0.009443 0.985531 -0.169232
f 3001/3001/3001 3002/3002/3002 3003/3003/3003
v -64.466165 4.285743 64.745901
vt 0.195312 0.050000
vn 0.009443 0.985531 -0.169232
v -49.721597 3.325243 59.975148
vt 0.265000 0.120000
vn 0.009443 0.985531 -0.169232
v -62.151993 3.432700 59.975148
vt 0.206250 0.120000
vn 0.009443 0.985531 -0.169232
f 3004/3004/3004 3005/3005/3005 3006/3006/3006
v -51.572933 4.150549 64.745901
vt 0.256250 0.050000
vn 0.001713 0.985547 -0.169391
v -38.679701 4.126023 64.745901
vt 0.317187 0.050000
vn 0.001713 0.985547 -0.169391
v -37.291197 3.305749 59.975148
vt 0.323750 0.120000
vn 0.001713 0.985547 -0.169391
f 3007/3007/3007 3008/3008/3008 3009/3009/3009
v -51.572933 4.150549 64.745901
vt 0.256250 0.050000
vn 0.001713 0.985547 -0.169391
v -37.291197 3.305749 59.975148
vt 0.323750 0.120000
vn 0.001713 0.985547 -0.169391
v -49.721597 3.325243 59.975148
vt 0.265000 0.120000
vn 0.001713 0.985547 -0.169391
f 3010/3010/3010 3011/3011/3011 3012/3012/3012
v -38.679701 4.126023 64.745901
vt 0.317187 0.050000
vn 0.000183 0.985555 -0.169355
v -25.786466 4.123401 64.745901
vt 0.378125 0.050000
vn 0.000183 0.985555 -0.169355
v -24.860799 3.303665 59.975148
vt 0.382500 0.120000
vn 0.000183 0.985555 -0.169355
f 3013/3013/3013 3014/3014/3014 3015/3015/3015
v -38.679701 4.126023 64.745901
vt 0.317187 0.050000
vn 0.000183 0.985555 -0.169355
v -24.860799 3.303665 59.975148
vt 0.382500 0.120000
vn 0.000183 0.985555 -0.169355
v -37.291197 3.305749 59.975148
vt 0.323750 0.120000
vn 0.000183 0.985555 -0.169355
f 3016/3016/3016 3017/3017/3017 3018/3018/3018
v -25.786466 4.123401 64.745901
vt 0.378125 0.050000
vn 0.000007 0.985558 -0.169340
v -12.893233 4.123295 64.745901
vt 0.439063 0.050000
vn 0.000007 0.985558 -0.169340
v -12.430399 3.303580 59.975148
vt 0.441250 0.120000
vn 0.000007 0.985558 -0.169340
f 3019/3019/3019 3020/3020/3020 3021/3021/3021
v -25.786466 4.123401 64.745901
vt 0.378125 0.050000
vn 0.000007 0.985558 -0.169340
v -12.430399 3.303580 59.975148
vt 0.441250 0.120000
vn 0.000007 0.985558 -0.169340
v -24.860799 3.303665 59.975148
vt 0.382500 0.120000
vn 0.000007 0.985558 -0.169340
f 3022/3022/3022 3023/3023/3023 3024/3024/3024
v -12.893233 4.123295 64.745901
vt 0.439063 0.050000
vn 0.000000 0.985558 -0.169339
v 0.000000 4.123295 64.745901
vt 0.500000 0.050000
vn 0.000000 0.985558 -0.169339
v 0.000000 3.303580 59.975148
vt 0.500000 0.120000
vn 0.000000 0.985558 -0.169339
f 3025/3025/3025 3026/3026/3026 3027/3027/3027
v -12.893233 4.123295 64.745901
vt 0.439063 0.050000
vn 0.000000 0.985558 -0.169339
v 0.000000 3.303580 59.975148
vt 0.500000 0.120000
vn 0.000000 0.985558 -0.169339
v -12.430399 3.303580 59.975148
vt 0.441250 0.120000
vn 0.000000 0.985558 -0.169339
f 3028/3028/3028 3029/3029/3029 3030/3030/3030
v 0.000000 4.123295 64.745901
vt 0.500000 0.050000
vn -0.000000 0.985558 -0.169339
v 12.893233 4.123295 64.745901
vt 0.560938 0.050000
vn -0.000000 0.985558 -0.169339
v 12.430399 3.303580 59.975148
vt 0.558750 0.120000
vn -0.000000 0.985558 -0.169339
f 3031/3031/3031 3032/3032/3032 3033/3033/3033
v 0.000000 4.123295 64.745901
vt 0.500000 0.050000
vn -0.000000 0.985558 -0.169339
v 12.430399 3.303580 59.975148
vt 0.558750 0.120000
vn -0.000000 0.985558 -0.169339
v 0.000000 3.303580 59.975148
vt 0.500000 0.120000
vn -0.000000 0.985558 -0.169339
f 3034/3034/3034 3035/3035/3035 3036/3036/3036
v 12.893233 4.123295 64.745901
vt 0.560938 0.050000
vn -0.000007 0.985558 -0.169340
v 25.786466 4.123401 64.745901
vt 0.621875 0.050000
vn -0.000007 0.985558 -0.169340
v 24.860799 3.303665 59.975148
vt 0.617500 0.120000
vn -0.000007 0.985558 -0.169340
f 3037/3037/3037 3038/3038/3038 3039/3039/3039
v 12.893233 4.123295 64.745901
vt 0.560938 0.050000
vn -0.000007 0.985558 -0.169340
v 24.860799 3.303665 59.975148
vt 0.617500 0.120000
vn -0.000007 0.985558 -0.169340
v 12.430399 3.303580 59.975148
vt 0.558750 0.120000
vn -0.000007 0.985558 -0.169340
f 3040/3040/3040 3041/3041/3041 3042/3042/3042
v 25.786466 4.123401 64.745901
vt 0.621875 0.050000
vn -0.000183 0.985555 -0.169354
v 38.679701 4.126023 64.745901
vt 0.682813 0.050000
vn -0.000183 0.985555 -0.169354
v 37.291197 3.305749 59.975148
vt 0.676250 0.120000
vn -0.000183 0.985555 -0.169354
f 3043/3043/3043 3044/3044/3044 3045/3045/3045
v 25.786466 4.123401 64.745901
vt 0.621875 0.050000
vn -0.000183 0.985555 -0.169354
v 37.291197 3.305749 59.975148
vt 0.676250 0.120000
vn -0.000183 0.985555 -0.169354
v 24.860799 3.303665 59.975148
vt 0.617500 0.120000
vn -0.000183 0.985555 -0.169354
f 3046/3046/3046 3047/3047/3047 3048/3048/3048
v 38.679701 4.126023 64.745901
vt 0.682813 0.050000
vn -0.001713 0.985547 -0.169391
v 51.572933 4.150549 64.745901
vt 0.743750 0.050000
vn -0.001713 0.985547 -0.169391
v 49.721597 3.325243 59.975148
vt 0.735000 0.120000
vn -0.001713 0.985547 -0.169391
f 3049/3049/3049 3050/3050/3050 3051/3051/3051
v 38.679701 4.126023 64.745901
vt 0.682813 0.050000
vn -0.001713 0.985547 -0.169391
v 49.721597 3.325243 59.975148
vt 0.735000 0.120000
vn -0.001713 0.985547 -0.169391
v 37.291197 3.305749 59.975148
vt 0.676250 0.120000
vn -0.001713 0.985547 -0.169391
f 3052/3052/3052 3053/3053/3053 3054/3054/3054
v 51.572933 4.150549 64.745901
vt 0.743750 0.050000
vn -0.009443 0.985531 -0.169232
v 64.466165 4.285743 64.745901
vt 0.804688 0.050000
vn -0.009443 0.985531 -0.169232
v 62.151993 3.432700 59.975148
vt 0.793750 0.120000
vn -0.009443 0.985531 -0.169232
f 3055/3055/3055 3056/3056/3056 3057/3057/3057
v 51.572933 4.150549 64.745901
vt 0.743750 0.050000
vn -0.009443 0.985531 -0.169232
v 62.151993 3.432700 59.975148
vt 0.793750 0.120000
vn -0.009443 0.985531 -0.169232
v 49.721597 3.325243 59.975148
vt 0.735000 0.120000
vn -0.009443 0.985531 -0.169232
f 3058/3058/3058 3059/3059/3059 3060/3060/3060
v 64.466165 4.285743 64.745901
vt 0.804688 0.050000
vn -0.037429 0.985155 -0.167536
v 77.359401 4.821792 64.745901
vt 0.865625 0.050000
vn -0.037429 0.985155 -0.167536
v 74.582394 3.858771 59.975148
vt 0.852500 0.120000
vn -0.037429 0.985155 -0.167536
f 3061/3061/3061 3062/3062/3062 3063/3063/3063
v 64.466165 4.285743 64.745901
vt 0.804688 0.050000
vn -0.037429 0.985155 -0.167536
v 74.582394 3.858771 59.975148
vt 0.852500 0.120000
vn -0.037429 0.985155 -0.167536
v 62.151993 3.432700 59.975148
vt 0.793750 0.120000
vn -0.037429 0.985155 -0.167536
f 3064/3064/3064 3065/3065/3065 3066/3066/3066
v 77.359401 4.821792 64.745901
vt 0.865625 0.050000
vn -0.118022 0.980160 -0.159236
v 90.252629 6.520687 64.745901
vt 0.926562 0.050000
vn -0.118022 0.980160 -0.159236
v 87.012794 5.209112 59.975148
vt 0.911250 0.120000
vn -0.118022 0.980160 -0.159236
f 3067/3067/3067 3068/3068/3068 3069/3069/3069
v 77.359401 4.821792 64.745901
vt 0.865625 0.050000
vn -0.118022 0.980160 -0.159236
v 87.012794 5.209112 59.975148
vt 0.911250 0.120000
vn -0.118022 0.980160 -0.159236
v 74.582394 3.858771 59.975148
vt 0.852500 0.120000
vn -0.118022 0.980160 -0.159236
f 3070/3070/3070 3071/3071/3071 3072/3072/3072
v 90.252629 6.520687 64.745901
vt 0.926562 0.050000
vn -0.306137 0.943149 -0.129418
v 103.145865 11.100390 64.745901
vt 0.987500 0.050000
vn -0.306137 0.943149 -0.129418
v 99.443194 8.849222 59.975148
vt 0.970000 0.120000
vn -0.306137 0.943149 -0.129418
f 3073/3073/3073 3074/3074/3074 3075/3075/3075
v 90.252629 6.520687 64.745901
vt 0.926562 0.050000
vn -0.306137 0.943149 -0.129418
v 99.443194 8.849222 59.975148
vt 0.970000 0.120000
vn -0.306137 0.943149 -0.129418
v 87.012794 5.209112 59.975148
vt 0.911250 0.120000
vn -0.306137 0.943149 -0.129418
f 3076/3076/3076 3077/3077/3077 3078/3078/3078
v -105.790630 13.732438 68.153579
vt 0.000000 0.000000
vn 0.334214 0.879797 -0.338020
v -92.566801 8.390897 68.153579
vt 0.062500 0.000000
vn 0.334214 0.879797 -0.338020
v -90.252629 6.520687 64.745901
vt 0.073437 0.050000
vn 0.334214 0.879797 -0.338020
f 3079/3079/3079 3080/3080/3080 3081/3081/3081
v -105.790630 13.732438 68.153579
vt 0.000000 0.000000
vn 0.334214 0.879797 -0.338020
v -90.252629 6.520687 64.745901
vt 0.073437 0.050000
vn 0.334214 0.879797 -0.338020
v -103.145865 11.100390 64.745901
vt 0.012500 0.050000
vn 0.334214 0.879797 -0.338020
f 3082/3082/3082 3083/3083/3083 3084/3084/3084
v -92.566801 8.390897 68.153579
vt 0.062500 0.000000
vn 0.128911 0.914781 -0.382829
v -79.342972 6.409390 68.153579
vt 0.125000 0.000000
vn 0.128911 0.914781 -0.382829
v -77.359401 4.821792 64.745901
vt 0.134375 0.050000
vn 0.128911 0.914781 -0.382829
f 3085/3085/3085 3086/3086/3086 3087/3087/3087
v -92.566801 8.390897 68.153579
vt 0.062500 0.000000
vn 0.128911 0.914781 -0.382829
v -77.359401 4.821792 64.745901
vt 0.134375 0.050000
vn 0.128911 0.914781 -0.382829
v -90.252629 6.520687 64.745901
vt 0.073437 0.050000
vn 0.128911 0.914781 -0.382829
f 3088/3088/3088 3089/3089/3089 3090/3090/3090
v -79.342972 6.409390 68.153579
vt 0.125000 0.000000
vn 0.040827 0.918210 -0.393985
v -66.119144 5.784168 68.153579
vt 0.187500 0.000000
vn 0.040827 0.918210 -0.393985
v -64.466165 4.285743 64.745901
vt 0.195312 0.050000
vn 0.040827 0.918210 -0.393985
f 3091/3091/3091 3092/3092/3092 3093/3093/3093
v -79.342972 6.409390 68.153579
vt 0.125000 0.000000
vn 0.040827 0.918210 -0.393985
v -64.466165 4.285743 64.745901
vt 0.195312 0.050000
vn 0.040827 0.918210 -0.393985
v -77.359401 4.821792 64.745901
vt 0.134375 0.050000
vn 0.040827 0.918210 -0.393985
f 3094/3094/3094 3095/3095/3095 3096/3096/3096
v -66.119144 5.784168 68.153579
vt 0.187500 0.000000
vn 0.010296 0.918111 -0.396188
v -52.895315 5.626485 68.153579
vt 0.250000 0.000000
vn 0.010296 0.918111 -0.396188
v -51.572933 4.150549 64.745901
vt 0.256250 0.050000
vn 0.010296 0.918111 -0.396188
f 3097/3097/3097 3098/3098/3098 3099/3099/3099
v -66.119144 5.784168 68.153579
vt 0.187500 0.000000
vn 0.010296 0.918111 -0.396188
v -51.572933 4.150549 64.745901
vt 0.256250 0.050000
vn 0.010296 0.918111 -0.396188
v -64.466165 4.285743 64.745901
vt 0.195312 0.050000
vn 0.010296 0.918111 -0.396188
f 3100/3100/3100 3101/3101/3101 3102/3102/3102
v -52.895315 5.626485 68.153579
vt 0.250000 0.000000
vn 0.001868 0.918056 -0.396445
v -39.671486 5.597879 68.153579
vt 0.312500 0.000000
vn 0.001868 0.918056 -0.396445
v -38.679701 4.126023 64.745901
vt 0.317187 0.050000
vn 0.001868 0.918056 -0.396445
f 3103/3103/3103 3104/3104/3104 3105/3105/3105
v -52.895315 5.626485 68.153579
vt 0.250000 0.000000
vn 0.001868 0.918056 -0.396445
v -38.679701 4.126023 64.745901
vt 0.317187 0.050000
vn 0.001868 0.918056 -0.396445
v -51.572933 4.150549 64.745901
vt 0.256250 0.050000
vn 0.001868 0.918056 -0.396445
f 3106/3106/3106 3107/3107/3107 3108/3108/3108
v -39.671486 5.597879 68.153579
vt 0.312500 0.000000
vn 0.000200 0.918066 -0.396427
v -26.447657 5.594821 68.153579
vt 0.375000 0.000000
vn 0.000200 0.918066 -0.396427
v -25.786466 4.123401 64.745901
vt 0.378125 0.050000
vn 0.000200 0.918066 -0.396427
f 3109/3109/3109 3110/3110/3110 3111/3111/3111
v -39.671486 5.597879 68.153579
vt 0.312500 0.000000
vn 0.000200 0.918066 -0.396427
v -25.786466 4.123401 64.745901
vt 0.378125 0.050000
vn 0.000200 0.918066 -0.396427
v -38.679701 4.126023 64.745901
vt 0.317187 0.050000
vn 0.000200 0.918066 -0.396427
f 3112/3112/3112 3113/3113/3113 3114/3114/3114
v -26.447657 5.594821 68.153579
vt 0.375000 0.000000
vn 0.000008 0.918071 -0.396416
v -13.223829 5.594697 68.153579
vt 0.437500 0.000000
vn 0.000008 0.918071 -0.396416
v -12.893233 4.123295 64.745901
vt 0.439063 0.050000
vn 0.000008 0.918071 -0.396416
f 3115/3115/3115 3116/3116/3116 3117/3117/3117
v -26.447657 5.594821 68.153579
vt 0.375000 0.000000
vn 0.000008 0.918071 -0.396416
v -12.893233 4.123295 64.745901
vt 0.439063 0.050000
vn 0.000008 0.918071 -0.396416
v -25.786466 4.123401 64.745901
vt 0.378125 0.050000
vn 0.000008 0.918071 -0.396416
f 3118/3118/3118 3119/3119/3119 3120/3120/3120
v -13.223829 5.594697 68.153579
vt 0.437500 0.000000
vn 0.000000 0.918072 -0.396414
v 0.000000 5.594697 68.153579
vt 0.500000 0.000000
vn 0.000000 0.918072 -0.396414
v 0.000000 4.123295 64.745901
vt 0.500000 0.050000
vn 0.000000 0.918072 -0.396414
f 3121/3121/3121 3122/3122/3122 3123/3123/3123
v -13.223829 5.594697 68.153579
vt 0.437500 0.000000
vn 0.000000 0.918072 -0.396414
v 0.000000 4.123295 64.745901
vt 0.500000 0.050000
vn 0.000000 0.918072 -0.396414
v -12.893233 4.123295 64.745901
vt 0.439063 0.050000
vn 0.000000 0.918072 -0.396414
f 3124/3124/3124 3125/3125/3125 3126/3126/3126
v 0.000000 5.594697 68.153579
vt 0.500000 0.000000
vn -0.000000 0.918072 -0.396414
v 13.223829 5.594697 68.153579
vt 0.562500 0.000000
vn -0.000000 0.918072 -0.396414
v 12.893233 4.123295 64.745901
vt 0.560938 0.050000
vn -0.000000 0.918072 -0.396414
f 3127/3127/3127 3128/3128/3128 3129/3129/3129
v 0.000000 5.594697 68.153579
vt 0.500000 0.000000
vn -0.000000 0.918072 -0.396414
v 12.893233 4.123295 64.745901
vt 0.560938 0.050000
vn -0.000000 0.918072 -0.396414
v 0.000000 4.123295 64.745901
vt 0.500000 0.050000
vn -0.000000 0.918072 -0.396414
f 3130/3130/3130 3131/3131/3131 3132/3132/3132
v 13.223829 5.594697 68.153579
vt 0.562500 0.000000
vn -0.000008 0.918071 -0.396416
v 26.447657 5.594821 68.153579
vt 0.625000 0.000000
vn -0.000008 0.918071 -0.396416
v 25.786466 4.123401 64.745901
vt 0.621875 0.050000
vn -0.000008 0.918071 -0.396416
f 3133/3133/3133 3134/3134/3134 3135/3135/3135
v 13.223829 5.594697 68.153579
vt 0.562500 0.000000
vn -0.000008 0.918071 -0.396416
v 25.786466 4.123401 64.745901
vt 0.621875 0.050000
vn -0.000008 0.918071 -0.396416
v 12.893233 4.123295 64.745901
vt 0.560938 0.050000
vn -0.000008 0.918071 -0.396416
f 3136/3136/3136 3137/3137/3137 3138/3138/3138
v 26.447657 5.594821 68.153579
vt 0.625000 0.000000
vn -0.000200 0.918066 -0.396427
v 39.671486 5.597879 68.153579
vt 0.687500 0.000000
vn -0.000200 0.918066 -0.396427
v 38.679701 4.126023 64.745901
vt 0.682813 0.050000
vn -0.000200 0.918066 -0.396427
f 3139/3139/3139 3140/3140/3140 3141/3141/3141
v 26.447657 5.594821 68.153579
vt 0.625000 0.000000
vn -0.000200 0.918066 -0.396427
v 38.679701 4.126023 64.745901
vt 0.682813 0.050000
vn -0.000200 0.918066 -0.396427
v 25.786466 4.123401 64.745901
vt 0.621875 0.050000
vn -0.000200 0.918066 -0.396427
f 3142/3142/3142 3143/3143/3143 3144/3144/3144
v 39.671486 5.597879 68.153579
vt 0.687500 0.000000
vn -0.001868 0.918056 -0.396445
v 52.895315 5.626485 68.153579
vt 0.750000 0.000000
vn -0.001868 0.918056 -0.396445
v 51.572933 4.150549 64.745901
vt 0.743750 0.050000
vn -0.001868 0.918056 -0.396445
f 3145/3145/3145 3146/3146/3146 3147/3147/3147
v 39.671486 5.597879 68.153579
vt 0.687500 0.000000
vn -0.001868 0.918056 -0.396445
v 51.572933 4.150549 64.745901
vt 0.743750 0.050000
vn -0.001868 0.918056 -0.396445
v 38.679701 4.126023 64.745901
vt 0.682813 0.050000
vn -0.001868 0.918056 -0.396445
f 3148/3148/3148 3149/3149/3149 3150/3150/3150
v 52.895315 5.626485 68.153579
vt 0.750000 0.000000
vn -0.010296 0.918111 -0.396188
v 66.119144 5.784168 68.153579
vt 0.812500 0.000000
vn -0.010296 0.918111 -0.396188
v 64.466165 4.285743 64.745901
vt 0.804688 0.050000
vn -0.010296 0.918111 -0.396188
f 3151/3151/3151 3152/3152/3152 3153/3153/3153
v 52.895315 5.626485 68.153579
vt 0.750000 0.000000
vn -0.010296 0.918111 -0.396188
v 64.466165 4.285743 64.745901
vt 0.804688 0.050000
vn -0.010296 0.918111 -0.396188
v 51.572933 4.150549 64.745901
vt 0.743750 0.050000
vn -0.010296 0.918111 -0.396188
f 3154/3154/3154 3155/3155/3155 3156/3156/3156
v 66.119144 5.784168 68.153579
vt 0.812500 0.000000
vn -0.040827 0.918210 -0.393985
v 79.342972 6.409390 68.153579
vt 0.875000 0.000000
vn -0.040827 0.918210 -0.393985
v 77.359401 4.821792 64.745901
vt 0.865625 0.050000
vn -0.040827 0.918210 -0.393985
f 3157/3157/3157 3158/3158/3158 3159/3159/3159
v 66.119144 5.784168 68.153579
vt 0.812500 0.000000
vn -0.040827 0.918210 -0.393985
v 77.359401 4.821792 64.745901
vt 0.865625 0.050000
vn -0.040827 0.918210 -0.393985
v 64.466165 4.285743 64.745901
vt 0.804688 0.050000
vn -0.040827 0.918210 -0.393985
f 3160/3160/3160 3161/3161/3161 3162/3162/3162
v 79.342972 6.409390 68.153579
vt 0.875000 0.000000
vn -0.128911 0.914781 -0.382829
v 92.566801 8.390897 68.153579
vt 0.937500 0.000000
vn -0.128911 0.914781 -0.382829
v 90.252629 6.520687 64.745901
vt 0.926562 0.050000
vn -0.128911 0.914781 -0.382829
f 3163/3163/3163 3164/3164/3164 3165/3165/3165
v 79.342972 6.409390 68.153579
vt 0.875000 0.000000
vn -0.128911 0.914781 -0.382829
v 90.252629 6.520687 64.745901
vt 0.926562 0.050000
vn -0.128911 0.914781 -0.382829
v 77.359401 4.821792 64.745901
vt 0.865625 0.050000
vn -0.128911 0.914781 -0.382829
f 3166/3166/3166 3167/3167/3167 3168/3168/3168
v 92.566801 8.390897 68.153579
vt 0.937500 0.000000
vn -0.334214 0.879798 -0.338020
v 105.790630 13.732438 68.153579
vt 1.000000 0.000000
vn -0.334214 0.879798 -0.338020
v 103.145865 11.100390 64.745901
vt 0.987500 0.050000
vn -0.334214 0.879798 -0.338020
f 3169/3169/3169 3170/3170/3170 3171/3171/3171
v 92.566801 8.390897 68.153579
vt 0.937500 0.000000
vn -0.334214 0.879798 -0.338020
v 103.145865 11.100390 64.745901
vt 0.987500 0.050000
vn -0.334214 0.879798 -0.338020
v 90.252629 6.520687 64.745901
vt 0.926562 0.050000
vn -0.334214 0.879798 -0.338020
f 3172/3172/3172 3173/3173/3173 3174/3174/3174
o Roof_slope_/_back
usemtl Photographed tiles
v -52.895315 48.826444 -0.000000
vt 0.250000 1.000000
vn 0.000435 0.661193 -0.750216
v -46.283400 48.826444 -0.000000
vt 0.281250 1.000000
vn 0.000435 0.661193 -0.750216
v -51.837408 39.546185 -8.178429
vt 0.255000 0.880000
vn 0.000435 0.661193 -0.750216
f 3175/3175/3175 3176/3176/3176 3177/3177/3177
v -52.895315 48.826444 -0.000000
vt 0.250000 1.000000
vn 0.000435 0.661193 -0.750216
v -51.837408 39.546185 -8.178429
vt 0.255000 0.880000
vn 0.000435 0.661193 -0.750216
v -59.242754 39.555412 -8.178429
vt 0.220000 0.880000
vn 0.000435 0.661193 -0.750216
f 3178/3178/3178 3179/3179/3179 3180/3180/3180
v -46.283400 48.826444 -0.000000
vt 0.281250 1.000000
vn 0.000162 0.661046 -0.750345
v -39.671486 48.826444 -0.000000
vt 0.312500 1.000000
vn 0.000162 0.661046 -0.750345
v -44.432065 39.542758 -8.178429
vt 0.290000 0.880000
vn 0.000162 0.661046 -0.750345
f 3181/3181/3181 3182/3182/3182 3183/3183/3183
v -46.283400 48.826444 -0.000000
vt 0.281250 1.000000
vn 0.000162 0.661046 -0.750345
v -44.432065 39.542758 -8.178429
vt 0.290000 0.880000
vn 0.000162 0.661046 -0.750345
v -51.837408 39.546185 -8.178429
vt 0.255000 0.880000
vn 0.000162 0.661046 -0.750345
f 3184/3184/3184 3185/3185/3185 3186/3186/3186
v -39.671486 48.826444 -0.000000
vt 0.312500 1.000000
vn 0.000051 0.660993 -0.750392
v -33.059572 48.826444 -0.000000
vt 0.343750 1.000000
vn 0.000051 0.660993 -0.750392
v -37.026722 39.541680 -8.178429
vt 0.325000 0.880000
vn 0.000051 0.660993 -0.750392
f 3187/3187/3187 3188/3188/3188 3189/3189/3189
v -39.671486 48.826444 -0.000000
vt 0.312500 1.000000
vn 0.000051 0.660993 -0.750392
v -37.026722 39.541680 -8.178429
vt 0.325000 0.880000
vn 0.000051 0.660993 -0.750392
v -44.432065 39.542758 -8.178429
vt 0.290000 0.880000
vn 0.000051 0.660993 -0.750392
f 3190/3190/3190 3191/3191/3191 3192/3192/3192
v -33.059572 48.826444 -0.000000
vt 0.343750 1.000000
vn 0.000013 0.660977 -0.750407
v -26.447657 48.826444 -0.000000
vt 0.375000 1.000000
vn 0.000013 0.660977 -0.750407
v -29.621377 39.541408 -8.178429
vt 0.360000 0.880000
vn 0.000013 0.660977 -0.750407
f 3193/3193/3193 3194/3194/3194 3195/3195/3195
v -33.059572 48.826444 -0.000000
vt 0.343750 1.000000
vn 0.000013 0.660977 -0.750407
v -29.621377 39.541408 -8.178429
vt 0.360000 0.880000
vn 0.000013 0.660977 -0.750407
v -37.026722 39.541680 -8.178429
vt 0.325000 0.880000
vn 0.000013 0.660977 -0.750407
f 3196/3196/3196 3197/3197/3197 3198/3198/3198
v -26.447657 48.826444 -0.000000
vt 0.375000 1.000000
vn 0.000003 0.660972 -0.750410
v -19.835743 48.826444 -0.000000
vt 0.406250 1.000000
vn 0.000003 0.660972 -0.750410
v -22.216032 39.541358 -8.178429
vt 0.395000 0.880000
vn 0.000003 0.660972 -0.750410
f 3199/3199/3199 3200/3200/3200 3201/3201/3201
v -26.447657 48.826444 -0.000000
vt 0.375000 1.000000
vn 0.000003 0.660972 -0.750410
v -22.216032 39.541358 -8.178429
vt 0.395000 0.880000
vn 0.000003 0.660972 -0.750410
v -29.621377 39.541408 -8.178429
vt 0.360000 0.880000
vn 0.000003 0.660972 -0.750410
f 3202/3202/3202 3203/3203/3203 3204/3204/3204
v -19.835743 48.826444 -0.000000
vt 0.406250 1.000000
vn 0.000000 0.660972 -0.750411
v -13.223829 48.826444 -0.000000
vt 0.437500 1.000000
vn 0.000000 0.660972 -0.750411
v -14.810689 39.541350 -8.178429
vt 0.430000 0.880000
vn 0.000000 0.660972 -0.750411
f 3205/3205/3205 3206/3206/3206 3207/3207/3207
v -19.835743 48.826444 -0.000000
vt 0.406250 1.000000
vn 0.000000 0.660972 -0.750411
v -14.810689 39.541350 -8.178429
vt 0.430000 0.880000
vn 0.000000 0.660972 -0.750411
v -22.216032 39.541358 -8.178429
vt 0.395000 0.880000
vn 0.000000 0.660972 -0.750411
f 3208/3208/3208 3209/3209/3209 3210/3210/3210
v -13.223829 48.826444 -0.000000
vt 0.437500 1.000000
vn 0.000000 0.660972 -0.750411
v -6.611914 48.826444 -0.000000
vt 0.468750 1.000000
vn 0.000000 0.660972 -0.750411
v -7.405344 39.541350 -8.178429
vt 0.465000 0.880000
vn 0.000000 0.660972 -0.750411
f 3211/3211/3211 3212/3212/3212 3213/3213/3213
v -13.223829 48.826444 -0.000000
vt 0.437500 1.000000
vn 0.000000 0.660972 -0.750411
v -7.405344 39.541350 -8.178429
vt 0.465000 0.880000
vn 0.000000 0.660972 -0.750411
v -14.810689 39.541350 -8.178429
vt 0.430000 0.880000
vn 0.000000 0.660972 -0.750411
f 3214/3214/3214 3215/3215/3215 3216/3216/3216
v -6.611914 48.826444 -0.000000
vt 0.468750 1.000000
vn 0.000000 0.660972 -0.750411
v 0.000000 48.826444 -0.000000
vt 0.500000 1.000000
vn 0.000000 0.660972 -0.750411
v 0.000000 39.541350 -8.178429
vt 0.500000 0.880000
vn 0.000000 0.660972 -0.750411
f 3217/3217/3217 3218/3218/3218 3219/3219/3219
v -6.611914 48.826444 -0.000000
vt 0.468750 1.000000
vn 0.000000 0.660972 -0.750411
v 0.000000 39.541350 -8.178429
vt 0.500000 0.880000
vn 0.000000 0.660972 -0.750411
v -7.405344 39.541350 -8.178429
vt 0.465000 0.880000
vn 0.000000 0.660972 -0.750411
f 3220/3220/3220 3221/3221/3221 3222/3222/3222
v 0.000000 48.826444 -0.000000
vt 0.500000 1.000000
vn 0.000000 0.660972 -0.750411
v 6.611914 48.826444 -0.000000
vt 0.531250 1.000000
vn 0.000000 0.660972 -0.750411
v 7.405344 39.541350 -8.178429
vt 0.535000 0.880000
vn 0.000000 0.660972 -0.750411
f 3223/3223/3223 3224/3224/3224 3225/3225/3225
v 0.000000 48.826444 -0.000000
vt 0.500000 1.000000
vn 0.000000 0.660972 -0.750411
v 7.405344 39.541350 -8.178429
vt 0.535000 0.880000
vn 0.000000 0.660972 -0.750411
v 0.000000 39.541350 -8.178429
vt 0.500000 0.880000
vn 0.000000 0.660972 -0.750411
f 3226/3226/3226 3227/3227/3227 3228/3228/3228
v 6.611914 48.826444 -0.000000
vt 0.531250 1.000000
vn 0.000000 0.660972 -0.750411
v 13.223829 48.826444 -0.000000
vt 0.562500 1.000000
vn 0.000000 0.660972 -0.750411
v 14.810689 39.541350 -8.178429
vt 0.570000 0.880000
vn 0.000000 0.660972 -0.750411
f 3229/3229/3229 3230/3230/3230 3231/3231/3231
v 6.611914 48.826444 -0.000000
vt 0.531250 1.000000
vn 0.000000 0.660972 -0.750411
v 14.810689 39.541350 -8.178429
vt 0.570000 0.880000
vn 0.000000 0.660972 -0.750411
v 7.405344 39.541350 -8.178429
vt 0.535000 0.880000
vn 0.000000 0.660972 -0.750411
f 3232/3232/3232 3233/3233/3233 3234/3234/3234
v 13.223829 48.826444 -0.000000
vt 0.562500 1.000000
vn 0.000000 0.660972 -0.750411
v 19.835743 48.826444 -0.000000
vt 0.593750 1.000000
vn 0.000000 0.660972 -0.750411
v 22.216032 39.541358 -8.178429
vt 0.605000 0.880000
vn 0.000000 0.660972 -0.750411
f 3235/3235/3235 3236/3236/3236 3237/3237/3237
v 13.223829 48.826444 -0.000000
vt 0.562500 1.000000
vn 0.000000 0.660972 -0.750411
v 22.216032 39.541358 -8.178429
vt 0.605000 0.880000
vn 0.000000 0.660972 -0.750411
v 14.810689 39.541350 -8.178429
vt 0.570000 0.880000
vn 0.000000 0.660972 -0.750411
f 3238/3238/3238 3239/3239/3239 3240/3240/3240
v 19.835743 48.826444 -0.000000
vt 0.593750 1.000000
vn -0.000003 0.660972 -0.750410
v 26.447657 48.826444 -0.000000
vt 0.625000 1.000000
vn -0.000003 0.660972 -0.750410
v 29.621377 39.541408 -8.178429
vt 0.640000 0.880000
vn -0.000003 0.660972 -0.750410
f 3241/3241/3241 3242/3242/3242 3243/3243/3243
v 19.835743 48.826444 -0.000000
vt 0.593750 1.000000
vn -0.000003 0.660972 -0.750410
v 29.621377 39.541408 -8.178429
vt 0.640000 0.880000
vn -0.000003 0.660972 -0.750410
v 22.216032 39.541358 -8.178429
vt 0.605000 0.880000
vn -0.000003 0.660972 -0.750410
f 3244/3244/3244 3245/3245/3245 3246/3246/3246
v 26.447657 48.826444 -0.000000
vt 0.625000 1.000000
vn -0.000013 0.660977 -0.750407
v 33.059572 48.826444 -0.000000
vt 0.656250 1.000000
vn -0.000013 0.660977 -0.750407
v 37.026722 39.541680 -8.178429
vt 0.675000 0.880000
vn -0.000013 0.660977 -0.750407
f 3247/3247/3247 3248/3248/3248 3249/3249/3249
v 26.447657 48.826444 -0.000000
vt 0.625000 1.000000
vn -0.000013 0.660977 -0.750407
v 37.026722 39.541680 -8.178429
vt 0.675000 0.880000
vn -0.000013 0.660977 -0.750407
v 29.621377 39.541408 -8.178429
vt 0.640000 0.880000
vn -0.000013 0.660977 -0.750407
f 3250/3250/3250 3251/3251/3251 3252/3252/3252
v 33.059572 48.826444 -0.000000
vt 0.656250 1.000000
vn -0.000051 0.660993 -0.750392
v 39.671486 48.826444 -0.000000
vt 0.687500 1.000000
vn -0.000051 0.660993 -0.750392
v 44.432065 39.542758 -8.178429
vt 0.710000 0.880000
vn -0.000051 0.660993 -0.750392
f 3253/3253/3253 3254/3254/3254 3255/3255/3255
v 33.059572 48.826444 -0.000000
vt 0.656250 1.000000
vn -0.000051 0.660993 -0.750392
v 44.432065 39.542758 -8.178429
vt 0.710000 0.880000
vn -0.000051 0.660993 -0.750392
v 37.026722 39.541680 -8.178429
vt 0.675000 0.880000
vn -0.000051 0.660993 -0.750392
f 3256/3256/3256 3257/3257/3257 3258/3258/3258
v 39.671486 48.826444 -0.000000
vt 0.687500 1.000000
vn -0.000162 0.661046 -0.750345
v 46.283400 48.826444 -0.000000
vt 0.718750 1.000000
vn -0.000162 0.661046 -0.750345
v 51.837408 39.546185 -8.178429
vt 0.745000 0.880000
vn -0.000162 0.661046 -0.750345
f 3259/3259/3259 3260/3260/3260 3261/3261/3261
v 39.671486 48.826444 -0.000000
vt 0.687500 1.000000
vn -0.000162 0.661046 -0.750345
v 51.837408 39.546185 -8.178429
vt 0.745000 0.880000
vn -0.000162 0.661046 -0.750345
v 44.432065 39.542758 -8.178429
vt 0.710000 0.880000
vn -0.000162 0.661046 -0.750345
f 3262/3262/3262 3263/3263/3263 3264/3264/3264
v 46.283400 48.826444 -0.000000
vt 0.718750 1.000000
vn -0.000435 0.661193 -0.750216
v 52.895315 48.826444 -0.000000
vt 0.750000 1.000000
vn -0.000435 0.661193 -0.750216
v 59.242754 39.555412 -8.178429
vt 0.780000 0.880000
vn -0.000435 0.661193 -0.750216
f 3265/3265/3265 3266/3266/3266 3267/3267/3267
v 46.283400 48.826444 -0.000000
vt 0.718750 1.000000
vn -0.000435 0.661193 -0.750216
v 59.242754 39.555412 -8.178429
vt 0.780000 0.880000
vn -0.000435 0.661193 -0.750216
v 51.837408 39.546185 -8.178429
vt 0.745000 0.880000
vn -0.000435 0.661193 -0.750216
f 3268/3268/3268 3269/3269/3269 3270/3270/3270
v -59.242754 39.555412 -8.178429
vt 0.220000 0.880000
vn 0.004119 0.696439 -0.717604
v -51.837408 39.546185 -8.178429
vt 0.255000 0.880000
vn 0.004119 0.696439 -0.717604
v -57.854251 30.417984 -17.038395
vt 0.226562 0.750000
vn 0.004119 0.696439 -0.717604
f 3271/3271/3271 3272/3272/3272 3273/3273/3273
v -59.242754 39.555412 -8.178429
vt 0.220000 0.880000
vn 0.004119 0.696439 -0.717604
v -57.854251 30.417984 -17.038395
vt 0.226562 0.750000
vn 0.004119 0.696439 -0.717604
v -66.119144 30.501445 -17.038395
vt 0.187500 0.750000
vn 0.004119 0.696439 -0.717604
f 3274/3274/3274 3275/3275/3275 3276/3276/3276
v -51.837408 39.546185 -8.178429
vt 0.255000 0.880000
vn 0.001526 0.695463 -0.718561
v -44.432065 39.542758 -8.178429
vt 0.290000 0.880000
vn 0.001526 0.695463 -0.718561
v -49.589358 30.387022 -17.038395
vt 0.265625 0.750000
vn 0.001526 0.695463 -0.718561
f 3277/3277/3277 3278/3278/3278 3279/3279/3279
v -51.837408 39.546185 -8.178429
vt 0.255000 0.880000
vn 0.001526 0.695463 -0.718561
v -49.589358 30.387022 -17.038395
vt 0.265625 0.750000
vn 0.001526 0.695463 -0.718561
v -57.854251 30.417984 -17.038395
vt 0.226562 0.750000
vn 0.001526 0.695463 -0.718561
f 3280/3280/3280 3281/3281/3281 3282/3282/3282
v -44.432065 39.542758 -8.178429
vt 0.290000 0.880000
vn 0.000481 0.695105 -0.718908
v -37.026722 39.541680 -8.178429
vt 0.325000 0.880000
vn 0.000481 0.695105 -0.718908
v -41.324465 30.377253 -17.038395
vt 0.304688 0.750000
vn 0.000481 0.695105 -0.718908
f 3283/3283/3283 3284/3284/3284 3285/3285/3285
v -44.432065 39.542758 -8.178429
vt 0.290000 0.880000
vn 0.000481 0.695105 -0.718908
v -41.324465 30.377253 -17.038395
vt 0.304688 0.750000
vn 0.000481 0.695105 -0.718908
v -49.589358 30.387022 -17.038395
vt 0.265625 0.750000
vn 0.000481 0.695105 -0.718908
f 3286/3286/3286 3287/3287/3287 3288/3288/3288
v -37.026722 39.541680 -8.178429
vt 0.325000 0.880000
vn 0.000121 0.694994 -0.719015
v -29.621377 39.541408 -8.178429
vt 0.360000 0.880000
vn 0.000121 0.694994 -0.719015
v -33.059572 30.374789 -17.038395
vt 0.343750 0.750000
vn 0.000121 0.694994 -0.719015
f 3289/3289/3289 3290/3290/3290 3291/3291/3291
v -37.026722 39.541680 -8.178429
vt 0.325000 0.880000
vn 0.000121 0.694994 -0.719015
v -33.059572 30.374789 -17.038395
vt 0.343750 0.750000
vn 0.000121 0.694994 -0.719015
v -41.324465 30.377253 -17.038395
vt 0.304688 0.750000
vn 0.000121 0.694994 -0.719015
f 3292/3292/3292 3293/3293/3293 3294/3294/3294
v -29.621377 39.541408 -8.178429
vt 0.360000 0.880000
vn 0.000022 0.694966 -0.719043
v -22.216032 39.541358 -8.178429
vt 0.395000 0.880000
vn 0.000022 0.694966 -0.719043
v -24.794679 30.374343 -17.038395
vt 0.382812 0.750000
vn 0.000022 0.694966 -0.719043
f 3295/3295/3295 3296/3296/3296 3297/3297/3297
v -29.621377 39.541408 -8.178429
vt 0.360000 0.880000
vn 0.000022 0.694966 -0.719043
v -24.794679 30.374343 -17.038395
vt 0.382812 0.750000
vn 0.000022 0.694966 -0.719043
v -33.059572 30.374789 -17.038395
vt 0.343750 0.750000
vn 0.000022 0.694966 -0.719043
f 3298/3298/3298 3299/3299/3299 3300/3300/3300
v -22.216032 39.541358 -8.178429
vt 0.395000 0.880000
vn 0.000003 0.694961 -0.719048
v -14.810689 39.541350 -8.178429
vt 0.430000 0.880000
vn 0.000003 0.694961 -0.719048
v -16.529786 30.374294 -17.038395
vt 0.421875 0.750000
vn 0.000003 0.694961 -0.719048
f 3301/3301/3301 3302/3302/3302 3303/3303/3303
v -22.216032 39.541358 -8.178429
vt 0.395000 0.880000
vn 0.000003 0.694961 -0.719048
v -16.529786 30.374294 -17.038395
vt 0.421875 0.750000
vn 0.000003 0.694961 -0.719048
v -24.794679 30.374343 -17.038395
vt 0.382812 0.750000
vn 0.000003 0.694961 -0.719048
f 3304/3304/3304 3305/3305/3305 3306/3306/3306
v -14.810689 39.541350 -8.178429
vt 0.430000 0.880000
vn 0.000000 0.694960 -0.719048
v -7.405344 39.541350 -8.178429
vt 0.465000 0.880000
vn 0.000000 0.694960 -0.719048
v -8.264893 30.374293 -17.038395
vt 0.460938 0.750000
vn 0.000000 0.694960 -0.719048
f 3307/3307/3307 3308/3308/3308 3309/3309/3309
v -14.810689 39.541350 -8.178429
vt 0.430000 0.880000
vn 0.000000 0.694960 -0.719048
v -8.264893 30.374293 -17.038395
vt 0.460938 0.750000
vn 0.000000 0.694960 -0.719048
v -16.529786 30.374294 -17.038395
vt 0.421875 0.750000
vn 0.000000 0.694960 -0.719048
f 3310/3310/3310 3311/3311/3311 3312/3312/3312
v -7.405344 39.541350 -8.178429
vt 0.465000 0.880000
vn 0.000000 0.694960 -0.719048
v 0.000000 39.541350 -8.178429
vt 0.500000 0.880000
vn 0.000000 0.694960 -0.719048
v 0.000000 30.374293 -17.038395
vt 0.500000 0.750000
vn 0.000000 0.694960 -0.719048
f 3313/3313/3313 3314/3314/3314 3315/3315/3315
v -7.405344 39.541350 -8.178429
vt 0.465000 0.880000
vn 0.000000 0.694960 -0.719048
v 0.000000 30.374293 -17.038395
vt 0.500000 0.750000
vn 0.000000 0.694960 -0.719048
v -8.264893 30.374293 -17.038395
vt 0.460938 0.750000
vn 0.000000 0.694960 -0.719048
f 3316/3316/3316 3317/3317/3317 3318/3318/3318
v 0.000000 39.541350 -8.178429
vt 0.500000 0.880000
vn 0.000000 0.694960 -0.719048
v 7.405344 39.541350 -8.178429
vt 0.535000 0.880000
vn 0.000000 0.694960 -0.719048
v 8.264893 30.374293 -17.038395
vt 0.539062 0.750000
vn 0.000000 0.694960 -0.719048
f 3319/3319/3319 3320/3320/3320 3321/3321/3321
v 0.000000 39.541350 -8.178429
vt 0.500000 0.880000
vn 0.000000 0.694960 -0.719048
v 8.264893 30.374293 -17.038395
vt 0.539062 0.750000
vn 0.000000 0.694960 -0.719048
v 0.000000 30.374293 -17.038395
vt 0.500000 0.750000
vn 0.000000 0.694960 -0.719048
f 3322/3322/3322 3323/3323/3323 3324/3324/3324
v 7.405344 39.541350 -8.178429
vt 0.535000 0.880000
vn 0.000000 0.694960 -0.719048
v 14.810689 39.541350 -8.178429
vt 0.570000 0.880000
vn 0.000000 0.694960 -0.719048
v 16.529786 30.374294 -17.038395
vt 0.578125 0.750000
vn 0.000000 0.694960 -0.719048
f 3325/3325/3325 3326/3326/3326 3327/3327/3327
v 7.405344 39.541350 -8.178429
vt 0.535000 0.880000
vn 0.000000 0.694960 -0.719048
v 16.529786 30.374294 -17.038395
vt 0.578125 0.750000
vn 0.000000 0.694960 -0.719048
v 8.264893 30.374293 -17.038395
vt 0.539062 0.750000
vn 0.000000 0.694960 -0.719048
f 3328/3328/3328 3329/3329/3329 3330/3330/3330
v 14.810689 39.541350 -8.178429
vt 0.570000 0.880000
vn -0.000003 0.694961 -0.719048
v 22.216032 39.541358 -8.178429
vt 0.605000 0.880000
vn -0.000003 0.694961 -0.719048
v 24.794679 30.374343 -17.038395
vt 0.617188 0.750000
vn -0.000003 0.694961 -0.719048
f 3331/3331/3331 3332/3332/3332 3333/3333/3333
v 14.810689 39.541350 -8.178429
vt 0.570000 0.880000
vn -0.000003 0.694961 -0.719048
v 24.794679 30.374343 -17.038395
vt 0.617188 0.750000
vn -0.000003 0.694961 -0.719048
v 16.529786 30.374294 -17.038395
vt 0.578125 0.750000
vn -0.000003 0.694961 -0.719048
f 3334/3334/3334 3335/3335/3335 3336/3336/3336
v 22.216032 39.541358 -8.178429
vt 0.605000 0.880000
vn -0.000022 0.694966 -0.719043
v 29.621377 39.541408 -8.178429
vt 0.640000 0.880000
vn -0.000022 0.694966 -0.719043
v 33.059572 30.374789 -17.038395
vt 0.656250 0.750000
vn -0.000022 0.694966 -0.719043
f 3337/3337/3337 3338/3338/3338 3339/3339/3339
v 22.216032 39.541358 -8.178429
vt 0.605000 0.880000
vn -0.000022 0.694966 -0.719043
v 33.059572 30.374789 -17.038395
vt 0.656250 0.750000
vn -0.000022 0.694966 -0.719043
v 24.794679 30.374343 -17.038395
vt 0.617188 0.750000
vn -0.000022 0.694966 -0.719043
f 3340/3340/3340 3341/3341/3341 3342/3342/3342
v 29.621377 39.541408 -8.178429
vt 0.640000 0.880000
vn -0.000121 0.694994 -0.719015
v 37.026722 39.541680 -8.178429
vt 0.675000 0.880000
vn -0.000121 0.694994 -0.719015
v 41.324465 30.377253 -17.038395
vt 0.695312 0.750000
vn -0.000121 0.694994 -0.719015
f 3343/3343/3343 3344/3344/3344 3345/3345/3345
v 29.621377 39.541408 -8.178429
vt 0.640000 0.880000
vn -0.000121 0.694994 -0.719015
v 41.324465 30.377253 -17.038395
vt 0.695312 0.750000
vn -0.000121 0.694994 -0.719015
v 33.059572 30.374789 -17.038395
vt 0.656250 0.750000
vn -0.000121 0.694994 -0.719015
f 3346/3346/3346 3347/3347/3347 3348/3348/3348
v 37.026722 39.541680 -8.178429
vt 0.675000 0.880000
vn -0.000481 0.695105 -0.718908
v 44.432065 39.542758 -8.178429
vt 0.710000 0.880000
vn -0.000481 0.695105 -0.718908
v 49.589358 30.387022 -17.038395
vt 0.734375 0.750000
vn -0.000481 0.695105 -0.718908
f 3349/3349/3349 3350/3350/3350 3351/3351/3351
v 37.026722 39.541680 -8.178429
vt 0.675000 0.880000
vn -0.000481 0.695105 -0.718908
v 49.589358 30.387022 -17.038395
vt 0.734375 0.750000
vn -0.000481 0.695105 -0.718908
v 41.324465 30.377253 -17.038395
vt 0.695312 0.750000
vn -0.000481 0.695105 -0.718908
f 3352/3352/3352 3353/3353/3353 3354/3354/3354
v 44.432065 39.542758 -8.178429
vt 0.710000 0.880000
vn -0.001526 0.695463 -0.718561
v 51.837408 39.546185 -8.178429
vt 0.745000 0.880000
vn -0.001526 0.695463 -0.718561
v 57.854251 30.417984 -17.038395
vt 0.773438 0.750000
vn -0.001526 0.695463 -0.718561
f 3355/3355/3355 3356/3356/3356 3357/3357/3357
v 44.432065 39.542758 -8.178429
vt 0.710000 0.880000
vn -0.001526 0.695463 -0.718561
v 57.854251 30.417984 -17.038395
vt 0.773438 0.750000
vn -0.001526 0.695463 -0.718561
v 49.589358 30.387022 -17.038395
vt 0.734375 0.750000
vn -0.001526 0.695463 -0.718561
f 3358/3358/3358 3359/3359/3359 3360/3360/3360
v 51.837408 39.546185 -8.178429
vt 0.745000 0.880000
vn -0.004119 0.696439 -0.717604
v 59.242754 39.555412 -8.178429
vt 0.780000 0.880000
vn -0.004119 0.696439 -0.717604
v 66.119144 30.501445 -17.038395
vt 0.812500 0.750000
vn -0.004119 0.696439 -0.717604
f 3361/3361/3361 3362/3362/3362 3363/3363/3363
v 51.837408 39.546185 -8.178429
vt 0.745000 0.880000
vn -0.004119 0.696439 -0.717604
v 66.119144 30.501445 -17.038395
vt 0.812500 0.750000
vn -0.004119 0.696439 -0.717604
v 57.854251 30.417984 -17.038395
vt 0.773438 0.750000
vn -0.004119 0.696439 -0.717604
f 3364/3364/3364 3365/3365/3365 3366/3366/3366
v -66.119144 30.501445 -17.038395
vt 0.187500 0.750000
vn 0.017978 0.740610 -0.671694
v -57.854251 30.417984 -17.038395
vt 0.226562 0.750000
vn 0.017978 0.740610 -0.671694
v -64.796761 21.197600 -27.261431
vt 0.193750 0.600000
vn 0.017978 0.740610 -0.671694
f 3367/3367/3367 3368/3368/3368 3369/3369/3369
v -66.119144 30.501445 -17.038395
vt 0.187500 0.750000
vn 0.017978 0.740610 -0.671694
v -64.796761 21.197600 -27.261431
vt 0.193750 0.600000
vn 0.017978 0.740610 -0.671694
v -74.053444 21.539458 -27.261431
vt 0.150000 0.600000
vn 0.017978 0.740610 -0.671694
f 3370/3370/3370 3371/3371/3371 3372/3372/3372
v -57.854251 30.417984 -17.038395
vt 0.226562 0.750000
vn 0.006652 0.738747 -0.673950
v -49.589358 30.387022 -17.038395
vt 0.265625 0.750000
vn 0.006652 0.738747 -0.673950
v -55.540079 21.070784 -27.261431
vt 0.237500 0.600000
vn 0.006652 0.738747 -0.673950
f 3373/3373/3373 3374/3374/3374 3375/3375/3375
v -57.854251 30.417984 -17.038395
vt 0.226562 0.750000
vn 0.006652 0.738747 -0.673950
v -55.540079 21.070784 -27.261431
vt 0.237500 0.600000
vn 0.006652 0.738747 -0.673950
v -64.796761 21.197600 -27.261431
vt 0.193750 0.600000
vn 0.006652 0.738747 -0.673950
f 3376/3376/3376 3377/3377/3377 3378/3378/3378
v -49.589358 30.387022 -17.038395
vt 0.265625 0.750000
vn 0.002097 0.738024 -0.674771
v -41.324465 30.377253 -17.038395
vt 0.304688 0.750000
vn 0.002097 0.738024 -0.674771
v -46.283400 21.030769 -27.261431
vt 0.281250 0.600000
vn 0.002097 0.738024 -0.674771
f 3379/3379/3379 3380/3380/3380 3381/3381/3381
v -49.589358 30.387022 -17.038395
vt 0.265625 0.750000
vn 0.002097 0.738024 -0.674771
v -46.283400 21.030769 -27.261431
vt 0.281250 0.600000
vn 0.002097 0.738024 -0.674771
v -55.540079 21.070784 -27.261431
vt 0.237500 0.600000
vn 0.002097 0.738024 -0.674771
f 3382/3382/3382 3383/3383/3383 3384/3384/3384
v -41.324465 30.377253 -17.038395
vt 0.304688 0.750000
vn 0.000529 0.737787 -0.675033
v -33.059572 30.374789 -17.038395
vt 0.343750 0.750000
vn 0.000529 0.737787 -0.675033
v -37.026722 21.020676 -27.261431
vt 0.325000 0.600000
vn 0.000529 0.737787 -0.675033
f 3385/3385/3385 3386/3386/3386 3387/3387/3387
v -41.324465 30.377253 -17.038395
vt 0.304688 0.750000
vn 0.000529 0.737787 -0.675033
v -37.026722 21.020676 -27.261431
vt 0.325000 0.600000
vn 0.000529 0.737787 -0.675033
v -46.283400 21.030769 -27.261431
vt 0.281250 0.600000
vn 0.000529 0.737787 -0.675033
f 3388/3388/3388 3389/3389/3389 3390/3390/3390
v -33.059572 30.374789 -17.038395
vt 0.343750 0.750000
vn 0.000096 0.737724 -0.675102
v -24.794679 30.374343 -17.038395
vt 0.382812 0.750000
vn 0.000096 0.737724 -0.675102
v -27.770040 21.018847 -27.261431
vt 0.368750 0.600000
vn 0.000096 0.737724 -0.675102
f 3391/3391/3391 3392/3392/3392 3393/3393/3393
v -33.059572 30.374789 -17.038395
vt 0.343750 0.750000
vn 0.000096 0.737724 -0.675102
v -27.770040 21.018847 -27.261431
vt 0.368750 0.600000
vn 0.000096 0.737724 -0.675102
v -37.026722 21.020676 -27.261431
vt 0.325000 0.600000
vn 0.000096 0.737724 -0.675102
f 3394/3394/3394 3395/3395/3395 3396/3396/3396
v -24.794679 30.374343 -17.038395
vt 0.382812 0.750000
vn 0.000010 0.737711 -0.675116
v -16.529786 30.374294 -17.038395
vt 0.421875 0.750000
vn 0.000010 0.737711 -0.675116
v -18.513361 21.018651 -27.261431
vt 0.412500 0.600000
vn 0.000010 0.737711 -0.675116
f 3397/3397/3397 3398/3398/3398 3399/3399/3399
v -24.794679 30.374343 -17.038395
vt 0.382812 0.750000
vn 0.000010 0.737711 -0.675116
v -18.513361 21.018651 -27.261431
vt 0.412500 0.600000
vn 0.000010 0.737711 -0.675116
v -27.770040 21.018847 -27.261431
vt 0.368750 0.600000
vn 0.000010 0.737711 -0.675116
f 3400/3400/3400 3401/3401/3401 3402/3402/3402
v -16.529786 30.374294 -17.038395
vt 0.421875 0.750000
vn 0.000001 0.737710 -0.675118
v -8.264893 30.374293 -17.038395
vt 0.460938 0.750000
vn 0.000001 0.737710 -0.675118
v -9.256680 21.018643 -27.261431
vt 0.456250 0.600000
vn 0.000001 0.737710 -0.675118
f 3403/3403/3403 3404/3404/3404 3405/3405/3405
v -16.529786 30.374294 -17.038395
vt 0.421875 0.750000
vn 0.000001 0.737710 -0.675118
v -9.256680 21.018643 -27.261431
vt 0.456250 0.600000
vn 0.000001 0.737710 -0.675118
v -18.513361 21.018651 -27.261431
vt 0.412500 0.600000
vn 0.000001 0.737710 -0.675118
f 3406/3406/3406 3407/3407/3407 3408/3408/3408
v -8.264893 30.374293 -17.038395
vt 0.460938 0.750000
vn 0.000000 0.737710 -0.675118
v 0.000000 30.374293 -17.038395
vt 0.500000 0.750000
vn 0.000000 0.737710 -0.675118
v 0.000000 21.018643 -27.261431
vt 0.500000 0.600000
vn 0.000000 0.737710 -0.675118
f 3409/3409/3409 3410/3410/3410 3411/3411/3411
v -8.264893 30.374293 -17.038395
vt 0.460938 0.750000
vn 0.000000 0.737710 -0.675118
v 0.000000 21.018643 -27.261431
vt 0.500000 0.600000
vn 0.000000 0.737710 -0.675118
v -9.256680 21.018643 -27.261431
vt 0.456250 0.600000
vn 0.000000 0.737710 -0.675118
f 3412/3412/3412 3413/3413/3413 3414/3414/3414
v 0.000000 30.374293 -17.038395
vt 0.500000 0.750000
vn 0.000000 0.737710 -0.675118
v 8.264893 30.374293 -17.038395
vt 0.539062 0.750000
vn 0.000000 0.737710 -0.675118
v 9.256680 21.018643 -27.261431
vt 0.543750 0.600000
vn 0.000000 0.737710 -0.675118
f 3415/3415/3415 3416/3416/3416 3417/3417/3417
v 0.000000 30.374293 -17.038395
vt 0.500000 0.750000
vn 0.000000 0.737710 -0.675118
v 9.256680 21.018643 -27.261431
vt 0.543750 0.600000
vn 0.000000 0.737710 -0.675118
v 0.000000 21.018643 -27.261431
vt 0.500000 0.600000
vn 0.000000 0.737710 -0.675118
f 3418/3418/3418 3419/3419/3419 3420/3420/3420
v 8.264893 30.374293 -17.038395
vt 0.539062 0.750000
vn -0.000001 0.737710 -0.675118
v 16.529786 30.374294 -17.038395
vt 0.578125 0.750000
vn -0.000001 0.737710 -0.675118
v 18.513361 21.018651 -27.261431
vt 0.587500 0.600000
vn -0.000001 0.737710 -0.675118
f 3421/3421/3421 3422/3422/3422 3423/3423/3423
v 8.264893 30.374293 -17.038395
vt 0.539062 0.750000
vn -0.000001 0.737710 -0.675118
v 18.513361 21.018651 -27.261431
vt 0.587500 0.600000
vn -0.000001 0.737710 -0.675118
v 9.256680 21.018643 -27.261431
vt 0.543750 0.600000
vn -0.000001 0.737710 -0.675118
f 3424/3424/3424 3425/3425/3425 3426/3426/3426
v 16.529786 30.374294 -17.038395
vt 0.578125 0.750000
vn -0.000010 0.737711 -0.675116
v 24.794679 30.374343 -17.038395
vt 0.617188 0.750000
vn -0.000010 0.737711 -0.675116
v 27.770040 21.018847 -27.261431
vt 0.631250 0.600000
vn -0.000010 0.737711 -0.675116
f 3427/3427/3427 3428/3428/3428 3429/3429/3429
v 16.529786 30.374294 -17.038395
vt 0.578125 0.750000
vn -0.000010 0.737711 -0.675116
v 27.770040 21.018847 -27.261431
vt 0.631250 0.600000
vn -0.000010 0.737711 -0.675116
v 18.513361 21.018651 -27.261431
vt 0.587500 0.600000
vn -0.000010 0.737711 -0.675116
f 3430/3430/3430 3431/3431/3431 3432/3432/3432
v 24.794679 30.374343 -17.038395
vt 0.617188 0.750000
vn -0.000096 0.737724 -0.675102
v 33.059572 30.374789 -17.038395
vt 0.656250 0.750000
vn -0.000096 0.737724 -0.675102
v 37.026722 21.020676 -27.261431
vt 0.675000 0.600000
vn -0.000096 0.737724 -0.675102
f 3433/3433/3433 3434/3434/3434 3435/3435/3435
v 24.794679 30.374343 -17.038395
vt 0.617188 0.750000
vn -0.000096 0.737724 -0.675102
v 37.026722 21.020676 -27.261431
vt 0.675000 0.600000
vn -0.000096 0.737724 -0.675102
v 27.770040 21.018847 -27.261431
vt 0.631250 0.600000
vn -0.000096 0.737724 -0.675102
f 3436/3436/3436 3437/3437/3437 3438/3438/3438
v 33.059572 30.374789 -17.038395
vt 0.656250 0.750000
vn -0.000529 0.737787 -0.675033
v 41.324465 30.377253 -17.038395
vt 0.695312 0.750000
vn -0.000529 0.737787 -0.675033
v 46.283400 21.030769 -27.261431
vt 0.718750 0.600000
vn -0.000529 0.737787 -0.675033
f 3439/3439/3439 3440/3440/3440 3441/3441/3441
v 33.059572 30.374789 -17.038395
vt 0.656250 0.750000
vn -0.000529 0.737787 -0.675033
v 46.283400 21.030769 -27.261431
vt 0.718750 0.600000
vn -0.000529 0.737787 -0.675033
v 37.026722 21.020676 -27.261431
vt 0.675000 0.600000
vn -0.000529 0.737787 -0.675033
f 3442/3442/3442 3443/3443/3443 3444/3444/3444
v 41.324465 30.377253 -17.038395
vt 0.695312 0.750000
vn -0.002097 0.738024 -0.674771
v 49.589358 30.387022 -17.038395
vt 0.734375 0.750000
vn -0.002097 0.738024 -0.674771
v 55.540079 21.070784 -27.261431
vt 0.762500 0.600000
vn -0.002097 0.738024 -0.674771
f 3445/3445/3445 3446/3446/3446 3447/3447/3447
v 41.324465 30.377253 -17.038395
vt 0.695312 0.750000
vn -0.002097 0.738024 -0.674771
v 55.540079 21.070784 -27.261431
vt 0.762500 0.600000
vn -0.002097 0.738024 -0.674771
v 46.283400 21.030769 -27.261431
vt 0.718750 0.600000
vn -0.002097 0.738024 -0.674771
f 3448/3448/3448 3449/3449/3449 3450/3450/3450
v 49.589358 30.387022 -17.038395
vt 0.734375 0.750000
vn -0.006652 0.738747 -0.673950
v 57.854251 30.417984 -17.038395
vt 0.773438 0.750000
vn -0.006652 0.738747 -0.673950
v 64.796761 21.197600 -27.261431
vt 0.806250 0.600000
vn -0.006652 0.738747 -0.673950
f 3451/3451/3451 3452/3452/3452 3453/3453/3453
v 49.589358 30.387022 -17.038395
vt 0.734375 0.750000
vn -0.006652 0.738747 -0.673950
v 64.796761 21.197600 -27.261431
vt 0.806250 0.600000
vn -0.006652 0.738747 -0.673950
v 55.540079 21.070784 -27.261431
vt 0.762500 0.600000
vn -0.006652 0.738747 -0.673950
f 3454/3454/3454 3455/3455/3455 3456/3456/3456
v 57.854251 30.417984 -17.038395
vt 0.773438 0.750000
vn -0.017978 0.740610 -0.671694
v 66.119144 30.501445 -17.038395
vt 0.812500 0.750000
vn -0.017978 0.740610 -0.671694
v 74.053444 21.539458 -27.261431
vt 0.850000 0.600000
vn -0.017978 0.740610 -0.671694
f 3457/3457/3457 3458/3458/3458 3459/3459/3459
v 57.854251 30.417984 -17.038395
vt 0.773438 0.750000
vn -0.017978 0.740610 -0.671694
v 74.053444 21.539458 -27.261431
vt 0.850000 0.600000
vn -0.017978 0.740610 -0.671694
v 64.796761 21.197600 -27.261431
vt 0.806250 0.600000
vn -0.017978 0.740610 -0.671694
f 3460/3460/3460 3461/3461/3461 3462/3462/3462
v -74.053444 21.539458 -27.261431
vt 0.150000 0.600000
vn 0.049969 0.792048 -0.608411
v -64.796761 21.197600 -27.261431
vt 0.193750 0.600000
vn 0.049969 0.792048 -0.608411
v -71.739272 13.540641 -37.484467
vt 0.160938 0.450000
vn 0.049969 0.792048 -0.608411
f 3463/3463/3463 3464/3464/3464 3465/3465/3465
v -74.053444 21.539458 -27.261431
vt 0.150000 0.600000
vn 0.049969 0.792048 -0.608411
v -71.739272 13.540641 -37.484467
vt 0.160938 0.450000
vn 0.049969 0.792048 -0.608411
v -81.987736 14.429340 -37.484467
vt 0.112500 0.450000
vn 0.049969 0.792048 -0.608411
f 3466/3466/3466 3467/3467/3467 3468/3468/3468
v -64.796761 21.197600 -27.261431
vt 0.193750 0.600000
vn 0.018507 0.790789 -0.611810
v -55.540079 21.070784 -27.261431
vt 0.237500 0.600000
vn 0.018507 0.790789 -0.611810
v -61.490804 13.210967 -37.484467
vt 0.209375 0.450000
vn 0.018507 0.790789 -0.611810
f 3469/3469/3469 3470/3470/3470 3471/3471/3471
v -64.796761 21.197600 -27.261431
vt 0.193750 0.600000
vn 0.018507 0.790789 -0.611810
v -61.490804 13.210967 -37.484467
vt 0.209375 0.450000
vn 0.018507 0.790789 -0.611810
v -71.739272 13.540641 -37.484467
vt 0.160938 0.450000
vn 0.018507 0.790789 -0.611810
f 3472/3472/3472 3473/3473/3473 3474/3474/3474
v -55.540079 21.070784 -27.261431
vt 0.237500 0.600000
vn 0.005834 0.790055 -0.613008
v -46.283400 21.030769 -27.261431
vt 0.281250 0.600000
vn 0.005834 0.790055 -0.613008
v -51.242336 13.106946 -37.484467
vt 0.257812 0.450000
vn 0.005834 0.790055 -0.613008
f 3475/3475/3475 3476/3476/3476 3477/3477/3477
v -55.540079 21.070784 -27.261431
vt 0.237500 0.600000
vn 0.005834 0.790055 -0.613008
v -51.242336 13.106946 -37.484467
vt 0.257812 0.450000
vn 0.005834 0.790055 -0.613008
v -61.490804 13.210967 -37.484467
vt 0.209375 0.450000
vn 0.005834 0.790055 -0.613008
f 3478/3478/3478 3479/3479/3479 3480/3480/3480
v -46.283400 21.030769 -27.261431
vt 0.281250 0.600000
vn 0.001471 0.789765 -0.613408
v -37.026722 21.020676 -27.261431
vt 0.325000 0.600000
vn 0.001471 0.789765 -0.613408
v -40.993868 13.080712 -37.484467
vt 0.306250 0.450000
vn 0.001471 0.789765 -0.613408
f 3481/3481/3481 3482/3482/3482 3483/3483/3483
v -46.283400 21.030769 -27.261431
vt 0.281250 0.600000
vn 0.001471 0.789765 -0.613408
v -40.993868 13.080712 -37.484467
vt 0.306250 0.450000
vn 0.001471 0.789765 -0.613408
v -51.242336 13.106946 -37.484467
vt 0.257812 0.450000
vn 0.001471 0.789765 -0.613408
f 3484/3484/3484 3485/3485/3485 3486/3486/3486
v -37.026722 21.020676 -27.261431
vt 0.325000 0.600000
vn 0.000267 0.789676 -0.613524
v -27.770040 21.018847 -27.261431
vt 0.368750 0.600000
vn 0.000267 0.789676 -0.613524
v -30.745402 13.075952 -37.484467
vt 0.354688 0.450000
vn 0.000267 0.789676 -0.613524
f 3487/3487/3487 3488/3488/3488 3489/3489/3489
v -37.026722 21.020676 -27.261431
vt 0.325000 0.600000
vn 0.000267 0.789676 -0.613524
v -30.745402 13.075952 -37.484467
vt 0.354688 0.450000
vn 0.000267 0.789676 -0.613524
v -40.993868 13.080712 -37.484467
vt 0.306250 0.450000
vn 0.000267 0.789676 -0.613524
f 3490/3490/3490 3491/3491/3491 3492/3492/3492
v -27.770040 21.018847 -27.261431
vt 0.368750 0.600000
vn 0.000029 0.789656 -0.613550
v -18.513361 21.018651 -27.261431
vt 0.412500 0.600000
vn 0.000029 0.789656 -0.613550
v -20.496934 13.075444 -37.484467
vt 0.403125 0.450000
vn 0.000029 0.789656 -0.613550
f 3493/3493/3493 3494/3494/3494 3495/3495/3495
v -27.770040 21.018847 -27.261431
vt 0.368750 0.600000
vn 0.000029 0.789656 -0.613550
v -20.496934 13.075444 -37.484467
vt 0.403125 0.450000
vn 0.000029 0.789656 -0.613550
v -30.745402 13.075952 -37.484467
vt 0.354688 0.450000
vn 0.000029 0.789656 -0.613550
f 3496/3496/3496 3497/3497/3497 3498/3498/3498
v -18.513361 21.018651 -27.261431
vt 0.412500 0.600000
vn 0.000001 0.789653 -0.613554
v -9.256680 21.018643 -27.261431
vt 0.456250 0.600000
vn 0.000001 0.789653 -0.613554
v -10.248467 13.075423 -37.484467
vt 0.451562 0.450000
vn 0.000001 0.789653 -0.613554
f 3499/3499/3499 3500/3500/3500 3501/3501/3501
v -18.513361 21.018651 -27.261431
vt 0.412500 0.600000
vn 0.000001 0.789653 -0.613554
v -10.248467 13.075423 -37.484467
vt 0.451562 0.450000
vn 0.000001 0.789653 -0.613554
v -20.496934 13.075444 -37.484467
vt 0.403125 0.450000
vn 0.000001 0.789653 -0.613554
f 3502/3502/3502 3503/3503/3503 3504/3504/3504
v -9.256680 21.018643 -27.261431
vt 0.456250 0.600000
vn 0.000000 0.789653 -0.613554
v 0.000000 21.018643 -27.261431
vt 0.500000 0.600000
vn 0.000000 0.789653 -0.613554
v 0.000000 13.075423 -37.484467
vt 0.500000 0.450000
vn 0.000000 0.789653 -0.613554
f 3505/3505/3505 3506/3506/3506 3507/3507/3507
v -9.256680 21.018643 -27.261431
vt 0.456250 0.600000
vn 0.000000 0.789653 -0.613554
v 0.000000 13.075423 -37.484467
vt 0.500000 0.450000
vn 0.000000 0.789653 -0.613554
v -10.248467 13.075423 -37.484467
vt 0.451562 0.450000
vn 0.000000 0.789653 -0.613554
f 3508/3508/3508 3509/3509/3509 3510/3510/3510
v 0.000000 21.018643 -27.261431
vt 0.500000 0.600000
vn 0.000000 0.789653 -0.613554
v 9.256680 21.018643 -27.261431
vt 0.543750 0.600000
vn 0.000000 0.789653 -0.613554
v 10.248467 13.075423 -37.484467
vt 0.548437 0.450000
vn 0.000000 0.789653 -0.613554
f 3511/3511/3511 3512/3512/3512 3513/3513/3513
v 0.000000 21.018643 -27.261431
vt 0.500000 0.600000
vn 0.000000 0.789653 -0.613554
v 10.248467 13.075423 -37.484467
vt 0.548437 0.450000
vn 0.000000 0.789653 -0.613554
v 0.000000 13.075423 -37.484467
vt 0.500000 0.450000
vn 0.000000 0.789653 -0.613554
f 3514/3514/3514 3515/3515/3515 3516/3516/3516
v 9.256680 21.018643 -27.261431
vt 0.543750 0.600000
vn -0.000001 0.789653 -0.613554
v 18.513361 21.018651 -27.261431
vt 0.587500 0.600000
vn -0.000001 0.789653 -0.613554
v 20.496934 13.075444 -37.484467
vt 0.596875 0.450000
vn -0.000001 0.789653 -0.613554
f 3517/3517/3517 3518/3518/3518 3519/3519/3519
v 9.256680 21.018643 -27.261431
vt 0.543750 0.600000
vn -0.000001 0.789653 -0.613554
v 20.496934 13.075444 -37.484467
vt 0.596875 0.450000
vn -0.000001 0.789653 -0.613554
v 10.248467 13.075423 -37.484467
vt 0.548437 0.450000
vn -0.000001 0.789653 -0.613554
f 3520/3520/3520 3521/3521/3521 3522/3522/3522
v 18.513361 21.018651 -27.261431
vt 0.587500 0.600000
vn -0.000029 0.789656 -0.613550
v 27.770040 21.018847 -27.261431
vt 0.631250 0.600000
vn -0.000029 0.789656 -0.613550
v 30.745402 13.075952 -37.484467
vt 0.645312 0.450000
vn -0.000029 0.789656 -0.613550
f 3523/3523/3523 3524/3524/3524 3525/3525/3525
v 18.513361 21.018651 -27.261431
vt 0.587500 0.600000
vn -0.000029 0.789656 -0.613550
v 30.745402 13.075952 -37.484467
vt 0.645312 0.450000
vn -0.000029 0.789656 -0.613550
v 20.496934 13.075444 -37.484467
vt 0.596875 0.450000
vn -0.000029 0.789656 -0.613550
f 3526/3526/3526 3527/3527/3527 3528/3528/3528
v 27.770040 21.018847 -27.261431
vt 0.631250 0.600000
vn -0.000267 0.789676 -0.613524
v 37.026722 21.020676 -27.261431
vt 0.675000 0.600000
vn -0.000267 0.789676 -0.613524
v 40.993868 13.080712 -37.484467
vt 0.693750 0.450000
vn -0.000267 0.789676 -0.613524
f 3529/3529/3529 3530/3530/3530 3531/3531/3531
v 27.770040 21.018847 -27.261431
vt 0.631250 0.600000
vn -0.000267 0.789676 -0.613524
v 40.993868 13.080712 -37.484467
vt 0.693750 0.450000
vn -0.000267 0.789676 -0.613524
v 30.745402 13.075952 -37.484467
vt 0.645312 0.450000
vn -0.000267 0.789676 -0.613524
f 3532/3532/3532 3533/3533/3533 3534/3534/3534
v 37.026722 21.020676 -27.261431
vt 0.675000 0.600000
vn -0.001471 0.789765 -0.613408
v 46.283400 21.030769 -27.261431
vt 0.718750 0.600000
vn -0.001471 0.789765 -0.613408
v 51.242336 13.106946 -37.484467
vt 0.742188 0.450000
vn -0.001471 0.789765 -0.613408
f 3535/3535/3535 3536/3536/3536 3537/3537/3537
v 37.026722 21.020676 -27.261431
vt 0.675000 0.600000
vn -0.001471 0.789765 -0.613408
v 51.242336 13.106946 -37.484467
vt 0.742188 0.450000
vn -0.001471 0.789765 -0.613408
v 40.993868 13.080712 -37.484467
vt 0.693750 0.450000
vn -0.001471 0.789765 -0.613408
f 3538/3538/3538 3539/3539/3539 3540/3540/3540
v 46.283400 21.030769 -27.261431
vt 0.718750 0.600000
vn -0.005834 0.790055 -0.613008
v 55.540079 21.070784 -27.261431
vt 0.762500 0.600000
vn -0.005834 0.790055 -0.613008
v 61.490804 13.210967 -37.484467
vt 0.790625 0.450000
vn -0.005834 0.790055 -0.613008
f 3541/3541/3541 3542/3542/3542 3543/3543/3543
v 46.283400 21.030769 -27.261431
vt 0.718750 0.600000
vn -0.005834 0.790055 -0.613008
v 61.490804 13.210967 -37.484467
vt 0.790625 0.450000
vn -0.005834 0.790055 -0.613008
v 51.242336 13.106946 -37.484467
vt 0.742188 0.450000
vn -0.005834 0.790055 -0.613008
f 3544/3544/3544 3545/3545/3545 3546/3546/3546
v 55.540079 21.070784 -27.261431
vt 0.762500 0.600000
vn -0.018507 0.790789 -0.611810
v 64.796761 21.197600 -27.261431
vt 0.806250 0.600000
vn -0.018507 0.790789 -0.611810
v 71.739272 13.540641 -37.484467
vt 0.839063 0.450000
vn -0.018507 0.790789 -0.611810
f 3547/3547/3547 3548/3548/3548 3549/3549/3549
v 55.540079 21.070784 -27.261431
vt 0.762500 0.600000
vn -0.018507 0.790789 -0.611810
v 71.739272 13.540641 -37.484467
vt 0.839063 0.450000
vn -0.018507 0.790789 -0.611810
v 61.490804 13.210967 -37.484467
vt 0.790625 0.450000
vn -0.018507 0.790789 -0.611810
f 3550/3550/3550 3551/3551/3551 3552/3552/3552
v 64.796761 21.197600 -27.261431
vt 0.806250 0.600000
vn -0.049969 0.792048 -0.608411
v 74.053444 21.539458 -27.261431
vt 0.850000 0.600000
vn -0.049969 0.792048 -0.608411
v 81.987736 14.429340 -37.484467
vt 0.887500 0.450000
vn -0.049969 0.792048 -0.608411
f 3553/3553/3553 3554/3554/3554 3555/3555/3555
v 64.796761 21.197600 -27.261431
vt 0.806250 0.600000
vn -0.049969 0.792048 -0.608411
v 81.987736 14.429340 -37.484467
vt 0.887500 0.450000
vn -0.049969 0.792048 -0.608411
v 71.739272 13.540641 -37.484467
vt 0.839063 0.450000
vn -0.049969 0.792048 -0.608411
f 3556/3556/3556 3557/3557/3557 3558/3558/3558
v -81.987736 14.429340 -37.484467
vt 0.112500 0.450000
vn 0.101177 0.841341 -0.530950
v -71.739272 13.540641 -37.484467
vt 0.160938 0.450000
vn 0.101177 0.841341 -0.530950
v -77.756115 8.329151 -46.344435
vt 0.132500 0.320000
vn 0.101177 0.841341 -0.530950
f 3559/3559/3559 3560/3560/3560 3561/3561/3561
v -81.987736 14.429340 -37.484467
vt 0.112500 0.450000
vn 0.101177 0.841341 -0.530950
v -77.756115 8.329151 -46.344435
vt 0.132500 0.320000
vn 0.101177 0.841341 -0.530950
v -88.864130 10.008702 -46.344435
vt 0.080000 0.320000
vn 0.101177 0.841341 -0.530950
f 3562/3562/3562 3563/3563/3563 3564/3564/3564
v -71.739272 13.540641 -37.484467
vt 0.160938 0.450000
vn 0.037669 0.844387 -0.534407
v -61.490804 13.210967 -37.484467
vt 0.209375 0.450000
vn 0.037669 0.844387 -0.534407
v -66.648093 7.706102 -46.344435
vt 0.185000 0.320000
vn 0.037669 0.844387 -0.534407
f 3565/3565/3565 3566/3566/3566 3567/3567/3567
v -71.739272 13.540641 -37.484467
vt 0.160938 0.450000
vn 0.037669 0.844387 -0.534407
v -66.648093 7.706102 -46.344435
vt 0.185000 0.320000
vn 0.037669 0.844387 -0.534407
v -77.756115 8.329151 -46.344435
vt 0.132500 0.320000
vn 0.037669 0.844387 -0.534407
f 3568/3568/3568 3569/3569/3569 3570/3570/3570
v -61.490804 13.210967 -37.484467
vt 0.209375 0.450000
vn 0.011887 0.844484 -0.535449
v -51.242336 13.106946 -37.484467
vt 0.257812 0.450000
vn 0.011887 0.844484 -0.535449
v -55.540079 7.509513 -46.344435
vt 0.237500 0.320000
vn 0.011887 0.844484 -0.535449
f 3571/3571/3571 3572/3572/3572 3573/3573/3573
v -61.490804 13.210967 -37.484467
vt 0.209375 0.450000
vn 0.011887 0.844484 -0.535449
v -55.540079 7.509513 -46.344435
vt 0.237500 0.320000
vn 0.011887 0.844484 -0.535449
v -66.648093 7.706102 -46.344435
vt 0.185000 0.320000
vn 0.011887 0.844484 -0.535449
f 3574/3574/3574 3575/3575/3575 3576/3576/3576
v -51.242336 13.106946 -37.484467
vt 0.257812 0.450000
vn 0.002997 0.844318 -0.535833
v -40.993868 13.080712 -37.484467
vt 0.306250 0.450000
vn 0.002997 0.844318 -0.535833
v -44.432065 7.459931 -46.344435
vt 0.290000 0.320000
vn 0.002997 0.844318 -0.535833
f 3577/3577/3577 3578/3578/3578 3579/3579/3579
v -51.242336 13.106946 -37.484467
vt 0.257812 0.450000
vn 0.002997 0.844318 -0.535833
v -44.432065 7.459931 -46.344435
vt 0.290000 0.320000
vn 0.002997 0.844318 -0.535833
v -55.540079 7.509513 -46.344435
vt 0.237500 0.320000
vn 0.002997 0.844318 -0.535833
f 3580/3580/3580 3581/3581/3581 3582/3582/3582
v -40.993868 13.080712 -37.484467
vt 0.306250 0.450000
vn 0.000544 0.844236 -0.535971
v -30.745402 13.075952 -37.484467
vt 0.354688 0.450000
vn 0.000544 0.844236 -0.535971
v -33.324047 7.450937 -46.344435
vt 0.342500 0.320000
vn 0.000544 0.844236 -0.535971
f 3583/3583/3583 3584/3584/3584 3585/3585/3585
v -40.993868 13.080712 -37.484467
vt 0.306250 0.450000
vn 0.000544 0.844236 -0.535971
v -33.324047 7.450937 -46.344435
vt 0.342500 0.320000
vn 0.000544 0.844236 -0.535971
v -44.432065 7.459931 -46.344435
vt 0.290000 0.320000
vn 0.000544 0.844236 -0.535971
f 3586/3586/3586 3587/3587/3587 3588/3588/3588
v -30.745402 13.075952 -37.484467
vt 0.354688 0.450000
vn 0.000058 0.844212 -0.536009
v -20.496934 13.075444 -37.484467
vt 0.403125 0.450000
vn 0.000058 0.844212 -0.536009
v -22.216032 7.449975 -46.344435
vt 0.395000 0.320000
vn 0.000058 0.844212 -0.536009
f 3589/3589/3589 3590/3590/3590 3591/3591/3591
v -30.745402 13.075952 -37.484467
vt 0.354688 0.450000
vn 0.000058 0.844212 -0.536009
v -22.216032 7.449975 -46.344435
vt 0.395000 0.320000
vn 0.000058 0.844212 -0.536009
v -33.324047 7.450937 -46.344435
vt 0.342500 0.320000
vn 0.000058 0.844212 -0.536009
f 3592/3592/3592 3593/3593/3593 3594/3594/3594
v -20.496934 13.075444 -37.484467
vt 0.403125 0.450000
vn 0.000002 0.844208 -0.536015
v -10.248467 13.075423 -37.484467
vt 0.451562 0.450000
vn 0.000002 0.844208 -0.536015
v -11.108016 7.449937 -46.344435
vt 0.447500 0.320000
vn 0.000002 0.844208 -0.536015
f 3595/3595/3595 3596/3596/3596 3597/3597/3597
v -20.496934 13.075444 -37.484467
vt 0.403125 0.450000
vn 0.000002 0.844208 -0.536015
v -11.108016 7.449937 -46.344435
vt 0.447500 0.320000
vn 0.000002 0.844208 -0.536015
v -22.216032 7.449975 -46.344435
vt 0.395000 0.320000
vn 0.000002 0.844208 -0.536015
f 3598/3598/3598 3599/3599/3599 3600/3600/3600
v -10.248467 13.075423 -37.484467
vt 0.451562 0.450000
vn 0.000000 0.844208 -0.536016
v 0.000000 13.075423 -37.484467
vt 0.500000 0.450000
vn 0.000000 0.844208 -0.536016
v 0.000000 7.449937 -46.344435
vt 0.500000 0.320000
vn 0.000000 0.844208 -0.536016
f 3601/3601/3601 3602/3602/3602 3603/3603/3603
v -10.248467 13.075423 -37.484467
vt 0.451562 0.450000
vn 0.000000 0.844208 -0.536016
v 0.000000 7.449937 -46.344435
vt 0.500000 0.320000
vn 0.000000 0.844208 -0.536016
v -11.108016 7.449937 -46.344435
vt 0.447500 0.320000
vn 0.000000 0.844208 -0.536016
f 3604/3604/3604 3605/3605/3605 3606/3606/3606
v 0.000000 13.075423 -37.484467
vt 0.500000 0.450000
vn 0.000000 0.844208 -0.536016
v 10.248467 13.075423 -37.484467
vt 0.548437 0.450000
vn 0.000000 0.844208 -0.536016
v 11.108016 7.449937 -46.344435
vt 0.552500 0.320000
vn 0.000000 0.844208 -0.536016
f 3607/3607/3607 3608/3608/3608 3609/3609/3609
v 0.000000 13.075423 -37.484467
vt 0.500000 0.450000
vn 0.000000 0.844208 -0.536016
v 11.108016 7.449937 -46.344435
vt 0.552500 0.320000
vn 0.000000 0.844208 -0.536016
v 0.000000 7.449937 -46.344435
vt 0.500000 0.320000
vn 0.000000 0.844208 -0.536016
f 3610/3610/3610 3611/3611/3611 3612/3612/3612
v 10.248467 13.075423 -37.484467
vt 0.548437 0.450000
vn -0.000002 0.844208 -0.536015
v 20.496934 13.075444 -37.484467
vt 0.596875 0.450000
vn -0.000002 0.844208 -0.536015
v 22.216032 7.449975 -46.344435
vt 0.605000 0.320000
vn -0.000002 0.844208 -0.536015
f 3613/3613/3613 3614/3614/3614 3615/3615/3615
v 10.248467 13.075423 -37.484467
vt 0.548437 0.450000
vn -0.000002 0.844208 -0.536015
v 22.216032 7.449975 -46.344435
vt 0.605000 0.320000
vn -0.000002 0.844208 -0.536015
v 11.108016 7.449937 -46.344435
vt 0.552500 0.320000
vn -0.000002 0.844208 -0.536015
f 3616/3616/3616 3617/3617/3617 3618/3618/3618
v 20.496934 13.075444 -37.484467
vt 0.596875 0.450000
vn -0.000058 0.844212 -0.536009
v 30.745402 13.075952 -37.484467
vt 0.645312 0.450000
vn -0.000058 0.844212 -0.536009
v 33.324047 7.450937 -46.344435
vt 0.657500 0.320000
vn -0.000058 0.844212 -0.536009
f 3619/3619/3619 3620/3620/3620 3621/3621/3621
v 20.496934 13.075444 -37.484467
vt 0.596875 0.450000
vn -0.000058 0.844212 -0.536009
v 33.324047 7.450937 -46.344435
vt 0.657500 0.320000
vn -0.000058 0.844212 -0.536009
v 22.216032 7.449975 -46.344435
vt 0.605000 0.320000
vn -0.000058 0.844212 -0.536009
f 3622/3622/3622 3623/3623/3623 3624/3624/3624
v 30.745402 13.075952 -37.484467
vt 0.645312 0.450000
vn -0.000544 0.844236 -0.535971
v 40.993868 13.080712 -37.484467
vt 0.693750 0.450000
vn -0.000544 0.844236 -0.535971
v 44.432065 7.459931 -46.344435
vt 0.710000 0.320000
vn -0.000544 0.844236 -0.535971
f 3625/3625/3625 3626/3626/3626 3627/3627/3627
v 30.745402 13.075952 -37.484467
vt 0.645312 0.450000
vn -0.000544 0.844236 -0.535971
v 44.432065 7.459931 -46.344435
vt 0.710000 0.320000
vn -0.000544 0.844236 -0.535971
v 33.324047 7.450937 -46.344435
vt 0.657500 0.320000
vn -0.000544 0.844236 -0.535971
f 3628/3628/3628 3629/3629/3629 3630/3630/3630
v 40.993868 13.080712 -37.484467
vt 0.693750 0.450000
vn -0.002997 0.844318 -0.535833
v 51.242336 13.106946 -37.484467
vt 0.742188 0.450000
vn -0.002997 0.844318 -0.535833
v 55.540079 7.509513 -46.344435
vt 0.762500 0.320000
vn -0.002997 0.844318 -0.535833
f 3631/3631/3631 3632/3632/3632 3633/3633/3633
v 40.993868 13.080712 -37.484467
vt 0.693750 0.450000
vn -0.002997 0.844318 -0.535833
v 55.540079 7.509513 -46.344435
vt 0.762500 0.320000
vn -0.002997 0.844318 -0.535833
v 44.432065 7.459931 -46.344435
vt 0.710000 0.320000
vn -0.002997 0.844318 -0.535833
f 3634/3634/3634 3635/3635/3635 3636/3636/3636
v 51.242336 13.106946 -37.484467
vt 0.742188 0.450000
vn -0.011887 0.844484 -0.535449
v 61.490804 13.210967 -37.484467
vt 0.790625 0.450000
vn -0.011887 0.844484 -0.535449
v 66.648093 7.706102 -46.344435
vt 0.815000 0.320000
vn -0.011887 0.844484 -0.535449
f 3637/3637/3637 3638/3638/3638 3639/3639/3639
v 51.242336 13.106946 -37.484467
vt 0.742188 0.450000
vn -0.011887 0.844484 -0.535449
v 66.648093 7.706102 -46.344435
vt 0.815000 0.320000
vn -0.011887 0.844484 -0.535449
v 55.540079 7.509513 -46.344435
vt 0.762500 0.320000
vn -0.011887 0.844484 -0.535449
f 3640/3640/3640 3641/3641/3641 3642/3642/3642
v 61.490804 13.210967 -37.484467
vt 0.790625 0.450000
vn -0.037669 0.844387 -0.534407
v 71.739272 13.540641 -37.484467
vt 0.839063 0.450000
vn -0.037669 0.844387 -0.534407
v 77.756115 8.329151 -46.344435
vt 0.867500 0.320000
vn -0.037669 0.844387 -0.534407
f 3643/3643/3643 3644/3644/3644 3645/3645/3645
v 61.490804 13.210967 -37.484467
vt 0.790625 0.450000
vn -0.037669 0.844387 -0.534407
v 77.756115 8.329151 -46.344435
vt 0.867500 0.320000
vn -0.037669 0.844387 -0.534407
v 66.648093 7.706102 -46.344435
vt 0.815000 0.320000
vn -0.037669 0.844387 -0.534407
f 3646/3646/3646 3647/3647/3647 3648/3648/3648
v 71.739272 13.540641 -37.484467
vt 0.839063 0.450000
vn -0.101177 0.841341 -0.530950
v 81.987736 14.429340 -37.484467
vt 0.887500 0.450000
vn -0.101177 0.841341 -0.530950
v 88.864130 10.008702 -46.344435
vt 0.920000 0.320000
vn -0.101177 0.841341 -0.530950
f 3649/3649/3649 3650/3650/3650 3651/3651/3651
v 71.739272 13.540641 -37.484467
vt 0.839063 0.450000
vn -0.101177 0.841341 -0.530950
v 88.864130 10.008702 -46.344435
vt 0.920000 0.320000
vn -0.101177 0.841341 -0.530950
v 77.756115 8.329151 -46.344435
vt 0.867500 0.320000
vn -0.101177 0.841341 -0.530950
f 3652/3652/3652 3653/3653/3653 3654/3654/3654
v -88.864130 10.008702 -46.344435
vt 0.080000 0.320000
vn 0.168494 0.896287 -0.410218
v -77.756115 8.329151 -46.344435
vt 0.132500 0.320000
vn 0.168494 0.896287 -0.410218
v -82.847287 5.446369 -53.841327
vt 0.108438 0.210000
vn 0.168494 0.896287 -0.410218
f 3655/3655/3655 3656/3656/3656 3657/3657/3657
v -88.864130 10.008702 -46.344435
vt 0.080000 0.320000
vn 0.168494 0.896287 -0.410218
v -82.847287 5.446369 -53.841327
vt 0.108438 0.210000
vn 0.168494 0.896287 -0.410218
v -94.682615 8.079957 -53.841327
vt 0.052500 0.210000
vn 0.168494 0.896287 -0.410218
f 3658/3658/3658 3659/3659/3659 3660/3660/3660
v -77.756115 8.329151 -46.344435
vt 0.132500 0.320000
vn 0.063417 0.909366 -0.411134
v -66.648093 7.706102 -46.344435
vt 0.185000 0.320000
vn 0.063417 0.909366 -0.411134
v -71.011958 4.469409 -53.841327
vt 0.164375 0.210000
vn 0.063417 0.909366 -0.411134
f 3661/3661/3661 3662/3662/3662 3663/3663/3663
v -77.756115 8.329151 -46.344435
vt 0.132500 0.320000
vn 0.063417 0.909366 -0.411134
v -71.011958 4.469409 -53.841327
vt 0.164375 0.210000
vn 0.063417 0.909366 -0.411134
v -82.847287 5.446369 -53.841327
vt 0.108438 0.210000
vn 0.063417 0.909366 -0.411134
f 3664/3664/3664 3665/3665/3665 3666/3666/3666
v -66.648093 7.706102 -46.344435
vt 0.185000 0.320000
vn 0.020055 0.911422 -0.410985
v -55.540079 7.509513 -46.344435
vt 0.237500 0.320000
vn 0.020055 0.911422 -0.410985
v -59.176633 4.161150 -53.841327
vt 0.220313 0.210000
vn 0.020055 0.911422 -0.410985
f 3667/3667/3667 3668/3668/3668 3669/3669/3669
v -66.648093 7.706102 -46.344435
vt 0.185000 0.320000
vn 0.020055 0.911422 -0.410985
v -59.176633 4.161150 -53.841327
vt 0.220313 0.210000
vn 0.020055 0.911422 -0.410985
v -71.011958 4.469409 -53.841327
vt 0.164375 0.210000
vn 0.020055 0.911422 -0.410985
f 3670/3670/3670 3671/3671/3671 3672/3672/3672
v -55.540079 7.509513 -46.344435
vt 0.237500 0.320000
vn 0.005059 0.911591 -0.411068
v -44.432065 7.459931 -46.344435
vt 0.290000 0.320000
vn 0.005059 0.911591 -0.411068
v -47.341308 4.083406 -53.841327
vt 0.276250 0.210000
vn 0.005059 0.911591 -0.411068
f 3673/3673/3673 3674/3674/3674 3675/3675/3675
v -55.540079 7.509513 -46.344435
vt 0.237500 0.320000
vn 0.005059 0.911591 -0.411068
v -47.341308 4.083406 -53.841327
vt 0.276250 0.210000
vn 0.005059 0.911591 -0.411068
v -59.176633 4.161150 -53.841327
vt 0.220313 0.210000
vn 0.005059 0.911591 -0.411068
f 3676/3676/3676 3677/3677/3677 3678/3678/3678
v -44.432065 7.459931 -46.344435
vt 0.290000 0.320000
vn 0.000918 0.911555 -0.411178
v -33.324047 7.450937 -46.344435
vt 0.342500 0.320000
vn 0.000918 0.911555 -0.411178
v -35.505979 4.069302 -53.841327
vt 0.332188 0.210000
vn 0.000918 0.911555 -0.411178
f 3679/3679/3679 3680/3680/3680 3681/3681/3681
v -44.432065 7.459931 -46.344435
vt 0.290000 0.320000
vn 0.000918 0.911555 -0.411178
v -35.505979 4.069302 -53.841327
vt 0.332188 0.210000
vn 0.000918 0.911555 -0.411178
v -47.341308 4.083406 -53.841327
vt 0.276250 0.210000
vn 0.000918 0.911555 -0.411178
f 3682/3682/3682 3683/3683/3683 3684/3684/3684
v -33.324047 7.450937 -46.344435
vt 0.342500 0.320000
vn 0.000098 0.911534 -0.411224
v -22.216032 7.449975 -46.344435
vt 0.395000 0.320000
vn 0.000098 0.911534 -0.411224
v -23.670654 4.067794 -53.841327
vt 0.388125 0.210000
vn 0.000098 0.911534 -0.411224
f 3685/3685/3685 3686/3686/3686 3687/3687/3687
v -33.324047 7.450937 -46.344435
vt 0.342500 0.320000
vn 0.000098 0.911534 -0.411224
v -23.670654 4.067794 -53.841327
vt 0.388125 0.210000
vn 0.000098 0.911534 -0.411224
v -35.505979 4.069302 -53.841327
vt 0.332188 0.210000
vn 0.000098 0.911534 -0.411224
f 3688/3688/3688 3689/3689/3689 3690/3690/3690
v -22.216032 7.449975 -46.344435
vt 0.395000 0.320000
vn 0.000004 0.911530 -0.411234
v -11.108016 7.449937 -46.344435
vt 0.447500 0.320000
vn 0.000004 0.911530 -0.411234
v -11.835327 4.067733 -53.841327
vt 0.444063 0.210000
vn 0.000004 0.911530 -0.411234
f 3691/3691/3691 3692/3692/3692 3693/3693/3693
v -22.216032 7.449975 -46.344435
vt 0.395000 0.320000
vn 0.000004 0.911530 -0.411234
v -11.835327 4.067733 -53.841327
vt 0.444063 0.210000
vn 0.000004 0.911530 -0.411234
v -23.670654 4.067794 -53.841327
vt 0.388125 0.210000
vn 0.000004 0.911530 -0.411234
f 3694/3694/3694 3695/3695/3695 3696/3696/3696
v -11.108016 7.449937 -46.344435
vt 0.447500 0.320000
vn 0.000000 0.911530 -0.411234
v 0.000000 7.449937 -46.344435
vt 0.500000 0.320000
vn 0.000000 0.911530 -0.411234
v 0.000000 4.067733 -53.841327
vt 0.500000 0.210000
vn 0.000000 0.911530 -0.411234
f 3697/3697/3697 3698/3698/3698 3699/3699/3699
v -11.108016 7.449937 -46.344435
vt 0.447500 0.320000
vn 0.000000 0.911530 -0.411234
v 0.000000 4.067733 -53.841327
vt 0.500000 0.210000
vn 0.000000 0.911530 -0.411234
v -11.835327 4.067733 -53.841327
vt 0.444063 0.210000
vn 0.000000 0.911530 -0.411234
f 3700/3700/3700 3701/3701/3701 3702/3702/3702
v 0.000000 7.449937 -46.344435
vt 0.500000 0.320000
vn 0.000000 0.911530 -0.411234
v 11.108016 7.449937 -46.344435
vt 0.552500 0.320000
vn 0.000000 0.911530 -0.411234
v 11.835327 4.067733 -53.841327
vt 0.555938 0.210000
vn 0.000000 0.911530 -0.411234
f 3703/3703/3703 3704/3704/3704 3705/3705/3705
v 0.000000 7.449937 -46.344435
vt 0.500000 0.320000
vn 0.000000 0.911530 -0.411234
v 11.835327 4.067733 -53.841327
vt 0.555938 0.210000
vn 0.000000 0.911530 -0.411234
v 0.000000 4.067733 -53.841327
vt 0.500000 0.210000
vn 0.000000 0.911530 -0.411234
f 3706/3706/3706 3707/3707/3707 3708/3708/3708
v 11.108016 7.449937 -46.344435
vt 0.552500 0.320000
vn -0.000004 0.911530 -0.411234
v 22.216032 7.449975 -46.344435
vt 0.605000 0.320000
vn -0.000004 0.911530 -0.411234
v 23.670654 4.067794 -53.841327
vt 0.611875 0.210000
vn -0.000004 0.911530 -0.411234
f 3709/3709/3709 3710/3710/3710 3711/3711/3711
v 11.108016 7.449937 -46.344435
vt 0.552500 0.320000
vn -0.000004 0.911530 -0.411234
v 23.670654 4.067794 -53.841327
vt 0.611875 0.210000
vn -0.000004 0.911530 -0.411234
v 11.835327 4.067733 -53.841327
vt 0.555938 0.210000
vn -0.000004 0.911530 -0.411234
f 3712/3712/3712 3713/3713/3713 3714/3714/3714
v 22.216032 7.449975 -46.344435
vt 0.605000 0.320000
vn -0.000098 0.911534 -0.411224
v 33.324047 7.450937 -46.344435
vt 0.657500 0.320000
vn -0.000098 0.911534 -0.411224
v 35.505979 4.069302 -53.841327
vt 0.667813 0.210000
vn -0.000098 0.911534 -0.411224
f 3715/3715/3715 3716/3716/3716 3717/3717/3717
v 22.216032 7.449975 -46.344435
vt 0.605000 0.320000
vn -0.000098 0.911534 -0.411224
v 35.505979 4.069302 -53.841327
vt 0.667813 0.210000
vn -0.000098 0.911534 -0.411224
v 23.670654 4.067794 -53.841327
vt 0.611875 0.210000
vn -0.000098 0.911534 -0.411224
f 3718/3718/3718 3719/3719/3719 3720/3720/3720
v 33.324047 7.450937 -46.344435
vt 0.657500 0.320000
vn -0.000918 0.911555 -0.411178
v 44.432065 7.459931 -46.344435
vt 0.710000 0.320000
vn -0.000918 0.911555 -0.411178
v 47.341308 4.083406 -53.841327
vt 0.723750 0.210000
vn -0.000918 0.911555 -0.411178
f 3721/3721/3721 3722/3722/3722 3723/3723/3723
v 33.324047 7.450937 -46.344435
vt 0.657500 0.320000
vn -0.000918 0.911555 -0.411178
v 47.341308 4.083406 -53.841327
vt 0.723750 0.210000
vn -0.000918 0.911555 -0.411178
v 35.505979 4.069302 -53.841327
vt 0.667813 0.210000
vn -0.000918 0.911555 -0.411178
f 3724/3724/3724 3725/3725/3725 3726/3726/3726
v 44.432065 7.459931 -46.344435
vt 0.710000 0.320000
vn -0.005059 0.911591 -0.411068
v 55.540079 7.509513 -46.344435
vt 0.762500 0.320000
vn -0.005059 0.911591 -0.411068
v 59.176633 4.161150 -53.841327
vt 0.779688 0.210000
vn -0.005059 0.911591 -0.411068
f 3727/3727/3727 3728/3728/3728 3729/3729/3729
v 44.432065 7.459931 -46.344435
vt 0.710000 0.320000
vn -0.005059 0.911591 -0.411068
v 59.176633 4.161150 -53.841327
vt 0.779688 0.210000
vn -0.005059 0.911591 -0.411068
v 47.341308 4.083406 -53.841327
vt 0.723750 0.210000
vn -0.005059 0.911591 -0.411068
f 3730/3730/3730 3731/3731/3731 3732/3732/3732
v 55.540079 7.509513 -46.344435
vt 0.762500 0.320000
vn -0.020055 0.911422 -0.410985
v 66.648093 7.706102 -46.344435
vt 0.815000 0.320000
vn -0.020055 0.911422 -0.410985
v 71.011958 4.469409 -53.841327
vt 0.835625 0.210000
vn -0.020055 0.911422 -0.410985
f 3733/3733/3733 3734/3734/3734 3735/3735/3735
v 55.540079 7.509513 -46.344435
vt 0.762500 0.320000
vn -0.020055 0.911422 -0.410985
v 71.011958 4.469409 -53.841327
vt 0.835625 0.210000
vn -0.020055 0.911422 -0.410985
v 59.176633 4.161150 -53.841327
vt 0.779688 0.210000
vn -0.020055 0.911422 -0.410985
f 3736/3736/3736 3737/3737/3737 3738/3738/3738
v 66.648093 7.706102 -46.344435
vt 0.815000 0.320000
vn -0.063417 0.909366 -0.411134
v 77.756115 8.329151 -46.344435
vt 0.867500 0.320000
vn -0.063417 0.909366 -0.411134
v 82.847287 5.446369 -53.841327
vt 0.891563 0.210000
vn -0.063417 0.909366 -0.411134
f 3739/3739/3739 3740/3740/3740 3741/3741/3741
v 66.648093 7.706102 -46.344435
vt 0.815000 0.320000
vn -0.063417 0.909366 -0.411134
v 82.847287 5.446369 -53.841327
vt 0.891563 0.210000
vn -0.063417 0.909366 -0.411134
v 71.011958 4.469409 -53.841327
vt 0.835625 0.210000
vn -0.063417 0.909366 -0.411134
f 3742/3742/3742 3743/3743/3743 3744/3744/3744
v 77.756115 8.329151 -46.344435
vt 0.867500 0.320000
vn -0.168494 0.896287 -0.410218
v 88.864130 10.008702 -46.344435
vt 0.920000 0.320000
vn -0.168494 0.896287 -0.410218
v 94.682615 8.079957 -53.841327
vt 0.947500 0.210000
vn -0.168494 0.896287 -0.410218
f 3745/3745/3745 3746/3746/3746 3747/3747/3747
v 77.756115 8.329151 -46.344435
vt 0.867500 0.320000
vn -0.168494 0.896287 -0.410218
v 94.682615 8.079957 -53.841327
vt 0.947500 0.210000
vn -0.168494 0.896287 -0.410218
v 82.847287 5.446369 -53.841327
vt 0.891563 0.210000
vn -0.168494 0.896287 -0.410218
f 3748/3748/3748 3749/3749/3749 3750/3750/3750
v -94.682615 8.079957 -53.841327
vt 0.052500 0.210000
vn 0.247888 0.958796 -0.138786
v -82.847287 5.446369 -53.841327
vt 0.108438 0.210000
vn 0.247888 0.958796 -0.138786
v -87.012794 5.209112 -59.975148
vt 0.088750 0.120000
vn 0.247888 0.958796 -0.138786
f 3751/3751/3751 3752/3752/3752 3753/3753/3753
v -94.682615 8.079957 -53.841327
vt 0.052500 0.210000
vn 0.247888 0.958796 -0.138786
v -87.012794 5.209112 -59.975148
vt 0.088750 0.120000
vn 0.247888 0.958796 -0.138786
v -99.443194 8.849222 -59.975148
vt 0.030000 0.120000
vn 0.247888 0.958796 -0.138786
f 3754/3754/3754 3755/3755/3755 3756/3756/3756
v -82.847287 5.446369 -53.841327
vt 0.108438 0.210000
vn 0.094686 0.987251 -0.127944
v -71.011958 4.469409 -53.841327
vt 0.164375 0.210000
vn 0.094686 0.987251 -0.127944
v -74.582394 3.858771 -59.975148
vt 0.147500 0.120000
vn 0.094686 0.987251 -0.127944
f 3757/3757/3757 3758/3758/3758 3759/3759/3759
v -82.847287 5.446369 -53.841327
vt 0.108438 0.210000
vn 0.094686 0.987251 -0.127944
v -74.582394 3.858771 -59.975148
vt 0.147500 0.120000
vn 0.094686 0.987251 -0.127944
v -87.012794 5.209112 -59.975148
vt 0.088750 0.120000
vn 0.094686 0.987251 -0.127944
f 3760/3760/3760 3761/3761/3761 3762/3762/3762
v -71.011958 4.469409 -53.841327
vt 0.164375 0.210000
vn 0.030014 0.991794 -0.124275
v -59.176633 4.161150 -53.841327
vt 0.220313 0.210000
vn 0.030014 0.991794 -0.124275
v -62.151993 3.432700 -59.975148
vt 0.206250 0.120000
vn 0.030014 0.991794 -0.124275
f 3763/3763/3763 3764/3764/3764 3765/3765/3765
v -71.011958 4.469409 -53.841327
vt 0.164375 0.210000
vn 0.030014 0.991794 -0.124275
v -62.151993 3.432700 -59.975148
vt 0.206250 0.120000
vn 0.030014 0.991794 -0.124275
v -74.582394 3.858771 -59.975148
vt 0.147500 0.120000
vn 0.030014 0.991794 -0.124275
f 3766/3766/3766 3767/3767/3767 3768/3768/3768
v -59.176633 4.161150 -53.841327
vt 0.220313 0.210000
vn 0.007574 0.992309 -0.123556
v -47.341308 4.083406 -53.841327
vt 0.276250 0.210000
vn 0.007574 0.992309 -0.123556
v -49.721597 3.325243 -59.975148
vt 0.265000 0.120000
vn 0.007574 0.992309 -0.123556
f 3769/3769/3769 3770/3770/3770 3771/3771/3771
v -59.176633 4.161150 -53.841327
vt 0.220313 0.210000
vn 0.007574 0.992309 -0.123556
v -49.721597 3.325243 -59.975148
vt 0.265000 0.120000
vn 0.007574 0.992309 -0.123556
v -62.151993 3.432700 -59.975148
vt 0.206250 0.120000
vn 0.007574 0.992309 -0.123556
f 3772/3772/3772 3773/3773/3773 3774/3774/3774
v -47.341308 4.083406 -53.841327
vt 0.276250 0.210000
vn 0.001374 0.992336 -0.123559
v -35.505979 4.069302 -53.841327
vt 0.332188 0.210000
vn 0.001374 0.992336 -0.123559
v -37.291197 3.305749 -59.975148
vt 0.323750 0.120000
vn 0.001374 0.992336 -0.123559
f 3775/3775/3775 3776/3776/3776 3777/3777/3777
v -47.341308 4.083406 -53.841327
vt 0.276250 0.210000
vn 0.001374 0.992336 -0.123559
v -37.291197 3.305749 -59.975148
vt 0.323750 0.120000
vn 0.001374 0.992336 -0.123559
v -49.721597 3.325243 -59.975148
vt 0.265000 0.120000
vn 0.001374 0.992336 -0.123559
f 3778/3778/3778 3779/3779/3779 3780/3780/3780
v -35.505979 4.069302 -53.841327
vt 0.332188 0.210000
vn 0.000147 0.992331 -0.123610
v -23.670654 4.067794 -53.841327
vt 0.388125 0.210000
vn 0.000147 0.992331 -0.123610
v -24.860799 3.303665 -59.975148
vt 0.382500 0.120000
vn 0.000147 0.992331 -0.123610
f 3781/3781/3781 3782/3782/3782 3783/3783/3783
v -35.505979 4.069302 -53.841327
vt 0.332188 0.210000
vn 0.000147 0.992331 -0.123610
v -24.860799 3.303665 -59.975148
vt 0.382500 0.120000
vn 0.000147 0.992331 -0.123610
v -37.291197 3.305749 -59.975148
vt 0.323750 0.120000
vn 0.000147 0.992331 -0.123610
f 3784/3784/3784 3785/3785/3785 3786/3786/3786
v -23.670654 4.067794 -53.841327
vt 0.388125 0.210000
vn 0.000006 0.992329 -0.123624
v -11.835327 4.067733 -53.841327
vt 0.444063 0.210000
vn 0.000006 0.992329 -0.123624
v -12.430399 3.303580 -59.975148
vt 0.441250 0.120000
vn 0.000006 0.992329 -0.123624
f 3787/3787/3787 3788/3788/3788 3789/3789/3789
v -23.670654 4.067794 -53.841327
vt 0.388125 0.210000
vn 0.000006 0.992329 -0.123624
v -12.430399 3.303580 -59.975148
vt 0.441250 0.120000
vn 0.000006 0.992329 -0.123624
v -24.860799 3.303665 -59.975148
vt 0.382500 0.120000
vn 0.000006 0.992329 -0.123624
f 3790/3790/3790 3791/3791/3791 3792/3792/3792
v -11.835327 4.067733 -53.841327
vt 0.444063 0.210000
vn 0.000000 0.992329 -0.123625
v 0.000000 4.067733 -53.841327
vt 0.500000 0.210000
vn 0.000000 0.992329 -0.123625
v 0.000000 3.303580 -59.975148
vt 0.500000 0.120000
vn 0.000000 0.992329 -0.123625
f 3793/3793/3793 3794/3794/3794 3795/3795/3795
v -11.835327 4.067733 -53.841327
vt 0.444063 0.210000
vn 0.000000 0.992329 -0.123625
v 0.000000 3.303580 -59.975148
vt 0.500000 0.120000
vn 0.000000 0.992329 -0.123625
v -12.430399 3.303580 -59.975148
vt 0.441250 0.120000
vn 0.000000 0.992329 -0.123625
f 3796/3796/3796 3797/3797/3797 3798/3798/3798
v 0.000000 4.067733 -53.841327
vt 0.500000 0.210000
vn -0.000000 0.992329 -0.123625
v 11.835327 4.067733 -53.841327
vt 0.555938 0.210000
vn -0.000000 0.992329 -0.123625
v 12.430399 3.303580 -59.975148
vt 0.558750 0.120000
vn -0.000000 0.992329 -0.123625
f 3799/3799/3799 3800/3800/3800 3801/3801/3801
v 0.000000 4.067733 -53.841327
vt 0.500000 0.210000
vn -0.000000 0.992329 -0.123625
v 12.430399 3.303580 -59.975148
vt 0.558750 0.120000
vn -0.000000 0.992329 -0.123625
v 0.000000 3.303580 -59.975148
vt 0.500000 0.120000
vn -0.000000 0.992329 -0.123625
f 3802/3802/3802 3803/3803/3803 3804/3804/3804
v 11.835327 4.067733 -53.841327
vt 0.555938 0.210000
vn -0.000006 0.992329 -0.123624
v 23.670654 4.067794 -53.841327
vt 0.611875 0.210000
vn -0.000006 0.992329 -0.123624
v 24.860799 3.303665 -59.975148
vt 0.617500 0.120000
vn -0.000006 0.992329 -0.123624
f 3805/3805/3805 3806/3806/3806 3807/3807/3807
v 11.835327 4.067733 -53.841327
vt 0.555938 0.210000
vn -0.000006 0.992329 -0.123624
v 24.860799 3.303665 -59.975148
vt 0.617500 0.120000
vn -0.000006 0.992329 -0.123624
v 12.430399 3.303580 -59.975148
vt 0.558750 0.120000
vn -0.000006 0.992329 -0.123624
f 3808/3808/3808 3809/3809/3809 3810/3810/3810
v 23.670654 4.067794 -53.841327
vt 0.611875 0.210000
vn -0.000147 0.992331 -0.123610
v 35.505979 4.069302 -53.841327
vt 0.667813 0.210000
vn -0.000147 0.992331 -0.123610
v 37.291197 3.305749 -59.975148
vt 0.676250 0.120000
vn -0.000147 0.992331 -0.123610
f 3811/3811/3811 3812/3812/3812 3813/3813/3813
v 23.670654 4.067794 -53.841327
vt 0.611875 0.210000
vn -0.000147 0.992331 -0.123610
v 37.291197 3.305749 -59.975148
vt 0.676250 0.120000
vn -0.000147 0.992331 -0.123610
v 24.860799 3.303665 -59.975148
vt 0.617500 0.120000
vn -0.000147 0.992331 -0.123610
f 3814/3814/3814 3815/3815/3815 3816/3816/3816
v 35.505979 4.069302 -53.841327
vt 0.667813 0.210000
vn -0.001374 0.992336 -0.123559
v 47.341308 4.083406 -53.841327
vt 0.723750 0.210000
vn -0.001374 0.992336 -0.123559
v 49.721597 3.325243 -59.975148
vt 0.735000 0.120000
vn -0.001374 0.992336 -0.123559
f 3817/3817/3817 3818/3818/3818 3819/3819/3819
v 35.505979 4.069302 -53.841327
vt 0.667813 0.210000
vn -0.001374 0.992336 -0.123559
v 49.721597 3.325243 -59.975148
vt 0.735000 0.120000
vn -0.001374 0.992336 -0.123559
v 37.291197 3.305749 -59.975148
vt 0.676250 0.120000
vn -0.001374 0.992336 -0.123559
f 3820/3820/3820 3821/3821/3821 3822/3822/3822
v 47.341308 4.083406 -53.841327
vt 0.723750 0.210000
vn -0.007574 0.992309 -0.123556
v 59.176633 4.161150 -53.841327
vt 0.779688 0.210000
vn -0.007574 0.992309 -0.123556
v 62.151993 3.432700 -59.975148
vt 0.793750 0.120000
vn -0.007574 0.992309 -0.123556
f 3823/3823/3823 3824/3824/3824 3825/3825/3825
v 47.341308 4.083406 -53.841327
vt 0.723750 0.210000
vn -0.007574 0.992309 -0.123556
v 62.151993 3.432700 -59.975148
vt 0.793750 0.120000
vn -0.007574 0.992309 -0.123556
v 49.721597 3.325243 -59.975148
vt 0.735000 0.120000
vn -0.007574 0.992309 -0.123556
f 3826/3826/3826 3827/3827/3827 3828/3828/3828
v 59.176633 4.161150 -53.841327
vt 0.779688 0.210000
vn -0.030014 0.991794 -0.124275
v 71.011958 4.469409 -53.841327
vt 0.835625 0.210000
vn -0.030014 0.991794 -0.124275
v 74.582394 3.858771 -59.975148
vt 0.852500 0.120000
vn -0.030014 0.991794 -0.124275
f 3829/3829/3829 3830/3830/3830 3831/3831/3831
v 59.176633 4.161150 -53.841327
vt 0.779688 0.210000
vn -0.030014 0.991794 -0.124275
v 74.582394 3.858771 -59.975148
vt 0.852500 0.120000
vn -0.030014 0.991794 -0.124275
v 62.151993 3.432700 -59.975148
vt 0.793750 0.120000
vn -0.030014 0.991794 -0.124275
f 3832/3832/3832 3833/3833/3833 3834/3834/3834
v 71.011958 4.469409 -53.841327
vt 0.835625 0.210000
vn -0.094686 0.987251 -0.127944
v 82.847287 5.446369 -53.841327
vt 0.891563 0.210000
vn -0.094686 0.987251 -0.127944
v 87.012794 5.209112 -59.975148
vt 0.911250 0.120000
vn -0.094686 0.987251 -0.127944
f 3835/3835/3835 3836/3836/3836 3837/3837/3837
v 71.011958 4.469409 -53.841327
vt 0.835625 0.210000
vn -0.094686 0.987251 -0.127944
v 87.012794 5.209112 -59.975148
vt 0.911250 0.120000
vn -0.094686 0.987251 -0.127944
v 74.582394 3.858771 -59.975148
vt 0.852500 0.120000
vn -0.094686 0.987251 -0.127944
f 3838/3838/3838 3839/3839/3839 3840/3840/3840
v 82.847287 5.446369 -53.841327
vt 0.891563 0.210000
vn -0.247888 0.958796 -0.138786
v 94.682615 8.079957 -53.841327
vt 0.947500 0.210000
vn -0.247888 0.958796 -0.138786
v 99.443194 8.849222 -59.975148
vt 0.970000 0.120000
vn -0.247888 0.958796 -0.138786
f 3841/3841/3841 3842/3842/3842 3843/3843/3843
v 82.847287 5.446369 -53.841327
vt 0.891563 0.210000
vn -0.247888 0.958796 -0.138786
v 99.443194 8.849222 -59.975148
vt 0.970000 0.120000
vn -0.247888 0.958796 -0.138786
v 87.012794 5.209112 -59.975148
vt 0.911250 0.120000
vn -0.247888 0.958796 -0.138786
f 3844/3844/3844 3845/3845/3845 3846/3846/3846
v -99.443194 8.849222 -59.975148
vt 0.030000 0.120000
vn 0.306137 0.943149 0.129418
v -87.012794 5.209112 -59.975148
vt 0.088750 0.120000
vn 0.306137 0.943149 0.129418
v -90.252629 6.520687 -64.745901
vt 0.073437 0.050000
vn 0.306137 0.943149 0.129418
f 3847/3847/3847 3848/3848/3848 3849/3849/3849
v -99.443194 8.849222 -59.975148
vt 0.030000 0.120000
vn 0.306137 0.943149 0.129418
v -90.252629 6.520687 -64.745901
vt 0.073437 0.050000
vn 0.306137 0.943149 0.129418
v -103.145865 11.100390 -64.745901
vt 0.012500 0.050000
vn 0.306137 0.943149 0.129418
f 3850/3850/3850 3851/3851/3851 3852/3852/3852
v -87.012794 5.209112 -59.975148
vt 0.088750 0.120000
vn 0.118022 0.980161 0.159236
v -74.582394 3.858771 -59.975148
vt 0.147500 0.120000
vn 0.118022 0.980161 0.159236
v -77.359401 4.821792 -64.745901
vt 0.134375 0.050000
vn 0.118022 0.980161 0.159236
f 3853/3853/3853 3854/3854/3854 3855/3855/3855
v -87.012794 5.209112 -59.975148
vt 0.088750 0.120000
vn 0.118022 0.980161 0.159236
v -77.359401 4.821792 -64.745901
vt 0.134375 0.050000
vn 0.118022 0.980161 0.159236
v -90.252629 6.520687 -64.745901
vt 0.073437 0.050000
vn 0.118022 0.980161 0.159236
f 3856/3856/3856 3857/3857/3857 3858/3858/3858
v -74.582394 3.858771 -59.975148
vt 0.147500 0.120000
vn 0.037429 0.985155 0.167536
v -62.151993 3.432700 -59.975148
vt 0.206250 0.120000
vn 0.037429 0.985155 0.167536
v -64.466165 4.285743 -64.745901
vt 0.195312 0.050000
vn 0.037429 0.985155 0.167536
f 3859/3859/3859 3860/3860/3860 3861/3861/3861
v -74.582394 3.858771 -59.975148
vt 0.147500 0.120000
vn 0.037429 0.985155 0.167536
v -64.466165 4.285743 -64.745901
vt 0.195312 0.050000
vn 0.037429 0.985155 0.167536
v -77.359401 4.821792 -64.745901
vt 0.134375 0.050000
vn 0.037429 0.985155 0.167536
f 3862/3862/3862 3863/3863/3863 3864/3864/3864
v -62.151993 3.432700 -59.975148
vt 0.206250 0.120000
vn 0.009443 0.985531 0.169232
v -49.721597 3.325243 -59.975148
vt 0.265000 0.120000
vn 0.009443 0.985531 0.169232
v -51.572933 4.150549 -64.745901
vt 0.256250 0.050000
vn 0.009443 0.985531 0.169232
f 3865/3865/3865 3866/3866/3866 3867/3867/3867
v -62.151993 3.432700 -59.975148
vt 0.206250 0.120000
vn 0.009443 0.985531 0.169232
v -51.572933 4.150549 -64.745901
vt 0.256250 0.050000
vn 0.009443 0.985531 0.169232
v -64.466165 4.285743 -64.745901
vt 0.195312 0.050000
vn 0.009443 0.985531 0.169232
f 3868/3868/3868 3869/3869/3869 3870/3870/3870
v -49.721597 3.325243 -59.975148
vt 0.265000 0.120000
vn 0.001713 0.985547 0.169391
v -37.291197 3.305749 -59.975148
vt 0.323750 0.120000
vn 0.001713 0.985547 0.169391
v -38.679701 4.126023 -64.745901
vt 0.317187 0.050000
vn 0.001713 0.985547 0.169391
f 3871/3871/3871 3872/3872/3872 3873/3873/3873
v -49.721597 3.325243 -59.975148
vt 0.265000 0.120000
vn 0.001713 0.985547 0.169391
v -38.679701 4.126023 -64.745901
vt 0.317187 0.050000
vn 0.001713 0.985547 0.169391
v -51.572933 4.150549 -64.745901
vt 0.256250 0.050000
vn 0.001713 0.985547 0.169391
f 3874/3874/3874 3875/3875/3875 3876/3876/3876
v -37.291197 3.305749 -59.975148
vt 0.323750 0.120000
vn 0.000183 0.985555 0.169355
v -24.860799 3.303665 -59.975148
vt 0.382500 0.120000
vn 0.000183 0.985555 0.169355
v -25.786466 4.123401 -64.745901
vt 0.378125 0.050000
vn 0.000183 0.985555 0.169355
f 3877/3877/3877 3878/3878/3878 3879/3879/3879
v -37.291197 3.305749 -59.975148
vt 0.323750 0.120000
vn 0.000183 0.985555 0.169355
v -25.786466 4.123401 -64.745901
vt 0.378125 0.050000
vn 0.000183 0.985555 0.169355
v -38.679701 4.126023 -64.745901
vt 0.317187 0.050000
vn 0.000183 0.985555 0.169355
f 3880/3880/3880 3881/3881/3881 3882/3882/3882
v -24.860799 3.303665 -59.975148
vt 0.382500 0.120000
vn 0.000007 0.985558 0.169340
v -12.430399 3.303580 -59.975148
vt 0.441250 0.120000
vn 0.000007 0.985558 0.169340
v -12.893233 4.123295 -64.745901
vt 0.439063 0.050000
vn 0.000007 0.985558 0.169340
f 3883/3883/3883 3884/3884/3884 3885/3885/3885
v -24.860799 3.303665 -59.975148
vt 0.382500 0.120000
vn 0.000007 0.985558 0.169340
v -12.893233 4.123295 -64.745901
vt 0.439063 0.050000
vn 0.000007 0.985558 0.169340
v -25.786466 4.123401 -64.745901
vt 0.378125 0.050000
vn 0.000007 0.985558 0.169340
f 3886/3886/3886 3887/3887/3887 3888/3888/3888
v -12.430399 3.303580 -59.975148
vt 0.441250 0.120000
vn 0.000000 0.985558 0.169339
v 0.000000 3.303580 -59.975148
vt 0.500000 0.120000
vn 0.000000 0.985558 0.169339
v 0.000000 4.123295 -64.745901
vt 0.500000 0.050000
vn 0.000000 0.985558 0.169339
f 3889/3889/3889 3890/3890/3890 3891/3891/3891
v -12.430399 3.303580 -59.975148
vt 0.441250 0.120000
vn 0.000000 0.985558 0.169339
v 0.000000 4.123295 -64.745901
vt 0.500000 0.050000
vn 0.000000 0.985558 0.169339
v -12.893233 4.123295 -64.745901
vt 0.439063 0.050000
vn 0.000000 0.985558 0.169339
f 3892/3892/3892 3893/3893/3893 3894/3894/3894
v 0.000000 3.303580 -59.975148
vt 0.500000 0.120000
vn -0.000000 0.985558 0.169339
v 12.430399 3.303580 -59.975148
vt 0.558750 0.120000
vn -0.000000 0.985558 0.169339
v 12.893233 4.123295 -64.745901
vt 0.560938 0.050000
vn -0.000000 0.985558 0.169339
f 3895/3895/3895 3896/3896/3896 3897/3897/3897
v 0.000000 3.303580 -59.975148
vt 0.500000 0.120000
vn -0.000000 0.985558 0.169339
v 12.893233 4.123295 -64.745901
vt 0.560938 0.050000
vn -0.000000 0.985558 0.169339
v 0.000000 4.123295 -64.745901
vt 0.500000 0.050000
vn -0.000000 0.985558 0.169339
f 3898/3898/3898 3899/3899/3899 3900/3900/3900
v 12.430399 3.303580 -59.975148
vt 0.558750 0.120000
vn -0.000007 0.985558 0.169340
v 24.860799 3.303665 -59.975148
vt 0.617500 0.120000
vn -0.000007 0.985558 0.169340
v 25.786466 4.123401 -64.745901
vt 0.621875 0.050000
vn -0.000007 0.985558 0.169340
f 3901/3901/3901 3902/3902/3902 3903/3903/3903
v 12.430399 3.303580 -59.975148
vt 0.558750 0.120000
vn -0.000007 0.985558 0.169340
v 25.786466 4.123401 -64.745901
vt 0.621875 0.050000
vn -0.000007 0.985558 0.169340
v 12.893233 4.123295 -64.745901
vt 0.560938 0.050000
vn -0.000007 0.985558 0.169340
f 3904/3904/3904 3905/3905/3905 3906/3906/3906
v 24.860799 3.303665 -59.975148
vt 0.617500 0.120000
vn -0.000183 0.985555 0.169354
v 37.291197 3.305749 -59.975148
vt 0.676250 0.120000
vn -0.000183 0.985555 0.169354
v 38.679701 4.126023 -64.745901
vt 0.682813 0.050000
vn -0.000183 0.985555 0.169354
f 3907/3907/3907 3908/3908/3908 3909/3909/3909
v 24.860799 3.303665 -59.975148
vt 0.617500 0.120000
vn -0.000183 0.985555 0.169354
v 38.679701 4.126023 -64.745901
vt 0.682813 0.050000
vn -0.000183 0.985555 0.169354
v 25.786466 4.123401 -64.745901
vt 0.621875 0.050000
vn -0.000183 0.985555 0.169354
f 3910/3910/3910 3911/3911/3911 3912/3912/3912
v 37.291197 3.305749 -59.975148
vt 0.676250 0.120000
vn -0.001713 0.985547 0.169391
v 49.721597 3.325243 -59.975148
vt 0.735000 0.120000
vn -0.001713 0.985547 0.169391
v 51.572933 4.150549 -64.745901
vt 0.743750 0.050000
vn -0.001713 0.985547 0.169391
f 3913/3913/3913 3914/3914/3914 3915/3915/3915
v 37.291197 3.305749 -59.975148
vt 0.676250 0.120000
vn -0.001713 0.985547 0.169391
v 51.572933 4.150549 -64.745901
vt 0.743750 0.050000
vn -0.001713 0.985547 0.169391
v 38.679701 4.126023 -64.745901
vt 0.682813 0.050000
vn -0.001713 0.985547 0.169391
f 3916/3916/3916 3917/3917/3917 3918/3918/3918
v 49.721597 3.325243 -59.975148
vt 0.735000 0.120000
vn -0.009443 0.985531 0.169232
v 62.151993 3.432700 -59.975148
vt 0.793750 0.120000
vn -0.009443 0.985531 0.169232
v 64.466165 4.285743 -64.745901
vt 0.804688 0.050000
vn -0.009443 0.985531 0.169232
f 3919/3919/3919 3920/3920/3920 3921/3921/3921
v 49.721597 3.325243 -59.975148
vt 0.735000 0.120000
vn -0.009443 0.985531 0.169232
v 64.466165 4.285743 -64.745901
vt 0.804688 0.050000
vn -0.009443 0.985531 0.169232
v 51.572933 4.150549 -64.745901
vt 0.743750 0.050000
vn -0.009443 0.985531 0.169232
f 3922/3922/3922 3923/3923/3923 3924/3924/3924
v 62.151993 3.432700 -59.975148
vt 0.793750 0.120000
vn -0.037429 0.985155 0.167536
v 74.582394 3.858771 -59.975148
vt 0.852500 0.120000
vn -0.037429 0.985155 0.167536
v 77.359401 4.821792 -64.745901
vt 0.865625 0.050000
vn -0.037429 0.985155 0.167536
f 3925/3925/3925 3926/3926/3926 3927/3927/3927
v 62.151993 3.432700 -59.975148
vt 0.793750 0.120000
vn -0.037429 0.985155 0.167536
v 77.359401 4.821792 -64.745901
vt 0.865625 0.050000
vn -0.037429 0.985155 0.167536
v 64.466165 4.285743 -64.745901
vt 0.804688 0.050000
vn -0.037429 0.985155 0.167536
f 3928/3928/3928 3929/3929/3929 3930/3930/3930
v 74.582394 3.858771 -59.975148
vt 0.852500 0.120000
vn -0.118022 0.980161 0.159236
v 87.012794 5.209112 -59.975148
vt 0.911250 0.120000
vn -0.118022 0.980161 0.159236
v 90.252629 6.520687 -64.745901
vt 0.926562 0.050000
vn -0.118022 0.980161 0.159236
f 3931/3931/3931 3932/3932/3932 3933/3933/3933
v 74.582394 3.858771 -59.975148
vt 0.852500 0.120000
vn -0.118022 0.980161 0.159236
v 90.252629 6.520687 -64.745901
vt 0.926562 0.050000
vn -0.118022 0.980161 0.159236
v 77.359401 4.821792 -64.745901
vt 0.865625 0.050000
vn -0.118022 0.980161 0.159236
f 3934/3934/3934 3935/3935/3935 3936/3936/3936
v 87.012794 5.209112 -59.975148
vt 0.911250 0.120000
vn -0.306137 0.943150 0.129417
v 99.443194 8.849222 -59.975148
vt 0.970000 0.120000
vn -0.306137 0.943150 0.129417
v 103.145865 11.100390 -64.745901
vt 0.987500 0.050000
vn -0.306137 0.943150 0.129417
f 3937/3937/3937 3938/3938/3938 3939/3939/3939
v 87.012794 5.209112 -59.975148
vt 0.911250 0.120000
vn -0.306137 0.943150 0.129417
v 103.145865 11.100390 -64.745901
vt 0.987500 0.050000
vn -0.306137 0.943150 0.129417
v 90.252629 6.520687 -64.745901
vt 0.926562 0.050000
vn -0.306137 0.943150 0.129417
f 3940/3940/3940 3941/3941/3941 3942/3942/3942
v -103.145865 11.100390 -64.745901
vt 0.012500 0.050000
vn 0.334214 0.879798 0.338020
v -90.252629 6.520687 -64.745901
vt 0.073437 0.050000
vn 0.334214 0.879798 0.338020
v -92.566801 8.390897 -68.153579
vt 0.062500 0.000000
vn 0.334214 0.879798 0.338020
f 3943/3943/3943 3944/3944/3944 3945/3945/3945
v -103.145865 11.100390 -64.745901
vt 0.012500 0.050000
vn 0.334214 0.879798 0.338020
v -92.566801 8.390897 -68.153579
vt 0.062500 0.000000
vn 0.334214 0.879798 0.338020
v -105.790630 13.732438 -68.153579
vt 0.000000 0.000000
vn 0.334214 0.879798 0.338020
f 3946/3946/3946 3947/3947/3947 3948/3948/3948
v -90.252629 6.520687 -64.745901
vt 0.073437 0.050000
vn 0.128910 0.914781 0.382829
v -77.359401 4.821792 -64.745901
vt 0.134375 0.050000
vn 0.128910 0.914781 0.382829
v -79.342972 6.409390 -68.153579
vt 0.125000 0.000000
vn 0.128910 0.914781 0.382829
f 3949/3949/3949 3950/3950/3950 3951/3951/3951
v -90.252629 6.520687 -64.745901
vt 0.073437 0.050000
vn 0.128910 0.914781 0.382829
v -79.342972 6.409390 -68.153579
vt 0.125000 0.000000
vn 0.128910 0.914781 0.382829
v -92.566801 8.390897 -68.153579
vt 0.062500 0.000000
vn 0.128910 0.914781 0.382829
f 3952/3952/3952 3953/3953/3953 3954/3954/3954
v -77.359401 4.821792 -64.745901
vt 0.134375 0.050000
vn 0.040827 0.918210 0.393985
v -64.466165 4.285743 -64.745901
vt 0.195312 0.050000
vn 0.040827 0.918210 0.393985
v -66.119144 5.784168 -68.153579
vt 0.187500 0.000000
vn 0.040827 0.918210 0.393985
f 3955/3955/3955 3956/3956/3956 3957/3957/3957
v -77.359401 4.821792 -64.745901
vt 0.134375 0.050000
vn 0.040827 0.918210 0.393985
v -66.119144 5.784168 -68.153579
vt 0.187500 0.000000
vn 0.040827 0.918210 0.393985
v -79.342972 6.409390 -68.153579
vt 0.125000 0.000000
vn 0.040827 0.918210 0.393985
f 3958/3958/3958 3959/3959/3959 3960/3960/3960
v -64.466165 4.285743 -64.745901
vt 0.195312 0.050000
vn 0.010296 0.918111 0.396189
v -51.572933 4.150549 -64.745901
vt 0.256250 0.050000
vn 0.010296 0.918111 0.396189
v -52.895315 5.626485 -68.153579
vt 0.250000 0.000000
vn 0.010296 0.918111 0.396189
f 3961/3961/3961 3962/3962/3962 3963/3963/3963
v -64.466165 4.285743 -64.745901
vt 0.195312 0.050000
vn 0.010296 0.918111 0.396189
v -52.895315 5.626485 -68.153579
vt 0.250000 0.000000
vn 0.010296 0.918111 0.396189
v -66.119144 5.784168 -68.153579
vt 0.187500 0.000000
vn 0.010296 0.918111 0.396189
f 3964/3964/3964 3965/3965/3965 3966/3966/3966
v -51.572933 4.150549 -64.745901
vt 0.256250 0.050000
vn 0.001868 0.918056 0.396445
v -38.679701 4.126023 -64.745901
vt 0.317187 0.050000
vn 0.001868 0.918056 0.396445
v -39.671486 5.597879 -68.153579
vt 0.312500 0.000000
vn 0.001868 0.918056 0.396445
f 3967/3967/3967 3968/3968/3968 3969/3969/3969
v -51.572933 4.150549 -64.745901
vt 0.256250 0.050000
vn 0.001868 0.918056 0.396445
v -39.671486 5.597879 -68.153579
vt 0.312500 0.000000
vn 0.001868 0.918056 0.396445
v -52.895315 5.626485 -68.153579
vt 0.250000 0.000000
vn 0.001868 0.918056 0.396445
f 3970/3970/3970 3971/3971/3971 3972/3972/3972
v -38.679701 4.126023 -64.745901
vt 0.317187 0.050000
vn 0.000200 0.918066 0.396427
v -25.786466 4.123401 -64.745901
vt 0.378125 0.050000
vn 0.000200 0.918066 0.396427
v -26.447657 5.594821 -68.153579
vt 0.375000 0.000000
vn 0.000200 0.918066 0.396427
f 3973/3973/3973 3974/3974/3974 3975/3975/3975
v -38.679701 4.126023 -64.745901
vt 0.317187 0.050000
vn 0.000200 0.918066 0.396427
v -26.447657 5.594821 -68.153579
vt 0.375000 0.000000
vn 0.000200 0.918066 0.396427
v -39.671486 5.597879 -68.153579
vt 0.312500 0.000000
vn 0.000200 0.918066 0.396427
f 3976/3976/3976 3977/3977/3977 3978/3978/3978
v -25.786466 4.123401 -64.745901
vt 0.378125 0.050000
vn 0.000008 0.918071 0.396416
v -12.893233 4.123295 -64.745901
vt 0.439063 0.050000
vn 0.000008 0.918071 0.396416
v -13.223829 5.594697 -68.153579
vt 0.437500 0.000000
vn 0.000008 0.918071 0.396416
f 3979/3979/3979 3980/3980/3980 3981/3981/3981
v -25.786466 4.123401 -64.745901
vt 0.378125 0.050000
vn 0.000008 0.918071 0.396416
v -13.223829 5.594697 -68.153579
vt 0.437500 0.000000
vn 0.000008 0.918071 0.396416
v -26.447657 5.594821 -68.153579
vt 0.375000 0.000000
vn 0.000008 0.918071 0.396416
f 3982/3982/3982 3983/3983/3983 3984/3984/3984
v -12.893233 4.123295 -64.745901
vt 0.439063 0.050000
vn 0.000000 0.918072 0.396414
v 0.000000 4.123295 -64.745901
vt 0.500000 0.050000
vn 0.000000 0.918072 0.396414
v 0.000000 5.594697 -68.153579
vt 0.500000 0.000000
vn 0.000000 0.918072 0.396414
f 3985/3985/3985 3986/3986/3986 3987/3987/3987
v -12.893233 4.123295 -64.745901
vt 0.439063 0.050000
vn 0.000000 0.918072 0.396414
v 0.000000 5.594697 -68.153579
vt 0.500000 0.000000
vn 0.000000 0.918072 0.396414
v -13.223829 5.594697 -68.153579
vt 0.437500 0.000000
vn 0.000000 0.918072 0.396414
f 3988/3988/3988 3989/3989/3989 3990/3990/3990
v 0.000000 4.123295 -64.745901
vt 0.500000 0.050000
vn -0.000000 0.918072 0.396414
v 12.893233 4.123295 -64.745901
vt 0.560938 0.050000
vn -0.000000 0.918072 0.396414
v 13.223829 5.594697 -68.153579
vt 0.562500 0.000000
vn -0.000000 0.918072 0.396414
f 3991/3991/3991 3992/3992/3992 3993/3993/3993
v 0.000000 4.123295 -64.745901
vt 0.500000 0.050000
vn -0.000000 0.918072 0.396414
v 13.223829 5.594697 -68.153579
vt 0.562500 0.000000
vn -0.000000 0.918072 0.396414
v 0.000000 5.594697 -68.153579
vt 0.500000 0.000000
vn -0.000000 0.918072 0.396414
f 3994/3994/3994 3995/3995/3995 3996/3996/3996
v 12.893233 4.123295 -64.745901
vt 0.560938 0.050000
vn -0.000008 0.918071 0.396416
v 25.786466 4.123401 -64.745901
vt 0.621875 0.050000
vn -0.000008 0.918071 0.396416
v 26.447657 5.594821 -68.153579
vt 0.625000 0.000000
vn -0.000008 0.918071 0.396416
f 3997/3997/3997 3998/3998/3998 3999/3999/3999
v 12.893233 4.123295 -64.745901
vt 0.560938 0.050000
vn -0.000008 0.918071 0.396416
v 26.447657 5.594821 -68.153579
vt 0.625000 0.000000
vn -0.000008 0.918071 0.396416
v 13.223829 5.594697 -68.153579
vt 0.562500 0.000000
vn -0.000008 0.918071 0.396416
f 4000/4000/4000 4001/4001/4001 4002/4002/4002
v 25.786466 4.123401 -64.745901
vt 0.621875 0.050000
vn -0.000200 0.918066 0.396427
v 38.679701 4.126023 -64.745901
vt 0.682813 0.050000
vn -0.000200 0.918066 0.396427
v 39.671486 5.597879 -68.153579
vt 0.687500 0.000000
vn -0.000200 0.918066 0.396427
f 4003/4003/4003 4004/4004/4004 4005/4005/4005
v 25.786466 4.123401 -64.745901
vt 0.621875 0.050000
vn -0.000200 0.918066 0.396427
v 39.671486 5.597879 -68.153579
vt 0.687500 0.000000
vn -0.000200 0.918066 0.396427
v 26.447657 5.594821 -68.153579
vt 0.625000 0.000000
vn -0.000200 0.918066 0.396427
f 4006/4006/4006 4007/4007/4007 4008/4008/4008
v 38.679701 4.126023 -64.745901
vt 0.682813 0.050000
vn -0.001868 0.918056 0.396445
v 51.572933 4.150549 -64.745901
vt 0.743750 0.050000
vn -0.001868 0.918056 0.396445
v 52.895315 5.626485 -68.153579
vt 0.750000 0.000000
vn -0.001868 0.918056 0.396445
f 4009/4009/4009 4010/4010/4010 4011/4011/4011
v 38.679701 4.126023 -64.745901
vt 0.682813 0.050000
vn -0.001868 0.918056 0.396445
v 52.895315 5.626485 -68.153579
vt 0.750000 0.000000
vn -0.001868 0.918056 0.396445
v 39.671486 5.597879 -68.153579
vt 0.687500 0.000000
vn -0.001868 0.918056 0.396445
f 4012/4012/4012 4013/4013/4013 4014/4014/4014
v 51.572933 4.150549 -64.745901
vt 0.743750 0.050000
vn -0.010296 0.918111 0.396189
v 64.466165 4.285743 -64.745901
vt 0.804688 0.050000
vn -0.010296 0.918111 0.396189
v 66.119144 5.784168 -68.153579
vt 0.812500 0.000000
vn -0.010296 0.918111 0.396189
f 4015/4015/4015 4016/4016/4016 4017/4017/4017
v 51.572933 4.150549 -64.745901
vt 0.743750 0.050000
vn -0.010296 0.918111 0.396189
v 66.119144 5.784168 -68.153579
vt 0.812500 0.000000
vn -0.010296 0.918111 0.396189
v 52.895315 5.626485 -68.153579
vt 0.750000 0.000000
vn -0.010296 0.918111 0.396189
f 4018/4018/4018 4019/4019/4019 4020/4020/4020
v 64.466165 4.285743 -64.745901
vt 0.804688 0.050000
vn -0.040827 0.918210 0.393985
v 77.359401 4.821792 -64.745901
vt 0.865625 0.050000
vn -0.040827 0.918210 0.393985
v 79.342972 6.409390 -68.153579
vt 0.875000 0.000000
vn -0.040827 0.918210 0.393985
f 4021/4021/4021 4022/4022/4022 4023/4023/4023
v 64.466165 4.285743 -64.745901
vt 0.804688 0.050000
vn -0.040827 0.918210 0.393985
v 79.342972 6.409390 -68.153579
vt 0.875000 0.000000
vn -0.040827 0.918210 0.393985
v 66.119144 5.784168 -68.153579
vt 0.812500 0.000000
vn -0.040827 0.918210 0.393985
f 4024/4024/4024 4025/4025/4025 4026/4026/4026
v 77.359401 4.821792 -64.745901
vt 0.865625 0.050000
vn -0.128910 0.914781 0.382829
v 90.252629 6.520687 -64.745901
vt 0.926562 0.050000
vn -0.128910 0.914781 0.382829
v 92.566801 8.390897 -68.153579
vt 0.937500 0.000000
vn -0.128910 0.914781 0.382829
f 4027/4027/4027 4028/4028/4028 4029/4029/4029
v 77.359401 4.821792 -64.745901
vt 0.865625 0.050000
vn -0.128910 0.914781 0.382829
v 92.566801 8.390897 -68.153579
vt 0.937500 0.000000
vn -0.128910 0.914781 0.382829
v 79.342972 6.409390 -68.153579
vt 0.875000 0.000000
vn -0.128910 0.914781 0.382829
f 4030/4030/4030 4031/4031/4031 4032/4032/4032
v 90.252629 6.520687 -64.745901
vt 0.926562 0.050000
vn -0.334214 0.879797 0.338020
v 103.145865 11.100390 -64.745901
vt 0.987500 0.050000
vn -0.334214 0.879797 0.338020
v 105.790630 13.732438 -68.153579
vt 1.000000 0.000000
vn -0.334214 0.879797 0.338020
f 4033/4033/4033 4034/4034/4034 4035/4035/4035
v 90.252629 6.520687 -64.745901
vt 0.926562 0.050000
vn -0.334214 0.879797 0.338020
v 105.790630 13.732438 -68.153579
vt 1.000000 0.000000
vn -0.334214 0.879797 0.338020
v 92.566801 8.390897 -68.153579
vt 0.937500 0.000000
vn -0.334214 0.879797 0.338020
f 4036/4036/4036 4037/4037/4037 4038/4038/4038
o Raised_central_ridge
usemtl Photographed tiles
v -56.964185 57.879683 2.746488
vt 0.000000 0.000000
vn -0.276950 -0.267415 -0.922924
v -55.570245 59.231913 1.942060
vt 0.000000 0.125000
vn -0.276950 -0.267415 -0.922924
v -51.742730 55.248360 1.942060
vt 0.035714 0.125000
vn -0.276950 -0.267415 -0.922924
f 4039/4039/4039 4040/4040/4040 4041/4041/4041
v -56.964185 57.879683 2.746488
vt 0.000000 0.000000
vn -0.276950 -0.267415 -0.922924
v -51.742730 55.248360 1.942060
vt 0.035714 0.125000
vn -0.276950 -0.267415 -0.922924
v -52.895315 53.685301 2.746488
vt 0.035714 0.000000
vn -0.276950 -0.267415 -0.922924
f 4042/4042/4042 4043/4043/4043 4044/4044/4044
v -55.570245 59.231913 1.942060
vt 0.000000 0.125000
vn -0.667590 -0.640078 -0.380294
v -54.992853 59.792026 0.000000
vt 0.000000 0.250000
vn -0.667590 -0.640078 -0.380294
v -51.265316 55.895797 0.000000
vt 0.035714 0.250000
vn -0.667590 -0.640078 -0.380294
f 4045/4045/4045 4046/4046/4046 4047/4047/4047
v -55.570245 59.231913 1.942060
vt 0.000000 0.125000
vn -0.667590 -0.640078 -0.380294
v -51.265316 55.895797 0.000000
vt 0.035714 0.250000
vn -0.667590 -0.640078 -0.380294
v -51.742730 55.248360 1.942060
vt 0.035714 0.125000
vn -0.667590 -0.640078 -0.380294
f 4048/4048/4048 4049/4049/4049 4050/4050/4050
v -54.992853 59.792026 0.000000
vt 0.000000 0.250000
vn -0.667590 -0.640078 0.380294
v -55.570245 59.231913 -1.942060
vt 0.000000 0.375000
vn -0.667590 -0.640078 0.380294
v -51.742730 55.248360 -1.942060
vt 0.035714 0.375000
vn -0.667590 -0.640078 0.380294
f 4051/4051/4051 4052/4052/4052 4053/4053/4053
v -54.992853 59.792026 0.000000
vt 0.000000 0.250000
vn -0.667590 -0.640078 0.380294
v -51.742730 55.248360 -1.942060
vt 0.035714 0.375000
vn -0.667590 -0.640078 0.380294
v -51.265316 55.895797 0.000000
vt 0.035714 0.250000
vn -0.667590 -0.640078 0.380294
f 4054/4054/4054 4055/4055/4055 4056/4056/4056
v -55.570245 59.231913 -1.942060
vt 0.000000 0.375000
vn -0.276950 -0.267415 0.922924
v -56.964185 57.879683 -2.746488
vt 0.000000 0.500000
vn -0.276950 -0.267415 0.922924
v -52.895315 53.685301 -2.746488
vt 0.035714 0.500000
vn -0.276950 -0.267415 0.922924
f 4057/4057/4057 4058/4058/4058 4059/4059/4059
v -55.570245 59.231913 -1.942060
vt 0.000000 0.375000
vn -0.276950 -0.267415 0.922924
v -52.895315 53.685301 -2.746488
vt 0.035714 0.500000
vn -0.276950 -0.267415 0.922924
v -51.742730 55.248360 -1.942060
vt 0.035714 0.375000
vn -0.276950 -0.267415 0.922924
f 4060/4060/4060 4061/4061/4061 4062/4062/4062
v -56.964185 57.879683 -2.746488
vt 0.000000 0.500000
vn 0.275648 0.268581 0.922975
v -58.358125 56.527453 -1.942060
vt 0.000000 0.625000
vn 0.275648 0.268581 0.922975
v -54.047899 52.122243 -1.942060
vt 0.035714 0.625000
vn 0.275648 0.268581 0.922975
f 4063/4063/4063 4064/4064/4064 4065/4065/4065
v -56.964185 57.879683 -2.746488
vt 0.000000 0.500000
vn 0.275648 0.268581 0.922975
v -54.047899 52.122243 -1.942060
vt 0.035714 0.625000
vn 0.275648 0.268581 0.922975
v -52.895315 53.685301 -2.746488
vt 0.035714 0.500000
vn 0.275648 0.268581 0.922975
f 4066/4066/4066 4067/4067/4067 4068/4068/4068
v -58.358125 56.527453 -1.942060
vt 0.000000 0.625000
vn 0.660440 0.647279 0.380590
v -58.935518 55.967340 -0.000000
vt 0.000000 0.750000
vn 0.660440 0.647279 0.380590
v -54.525314 51.474806 -0.000000
vt 0.035714 0.750000
vn 0.660440 0.647279 0.380590
f 4069/4069/4069 4070/4070/4070 4071/4071/4071
v -58.358125 56.527453 -1.942060
vt 0.000000 0.625000
vn 0.660440 0.647279 0.380590
v -54.525314 51.474806 -0.000000
vt 0.035714 0.750000
vn 0.660440 0.647279 0.380590
v -54.047899 52.122243 -1.942060
vt 0.035714 0.625000
vn 0.660440 0.647279 0.380590
f 4072/4072/4072 4073/4073/4073 4074/4074/4074
v -58.935518 55.967340 -0.000000
vt 0.000000 0.750000
vn 0.660439 0.647279 -0.380592
v -58.358125 56.527453 1.942060
vt 0.000000 0.875000
vn 0.660439 0.647279 -0.380592
v -54.047899 52.122243 1.942060
vt 0.035714 0.875000
vn 0.660439 0.647279 -0.380592
f 4075/4075/4075 4076/4076/4076 4077/4077/4077
v -58.935518 55.967340 -0.000000
vt 0.000000 0.750000
vn 0.660439 0.647279 -0.380592
v -54.047899 52.122243 1.942060
vt 0.035714 0.875000
vn 0.660439 0.647279 -0.380592
v -54.525314 51.474806 -0.000000
vt 0.035714 0.750000
vn 0.660439 0.647279 -0.380592
f 4078/4078/4078 4079/4079/4079 4080/4080/4080
v -58.358125 56.527453 1.942060
vt 0.000000 0.875000
vn 0.275648 0.268581 -0.922975
v -56.964185 57.879683 2.746488
vt 0.000000 1.000000
vn 0.275648 0.268581 -0.922975
v -52.895315 53.685301 2.746488
vt 0.035714 1.000000
vn 0.275648 0.268581 -0.922975
f 4081/4081/4081 4082/4082/4082 4083/4083/4083
v -58.358125 56.527453 1.942060
vt 0.000000 0.875000
vn 0.275648 0.268581 -0.922975
v -52.895315 53.685301 2.746488
vt 0.035714 1.000000
vn 0.275648 0.268581 -0.922975
v -54.047899 52.122243 1.942060
vt 0.035714 0.875000
vn 0.275648 0.268581 -0.922975
f 4084/4084/4084 4085/4085/4085 4086/4086/4086
v -52.895315 53.685301 2.746488
vt 0.035714 0.000000
vn -0.155930 -0.355029 -0.921759
v -51.742730 55.248360 1.942060
vt 0.035714 0.125000
vn -0.155930 -0.355029 -0.921759
v -48.249475 53.733356 1.942060
vt 0.071429 0.125000
vn -0.155930 -0.355029 -0.921759
f 4087/4087/4087 4088/4088/4088 4089/4089/4089
v -52.895315 53.685301 2.746488
vt 0.035714 0.000000
vn -0.155930 -0.355029 -0.921759
v -48.249475 53.733356 1.942060
vt 0.071429 0.125000
vn -0.155930 -0.355029 -0.921759
v -48.826444 51.878982 2.746488
vt 0.071429 0.000000
vn -0.155930 -0.355029 -0.921759
f 4090/4090/4090 4091/4091/4091 4092/4092/4092
v -51.742730 55.248360 1.942060
vt 0.035714 0.125000
vn -0.366611 -0.850338 -0.377520
v -51.265316 55.895797 0.000000
vt 0.035714 0.250000
vn -0.366611 -0.850338 -0.377520
v -48.010487 54.501465 0.000000
vt 0.071429 0.250000
vn -0.366611 -0.850338 -0.377520
f 4093/4093/4093 4094/4094/4094 4095/4095/4095
v -51.742730 55.248360 1.942060
vt 0.035714 0.125000
vn -0.366611 -0.850338 -0.377520
v -48.010487 54.501465 0.000000
vt 0.071429 0.250000
vn -0.366611 -0.850338 -0.377520
v -48.249475 53.733356 1.942060
vt 0.071429 0.125000
vn -0.366611 -0.850338 -0.377520
f 4096/4096/4096 4097/4097/4097 4098/4098/4098
v -51.265316 55.895797 0.000000
vt 0.035714 0.250000
vn -0.366611 -0.850338 0.377520
v -51.742730 55.248360 -1.942060
vt 0.035714 0.375000
vn -0.366611 -0.850338 0.377520
v -48.249475 53.733356 -1.942060
vt 0.071429 0.375000
vn -0.366611 -0.850338 0.377520
f 4099/4099/4099 4100/4100/4100 4101/4101/4101
v -51.265316 55.895797 0.000000
vt 0.035714 0.250000
vn -0.366611 -0.850338 0.377520
v -48.249475 53.733356 -1.942060
vt 0.071429 0.375000
vn -0.366611 -0.850338 0.377520
v -48.010487 54.501465 0.000000
vt 0.071429 0.250000
vn -0.366611 -0.850338 0.377520
f 4102/4102/4102 4103/4103/4103 4104/4104/4104
v -51.742730 55.248360 -1.942060
vt 0.035714 0.375000
vn -0.155930 -0.355029 0.921759
v -52.895315 53.685301 -2.746488
vt 0.035714 0.500000
vn -0.155930 -0.355029 0.921759
v -48.826444 51.878982 -2.746488
vt 0.071429 0.500000
vn -0.155930 -0.355029 0.921759
f 4105/4105/4105 4106/4106/4106 4107/4107/4107
v -51.742730 55.248360 -1.942060
vt 0.035714 0.375000
vn -0.155930 -0.355029 0.921759
v -48.826444 51.878982 -2.746488
vt 0.071429 0.500000
vn -0.155930 -0.355029 0.921759
v -48.249475 53.733356 -1.942060
vt 0.071429 0.375000
vn -0.155930 -0.355029 0.921759
f 4108/4108/4108 4109/4109/4109 4110/4110/4110
v -52.895315 53.685301 -2.746488
vt 0.035714 0.500000
vn 0.158497 0.353755 0.921812
v -54.047899 52.122243 -1.942060
vt 0.035714 0.625000
vn 0.158497 0.353755 0.921812
v -49.403414 50.024608 -1.942060
vt 0.071429 0.625000
vn 0.158497 0.353755 0.921812
f 4111/4111/4111 4112/4112/4112 4113/4113/4113
v -52.895315 53.685301 -2.746488
vt 0.035714 0.500000
vn 0.158497 0.353755 0.921812
v -49.403414 50.024608 -1.942060
vt 0.071429 0.625000
vn 0.158497 0.353755 0.921812
v -48.826444 51.878982 -2.746488
vt 0.071429 0.500000
vn 0.158497 0.353755 0.921812
f 4114/4114/4114 4115/4115/4115 4116/4116/4116
v -54.047899 52.122243 -1.942060
vt 0.035714 0.625000
vn 0.382051 0.843375 0.377830
v -54.525314 51.474806 -0.000000
vt 0.035714 0.750000
vn 0.382051 0.843375 0.377830
v -49.642402 49.256499 -0.000000
vt 0.071429 0.750000
vn 0.382051 0.843375 0.377830
f 4117/4117/4117 4118/4118/4118 4119/4119/4119
v -54.047899 52.122243 -1.942060
vt 0.035714 0.625000
vn 0.382051 0.843375 0.377830
v -49.642402 49.256499 -0.000000
vt 0.071429 0.750000
vn 0.382051 0.843375 0.377830
v -49.403414 50.024608 -1.942060
vt 0.071429 0.625000
vn 0.382051 0.843375 0.377830
f 4120/4120/4120 4121/4121/4121 4122/4122/4122
v -54.525314 51.474806 -0.000000
vt 0.035714 0.750000
vn 0.382051 0.843375 -0.377831
v -54.047899 52.122243 1.942060
vt 0.035714 0.875000
vn 0.382051 0.843375 -0.377831
v -49.403414 50.024608 1.942060
vt 0.071429 0.875000
vn 0.382051 0.843375 -0.377831
f 4123/4123/4123 4124/4124/4124 4125/4125/4125
v -54.525314 51.474806 -0.000000
vt 0.035714 0.750000
vn 0.382051 0.843375 -0.377831
v -49.403414 50.024608 1.942060
vt 0.071429 0.875000
vn 0.382051 0.843375 -0.377831
v -49.642402 49.256499 -0.000000
vt 0.071429 0.750000
vn 0.382051 0.843375 -0.377831
f 4126/4126/4126 4127/4127/4127 4128/4128/4128
v -54.047899 52.122243 1.942060
vt 0.035714 0.875000
vn 0.158497 0.353755 -0.921812
v -52.895315 53.685301 2.746488
vt 0.035714 1.000000
vn 0.158497 0.353755 -0.921812
v -48.826444 51.878982 2.746488
vt 0.071429 1.000000
vn 0.158497 0.353755 -0.921812
f 4129/4129/4129 4130/4130/4130 4131/4131/4131
v -54.047899 52.122243 1.942060
vt 0.035714 0.875000
vn 0.158497 0.353755 -0.921812
v -48.826444 51.878982 2.746488
vt 0.071429 1.000000
vn 0.158497 0.353755 -0.921812
v -49.403414 50.024608 1.942060
vt 0.071429 0.875000
vn 0.158497 0.353755 -0.921812
f 4132/4132/4132 4133/4133/4133 4134/4134/4134
v -48.826444 51.878982 2.746488
vt 0.071429 0.000000
vn -0.066874 -0.378367 -0.923237
v -48.249475 53.733356 1.942060
vt 0.071429 0.125000
vn -0.066874 -0.378367 -0.923237
v -44.522055 53.081057 1.942060
vt 0.107143 0.125000
vn -0.066874 -0.378367 -0.923237
f 4135/4135/4135 4136/4136/4136 4137/4137/4137
v -48.826444 51.878982 2.746488
vt 0.071429 0.000000
vn -0.066874 -0.378367 -0.923237
v -44.522055 53.081057 1.942060
vt 0.107143 0.125000
vn -0.066874 -0.378367 -0.923237
v -44.757574 51.153332 2.746488
vt 0.107143 0.000000
vn -0.066874 -0.378367 -0.923237
f 4138/4138/4138 4139/4139/4139 4140/4140/4140
v -48.249475 53.733356 1.942060
vt 0.071429 0.125000
vn -0.158689 -0.910809 -0.381111
v -48.010487 54.501465 0.000000
vt 0.071429 0.250000
vn -0.158689 -0.910809 -0.381111
v -44.424498 53.879549 0.000000
vt 0.107143 0.250000
vn -0.158689 -0.910809 -0.381111
f 4141/4141/4141 4142/4142/4142 4143/4143/4143
v -48.249475 53.733356 1.942060
vt 0.071429 0.125000
vn -0.158689 -0.910809 -0.381111
v -44.424498 53.879549 0.000000
vt 0.107143 0.250000
vn -0.158689 -0.910809 -0.381111
v -44.522055 53.081057 1.942060
vt 0.107143 0.125000
vn -0.158689 -0.910809 -0.381111
f 4144/4144/4144 4145/4145/4145 4146/4146/4146
v -48.010487 54.501465 0.000000
vt 0.071429 0.250000
vn -0.158689 -0.910809 0.381111
v -48.249475 53.733356 -1.942060
vt 0.071429 0.375000
vn -0.158689 -0.910809 0.381111
v -44.522055 53.081057 -1.942060
vt 0.107143 0.375000
vn -0.158689 -0.910809 0.381111
f 4147/4147/4147 4148/4148/4148 4149/4149/4149
v -48.010487 54.501465 0.000000
vt 0.071429 0.250000
vn -0.158689 -0.910809 0.381111
v -44.522055 53.081057 -1.942060
vt 0.107143 0.375000
vn -0.158689 -0.910809 0.381111
v -44.424498 53.879549 0.000000
vt 0.107143 0.250000
vn -0.158689 -0.910809 0.381111
f 4150/4150/4150 4151/4151/4151 4152/4152/4152
v -48.249475 53.733356 -1.942060
vt 0.071429 0.375000
vn -0.066874 -0.378366 0.923237
v -48.826444 51.878982 -2.746488
vt 0.071429 0.500000
vn -0.066874 -0.378366 0.923237
v -44.757574 51.153332 -2.746488
vt 0.107143 0.500000
vn -0.066874 -0.378366 0.923237
f 4153/4153/4153 4154/4154/4154 4155/4155/4155
v -48.249475 53.733356 -1.942060
vt 0.071429 0.375000
vn -0.066874 -0.378366 0.923237
v -44.757574 51.153332 -2.746488
vt 0.107143 0.500000
vn -0.066874 -0.378366 0.923237
v -44.522055 53.081057 -1.942060
vt 0.107143 0.375000
vn -0.066874 -0.378366 0.923237
f 4156/4156/4156 4157/4157/4157 4158/4158/4158
v -48.826444 51.878982 -2.746488
vt 0.071429 0.500000
vn 0.067993 0.378133 0.923251
v -49.403414 50.024608 -1.942060
vt 0.071429 0.625000
vn 0.067993 0.378133 0.923251
v -44.993094 49.225607 -1.942060
vt 0.107143 0.625000
vn 0.067993 0.378133 0.923251
f 4159/4159/4159 4160/4160/4160 4161/4161/4161
v -48.826444 51.878982 -2.746488
vt 0.071429 0.500000
vn 0.067993 0.378133 0.923251
v -44.993094 49.225607 -1.942060
vt 0.107143 0.625000
vn 0.067993 0.378133 0.923251
v -44.757574 51.153332 -2.746488
vt 0.107143 0.500000
vn 0.067993 0.378133 0.923251
f 4162/4162/4162 4163/4163/4163 4164/4164/4164
v -49.403414 50.024608 -1.942060
vt 0.071429 0.625000
vn 0.165273 0.909602 0.381195
v -49.642402 49.256499 -0.000000
vt 0.071429 0.750000
vn 0.165273 0.909602 0.381195
v -45.090650 48.427115 -0.000000
vt 0.107143 0.750000
vn 0.165273 0.909602 0.381195
f 4165/4165/4165 4166/4166/4166 4167/4167/4167
v -49.403414 50.024608 -1.942060
vt 0.071429 0.625000
vn 0.165273 0.909602 0.381195
v -45.090650 48.427115 -0.000000
vt 0.107143 0.750000
vn 0.165273 0.909602 0.381195
v -44.993094 49.225607 -1.942060
vt 0.107143 0.625000
vn 0.165273 0.909602 0.381195
f 4168/4168/4168 4169/4169/4169 4170/4170/4170
v -49.642402 49.256499 -0.000000
vt 0.071429 0.750000
vn 0.165273 0.909602 -0.381195
v -49.403414 50.024608 1.942060
vt 0.071429 0.875000
vn 0.165273 0.909602 -0.381195
v -44.993094 49.225607 1.942060
vt 0.107143 0.875000
vn 0.165273 0.909602 -0.381195
f 4171/4171/4171 4172/4172/4172 4173/4173/4173
v -49.642402 49.256499 -0.000000
vt 0.071429 0.750000
vn 0.165273 0.909602 -0.381195
v -44.993094 49.225607 1.942060
vt 0.107143 0.875000
vn 0.165273 0.909602 -0.381195
v -45.090650 48.427115 -0.000000
vt 0.107143 0.750000
vn 0.165273 0.909602 -0.381195
f 4174/4174/4174 4175/4175/4175 4176/4176/4176
v -49.403414 50.024608 1.942060
vt 0.071429 0.875000
vn 0.067993 0.378133 -0.923251
v -48.826444 51.878982 2.746488
vt 0.071429 1.000000
vn 0.067993 0.378133 -0.923251
v -44.757574 51.153332 2.746488
vt 0.107143 1.000000
vn 0.067993 0.378133 -0.923251
f 4177/4177/4177 4178/4178/4178 4179/4179/4179
v -49.403414 50.024608 1.942060
vt 0.071429 0.875000
vn 0.067993 0.378133 -0.923251
v -44.757574 51.153332 2.746488
vt 0.107143 1.000000
vn 0.067993 0.378133 -0.923251
v -44.993094 49.225607 1.942060
vt 0.107143 0.875000
vn 0.067993 0.378133 -0.923251
f 4180/4180/4180 4181/4181/4181 4182/4182/4182
v -44.757574 51.153332 2.746488
vt 0.107143 0.000000
vn -0.025103 -0.382154 -0.923758
v -44.522055 53.081057 1.942060
vt 0.107143 0.125000
vn -0.025103 -0.382154 -0.923758
v -40.603184 52.824933 1.942060
vt 0.142857 0.125000
vn -0.025103 -0.382154 -0.923758
f 4183/4183/4183 4184/4184/4184 4185/4185/4185
v -44.757574 51.153332 2.746488
vt 0.107143 0.000000
vn -0.025103 -0.382154 -0.923758
v -40.603184 52.824933 1.942060
vt 0.142857 0.125000
vn -0.025103 -0.382154 -0.923758
v -40.688704 50.884756 2.746488
vt 0.142857 0.000000
vn -0.025103 -0.382154 -0.923758
f 4186/4186/4186 4187/4187/4187 4188/4188/4188
v -44.522055 53.081057 1.942060
vt 0.107143 0.125000
vn -0.060133 -0.922043 -0.382387
v -44.424498 53.879549 0.000000
vt 0.107143 0.250000
vn -0.060133 -0.922043 -0.382387
v -40.567760 53.628578 0.000000
vt 0.142857 0.250000
vn -0.060133 -0.922043 -0.382387
f 4189/4189/4189 4190/4190/4190 4191/4191/4191
v -44.522055 53.081057 1.942060
vt 0.107143 0.125000
vn -0.060133 -0.922043 -0.382387
v -40.567760 53.628578 0.000000
vt 0.142857 0.250000
vn -0.060133 -0.922043 -0.382387
v -40.603184 52.824933 1.942060
vt 0.142857 0.125000
vn -0.060133 -0.922043 -0.382387
f 4192/4192/4192 4193/4193/4193 4194/4194/4194
v -44.424498 53.879549 0.000000
vt 0.107143 0.250000
vn -0.060133 -0.922043 0.382387
v -44.522055 53.081057 -1.942060
vt 0.107143 0.375000
vn -0.060133 -0.922043 0.382387
v -40.603184 52.824933 -1.942060
vt 0.142857 0.375000
vn -0.060133 -0.922043 0.382387
f 4195/4195/4195 4196/4196/4196 4197/4197/4197
v -44.424498 53.879549 0.000000
vt 0.107143 0.250000
vn -0.060133 -0.922043 0.382387
v -40.603184 52.824933 -1.942060
vt 0.142857 0.375000
vn -0.060133 -0.922043 0.382387
v -40.567760 53.628578 0.000000
vt 0.142857 0.250000
vn -0.060133 -0.922043 0.382387
f 4198/4198/4198 4199/4199/4199 4200/4200/4200
v -44.522055 53.081057 -1.942060
vt 0.107143 0.375000
vn -0.025103 -0.382154 0.923758
v -44.757574 51.153332 -2.746488
vt 0.107143 0.500000
vn -0.025103 -0.382154 0.923758
v -40.688704 50.884756 -2.746488
vt 0.142857 0.500000
vn -0.025103 -0.382154 0.923758
f 4201/4201/4201 4202/4202/4202 4203/4203/4203
v -44.522055 53.081057 -1.942060
vt 0.107143 0.375000
vn -0.025103 -0.382154 0.923758
v -40.688704 50.884756 -2.746488
vt 0.142857 0.500000
vn -0.025103 -0.382154 0.923758
v -40.603184 52.824933 -1.942060
vt 0.142857 0.375000
vn -0.025103 -0.382154 0.923758
f 4204/4204/4204 4205/4205/4205 4206/4206/4206
v -44.757574 51.153332 -2.746488
vt 0.107143 0.500000
vn 0.025341 0.382135 0.923759
v -44.993094 49.225607 -1.942060
vt 0.107143 0.625000
vn 0.025341 0.382135 0.923759
v -40.774223 48.944579 -1.942060
vt 0.142857 0.625000
vn 0.025341 0.382135 0.923759
f 4207/4207/4207 4208/4208/4208 4209/4209/4209
v -44.757574 51.153332 -2.746488
vt 0.107143 0.500000
vn 0.025341 0.382135 0.923759
v -40.774223 48.944579 -1.942060
vt 0.142857 0.625000
vn 0.025341 0.382135 0.923759
v -40.688704 50.884756 -2.746488
vt 0.142857 0.500000
vn 0.025341 0.382135 0.923759
f 4210/4210/4210 4211/4211/4211 4212/4212/4212
v -44.993094 49.225607 -1.942060
vt 0.107143 0.625000
vn 0.061522 0.921948 0.382395
v -45.090650 48.427115 -0.000000
vt 0.107143 0.750000
vn 0.061522 0.921948 0.382395
v -40.809647 48.140933 -0.000000
vt 0.142857 0.750000
vn 0.061522 0.921948 0.382395
f 4213/4213/4213 4214/4214/4214 4215/4215/4215
v -44.993094 49.225607 -1.942060
vt 0.107143 0.625000
vn 0.061522 0.921948 0.382395
v -40.809647 48.140933 -0.000000
vt 0.142857 0.750000
vn 0.061522 0.921948 0.382395
v -40.774223 48.944579 -1.942060
vt 0.142857 0.625000
vn 0.061522 0.921948 0.382395
f 4216/4216/4216 4217/4217/4217 4218/4218/4218
v -45.090650 48.427115 -0.000000
vt 0.107143 0.750000
vn 0.061522 0.921948 -0.382395
v -44.993094 49.225607 1.942060
vt 0.107143 0.875000
vn 0.061522 0.921948 -0.382395
v -40.774223 48.944579 1.942060
vt 0.142857 0.875000
vn 0.061522 0.921948 -0.382395
f 4219/4219/4219 4220/4220/4220 4221/4221/4221
v -45.090650 48.427115 -0.000000
vt 0.107143 0.750000
vn 0.061522 0.921948 -0.382395
v -40.774223 48.944579 1.942060
vt 0.142857 0.875000
vn 0.061522 0.921948 -0.382395
v -40.809647 48.140933 -0.000000
vt 0.142857 0.750000
vn 0.061522 0.921948 -0.382395
f 4222/4222/4222 4223/4223/4223 4224/4224/4224
v -44.993094 49.225607 1.942060
vt 0.107143 0.875000
vn 0.025341 0.382135 -0.923759
v -44.757574 51.153332 2.746488
vt 0.107143 1.000000
vn 0.025341 0.382135 -0.923759
v -40.688704 50.884756 2.746488
vt 0.142857 1.000000
vn 0.025341 0.382135 -0.923759
f 4225/4225/4225 4226/4226/4226 4227/4227/4227
v -44.993094 49.225607 1.942060
vt 0.107143 0.875000
vn 0.025341 0.382135 -0.923759
v -40.688704 50.884756 2.746488
vt 0.142857 1.000000
vn 0.025341 0.382135 -0.923759
v -40.774223 48.944579 1.942060
vt 0.142857 0.875000
vn 0.025341 0.382135 -0.923759
f 4228/4228/4228 4229/4229/4229 4230/4230/4230
v -40.688704 50.884756 2.746488
vt 0.142857 0.000000
vn -0.008456 -0.382634 -0.923861
v -40.603184 52.824933 1.942060
vt 0.142857 0.125000
vn -0.008456 -0.382634 -0.923861
v -36.591922 52.736491 1.942060
vt 0.178571 0.125000
vn -0.008456 -0.382634 -0.923861
f 4231/4231/4231 4232/4232/4232 4233/4233/4233
v -40.688704 50.884756 2.746488
vt 0.142857 0.000000
vn -0.008456 -0.382634 -0.923861
v -36.591922 52.736491 1.942060
vt 0.178571 0.125000
vn -0.008456 -0.382634 -0.923861
v -36.619833 50.794630 2.746488
vt 0.178571 0.000000
vn -0.008456 -0.382634 -0.923861
f 4234/4234/4234 4235/4235/4235 4236/4236/4236
v -40.603184 52.824933 1.942060
vt 0.142857 0.125000
vn -0.020345 -0.923674 -0.382638
v -40.567760 53.628578 0.000000
vt 0.142857 0.250000
vn -0.020345 -0.923674 -0.382638
v -36.580362 53.540835 0.000000
vt 0.178571 0.250000
vn -0.020345 -0.923674 -0.382638
f 4237/4237/4237 4238/4238/4238 4239/4239/4239
v -40.603184 52.824933 1.942060
vt 0.142857 0.125000
vn -0.020345 -0.923674 -0.382638
v -36.580362 53.540835 0.000000
vt 0.178571 0.250000
vn -0.020345 -0.923674 -0.382638
v -36.591922 52.736491 1.942060
vt 0.178571 0.125000
vn -0.020345 -0.923674 -0.382638
f 4240/4240/4240 4241/4241/4241 4242/4242/4242
v -40.567760 53.628578 0.000000
vt 0.142857 0.250000
vn -0.020345 -0.923674 0.382638
v -40.603184 52.824933 -1.942060
vt 0.142857 0.375000
vn -0.020345 -0.923674 0.382638
v -36.591922 52.736491 -1.942060
vt 0.178571 0.375000
vn -0.020345 -0.923674 0.382638
f 4243/4243/4243 4244/4244/4244 4245/4245/4245
v -40.567760 53.628578 0.000000
vt 0.142857 0.250000
vn -0.020345 -0.923674 0.382638
v -36.591922 52.736491 -1.942060
vt 0.178571 0.375000
vn -0.020345 -0.923674 0.382638
v -36.580362 53.540835 0.000000
vt 0.178571 0.250000
vn -0.020345 -0.923674 0.382638
f 4246/4246/4246 4247/4247/4247 4248/4248/4248
v -40.603184 52.824933 -1.942060
vt 0.142857 0.375000
vn -0.008456 -0.382634 0.923861
v -40.688704 50.884756 -2.746488
vt 0.142857 0.500000
vn -0.008456 -0.382634 0.923861
v -36.619833 50.794630 -2.746488
vt 0.178571 0.500000
vn -0.008456 -0.382634 0.923861
f 4249/4249/4249 4250/4250/4250 4251/4251/4251
v -40.603184 52.824933 -1.942060
vt 0.142857 0.375000
vn -0.008456 -0.382634 0.923861
v -36.619833 50.794630 -2.746488
vt 0.178571 0.500000
vn -0.008456 -0.382634 0.923861
v -36.591922 52.736491 -1.942060
vt 0.178571 0.375000
vn -0.008456 -0.382634 0.923861
f 4252/4252/4252 4253/4253/4253 4254/4254/4254
v -40.688704 50.884756 -2.746488
vt 0.142857 0.500000
vn 0.008494 0.382633 0.923862
v -40.774223 48.944579 -1.942060
vt 0.142857 0.625000
vn 0.008494 0.382633 0.923862
v -36.647745 48.852769 -1.942060
vt 0.178571 0.625000
vn 0.008494 0.382633 0.923862
f 4255/4255/4255 4256/4256/4256 4257/4257/4257
v -40.688704 50.884756 -2.746488
vt 0.142857 0.500000
vn 0.008494 0.382633 0.923862
v -36.647745 48.852769 -1.942060
vt 0.178571 0.625000
vn 0.008494 0.382633 0.923862
v -36.619833 50.794630 -2.746488
vt 0.178571 0.500000
vn 0.008494 0.382633 0.923862
f 4258/4258/4258 4259/4259/4259 4260/4260/4260
v -40.774223 48.944579 -1.942060
vt 0.142857 0.625000
vn 0.020570 0.923669 0.382640
v -40.809647 48.140933 -0.000000
vt 0.142857 0.750000
vn 0.020570 0.923669 0.382640
v -36.659305 48.048425 -0.000000
vt 0.178571 0.750000
vn 0.020570 0.923669 0.382640
f 4261/4261/4261 4262/4262/4262 4263/4263/4263
v -40.774223 48.944579 -1.942060
vt 0.142857 0.625000
vn 0.020570 0.923669 0.382640
v -36.659305 48.048425 -0.000000
vt 0.178571 0.750000
vn 0.020570 0.923669 0.382640
v -36.647745 48.852769 -1.942060
vt 0.178571 0.625000
vn 0.020570 0.923669 0.382640
f 4264/4264/4264 4265/4265/4265 4266/4266/4266
v -40.809647 48.140933 -0.000000
vt 0.142857 0.750000
vn 0.020570 0.923669 -0.382640
v -40.774223 48.944579 1.942060
vt 0.142857 0.875000
vn 0.020570 0.923669 -0.382640
v -36.647745 48.852769 1.942060
vt 0.178571 0.875000
vn 0.020570 0.923669 -0.382640
f 4267/4267/4267 4268/4268/4268 4269/4269/4269
v -40.809647 48.140933 -0.000000
vt 0.142857 0.750000
vn 0.020570 0.923669 -0.382640
v -36.647745 48.852769 1.942060
vt 0.178571 0.875000
vn 0.020570 0.923669 -0.382640
v -36.659305 48.048425 -0.000000
vt 0.178571 0.750000
vn 0.020570 0.923669 -0.382640
f 4270/4270/4270 4271/4271/4271 4272/4272/4272
v -40.774223 48.944579 1.942060
vt 0.142857 0.875000
vn 0.008494 0.382633 -0.923862
v -40.688704 50.884756 2.746488
vt 0.142857 1.000000
vn 0.008494 0.382633 -0.923862
v -36.619833 50.794630 2.746488
vt 0.178571 1.000000
vn 0.008494 0.382633 -0.923862
f 4273/4273/4273 4274/4274/4274 4275/4275/4275
v -40.774223 48.944579 1.942060
vt 0.142857 0.875000
vn 0.008494 0.382633 -0.923862
v -36.619833 50.794630 2.746488
vt 0.178571 1.000000
vn 0.008494 0.382633 -0.923862
v -36.647745 48.852769 1.942060
vt 0.178571 0.875000
vn 0.008494 0.382633 -0.923862
f 4276/4276/4276 4277/4277/4277 4278/4278/4278
v -36.619833 50.794630 2.746488
vt 0.178571 0.000000
vn -0.002522 -0.382680 -0.923877
v -36.591922 52.736491 1.942060
vt 0.178571 0.125000
vn -0.002522 -0.382680 -0.923877
v -32.542913 52.709833 1.942060
vt 0.214286 0.125000
vn -0.002522 -0.382680 -0.923877
f 4279/4279/4279 4280/4280/4280 4281/4281/4281
v -36.619833 50.794630 2.746488
vt 0.178571 0.000000
vn -0.002522 -0.382680 -0.923877
v -32.542913 52.709833 1.942060
vt 0.214286 0.125000
vn -0.002522 -0.382680 -0.923877
v -32.550963 50.767789 2.746488
vt 0.214286 0.000000
vn -0.002522 -0.382680 -0.923877
f 4282/4282/4282 4283/4283/4283 4284/4284/4284
v -36.591922 52.736491 1.942060
vt 0.178571 0.125000
vn -0.006080 -0.923862 -0.382678
v -36.580362 53.540835 0.000000
vt 0.178571 0.250000
vn -0.006080 -0.923862 -0.382678
v -32.539578 53.514254 0.000000
vt 0.214286 0.250000
vn -0.006080 -0.923862 -0.382678
f 4285/4285/4285 4286/4286/4286 4287/4287/4287
v -36.591922 52.736491 1.942060
vt 0.178571 0.125000
vn -0.006080 -0.923862 -0.382678
v -32.539578 53.514254 0.000000
vt 0.214286 0.250000
vn -0.006080 -0.923862 -0.382678
v -32.542913 52.709833 1.942060
vt 0.214286 0.125000
vn -0.006080 -0.923862 -0.382678
f 4288/4288/4288 4289/4289/4289 4290/4290/4290
v -36.580362 53.540835 0.000000
vt 0.178571 0.250000
vn -0.006080 -0.923862 0.382678
v -36.591922 52.736491 -1.942060
vt 0.178571 0.375000
vn -0.006080 -0.923862 0.382678
v -32.542913 52.709833 -1.942060
vt 0.214286 0.375000
vn -0.006080 -0.923862 0.382678
f 4291/4291/4291 4292/4292/4292 4293/4293/4293
v -36.580362 53.540835 0.000000
vt 0.178571 0.250000
vn -0.006080 -0.923862 0.382678
v -32.542913 52.709833 -1.942060
vt 0.214286 0.375000
vn -0.006080 -0.923862 0.382678
v -32.539578 53.514254 0.000000
vt 0.214286 0.250000
vn -0.006080 -0.923862 0.382678
f 4294/4294/4294 4295/4295/4295 4296/4296/4296
v -36.591922 52.736491 -1.942060
vt 0.178571 0.375000
vn -0.002522 -0.382680 0.923877
v -36.619833 50.794630 -2.746488
vt 0.178571 0.500000
vn -0.002522 -0.382680 0.923877
v -32.550963 50.767789 -2.746488
vt 0.214286 0.500000
vn -0.002522 -0.382680 0.923877
f 4297/4297/4297 4298/4298/4298 4299/4299/4299
v -36.591922 52.736491 -1.942060
vt 0.178571 0.375000
vn -0.002522 -0.382680 0.923877
v -32.550963 50.767789 -2.746488
vt 0.214286 0.500000
vn -0.002522 -0.382680 0.923877
v -32.542913 52.709833 -1.942060
vt 0.214286 0.375000
vn -0.002522 -0.382680 0.923877
f 4300/4300/4300 4301/4301/4301 4302/4302/4302
v -36.619833 50.794630 -2.746488
vt 0.178571 0.500000
vn 0.002527 0.382681 0.923877
v -36.647745 48.852769 -1.942060
vt 0.178571 0.625000
vn 0.002527 0.382681 0.923877
v -32.559015 48.825746 -1.942060
vt 0.214286 0.625000
vn 0.002527 0.382681 0.923877
f 4303/4303/4303 4304/4304/4304 4305/4305/4305
v -36.619833 50.794630 -2.746488
vt 0.178571 0.500000
vn 0.002527 0.382681 0.923877
v -32.559015 48.825746 -1.942060
vt 0.214286 0.625000
vn 0.002527 0.382681 0.923877
v -32.550963 50.767789 -2.746488
vt 0.214286 0.500000
vn 0.002527 0.382681 0.923877
f 4306/4306/4306 4307/4307/4307 4308/4308/4308
v -36.647745 48.852769 -1.942060
vt 0.178571 0.625000
vn 0.006108 0.923862 0.382678
v -36.659305 48.048425 -0.000000
vt 0.178571 0.750000
vn 0.006108 0.923862 0.382678
v -32.562348 48.021324 -0.000000
vt 0.214286 0.750000
vn 0.006108 0.923862 0.382678
f 4309/4309/4309 4310/4310/4310 4311/4311/4311
v -36.647745 48.852769 -1.942060
vt 0.178571 0.625000
vn 0.006108 0.923862 0.382678
v -32.562348 48.021324 -0.000000
vt 0.214286 0.750000
vn 0.006108 0.923862 0.382678
v -32.559015 48.825746 -1.942060
vt 0.214286 0.625000
vn 0.006108 0.923862 0.382678
f 4312/4312/4312 4313/4313/4313 4314/4314/4314
v -36.659305 48.048425 -0.000000
vt 0.178571 0.750000
vn 0.006108 0.923862 -0.382678
v -36.647745 48.852769 1.942060
vt 0.178571 0.875000
vn 0.006108 0.923862 -0.382678
v -32.559015 48.825746 1.942060
vt 0.214286 0.875000
vn 0.006108 0.923862 -0.382678
f 4315/4315/4315 4316/4316/4316 4317/4317/4317
v -36.659305 48.048425 -0.000000
vt 0.178571 0.750000
vn 0.006108 0.923862 -0.382678
v -32.559015 48.825746 1.942060
vt 0.214286 0.875000
vn 0.006108 0.923862 -0.382678
v -32.562348 48.021324 -0.000000
vt 0.214286 0.750000
vn 0.006108 0.923862 -0.382678
f 4318/4318/4318 4319/4319/4319 4320/4320/4320
v -36.647745 48.852769 1.942060
vt 0.178571 0.875000
vn 0.002527 0.382681 -0.923877
v -36.619833 50.794630 2.746488
vt 0.178571 1.000000
vn 0.002527 0.382681 -0.923877
v -32.550963 50.767789 2.746488
vt 0.214286 1.000000
vn 0.002527 0.382681 -0.923877
f 4321/4321/4321 4322/4322/4322 4323/4323/4323
v -36.647745 48.852769 1.942060
vt 0.178571 0.875000
vn 0.002527 0.382681 -0.923877
v -32.550963 50.767789 2.746488
vt 0.214286 1.000000
vn 0.002527 0.382681 -0.923877
v -32.559015 48.825746 1.942060
vt 0.214286 0.875000
vn 0.002527 0.382681 -0.923877
f 4324/4324/4324 4325/4325/4325 4326/4326/4326
v -32.550963 50.767789 2.746488
vt 0.214286 0.000000
vn -0.000647 -0.382683 -0.923879
v -32.542913 52.709833 1.942060
vt 0.214286 0.125000
vn -0.000647 -0.382683 -0.923879
v -28.480098 52.702957 1.942060
vt 0.250000 0.125000
vn -0.000647 -0.382683 -0.923879
f 4327/4327/4327 4328/4328/4328 4329/4329/4329
v -32.550963 50.767789 2.746488
vt 0.214286 0.000000
vn -0.000647 -0.382683 -0.923879
v -28.480098 52.702957 1.942060
vt 0.250000 0.125000
vn -0.000647 -0.382683 -0.923879
v -28.482093 50.760898 2.746488
vt 0.250000 0.000000
vn -0.000647 -0.382683 -0.923879
f 4330/4330/4330 4331/4331/4331 4332/4332/4332
v -32.542913 52.709833 1.942060
vt 0.214286 0.125000
vn -0.001563 -0.923878 -0.382683
v -32.539578 53.514254 0.000000
vt 0.214286 0.250000
vn -0.001563 -0.923878 -0.382683
v -28.479272 53.507382 0.000000
vt 0.250000 0.250000
vn -0.001563 -0.923878 -0.382683
f 4333/4333/4333 4334/4334/4334 4335/4335/4335
v -32.542913 52.709833 1.942060
vt 0.214286 0.125000
vn -0.001563 -0.923878 -0.382683
v -28.479272 53.507382 0.000000
vt 0.250000 0.250000
vn -0.001563 -0.923878 -0.382683
v -28.480098 52.702957 1.942060
vt 0.250000 0.125000
vn -0.001563 -0.923878 -0.382683
f 4336/4336/4336 4337/4337/4337 4338/4338/4338
v -32.539578 53.514254 0.000000
vt 0.214286 0.250000
vn -0.001563 -0.923878 0.382683
v -32.542913 52.709833 -1.942060
vt 0.214286 0.375000
vn -0.001563 -0.923878 0.382683
v -28.480098 52.702957 -1.942060
vt 0.250000 0.375000
vn -0.001563 -0.923878 0.382683
f 4339/4339/4339 4340/4340/4340 4341/4341/4341
v -32.539578 53.514254 0.000000
vt 0.214286 0.250000
vn -0.001563 -0.923878 0.382683
v -28.480098 52.702957 -1.942060
vt 0.250000 0.375000
vn -0.001563 -0.923878 0.382683
v -28.479272 53.507382 0.000000
vt 0.250000 0.250000
vn -0.001563 -0.923878 0.382683
f 4342/4342/4342 4343/4343/4343 4344/4344/4344
v -32.542913 52.709833 -1.942060
vt 0.214286 0.375000
vn -0.000647 -0.382683 0.923879
v -32.550963 50.767789 -2.746488
vt 0.214286 0.500000
vn -0.000647 -0.382683 0.923879
v -28.482093 50.760898 -2.746488
vt 0.250000 0.500000
vn -0.000647 -0.382683 0.923879
f 4345/4345/4345 4346/4346/4346 4347/4347/4347
v -32.542913 52.709833 -1.942060
vt 0.214286 0.375000
vn -0.000647 -0.382683 0.923879
v -28.482093 50.760898 -2.746488
vt 0.250000 0.500000
vn -0.000647 -0.382683 0.923879
v -28.480098 52.702957 -1.942060
vt 0.250000 0.375000
vn -0.000647 -0.382683 0.923879
f 4348/4348/4348 4349/4349/4349 4350/4350/4350
v -32.550963 50.767789 -2.746488
vt 0.214286 0.500000
vn 0.000648 0.382683 0.923879
v -32.559015 48.825746 -1.942060
vt 0.214286 0.625000
vn 0.000648 0.382683 0.923879
v -28.484087 48.818839 -1.942060
vt 0.250000 0.625000
vn 0.000648 0.382683 0.923879
f 4351/4351/4351 4352/4352/4352 4353/4353/4353
v -32.550963 50.767789 -2.746488
vt 0.214286 0.500000
vn 0.000648 0.382683 0.923879
v -28.484087 48.818839 -1.942060
vt 0.250000 0.625000
vn 0.000648 0.382683 0.923879
v -28.482093 50.760898 -2.746488
vt 0.250000 0.500000
vn 0.000648 0.382683 0.923879
f 4354/4354/4354 4355/4355/4355 4356/4356/4356
v -32.559015 48.825746 -1.942060
vt 0.214286 0.625000
vn 0.001567 0.923879 0.382683
v -32.562348 48.021324 -0.000000
vt 0.214286 0.750000
vn 0.001567 0.923879 0.382683
v -28.484914 48.014413 -0.000000
vt 0.250000 0.750000
vn 0.001567 0.923879 0.382683
f 4357/4357/4357 4358/4358/4358 4359/4359/4359
v -32.559015 48.825746 -1.942060
vt 0.214286 0.625000
vn 0.001567 0.923879 0.382683
v -28.484914 48.014413 -0.000000
vt 0.250000 0.750000
vn 0.001567 0.923879 0.382683
v -28.484087 48.818839 -1.942060
vt 0.250000 0.625000
vn 0.001567 0.923879 0.382683
f 4360/4360/4360 4361/4361/4361 4362/4362/4362
v -32.562348 48.021324 -0.000000
vt 0.214286 0.750000
vn 0.001567 0.923879 -0.382683
v -32.559015 48.825746 1.942060
vt 0.214286 0.875000
vn 0.001567 0.923879 -0.382683
v -28.484087 48.818839 1.942060
vt 0.250000 0.875000
vn 0.001567 0.923879 -0.382683
f 4363/4363/4363 4364/4364/4364 4365/4365/4365
v -32.562348 48.021324 -0.000000
vt 0.214286 0.750000
vn 0.001567 0.923879 -0.382683
v -28.484087 48.818839 1.942060
vt 0.250000 0.875000
vn 0.001567 0.923879 -0.382683
v -28.484914 48.014413 -0.000000
vt 0.250000 0.750000
vn 0.001567 0.923879 -0.382683
f 4366/4366/4366 4367/4367/4367 4368/4368/4368
v -32.559015 48.825746 1.942060
vt 0.214286 0.875000
vn 0.000648 0.382683 -0.923879
v -32.550963 50.767789 2.746488
vt 0.214286 1.000000
vn 0.000648 0.382683 -0.923879
v -28.482093 50.760898 2.746488
vt 0.250000 1.000000
vn 0.000648 0.382683 -0.923879
f 4369/4369/4369 4370/4370/4370 4371/4371/4371
v -32.559015 48.825746 1.942060
vt 0.214286 0.875000
vn 0.000648 0.382683 -0.923879
v -28.482093 50.760898 2.746488
vt 0.250000 1.000000
vn 0.000648 0.382683 -0.923879
v -28.484087 48.818839 1.942060
vt 0.250000 0.875000
vn 0.000648 0.382683 -0.923879
f 4372/4372/4372 4373/4373/4373 4374/4374/4374
v -28.482093 50.760898 2.746488
vt 0.250000 0.000000
vn -0.000138 -0.382684 -0.923879
v -28.480098 52.702957 1.942060
vt 0.250000 0.125000
vn -0.000138 -0.382684 -0.923879
v -24.412815 52.701490 1.942060
vt 0.285714 0.125000
vn -0.000138 -0.382684 -0.923879
f 4375/4375/4375 4376/4376/4376 4377/4377/4377
v -28.482093 50.760898 2.746488
vt 0.250000 0.000000
vn -0.000138 -0.382684 -0.923879
v -24.412815 52.701490 1.942060
vt 0.285714 0.125000
vn -0.000138 -0.382684 -0.923879
v -24.413222 50.759431 2.746488
vt 0.285714 0.000000
vn -0.000138 -0.382684 -0.923879
f 4378/4378/4378 4379/4379/4379 4380/4380/4380
v -28.480098 52.702957 1.942060
vt 0.250000 0.125000
vn -0.000332 -0.923879 -0.382684
v -28.479272 53.507382 0.000000
vt 0.250000 0.250000
vn -0.000332 -0.923879 -0.382684
v -24.412646 53.505919 0.000000
vt 0.285714 0.250000
vn -0.000332 -0.923879 -0.382684
f 4381/4381/4381 4382/4382/4382 4383/4383/4383
v -28.480098 52.702957 1.942060
vt 0.250000 0.125000
vn -0.000332 -0.923879 -0.382684
v -24.412646 53.505919 0.000000
vt 0.285714 0.250000
vn -0.000332 -0.923879 -0.382684
v -24.412815 52.701490 1.942060
vt 0.285714 0.125000
vn -0.000332 -0.923879 -0.382684
f 4384/4384/4384 4385/4385/4385 4386/4386/4386
v -28.479272 53.507382 0.000000
vt 0.250000 0.250000
vn -0.000332 -0.923879 0.382684
v -28.480098 52.702957 -1.942060
vt 0.250000 0.375000
vn -0.000332 -0.923879 0.382684
v -24.412815 52.701490 -1.942060
vt 0.285714 0.375000
vn -0.000332 -0.923879 0.382684
f 4387/4387/4387 4388/4388/4388 4389/4389/4389
v -28.479272 53.507382 0.000000
vt 0.250000 0.250000
vn -0.000332 -0.923879 0.382684
v -24.412815 52.701490 -1.942060
vt 0.285714 0.375000
vn -0.000332 -0.923879 0.382684
v -24.412646 53.505919 0.000000
vt 0.285714 0.250000
vn -0.000332 -0.923879 0.382684
f 4390/4390/4390 4391/4391/4391 4392/4392/4392
v -28.480098 52.702957 -1.942060
vt 0.250000 0.375000
vn -0.000138 -0.382684 0.923879
v -28.482093 50.760898 -2.746488
vt 0.250000 0.500000
vn -0.000138 -0.382684 0.923879
v -24.413222 50.759431 -2.746488
vt 0.285714 0.500000
vn -0.000138 -0.382684 0.923879
f 4393/4393/4393 4394/4394/4394 4395/4395/4395
v -28.480098 52.702957 -1.942060
vt 0.250000 0.375000
vn -0.000138 -0.382684 0.923879
v -24.413222 50.759431 -2.746488
vt 0.285714 0.500000
vn -0.000138 -0.382684 0.923879
v -24.412815 52.701490 -1.942060
vt 0.285714 0.375000
vn -0.000138 -0.382684 0.923879
f 4396/4396/4396 4397/4397/4397 4398/4398/4398
v -28.482093 50.760898 -2.746488
vt 0.250000 0.500000
vn 0.000138 0.382684 0.923880
v -28.484087 48.818839 -1.942060
vt 0.250000 0.625000
vn 0.000138 0.382684 0.923880
v -24.413630 48.817372 -1.942060
vt 0.285714 0.625000
vn 0.000138 0.382684 0.923880
f 4399/4399/4399 4400/4400/4400 4401/4401/4401
v -28.482093 50.760898 -2.746488
vt 0.250000 0.500000
vn 0.000138 0.382684 0.923880
v -24.413630 48.817372 -1.942060
vt 0.285714 0.625000
vn 0.000138 0.382684 0.923880
v -24.413222 50.759431 -2.746488
vt 0.285714 0.500000
vn 0.000138 0.382684 0.923880
f 4402/4402/4402 4403/4403/4403 4404/4404/4404
v -28.484087 48.818839 -1.942060
vt 0.250000 0.625000
vn 0.000333 0.923880 0.382683
v -28.484914 48.014413 -0.000000
vt 0.250000 0.750000
vn 0.000333 0.923880 0.382683
v -24.413798 48.012943 -0.000000
vt 0.285714 0.750000
vn 0.000333 0.923880 0.382683
f 4405/4405/4405 4406/4406/4406 4407/4407/4407
v -28.484087 48.818839 -1.942060
vt 0.250000 0.625000
vn 0.000333 0.923880 0.382683
v -24.413798 48.012943 -0.000000
vt 0.285714 0.750000
vn 0.000333 0.923880 0.382683
v -24.413630 48.817372 -1.942060
vt 0.285714 0.625000
vn 0.000333 0.923880 0.382683
f 4408/4408/4408 4409/4409/4409 4410/4410/4410
v -28.484914 48.014413 -0.000000
vt 0.250000 0.750000
vn 0.000333 0.923880 -0.382683
v -28.484087 48.818839 1.942060
vt 0.250000 0.875000
vn 0.000333 0.923880 -0.382683
v -24.413630 48.817372 1.942060
vt 0.285714 0.875000
vn 0.000333 0.923880 -0.382683
f 4411/4411/4411 4412/4412/4412 4413/4413/4413
v -28.484914 48.014413 -0.000000
vt 0.250000 0.750000
vn 0.000333 0.923880 -0.382683
v -24.413630 48.817372 1.942060
vt 0.285714 0.875000
vn 0.000333 0.923880 -0.382683
v -24.413798 48.012943 -0.000000
vt 0.285714 0.750000
vn 0.000333 0.923880 -0.382683
f 4414/4414/4414 4415/4415/4415 4416/4416/4416
v -28.484087 48.818839 1.942060
vt 0.250000 0.875000
vn 0.000138 0.382684 -0.923880
v -28.482093 50.760898 2.746488
vt 0.250000 1.000000
vn 0.000138 0.382684 -0.923880
v -24.413222 50.759431 2.746488
vt 0.285714 1.000000
vn 0.000138 0.382684 -0.923880
f 4417/4417/4417 4418/4418/4418 4419/4419/4419
v -28.484087 48.818839 1.942060
vt 0.250000 0.875000
vn 0.000138 0.382684 -0.923880
v -24.413222 50.759431 2.746488
vt 0.285714 1.000000
vn 0.000138 0.382684 -0.923880
v -24.413630 48.817372 1.942060
vt 0.285714 0.875000
vn 0.000138 0.382684 -0.923880
f 4420/4420/4420 4421/4421/4421 4422/4422/4422
v -24.413222 50.759431 2.746488
vt 0.285714 0.000000
vn -0.000023 -0.382684 -0.923879
v -24.412815 52.701490 1.942060
vt 0.285714 0.125000
vn -0.000023 -0.382684 -0.923879
v -20.344288 52.701249 1.942060
vt 0.321429 0.125000
vn -0.000023 -0.382684 -0.923879
f 4423/4423/4423 4424/4424/4424 4425/4425/4425
v -24.413222 50.759431 2.746488
vt 0.285714 0.000000
vn -0.000023 -0.382684 -0.923879
v -20.344288 52.701249 1.942060
vt 0.321429 0.125000
vn -0.000023 -0.382684 -0.923879
v -20.344352 50.759190 2.746488
vt 0.321429 0.000000
vn -0.000023 -0.382684 -0.923879
f 4426/4426/4426 4427/4427/4427 4428/4428/4428
v -24.412815 52.701490 1.942060
vt 0.285714 0.125000
vn -0.000054 -0.923879 -0.382684
v -24.412646 53.505919 0.000000
vt 0.285714 0.250000
vn -0.000054 -0.923879 -0.382684
v -20.344261 53.505679 0.000000
vt 0.321429 0.250000
vn -0.000054 -0.923879 -0.382684
f 4429/4429/4429 4430/4430/4430 4431/4431/4431
v -24.412815 52.701490 1.942060
vt 0.285714 0.125000
vn -0.000054 -0.923879 -0.382684
v -20.344261 53.505679 0.000000
vt 0.321429 0.250000
vn -0.000054 -0.923879 -0.382684
v -20.344288 52.701249 1.942060
vt 0.321429 0.125000
vn -0.000054 -0.923879 -0.382684
f 4432/4432/4432 4433/4433/4433 4434/4434/4434
v -24.412646 53.505919 0.000000
vt 0.285714 0.250000
vn -0.000054 -0.923879 0.382684
v -24.412815 52.701490 -1.942060
vt 0.285714 0.375000
vn -0.000054 -0.923879 0.382684
v -20.344288 52.701249 -1.942060
vt 0.321429 0.375000
vn -0.000054 -0.923879 0.382684
f 4435/4435/4435 4436/4436/4436 4437/4437/4437
v -24.412646 53.505919 0.000000
vt 0.285714 0.250000
vn -0.000054 -0.923879 0.382684
v -20.344288 52.701249 -1.942060
vt 0.321429 0.375000
vn -0.000054 -0.923879 0.382684
v -20.344261 53.505679 0.000000
vt 0.321429 0.250000
vn -0.000054 -0.923879 0.382684
f 4438/4438/4438 4439/4439/4439 4440/4440/4440
v -24.412815 52.701490 -1.942060
vt 0.285714 0.375000
vn -0.000023 -0.382684 0.923879
v -24.413222 50.759431 -2.746488
vt 0.285714 0.500000
vn -0.000023 -0.382684 0.923879
v -20.344352 50.759190 -2.746488
vt 0.321429 0.500000
vn -0.000023 -0.382684 0.923879
f 4441/4441/4441 4442/4442/4442 4443/4443/4443
v -24.412815 52.701490 -1.942060
vt 0.285714 0.375000
vn -0.000023 -0.382684 0.923879
v -20.344352 50.759190 -2.746488
vt 0.321429 0.500000
vn -0.000023 -0.382684 0.923879
v -20.344288 52.701249 -1.942060
vt 0.321429 0.375000
vn -0.000023 -0.382684 0.923879
f 4444/4444/4444 4445/4445/4445 4446/4446/4446
v -24.413222 50.759431 -2.746488
vt 0.285714 0.500000
vn 0.000023 0.382684 0.923880
v -24.413630 48.817372 -1.942060
vt 0.285714 0.625000
vn 0.000023 0.382684 0.923880
v -20.344416 48.817132 -1.942060
vt 0.321429 0.625000
vn 0.000023 0.382684 0.923880
f 4447/4447/4447 4448/4448/4448 4449/4449/4449
v -24.413222 50.759431 -2.746488
vt 0.285714 0.500000
vn 0.000023 0.382684 0.923880
v -20.344416 48.817132 -1.942060
vt 0.321429 0.625000
vn 0.000023 0.382684 0.923880
v -20.344352 50.759190 -2.746488
vt 0.321429 0.500000
vn 0.000023 0.382684 0.923880
f 4450/4450/4450 4451/4451/4451 4452/4452/4452
v -24.413630 48.817372 -1.942060
vt 0.285714 0.625000
vn 0.000055 0.923879 0.382684
v -24.413798 48.012943 -0.000000
vt 0.285714 0.750000
vn 0.000055 0.923879 0.382684
v -20.344443 48.012702 -0.000000
vt 0.321429 0.750000
vn 0.000055 0.923879 0.382684
f 4453/4453/4453 4454/4454/4454 4455/4455/4455
v -24.413630 48.817372 -1.942060
vt 0.285714 0.625000
vn 0.000055 0.923879 0.382684
v -20.344443 48.012702 -0.000000
vt 0.321429 0.750000
vn 0.000055 0.923879 0.382684
v -20.344416 48.817132 -1.942060
vt 0.321429 0.625000
vn 0.000055 0.923879 0.382684
f 4456/4456/4456 4457/4457/4457 4458/4458/4458
v -24.413798 48.012943 -0.000000
vt 0.285714 0.750000
vn 0.000055 0.923879 -0.382684
v -24.413630 48.817372 1.942060
vt 0.285714 0.875000
vn 0.000055 0.923879 -0.382684
v -20.344416 48.817132 1.942060
vt 0.321429 0.875000
vn 0.000055 0.923879 -0.382684
f 4459/4459/4459 4460/4460/4460 4461/4461/4461
v -24.413798 48.012943 -0.000000
vt 0.285714 0.750000
vn 0.000055 0.923879 -0.382684
v -20.344416 48.817132 1.942060
vt 0.321429 0.875000
vn 0.000055 0.923879 -0.382684
v -20.344443 48.012702 -0.000000
vt 0.321429 0.750000
vn 0.000055 0.923879 -0.382684
f 4462/4462/4462 4463/4463/4463 4464/4464/4464
v -24.413630 48.817372 1.942060
vt 0.285714 0.875000
vn 0.000023 0.382684 -0.923880
v -24.413222 50.759431 2.746488
vt 0.285714 1.000000
vn 0.000023 0.382684 -0.923880
v -20.344352 50.759190 2.746488
vt 0.321429 1.000000
vn 0.000023 0.382684 -0.923880
f 4465/4465/4465 4466/4466/4466 4467/4467/4467
v -24.413630 48.817372 1.942060
vt 0.285714 0.875000
vn 0.000023 0.382684 -0.923880
v -20.344352 50.759190 2.746488
vt 0.321429 1.000000
vn 0.000023 0.382684 -0.923880
v -20.344416 48.817132 1.942060
vt 0.321429 0.875000
vn 0.000023 0.382684 -0.923880
f 4468/4468/4468 4469/4469/4469 4470/4470/4470
v -20.344352 50.759190 2.746488
vt 0.321429 0.000000
vn -0.000003 -0.382683 -0.923880
v -20.344288 52.701249 1.942060
vt 0.321429 0.125000
vn -0.000003 -0.382683 -0.923880
v -16.275474 52.701218 1.942060
vt 0.357143 0.125000
vn -0.000003 -0.382683 -0.923880
f 4471/4471/4471 4472/4472/4472 4473/4473/4473
v -20.344352 50.759190 2.746488
vt 0.321429 0.000000
vn -0.000003 -0.382683 -0.923880
v -16.275474 52.701218 1.942060
vt 0.357143 0.125000
vn -0.000003 -0.382683 -0.923880
v -16.275481 50.759159 2.746488
vt 0.357143 0.000000
vn -0.000003 -0.382683 -0.923880
f 4474/4474/4474 4475/4475/4475 4476/4476/4476
v -20.344288 52.701249 1.942060
vt 0.321429 0.125000
vn -0.000007 -0.923879 -0.382684
v -20.344261 53.505679 0.000000
vt 0.321429 0.250000
vn -0.000007 -0.923879 -0.382684
v -16.275471 53.505648 0.000000
vt 0.357143 0.250000
vn -0.000007 -0.923879 -0.382684
f 4477/4477/4477 4478/4478/4478 4479/4479/4479
v -20.344288 52.701249 1.942060
vt 0.321429 0.125000
vn -0.000007 -0.923879 -0.382684
v -16.275471 53.505648 0.000000
vt 0.357143 0.250000
vn -0.000007 -0.923879 -0.382684
v -16.275474 52.701218 1.942060
vt 0.357143 0.125000
vn -0.000007 -0.923879 -0.382684
f 4480/4480/4480 4481/4481/4481 4482/4482/4482
v -20.344261 53.505679 0.000000
vt 0.321429 0.250000
vn -0.000007 -0.923879 0.382684
v -20.344288 52.701249 -1.942060
vt 0.321429 0.375000
vn -0.000007 -0.923879 0.382684
v -16.275474 52.701218 -1.942060
vt 0.357143 0.375000
vn -0.000007 -0.923879 0.382684
f 4483/4483/4483 4484/4484/4484 4485/4485/4485
v -20.344261 53.505679 0.000000
vt 0.321429 0.250000
vn -0.000007 -0.923879 0.382684
v -16.275474 52.701218 -1.942060
vt 0.357143 0.375000
vn -0.000007 -0.923879 0.382684
v -16.275471 53.505648 0.000000
vt 0.357143 0.250000
vn -0.000007 -0.923879 0.382684
f 4486/4486/4486 4487/4487/4487 4488/4488/4488
v -20.344288 52.701249 -1.942060
vt 0.321429 0.375000
vn -0.000003 -0.382683 0.923880
v -20.344352 50.759190 -2.746488
vt 0.321429 0.500000
vn -0.000003 -0.382683 0.923880
v -16.275481 50.759159 -2.746488
vt 0.357143 0.500000
vn -0.000003 -0.382683 0.923880
f 4489/4489/4489 4490/4490/4490 4491/4491/4491
v -20.344288 52.701249 -1.942060
vt 0.321429 0.375000
vn -0.000003 -0.382683 0.923880
v -16.275481 50.759159 -2.746488
vt 0.357143 0.500000
vn -0.000003 -0.382683 0.923880
v -16.275474 52.701218 -1.942060
vt 0.357143 0.375000
vn -0.000003 -0.382683 0.923880
f 4492/4492/4492 4493/4493/4493 4494/4494/4494
v -20.344352 50.759190 -2.746488
vt 0.321429 0.500000
vn 0.000003 0.382684 0.923879
v -20.344416 48.817132 -1.942060
vt 0.321429 0.625000
vn 0.000003 0.382684 0.923879
v -16.275489 48.817101 -1.942060
vt 0.357143 0.625000
vn 0.000003 0.382684 0.923879
f 4495/4495/4495 4496/4496/4496 4497/4497/4497
v -20.344352 50.759190 -2.746488
vt 0.321429 0.500000
vn 0.000003 0.382684 0.923879
v -16.275489 48.817101 -1.942060
vt 0.357143 0.625000
vn 0.000003 0.382684 0.923879
v -16.275481 50.759159 -2.746488
vt 0.357143 0.500000
vn 0.000003 0.382684 0.923879
f 4498/4498/4498 4499/4499/4499 4500/4500/4500
v -20.344416 48.817132 -1.942060
vt 0.321429 0.625000
vn 0.000006 0.923879 0.382684
v -20.344443 48.012702 -0.000000
vt 0.321429 0.750000
vn 0.000006 0.923879 0.382684
v -16.275491 48.012671 -0.000000
vt 0.357143 0.750000
vn 0.000006 0.923879 0.382684
f 4501/4501/4501 4502/4502/4502 4503/4503/4503
v -20.344416 48.817132 -1.942060
vt 0.321429 0.625000
vn 0.000006 0.923879 0.382684
v -16.275491 48.012671 -0.000000
vt 0.357143 0.750000
vn 0.000006 0.923879 0.382684
v -16.275489 48.817101 -1.942060
vt 0.357143 0.625000
vn 0.000006 0.923879 0.382684
f 4504/4504/4504 4505/4505/4505 4506/4506/4506
v -20.344443 48.012702 -0.000000
vt 0.321429 0.750000
vn 0.000006 0.923879 -0.382684
v -20.344416 48.817132 1.942060
vt 0.321429 0.875000
vn 0.000006 0.923879 -0.382684
v -16.275489 48.817101 1.942060
vt 0.357143 0.875000
vn 0.000006 0.923879 -0.382684
f 4507/4507/4507 4508/4508/4508 4509/4509/4509
v -20.344443 48.012702 -0.000000
vt 0.321429 0.750000
vn 0.000006 0.923879 -0.382684
v -16.275489 48.817101 1.942060
vt 0.357143 0.875000
vn 0.000006 0.923879 -0.382684
v -16.275491 48.012671 -0.000000
vt 0.357143 0.750000
vn 0.000006 0.923879 -0.382684
f 4510/4510/4510 4511/4511/4511 4512/4512/4512
v -20.344416 48.817132 1.942060
vt 0.321429 0.875000
vn 0.000003 0.382684 -0.923879
v -20.344352 50.759190 2.746488
vt 0.321429 1.000000
vn 0.000003 0.382684 -0.923879
v -16.275481 50.759159 2.746488
vt 0.357143 1.000000
vn 0.000003 0.382684 -0.923879
f 4513/4513/4513 4514/4514/4514 4515/4515/4515
v -20.344416 48.817132 1.942060
vt 0.321429 0.875000
vn 0.000003 0.382684 -0.923879
v -16.275481 50.759159 2.746488
vt 0.357143 1.000000
vn 0.000003 0.382684 -0.923879
v -16.275489 48.817101 1.942060
vt 0.357143 0.875000
vn 0.000003 0.382684 -0.923879
f 4516/4516/4516 4517/4517/4517 4518/4518/4518
v -16.275481 50.759159 2.746488
vt 0.357143 0.000000
vn 0.000000 -0.382684 -0.923879
v -16.275474 52.701218 1.942060
vt 0.357143 0.125000
vn 0.000000 -0.382684 -0.923879
v -12.206611 52.701218 1.942060
vt 0.392857 0.125000
vn 0.000000 -0.382684 -0.923879
f 4519/4519/4519 4520/4520/4520 4521/4521/4521
v -16.275481 50.759159 2.746488
vt 0.357143 0.000000
vn 0.000000 -0.382684 -0.923879
v -12.206611 52.701218 1.942060
vt 0.392857 0.125000
vn 0.000000 -0.382684 -0.923879
v -12.206611 50.759159 2.746488
vt 0.392857 0.000000
vn 0.000000 -0.382684 -0.923879
f 4522/4522/4522 4523/4523/4523 4524/4524/4524
v -16.275474 52.701218 1.942060
vt 0.357143 0.125000
vn 0.000000 -0.923879 -0.382684
v -16.275471 53.505648 0.000000
vt 0.357143 0.250000
vn 0.000000 -0.923879 -0.382684
v -12.206611 53.505648 0.000000
vt 0.392857 0.250000
vn 0.000000 -0.923879 -0.382684
f 4525/4525/4525 4526/4526/4526 4527/4527/4527
v -16.275474 52.701218 1.942060
vt 0.357143 0.125000
vn 0.000000 -0.923879 -0.382684
v -12.206611 53.505648 0.000000
vt 0.392857 0.250000
vn 0.000000 -0.923879 -0.382684
v -12.206611 52.701218 1.942060
vt 0.392857 0.125000
vn 0.000000 -0.923879 -0.382684
f 4528/4528/4528 4529/4529/4529 4530/4530/4530
v -16.275471 53.505648 0.000000
vt 0.357143 0.250000
vn 0.000000 -0.923879 0.382684
v -16.275474 52.701218 -1.942060
vt 0.357143 0.375000
vn 0.000000 -0.923879 0.382684
v -12.206611 52.701218 -1.942060
vt 0.392857 0.375000
vn 0.000000 -0.923879 0.382684
f 4531/4531/4531 4532/4532/4532 4533/4533/4533
v -16.275471 53.505648 0.000000
vt 0.357143 0.250000
vn 0.000000 -0.923879 0.382684
v -12.206611 52.701218 -1.942060
vt 0.392857 0.375000
vn 0.000000 -0.923879 0.382684
v -12.206611 53.505648 0.000000
vt 0.392857 0.250000
vn 0.000000 -0.923879 0.382684
f 4534/4534/4534 4535/4535/4535 4536/4536/4536
v -16.275474 52.701218 -1.942060
vt 0.357143 0.375000
vn 0.000000 -0.382684 0.923880
v -16.275481 50.759159 -2.746488
vt 0.357143 0.500000
vn 0.000000 -0.382684 0.923880
v -12.206611 50.759159 -2.746488
vt 0.392857 0.500000
vn 0.000000 -0.382684 0.923880
f 4537/4537/4537 4538/4538/4538 4539/4539/4539
v -16.275474 52.701218 -1.942060
vt 0.357143 0.375000
vn 0.000000 -0.382684 0.923880
v -12.206611 50.759159 -2.746488
vt 0.392857 0.500000
vn 0.000000 -0.382684 0.923880
v -12.206611 52.701218 -1.942060
vt 0.392857 0.375000
vn 0.000000 -0.382684 0.923880
f 4540/4540/4540 4541/4541/4541 4542/4542/4542
v -16.275481 50.759159 -2.746488
vt 0.357143 0.500000
vn 0.000000 0.382684 0.923880
v -16.275489 48.817101 -1.942060
vt 0.357143 0.625000
vn 0.000000 0.382684 0.923880
v -12.206611 48.817101 -1.942060
vt 0.392857 0.625000
vn 0.000000 0.382684 0.923880
f 4543/4543/4543 4544/4544/4544 4545/4545/4545
v -16.275481 50.759159 -2.746488
vt 0.357143 0.500000
vn 0.000000 0.382684 0.923880
v -12.206611 48.817101 -1.942060
vt 0.392857 0.625000
vn 0.000000 0.382684 0.923880
v -12.206611 50.759159 -2.746488
vt 0.392857 0.500000
vn 0.000000 0.382684 0.923880
f 4546/4546/4546 4547/4547/4547 4548/4548/4548
v -16.275489 48.817101 -1.942060
vt 0.357143 0.625000
vn 0.000000 0.923879 0.382684
v -16.275491 48.012671 -0.000000
vt 0.357143 0.750000
vn 0.000000 0.923879 0.382684
v -12.206611 48.012671 -0.000000
vt 0.392857 0.750000
vn 0.000000 0.923879 0.382684
f 4549/4549/4549 4550/4550/4550 4551/4551/4551
v -16.275489 48.817101 -1.942060
vt 0.357143 0.625000
vn 0.000000 0.923879 0.382684
v -12.206611 48.012671 -0.000000
vt 0.392857 0.750000
vn 0.000000 0.923879 0.382684
v -12.206611 48.817101 -1.942060
vt 0.392857 0.625000
vn 0.000000 0.923879 0.382684
f 4552/4552/4552 4553/4553/4553 4554/4554/4554
v -16.275491 48.012671 -0.000000
vt 0.357143 0.750000
vn 0.000000 0.923879 -0.382684
v -16.275489 48.817101 1.942060
vt 0.357143 0.875000
vn 0.000000 0.923879 -0.382684
v -12.206611 48.817101 1.942060
vt 0.392857 0.875000
vn 0.000000 0.923879 -0.382684
f 4555/4555/4555 4556/4556/4556 4557/4557/4557
v -16.275491 48.012671 -0.000000
vt 0.357143 0.750000
vn 0.000000 0.923879 -0.382684
v -12.206611 48.817101 1.942060
vt 0.392857 0.875000
vn 0.000000 0.923879 -0.382684
v -12.206611 48.012671 -0.000000
vt 0.392857 0.750000
vn 0.000000 0.923879 -0.382684
f 4558/4558/4558 4559/4559/4559 4560/4560/4560
v -16.275489 48.817101 1.942060
vt 0.357143 0.875000
vn 0.000000 0.382684 -0.923879
v -16.275481 50.759159 2.746488
vt 0.357143 1.000000
vn 0.000000 0.382684 -0.923879
v -12.206611 50.759159 2.746488
vt 0.392857 1.000000
vn 0.000000 0.382684 -0.923879
f 4561/4561/4561 4562/4562/4562 4563/4563/4563
v -16.275489 48.817101 1.942060
vt 0.357143 0.875000
vn 0.000000 0.382684 -0.923879
v -12.206611 50.759159 2.746488
vt 0.392857 1.000000
vn 0.000000 0.382684 -0.923879
v -12.206611 48.817101 1.942060
vt 0.392857 0.875000
vn 0.000000 0.382684 -0.923879
f 4564/4564/4564 4565/4565/4565 4566/4566/4566
v -12.206611 50.759159 2.746488
vt 0.392857 0.000000
vn 0.000000 -0.382684 -0.923879
v -12.206611 52.701218 1.942060
vt 0.392857 0.125000
vn 0.000000 -0.382684 -0.923879
v -8.137741 52.701218 1.942060
vt 0.428571 0.125000
vn 0.000000 -0.382684 -0.923879
f 4567/4567/4567 4568/4568/4568 4569/4569/4569
v -12.206611 50.759159 2.746488
vt 0.392857 0.000000
vn 0.000000 -0.382684 -0.923879
v -8.137741 52.701218 1.942060
vt 0.428571 0.125000
vn 0.000000 -0.382684 -0.923879
v -8.137741 50.759159 2.746488
vt 0.428571 0.000000
vn 0.000000 -0.382684 -0.923879
f 4570/4570/4570 4571/4571/4571 4572/4572/4572
v -12.206611 52.701218 1.942060
vt 0.392857 0.125000
vn 0.000000 -0.923879 -0.382684
v -12.206611 53.505648 0.000000
vt 0.392857 0.250000
vn 0.000000 -0.923879 -0.382684
v -8.137741 53.505648 0.000000
vt 0.428571 0.250000
vn 0.000000 -0.923879 -0.382684
f 4573/4573/4573 4574/4574/4574 4575/4575/4575
v -12.206611 52.701218 1.942060
vt 0.392857 0.125000
vn 0.000000 -0.923879 -0.382684
v -8.137741 53.505648 0.000000
vt 0.428571 0.250000
vn 0.000000 -0.923879 -0.382684
v -8.137741 52.701218 1.942060
vt 0.428571 0.125000
vn 0.000000 -0.923879 -0.382684
f 4576/4576/4576 4577/4577/4577 4578/4578/4578
v -12.206611 53.505648 0.000000
vt 0.392857 0.250000
vn 0.000000 -0.923879 0.382684
v -12.206611 52.701218 -1.942060
vt 0.392857 0.375000
vn 0.000000 -0.923879 0.382684
v -8.137741 52.701218 -1.942060
vt 0.428571 0.375000
vn 0.000000 -0.923879 0.382684
f 4579/4579/4579 4580/4580/4580 4581/4581/4581
v -12.206611 53.505648 0.000000
vt 0.392857 0.250000
vn 0.000000 -0.923879 0.382684
v -8.137741 52.701218 -1.942060
vt 0.428571 0.375000
vn 0.000000 -0.923879 0.382684
v -8.137741 53.505648 0.000000
vt 0.428571 0.250000
vn 0.000000 -0.923879 0.382684
f 4582/4582/4582 4583/4583/4583 4584/4584/4584
v -12.206611 52.701218 -1.942060
vt 0.392857 0.375000
vn 0.000000 -0.382684 0.923879
v -12.206611 50.759159 -2.746488
vt 0.392857 0.500000
vn 0.000000 -0.382684 0.923879
v -8.137741 50.759159 -2.746488
vt 0.428571 0.500000
vn 0.000000 -0.382684 0.923879
f 4585/4585/4585 4586/4586/4586 4587/4587/4587
v -12.206611 52.701218 -1.942060
vt 0.392857 0.375000
vn 0.000000 -0.382684 0.923879
v -8.137741 50.759159 -2.746488
vt 0.428571 0.500000
vn 0.000000 -0.382684 0.923879
v -8.137741 52.701218 -1.942060
vt 0.428571 0.375000
vn 0.000000 -0.382684 0.923879
f 4588/4588/4588 4589/4589/4589 4590/4590/4590
v -12.206611 50.759159 -2.746488
vt 0.392857 0.500000
vn 0.000000 0.382684 0.923879
v -12.206611 48.817101 -1.942060
vt 0.392857 0.625000
vn 0.000000 0.382684 0.923879
v -8.137741 48.817101 -1.942060
vt 0.428571 0.625000
vn 0.000000 0.382684 0.923879
f 4591/4591/4591 4592/4592/4592 4593/4593/4593
v -12.206611 50.759159 -2.746488
vt 0.392857 0.500000
vn 0.000000 0.382684 0.923879
v -8.137741 48.817101 -1.942060
vt 0.428571 0.625000
vn 0.000000 0.382684 0.923879
v -8.137741 50.759159 -2.746488
vt 0.428571 0.500000
vn 0.000000 0.382684 0.923879
f 4594/4594/4594 4595/4595/4595 4596/4596/4596
v -12.206611 48.817101 -1.942060
vt 0.392857 0.625000
vn 0.000000 0.923879 0.382684
v -12.206611 48.012671 -0.000000
vt 0.392857 0.750000
vn 0.000000 0.923879 0.382684
v -8.137741 48.012671 -0.000000
vt 0.428571 0.750000
vn 0.000000 0.923879 0.382684
f 4597/4597/4597 4598/4598/4598 4599/4599/4599
v -12.206611 48.817101 -1.942060
vt 0.392857 0.625000
vn 0.000000 0.923879 0.382684
v -8.137741 48.012671 -0.000000
vt 0.428571 0.750000
vn 0.000000 0.923879 0.382684
v -8.137741 48.817101 -1.942060
vt 0.428571 0.625000
vn 0.000000 0.923879 0.382684
f 4600/4600/4600 4601/4601/4601 4602/4602/4602
v -12.206611 48.012671 -0.000000
vt 0.392857 0.750000
vn 0.000000 0.923879 -0.382684
v -12.206611 48.817101 1.942060
vt 0.392857 0.875000
vn 0.000000 0.923879 -0.382684
v -8.137741 48.817101 1.942060
vt 0.428571 0.875000
vn 0.000000 0.923879 -0.382684
f 4603/4603/4603 4604/4604/4604 4605/4605/4605
v -12.206611 48.012671 -0.000000
vt 0.392857 0.750000
vn 0.000000 0.923879 -0.382684
v -8.137741 48.817101 1.942060
vt 0.428571 0.875000
vn 0.000000 0.923879 -0.382684
v -8.137741 48.012671 -0.000000
vt 0.428571 0.750000
vn 0.000000 0.923879 -0.382684
f 4606/4606/4606 4607/4607/4607 4608/4608/4608
v -12.206611 48.817101 1.942060
vt 0.392857 0.875000
vn 0.000000 0.382684 -0.923879
v -12.206611 50.759159 2.746488
vt 0.392857 1.000000
vn 0.000000 0.382684 -0.923879
v -8.137741 50.759159 2.746488
vt 0.428571 1.000000
vn 0.000000 0.382684 -0.923879
f 4609/4609/4609 4610/4610/4610 4611/4611/4611
v -12.206611 48.817101 1.942060
vt 0.392857 0.875000
vn 0.000000 0.382684 -0.923879
v -8.137741 50.759159 2.746488
vt 0.428571 1.000000
vn 0.000000 0.382684 -0.923879
v -8.137741 48.817101 1.942060
vt 0.428571 0.875000
vn 0.000000 0.382684 -0.923879
f 4612/4612/4612 4613/4613/4613 4614/4614/4614
v -8.137741 50.759159 2.746488
vt 0.428571 0.000000
vn 0.000000 -0.382684 -0.923879
v -8.137741 52.701218 1.942060
vt 0.428571 0.125000
vn 0.000000 -0.382684 -0.923879
v -4.068870 52.701218 1.942060
vt 0.464286 0.125000
vn 0.000000 -0.382684 -0.923879
f 4615/4615/4615 4616/4616/4616 4617/4617/4617
v -8.137741 50.759159 2.746488
vt 0.428571 0.000000
vn 0.000000 -0.382684 -0.923879
v -4.068870 52.701218 1.942060
vt 0.464286 0.125000
vn 0.000000 -0.382684 -0.923879
v -4.068870 50.759159 2.746488
vt 0.464286 0.000000
vn 0.000000 -0.382684 -0.923879
f 4618/4618/4618 4619/4619/4619 4620/4620/4620
v -8.137741 52.701218 1.942060
vt 0.428571 0.125000
vn 0.000000 -0.923879 -0.382684
v -8.137741 53.505648 0.000000
vt 0.428571 0.250000
vn 0.000000 -0.923879 -0.382684
v -4.068870 53.505648 0.000000
vt 0.464286 0.250000
vn 0.000000 -0.923879 -0.382684
f 4621/4621/4621 4622/4622/4622 4623/4623/4623
v -8.137741 52.701218 1.942060
vt 0.428571 0.125000
vn 0.000000 -0.923879 -0.382684
v -4.068870 53.505648 0.000000
vt 0.464286 0.250000
vn 0.000000 -0.923879 -0.382684
v -4.068870 52.701218 1.942060
vt 0.464286 0.125000
vn 0.000000 -0.923879 -0.382684
f 4624/4624/4624 4625/4625/4625 4626/4626/4626
v -8.137741 53.505648 0.000000
vt 0.428571 0.250000
vn 0.000000 -0.923879 0.382684
v -8.137741 52.701218 -1.942060
vt 0.428571 0.375000
vn 0.000000 -0.923879 0.382684
v -4.068870 52.701218 -1.942060
vt 0.464286 0.375000
vn 0.000000 -0.923879 0.382684
f 4627/4627/4627 4628/4628/4628 4629/4629/4629
v -8.137741 53.505648 0.000000
vt 0.428571 0.250000
vn 0.000000 -0.923879 0.382684
v -4.068870 52.701218 -1.942060
vt 0.464286 0.375000
vn 0.000000 -0.923879 0.382684
v -4.068870 53.505648 0.000000
vt 0.464286 0.250000
vn 0.000000 -0.923879 0.382684
f 4630/4630/4630 4631/4631/4631 4632/4632/4632
v -8.137741 52.701218 -1.942060
vt 0.428571 0.375000
vn 0.000000 -0.382684 0.923879
v -8.137741 50.759159 -2.746488
vt 0.428571 0.500000
vn 0.000000 -0.382684 0.923879
v -4.068870 50.759159 -2.746488
vt 0.464286 0.500000
vn 0.000000 -0.382684 0.923879
f 4633/4633/4633 4634/4634/4634 4635/4635/4635
v -8.137741 52.701218 -1.942060
vt 0.428571 0.375000
vn 0.000000 -0.382684 0.923879
v -4.068870 50.759159 -2.746488
vt 0.464286 0.500000
vn 0.000000 -0.382684 0.923879
v -4.068870 52.701218 -1.942060
vt 0.464286 0.375000
vn 0.000000 -0.382684 0.923879
f 4636/4636/4636 4637/4637/4637 4638/4638/4638
v -8.137741 50.759159 -2.746488
vt 0.428571 0.500000
vn 0.000000 0.382684 0.923879
v -8.137741 48.817101 -1.942060
vt 0.428571 0.625000
vn 0.000000 0.382684 0.923879
v -4.068870 48.817101 -1.942060
vt 0.464286 0.625000
vn 0.000000 0.382684 0.923879
f 4639/4639/4639 4640/4640/4640 4641/4641/4641
v -8.137741 50.759159 -2.746488
vt 0.428571 0.500000
vn 0.000000 0.382684 0.923879
v -4.068870 48.817101 -1.942060
vt 0.464286 0.625000
vn 0.000000 0.382684 0.923879
v -4.068870 50.759159 -2.746488
vt 0.464286 0.500000
vn 0.000000 0.382684 0.923879
f 4642/4642/4642 4643/4643/4643 4644/4644/4644
v -8.137741 48.817101 -1.942060
vt 0.428571 0.625000
vn 0.000000 0.923879 0.382684
v -8.137741 48.012671 -0.000000
vt 0.428571 0.750000
vn 0.000000 0.923879 0.382684
v -4.068870 48.012671 -0.000000
vt 0.464286 0.750000
vn 0.000000 0.923879 0.382684
f 4645/4645/4645 4646/4646/4646 4647/4647/4647
v -8.137741 48.817101 -1.942060
vt 0.428571 0.625000
vn 0.000000 0.923879 0.382684
v -4.068870 48.012671 -0.000000
vt 0.464286 0.750000
vn 0.000000 0.923879 0.382684
v -4.068870 48.817101 -1.942060
vt 0.464286 0.625000
vn 0.000000 0.923879 0.382684
f 4648/4648/4648 4649/4649/4649 4650/4650/4650
v -8.137741 48.012671 -0.000000
vt 0.428571 0.750000
vn 0.000000 0.923879 -0.382684
v -8.137741 48.817101 1.942060
vt 0.428571 0.875000
vn 0.000000 0.923879 -0.382684
v -4.068870 48.817101 1.942060
vt 0.464286 0.875000
vn 0.000000 0.923879 -0.382684
f 4651/4651/4651 4652/4652/4652 4653/4653/4653
v -8.137741 48.012671 -0.000000
vt 0.428571 0.750000
vn 0.000000 0.923879 -0.382684
v -4.068870 48.817101 1.942060
vt 0.464286 0.875000
vn 0.000000 0.923879 -0.382684
v -4.068870 48.012671 -0.000000
vt 0.464286 0.750000
vn 0.000000 0.923879 -0.382684
f 4654/4654/4654 4655/4655/4655 4656/4656/4656
v -8.137741 48.817101 1.942060
vt 0.428571 0.875000
vn 0.000000 0.382684 -0.923879
v -8.137741 50.759159 2.746488
vt 0.428571 1.000000
vn 0.000000 0.382684 -0.923879
v -4.068870 50.759159 2.746488
vt 0.464286 1.000000
vn 0.000000 0.382684 -0.923879
f 4657/4657/4657 4658/4658/4658 4659/4659/4659
v -8.137741 48.817101 1.942060
vt 0.428571 0.875000
vn 0.000000 0.382684 -0.923879
v -4.068870 50.759159 2.746488
vt 0.464286 1.000000
vn 0.000000 0.382684 -0.923879
v -4.068870 48.817101 1.942060
vt 0.464286 0.875000
vn 0.000000 0.382684 -0.923879
f 4660/4660/4660 4661/4661/4661 4662/4662/4662
v -4.068870 50.759159 2.746488
vt 0.464286 0.000000
vn 0.000000 -0.382684 -0.923879
v -4.068870 52.701218 1.942060
vt 0.464286 0.125000
vn 0.000000 -0.382684 -0.923879
v 0.000000 52.701218 1.942060
vt 0.500000 0.125000
vn 0.000000 -0.382684 -0.923879
f 4663/4663/4663 4664/4664/4664 4665/4665/4665
v -4.068870 50.759159 2.746488
vt 0.464286 0.000000
vn 0.000000 -0.382684 -0.923879
v 0.000000 52.701218 1.942060
vt 0.500000 0.125000
vn 0.000000 -0.382684 -0.923879
v 0.000000 50.759159 2.746488
vt 0.500000 0.000000
vn 0.000000 -0.382684 -0.923879
f 4666/4666/4666 4667/4667/4667 4668/4668/4668
v -4.068870 52.701218 1.942060
vt 0.464286 0.125000
vn 0.000000 -0.923879 -0.382684
v -4.068870 53.505648 0.000000
vt 0.464286 0.250000
vn 0.000000 -0.923879 -0.382684
v 0.000000 53.505648 0.000000
vt 0.500000 0.250000
vn 0.000000 -0.923879 -0.382684
f 4669/4669/4669 4670/4670/4670 4671/4671/4671
v -4.068870 52.701218 1.942060
vt 0.464286 0.125000
vn 0.000000 -0.923879 -0.382684
v 0.000000 53.505648 0.000000
vt 0.500000 0.250000
vn 0.000000 -0.923879 -0.382684
v 0.000000 52.701218 1.942060
vt 0.500000 0.125000
vn 0.000000 -0.923879 -0.382684
f 4672/4672/4672 4673/4673/4673 4674/4674/4674
v -4.068870 53.505648 0.000000
vt 0.464286 0.250000
vn 0.000000 -0.923879 0.382684
v -4.068870 52.701218 -1.942060
vt 0.464286 0.375000
vn 0.000000 -0.923879 0.382684
v 0.000000 52.701218 -1.942060
vt 0.500000 0.375000
vn 0.000000 -0.923879 0.382684
f 4675/4675/4675 4676/4676/4676 4677/4677/4677
v -4.068870 53.505648 0.000000
vt 0.464286 0.250000
vn 0.000000 -0.923879 0.382684
v 0.000000 52.701218 -1.942060
vt 0.500000 0.375000
vn 0.000000 -0.923879 0.382684
v 0.000000 53.505648 0.000000
vt 0.500000 0.250000
vn 0.000000 -0.923879 0.382684
f 4678/4678/4678 4679/4679/4679 4680/4680/4680
v -4.068870 52.701218 -1.942060
vt 0.464286 0.375000
vn 0.000000 -0.382684 0.923879
v -4.068870 50.759159 -2.746488
vt 0.464286 0.500000
vn 0.000000 -0.382684 0.923879
v 0.000000 50.759159 -2.746488
vt 0.500000 0.500000
vn 0.000000 -0.382684 0.923879
f 4681/4681/4681 4682/4682/4682 4683/4683/4683
v -4.068870 52.701218 -1.942060
vt 0.464286 0.375000
vn 0.000000 -0.382684 0.923879
v 0.000000 50.759159 -2.746488
vt 0.500000 0.500000
vn 0.000000 -0.382684 0.923879
v 0.000000 52.701218 -1.942060
vt 0.500000 0.375000
vn 0.000000 -0.382684 0.923879
f 4684/4684/4684 4685/4685/4685 4686/4686/4686
v -4.068870 50.759159 -2.746488
vt 0.464286 0.500000
vn 0.000000 0.382684 0.923879
v -4.068870 48.817101 -1.942060
vt 0.464286 0.625000
vn 0.000000 0.382684 0.923879
v 0.000000 48.817101 -1.942060
vt 0.500000 0.625000
vn 0.000000 0.382684 0.923879
f 4687/4687/4687 4688/4688/4688 4689/4689/4689
v -4.068870 50.759159 -2.746488
vt 0.464286 0.500000
vn 0.000000 0.382684 0.923879
v 0.000000 48.817101 -1.942060
vt 0.500000 0.625000
vn 0.000000 0.382684 0.923879
v 0.000000 50.759159 -2.746488
vt 0.500000 0.500000
vn 0.000000 0.382684 0.923879
f 4690/4690/4690 4691/4691/4691 4692/4692/4692
v -4.068870 48.817101 -1.942060
vt 0.464286 0.625000
vn 0.000000 0.923879 0.382684
v -4.068870 48.012671 -0.000000
vt 0.464286 0.750000
vn 0.000000 0.923879 0.382684
v 0.000000 48.012671 -0.000000
vt 0.500000 0.750000
vn 0.000000 0.923879 0.382684
f 4693/4693/4693 4694/4694/4694 4695/4695/4695
v -4.068870 48.817101 -1.942060
vt 0.464286 0.625000
vn 0.000000 0.923879 0.382684
v 0.000000 48.012671 -0.000000
vt 0.500000 0.750000
vn 0.000000 0.923879 0.382684
v 0.000000 48.817101 -1.942060
vt 0.500000 0.625000
vn 0.000000 0.923879 0.382684
f 4696/4696/4696 4697/4697/4697 4698/4698/4698
v -4.068870 48.012671 -0.000000
vt 0.464286 0.750000
vn 0.000000 0.923879 -0.382684
v -4.068870 48.817101 1.942060
vt 0.464286 0.875000
vn 0.000000 0.923879 -0.382684
v 0.000000 48.817101 1.942060
vt 0.500000 0.875000
vn 0.000000 0.923879 -0.382684
f 4699/4699/4699 4700/4700/4700 4701/4701/4701
v -4.068870 48.012671 -0.000000
vt 0.464286 0.750000
vn 0.000000 0.923879 -0.382684
v 0.000000 48.817101 1.942060
vt 0.500000 0.875000
vn 0.000000 0.923879 -0.382684
v 0.000000 48.012671 -0.000000
vt 0.500000 0.750000
vn 0.000000 0.923879 -0.382684
f 4702/4702/4702 4703/4703/4703 4704/4704/4704
v -4.068870 48.817101 1.942060
vt 0.464286 0.875000
vn 0.000000 0.382684 -0.923879
v -4.068870 50.759159 2.746488
vt 0.464286 1.000000
vn 0.000000 0.382684 -0.923879
v 0.000000 50.759159 2.746488
vt 0.500000 1.000000
vn 0.000000 0.382684 -0.923879
f 4705/4705/4705 4706/4706/4706 4707/4707/4707
v -4.068870 48.817101 1.942060
vt 0.464286 0.875000
vn 0.000000 0.382684 -0.923879
v 0.000000 50.759159 2.746488
vt 0.500000 1.000000
vn 0.000000 0.382684 -0.923879
v 0.000000 48.817101 1.942060
vt 0.500000 0.875000
vn 0.000000 0.382684 -0.923879
f 4708/4708/4708 4709/4709/4709 4710/4710/4710
v 0.000000 50.759159 2.746488
vt 0.500000 0.000000
vn 0.000000 -0.382684 -0.923879
v 0.000000 52.701218 1.942060
vt 0.500000 0.125000
vn 0.000000 -0.382684 -0.923879
v 4.068870 52.701218 1.942060
vt 0.535714 0.125000
vn 0.000000 -0.382684 -0.923879
f 4711/4711/4711 4712/4712/4712 4713/4713/4713
v 0.000000 50.759159 2.746488
vt 0.500000 0.000000
vn 0.000000 -0.382684 -0.923879
v 4.068870 52.701218 1.942060
vt 0.535714 0.125000
vn 0.000000 -0.382684 -0.923879
v 4.068870 50.759159 2.746488
vt 0.535714 0.000000
vn 0.000000 -0.382684 -0.923879
f 4714/4714/4714 4715/4715/4715 4716/4716/4716
v 0.000000 52.701218 1.942060
vt 0.500000 0.125000
vn 0.000000 -0.923879 -0.382684
v 0.000000 53.505648 0.000000
vt 0.500000 0.250000
vn 0.000000 -0.923879 -0.382684
v 4.068870 53.505648 0.000000
vt 0.535714 0.250000
vn 0.000000 -0.923879 -0.382684
f 4717/4717/4717 4718/4718/4718 4719/4719/4719
v 0.000000 52.701218 1.942060
vt 0.500000 0.125000
vn 0.000000 -0.923879 -0.382684
v 4.068870 53.505648 0.000000
vt 0.535714 0.250000
vn 0.000000 -0.923879 -0.382684
v 4.068870 52.701218 1.942060
vt 0.535714 0.125000
vn 0.000000 -0.923879 -0.382684
f 4720/4720/4720 4721/4721/4721 4722/4722/4722
v 0.000000 53.505648 0.000000
vt 0.500000 0.250000
vn 0.000000 -0.923879 0.382684
v 0.000000 52.701218 -1.942060
vt 0.500000 0.375000
vn 0.000000 -0.923879 0.382684
v 4.068870 52.701218 -1.942060
vt 0.535714 0.375000
vn 0.000000 -0.923879 0.382684
f 4723/4723/4723 4724/4724/4724 4725/4725/4725
v 0.000000 53.505648 0.000000
vt 0.500000 0.250000
vn 0.000000 -0.923879 0.382684
v 4.068870 52.701218 -1.942060
vt 0.535714 0.375000
vn 0.000000 -0.923879 0.382684
v 4.068870 53.505648 0.000000
vt 0.535714 0.250000
vn 0.000000 -0.923879 0.382684
f 4726/4726/4726 4727/4727/4727 4728/4728/4728
v 0.000000 52.701218 -1.942060
vt 0.500000 0.375000
vn 0.000000 -0.382684 0.923879
v 0.000000 50.759159 -2.746488
vt 0.500000 0.500000
vn 0.000000 -0.382684 0.923879
v 4.068870 50.759159 -2.746488
vt 0.535714 0.500000
vn 0.000000 -0.382684 0.923879
f 4729/4729/4729 4730/4730/4730 4731/4731/4731
v 0.000000 52.701218 -1.942060
vt 0.500000 0.375000
vn 0.000000 -0.382684 0.923879
v 4.068870 50.759159 -2.746488
vt 0.535714 0.500000
vn 0.000000 -0.382684 0.923879
v 4.068870 52.701218 -1.942060
vt 0.535714 0.375000
vn 0.000000 -0.382684 0.923879
f 4732/4732/4732 4733/4733/4733 4734/4734/4734
v 0.000000 50.759159 -2.746488
vt 0.500000 0.500000
vn 0.000000 0.382684 0.923879
v 0.000000 48.817101 -1.942060
vt 0.500000 0.625000
vn 0.000000 0.382684 0.923879
v 4.068870 48.817101 -1.942060
vt 0.535714 0.625000
vn 0.000000 0.382684 0.923879
f 4735/4735/4735 4736/4736/4736 4737/4737/4737
v 0.000000 50.759159 -2.746488
vt 0.500000 0.500000
vn 0.000000 0.382684 0.923879
v 4.068870 48.817101 -1.942060
vt 0.535714 0.625000
vn 0.000000 0.382684 0.923879
v 4.068870 50.759159 -2.746488
vt 0.535714 0.500000
vn 0.000000 0.382684 0.923879
f 4738/4738/4738 4739/4739/4739 4740/4740/4740
v 0.000000 48.817101 -1.942060
vt 0.500000 0.625000
vn 0.000000 0.923879 0.382684
v 0.000000 48.012671 -0.000000
vt 0.500000 0.750000
vn 0.000000 0.923879 0.382684
v 4.068870 48.012671 -0.000000
vt 0.535714 0.750000
vn 0.000000 0.923879 0.382684
f 4741/4741/4741 4742/4742/4742 4743/4743/4743
v 0.000000 48.817101 -1.942060
vt 0.500000 0.625000
vn 0.000000 0.923879 0.382684
v 4.068870 48.012671 -0.000000
vt 0.535714 0.750000
vn 0.000000 0.923879 0.382684
v 4.068870 48.817101 -1.942060
vt 0.535714 0.625000
vn 0.000000 0.923879 0.382684
f 4744/4744/4744 4745/4745/4745 4746/4746/4746
v 0.000000 48.012671 -0.000000
vt 0.500000 0.750000
vn 0.000000 0.923879 -0.382684
v 0.000000 48.817101 1.942060
vt 0.500000 0.875000
vn 0.000000 0.923879 -0.382684
v 4.068870 48.817101 1.942060
vt 0.535714 0.875000
vn 0.000000 0.923879 -0.382684
f 4747/4747/4747 4748/4748/4748 4749/4749/4749
v 0.000000 48.012671 -0.000000
vt 0.500000 0.750000
vn 0.000000 0.923879 -0.382684
v 4.068870 48.817101 1.942060
vt 0.535714 0.875000
vn 0.000000 0.923879 -0.382684
v 4.068870 48.012671 -0.000000
vt 0.535714 0.750000
vn 0.000000 0.923879 -0.382684
f 4750/4750/4750 4751/4751/4751 4752/4752/4752
v 0.000000 48.817101 1.942060
vt 0.500000 0.875000
vn 0.000000 0.382684 -0.923879
v 0.000000 50.759159 2.746488
vt 0.500000 1.000000
vn 0.000000 0.382684 -0.923879
v 4.068870 50.759159 2.746488
vt 0.535714 1.000000
vn 0.000000 0.382684 -0.923879
f 4753/4753/4753 4754/4754/4754 4755/4755/4755
v 0.000000 48.817101 1.942060
vt 0.500000 0.875000
vn 0.000000 0.382684 -0.923879
v 4.068870 50.759159 2.746488
vt 0.535714 1.000000
vn 0.000000 0.382684 -0.923879
v 4.068870 48.817101 1.942060
vt 0.535714 0.875000
vn 0.000000 0.382684 -0.923879
f 4756/4756/4756 4757/4757/4757 4758/4758/4758
v 4.068870 50.759159 2.746488
vt 0.535714 0.000000
vn 0.000000 -0.382684 -0.923879
v 4.068870 52.701218 1.942060
vt 0.535714 0.125000
vn 0.000000 -0.382684 -0.923879
v 8.137741 52.701218 1.942060
vt 0.571429 0.125000
vn 0.000000 -0.382684 -0.923879
f 4759/4759/4759 4760/4760/4760 4761/4761/4761
v 4.068870 50.759159 2.746488
vt 0.535714 0.000000
vn 0.000000 -0.382684 -0.923879
v 8.137741 52.701218 1.942060
vt 0.571429 0.125000
vn 0.000000 -0.382684 -0.923879
v 8.137741 50.759159 2.746488
vt 0.571429 0.000000
vn 0.000000 -0.382684 -0.923879
f 4762/4762/4762 4763/4763/4763 4764/4764/4764
v 4.068870 52.701218 1.942060
vt 0.535714 0.125000
vn 0.000000 -0.923879 -0.382684
v 4.068870 53.505648 0.000000
vt 0.535714 0.250000
vn 0.000000 -0.923879 -0.382684
v 8.137741 53.505648 0.000000
vt 0.571429 0.250000
vn 0.000000 -0.923879 -0.382684
f 4765/4765/4765 4766/4766/4766 4767/4767/4767
v 4.068870 52.701218 1.942060
vt 0.535714 0.125000
vn 0.000000 -0.923879 -0.382684
v 8.137741 53.505648 0.000000
vt 0.571429 0.250000
vn 0.000000 -0.923879 -0.382684
v 8.137741 52.701218 1.942060
vt 0.571429 0.125000
vn 0.000000 -0.923879 -0.382684
f 4768/4768/4768 4769/4769/4769 4770/4770/4770
v 4.068870 53.505648 0.000000
vt 0.535714 0.250000
vn 0.000000 -0.923879 0.382684
v 4.068870 52.701218 -1.942060
vt 0.535714 0.375000
vn 0.000000 -0.923879 0.382684
v 8.137741 52.701218 -1.942060
vt 0.571429 0.375000
vn 0.000000 -0.923879 0.382684
f 4771/4771/4771 4772/4772/4772 4773/4773/4773
v 4.068870 53.505648 0.000000
vt 0.535714 0.250000
vn 0.000000 -0.923879 0.382684
v 8.137741 52.701218 -1.942060
vt 0.571429 0.375000
vn 0.000000 -0.923879 0.382684
v 8.137741 53.505648 0.000000
vt 0.571429 0.250000
vn 0.000000 -0.923879 0.382684
f 4774/4774/4774 4775/4775/4775 4776/4776/4776
v 4.068870 52.701218 -1.942060
vt 0.535714 0.375000
vn 0.000000 -0.382684 0.923879
v 4.068870 50.759159 -2.746488
vt 0.535714 0.500000
vn 0.000000 -0.382684 0.923879
v 8.137741 50.759159 -2.746488
vt 0.571429 0.500000
vn 0.000000 -0.382684 0.923879
f 4777/4777/4777 4778/4778/4778 4779/4779/4779
v 4.068870 52.701218 -1.942060
vt 0.535714 0.375000
vn 0.000000 -0.382684 0.923879
v 8.137741 50.759159 -2.746488
vt 0.571429 0.500000
vn 0.000000 -0.382684 0.923879
v 8.137741 52.701218 -1.942060
vt 0.571429 0.375000
vn 0.000000 -0.382684 0.923879
f 4780/4780/4780 4781/4781/4781 4782/4782/4782
v 4.068870 50.759159 -2.746488
vt 0.535714 0.500000
vn 0.000000 0.382684 0.923879
v 4.068870 48.817101 -1.942060
vt 0.535714 0.625000
vn 0.000000 0.382684 0.923879
v 8.137741 48.817101 -1.942060
vt 0.571429 0.625000
vn 0.000000 0.382684 0.923879
f 4783/4783/4783 4784/4784/4784 4785/4785/4785
v 4.068870 50.759159 -2.746488
vt 0.535714 0.500000
vn 0.000000 0.382684 0.923879
v 8.137741 48.817101 -1.942060
vt 0.571429 0.625000
vn 0.000000 0.382684 0.923879
v 8.137741 50.759159 -2.746488
vt 0.571429 0.500000
vn 0.000000 0.382684 0.923879
f 4786/4786/4786 4787/4787/4787 4788/4788/4788
v 4.068870 48.817101 -1.942060
vt 0.535714 0.625000
vn 0.000000 0.923879 0.382684
v 4.068870 48.012671 -0.000000
vt 0.535714 0.750000
vn 0.000000 0.923879 0.382684
v 8.137741 48.012671 -0.000000
vt 0.571429 0.750000
vn 0.000000 0.923879 0.382684
f 4789/4789/4789 4790/4790/4790 4791/4791/4791
v 4.068870 48.817101 -1.942060
vt 0.535714 0.625000
vn 0.000000 0.923879 0.382684
v 8.137741 48.012671 -0.000000
vt 0.571429 0.750000
vn 0.000000 0.923879 0.382684
v 8.137741 48.817101 -1.942060
vt 0.571429 0.625000
vn 0.000000 0.923879 0.382684
f 4792/4792/4792 4793/4793/4793 4794/4794/4794
v 4.068870 48.012671 -0.000000
vt 0.535714 0.750000
vn 0.000000 0.923879 -0.382684
v 4.068870 48.817101 1.942060
vt 0.535714 0.875000
vn 0.000000 0.923879 -0.382684
v 8.137741 48.817101 1.942060
vt 0.571429 0.875000
vn 0.000000 0.923879 -0.382684
f 4795/4795/4795 4796/4796/4796 4797/4797/4797
v 4.068870 48.012671 -0.000000
vt 0.535714 0.750000
vn 0.000000 0.923879 -0.382684
v 8.137741 48.817101 1.942060
vt 0.571429 0.875000
vn 0.000000 0.923879 -0.382684
v 8.137741 48.012671 -0.000000
vt 0.571429 0.750000
vn 0.000000 0.923879 -0.382684
f 4798/4798/4798 4799/4799/4799 4800/4800/4800
v 4.068870 48.817101 1.942060
vt 0.535714 0.875000
vn 0.000000 0.382684 -0.923879
v 4.068870 50.759159 2.746488
vt 0.535714 1.000000
vn 0.000000 0.382684 -0.923879
v 8.137741 50.759159 2.746488
vt 0.571429 1.000000
vn 0.000000 0.382684 -0.923879
f 4801/4801/4801 4802/4802/4802 4803/4803/4803
v 4.068870 48.817101 1.942060
vt 0.535714 0.875000
vn 0.000000 0.382684 -0.923879
v 8.137741 50.759159 2.746488
vt 0.571429 1.000000
vn 0.000000 0.382684 -0.923879
v 8.137741 48.817101 1.942060
vt 0.571429 0.875000
vn 0.000000 0.382684 -0.923879
f 4804/4804/4804 4805/4805/4805 4806/4806/4806
v 8.137741 50.759159 2.746488
vt 0.571429 0.000000
vn 0.000000 -0.382684 -0.923879
v 8.137741 52.701218 1.942060
vt 0.571429 0.125000
vn 0.000000 -0.382684 -0.923879
v 12.206611 52.701218 1.942060
vt 0.607143 0.125000
vn 0.000000 -0.382684 -0.923879
f 4807/4807/4807 4808/4808/4808 4809/4809/4809
v 8.137741 50.759159 2.746488
vt 0.571429 0.000000
vn 0.000000 -0.382684 -0.923879
v 12.206611 52.701218 1.942060
vt 0.607143 0.125000
vn 0.000000 -0.382684 -0.923879
v 12.206611 50.759159 2.746488
vt 0.607143 0.000000
vn 0.000000 -0.382684 -0.923879
f 4810/4810/4810 4811/4811/4811 4812/4812/4812
v 8.137741 52.701218 1.942060
vt 0.571429 0.125000
vn 0.000000 -0.923879 -0.382684
v 8.137741 53.505648 0.000000
vt 0.571429 0.250000
vn 0.000000 -0.923879 -0.382684
v 12.206611 53.505648 0.000000
vt 0.607143 0.250000
vn 0.000000 -0.923879 -0.382684
f 4813/4813/4813 4814/4814/4814 4815/4815/4815
v 8.137741 52.701218 1.942060
vt 0.571429 0.125000
vn 0.000000 -0.923879 -0.382684
v 12.206611 53.505648 0.000000
vt 0.607143 0.250000
vn 0.000000 -0.923879 -0.382684
v 12.206611 52.701218 1.942060
vt 0.607143 0.125000
vn 0.000000 -0.923879 -0.382684
f 4816/4816/4816 4817/4817/4817 4818/4818/4818
v 8.137741 53.505648 0.000000
vt 0.571429 0.250000
vn 0.000000 -0.923879 0.382684
v 8.137741 52.701218 -1.942060
vt 0.571429 0.375000
vn 0.000000 -0.923879 0.382684
v 12.206611 52.701218 -1.942060
vt 0.607143 0.375000
vn 0.000000 -0.923879 0.382684
f 4819/4819/4819 4820/4820/4820 4821/4821/4821
v 8.137741 53.505648 0.000000
vt 0.571429 0.250000
vn 0.000000 -0.923879 0.382684
v 12.206611 52.701218 -1.942060
vt 0.607143 0.375000
vn 0.000000 -0.923879 0.382684
v 12.206611 53.505648 0.000000
vt 0.607143 0.250000
vn 0.000000 -0.923879 0.382684
f 4822/4822/4822 4823/4823/4823 4824/4824/4824
v 8.137741 52.701218 -1.942060
vt 0.571429 0.375000
vn 0.000000 -0.382684 0.923879
v 8.137741 50.759159 -2.746488
vt 0.571429 0.500000
vn 0.000000 -0.382684 0.923879
v 12.206611 50.759159 -2.746488
vt 0.607143 0.500000
vn 0.000000 -0.382684 0.923879
f 4825/4825/4825 4826/4826/4826 4827/4827/4827
v 8.137741 52.701218 -1.942060
vt 0.571429 0.375000
vn 0.000000 -0.382684 0.923879
v 12.206611 50.759159 -2.746488
vt 0.607143 0.500000
vn 0.000000 -0.382684 0.923879
v 12.206611 52.701218 -1.942060
vt 0.607143 0.375000
vn 0.000000 -0.382684 0.923879
f 4828/4828/4828 4829/4829/4829 4830/4830/4830
v 8.137741 50.759159 -2.746488
vt 0.571429 0.500000
vn 0.000000 0.382684 0.923879
v 8.137741 48.817101 -1.942060
vt 0.571429 0.625000
vn 0.000000 0.382684 0.923879
v 12.206611 48.817101 -1.942060
vt 0.607143 0.625000
vn 0.000000 0.382684 0.923879
f 4831/4831/4831 4832/4832/4832 4833/4833/4833
v 8.137741 50.759159 -2.746488
vt 0.571429 0.500000
vn 0.000000 0.382684 0.923879
v 12.206611 48.817101 -1.942060
vt 0.607143 0.625000
vn 0.000000 0.382684 0.923879
v 12.206611 50.759159 -2.746488
vt 0.607143 0.500000
vn 0.000000 0.382684 0.923879
f 4834/4834/4834 4835/4835/4835 4836/4836/4836
v 8.137741 48.817101 -1.942060
vt 0.571429 0.625000
vn 0.000000 0.923879 0.382684
v 8.137741 48.012671 -0.000000
vt 0.571429 0.750000
vn 0.000000 0.923879 0.382684
v 12.206611 48.012671 -0.000000
vt 0.607143 0.750000
vn 0.000000 0.923879 0.382684
f 4837/4837/4837 4838/4838/4838 4839/4839/4839
v 8.137741 48.817101 -1.942060
vt 0.571429 0.625000
vn 0.000000 0.923879 0.382684
v 12.206611 48.012671 -0.000000
vt 0.607143 0.750000
vn 0.000000 0.923879 0.382684
v 12.206611 48.817101 -1.942060
vt 0.607143 0.625000
vn 0.000000 0.923879 0.382684
f 4840/4840/4840 4841/4841/4841 4842/4842/4842
v 8.137741 48.012671 -0.000000
vt 0.571429 0.750000
vn 0.000000 0.923879 -0.382684
v 8.137741 48.817101 1.942060
vt 0.571429 0.875000
vn 0.000000 0.923879 -0.382684
v 12.206611 48.817101 1.942060
vt 0.607143 0.875000
vn 0.000000 0.923879 -0.382684
f 4843/4843/4843 4844/4844/4844 4845/4845/4845
v 8.137741 48.012671 -0.000000
vt 0.571429 0.750000
vn 0.000000 0.923879 -0.382684
v 12.206611 48.817101 1.942060
vt 0.607143 0.875000
vn 0.000000 0.923879 -0.382684
v 12.206611 48.012671 -0.000000
vt 0.607143 0.750000
vn 0.000000 0.923879 -0.382684
f 4846/4846/4846 4847/4847/4847 4848/4848/4848
v 8.137741 48.817101 1.942060
vt 0.571429 0.875000
vn 0.000000 0.382684 -0.923879
v 8.137741 50.759159 2.746488
vt 0.571429 1.000000
vn 0.000000 0.382684 -0.923879
v 12.206611 50.759159 2.746488
vt 0.607143 1.000000
vn 0.000000 0.382684 -0.923879
f 4849/4849/4849 4850/4850/4850 4851/4851/4851
v 8.137741 48.817101 1.942060
vt 0.571429 0.875000
vn 0.000000 0.382684 -0.923879
v 12.206611 50.759159 2.746488
vt 0.607143 1.000000
vn 0.000000 0.382684 -0.923879
v 12.206611 48.817101 1.942060
vt 0.607143 0.875000
vn 0.000000 0.382684 -0.923879
f 4852/4852/4852 4853/4853/4853 4854/4854/4854
v 12.206611 50.759159 2.746488
vt 0.607143 0.000000
vn 0.000000 -0.382684 -0.923880
v 12.206611 52.701218 1.942060
vt 0.607143 0.125000
vn 0.000000 -0.382684 -0.923880
v 16.275474 52.701218 1.942060
vt 0.642857 0.125000
vn 0.000000 -0.382684 -0.923880
f 4855/4855/4855 4856/4856/4856 4857/4857/4857
v 12.206611 50.759159 2.746488
vt 0.607143 0.000000
vn 0.000000 -0.382684 -0.923880
v 16.275474 52.701218 1.942060
vt 0.642857 0.125000
vn 0.000000 -0.382684 -0.923880
v 16.275481 50.759159 2.746488
vt 0.642857 0.000000
vn 0.000000 -0.382684 -0.923880
f 4858/4858/4858 4859/4859/4859 4860/4860/4860
v 12.206611 52.701218 1.942060
vt 0.607143 0.125000
vn 0.000000 -0.923879 -0.382684
v 12.206611 53.505648 0.000000
vt 0.607143 0.250000
vn 0.000000 -0.923879 -0.382684
v 16.275471 53.505648 0.000000
vt 0.642857 0.250000
vn 0.000000 -0.923879 -0.382684
f 4861/4861/4861 4862/4862/4862 4863/4863/4863
v 12.206611 52.701218 1.942060
vt 0.607143 0.125000
vn 0.000000 -0.923879 -0.382684
v 16.275471 53.505648 0.000000
vt 0.642857 0.250000
vn 0.000000 -0.923879 -0.382684
v 16.275474 52.701218 1.942060
vt 0.642857 0.125000
vn 0.000000 -0.923879 -0.382684
f 4864/4864/4864 4865/4865/4865 4866/4866/4866
v 12.206611 53.505648 0.000000
vt 0.607143 0.250000
vn 0.000000 -0.923879 0.382684
v 12.206611 52.701218 -1.942060
vt 0.607143 0.375000
vn 0.000000 -0.923879 0.382684
v 16.275474 52.701218 -1.942060
vt 0.642857 0.375000
vn 0.000000 -0.923879 0.382684
f 4867/4867/4867 4868/4868/4868 4869/4869/4869
v 12.206611 53.505648 0.000000
vt 0.607143 0.250000
vn 0.000000 -0.923879 0.382684
v 16.275474 52.701218 -1.942060
vt 0.642857 0.375000
vn 0.000000 -0.923879 0.382684
v 16.275471 53.505648 0.000000
vt 0.642857 0.250000
vn 0.000000 -0.923879 0.382684
f 4870/4870/4870 4871/4871/4871 4872/4872/4872
v 12.206611 52.701218 -1.942060
vt 0.607143 0.375000
vn 0.000000 -0.382684 0.923880
v 12.206611 50.759159 -2.746488
vt 0.607143 0.500000
vn 0.000000 -0.382684 0.923880
v 16.275481 50.759159 -2.746488
vt 0.642857 0.500000
vn 0.000000 -0.382684 0.923880
f 4873/4873/4873 4874/4874/4874 4875/4875/4875
v 12.206611 52.701218 -1.942060
vt 0.607143 0.375000
vn 0.000000 -0.382684 0.923880
v 16.275481 50.759159 -2.746488
vt 0.642857 0.500000
vn 0.000000 -0.382684 0.923880
v 16.275474 52.701218 -1.942060
vt 0.642857 0.375000
vn 0.000000 -0.382684 0.923880
f 4876/4876/4876 4877/4877/4877 4878/4878/4878
v 12.206611 50.759159 -2.746488
vt 0.607143 0.500000
vn 0.000000 0.382684 0.923879
v 12.206611 48.817101 -1.942060
vt 0.607143 0.625000
vn 0.000000 0.382684 0.923879
v 16.275489 48.817101 -1.942060
vt 0.642857 0.625000
vn 0.000000 0.382684 0.923879
f 4879/4879/4879 4880/4880/4880 4881/4881/4881
v 12.206611 50.759159 -2.746488
vt 0.607143 0.500000
vn 0.000000 0.382684 0.923879
v 16.275489 48.817101 -1.942060
vt 0.642857 0.625000
vn 0.000000 0.382684 0.923879
v 16.275481 50.759159 -2.746488
vt 0.642857 0.500000
vn 0.000000 0.382684 0.923879
f 4882/4882/4882 4883/4883/4883 4884/4884/4884
v 12.206611 48.817101 -1.942060
vt 0.607143 0.625000
vn 0.000000 0.923879 0.382684
v 12.206611 48.012671 -0.000000
vt 0.607143 0.750000
vn 0.000000 0.923879 0.382684
v 16.275491 48.012671 -0.000000
vt 0.642857 0.750000
vn 0.000000 0.923879 0.382684
f 4885/4885/4885 4886/4886/4886 4887/4887/4887
v 12.206611 48.817101 -1.942060
vt 0.607143 0.625000
vn 0.000000 0.923879 0.382684
v 16.275491 48.012671 -0.000000
vt 0.642857 0.750000
vn 0.000000 0.923879 0.382684
v 16.275489 48.817101 -1.942060
vt 0.642857 0.625000
vn 0.000000 0.923879 0.382684
f 4888/4888/4888 4889/4889/4889 4890/4890/4890
v 12.206611 48.012671 -0.000000
vt 0.607143 0.750000
vn 0.000000 0.923879 -0.382684
v 12.206611 48.817101 1.942060
vt 0.607143 0.875000
vn 0.000000 0.923879 -0.382684
v 16.275489 48.817101 1.942060
vt 0.642857 0.875000
vn 0.000000 0.923879 -0.382684
f 4891/4891/4891 4892/4892/4892 4893/4893/4893
v 12.206611 48.012671 -0.000000
vt 0.607143 0.750000
vn 0.000000 0.923879 -0.382684
v 16.275489 48.817101 1.942060
vt 0.642857 0.875000
vn 0.000000 0.923879 -0.382684
v 16.275491 48.012671 -0.000000
vt 0.642857 0.750000
vn 0.000000 0.923879 -0.382684
f 4894/4894/4894 4895/4895/4895 4896/4896/4896
v 12.206611 48.817101 1.942060
vt 0.607143 0.875000
vn 0.000000 0.382684 -0.923879
v 12.206611 50.759159 2.746488
vt 0.607143 1.000000
vn 0.000000 0.382684 -0.923879
v 16.275481 50.759159 2.746488
vt 0.642857 1.000000
vn 0.000000 0.382684 -0.923879
f 4897/4897/4897 4898/4898/4898 4899/4899/4899
v 12.206611 48.817101 1.942060
vt 0.607143 0.875000
vn 0.000000 0.382684 -0.923879
v 16.275481 50.759159 2.746488
vt 0.642857 1.000000
vn 0.000000 0.382684 -0.923879
v 16.275489 48.817101 1.942060
vt 0.642857 0.875000
vn 0.000000 0.382684 -0.923879
f 4900/4900/4900 4901/4901/4901 4902/4902/4902
v 16.275481 50.759159 2.746488
vt 0.642857 0.000000
vn 0.000003 -0.382683 -0.923880
v 16.275474 52.701218 1.942060
vt 0.642857 0.125000
vn 0.000003 -0.382683 -0.923880
v 20.344288 52.701249 1.942060
vt 0.678571 0.125000
vn 0.000003 -0.382683 -0.923880
f 4903/4903/4903 4904/4904/4904 4905/4905/4905
v 16.275481 50.759159 2.746488
vt 0.642857 0.000000
vn 0.000003 -0.382683 -0.923880
v 20.344288 52.701249 1.942060
vt 0.678571 0.125000
vn 0.000003 -0.382683 -0.923880
v 20.344352 50.759190 2.746488
vt 0.678571 0.000000
vn 0.000003 -0.382683 -0.923880
f 4906/4906/4906 4907/4907/4907 4908/4908/4908
v 16.275474 52.701218 1.942060
vt 0.642857 0.125000
vn 0.000007 -0.923879 -0.382684
v 16.275471 53.505648 0.000000
vt 0.642857 0.250000
vn 0.000007 -0.923879 -0.382684
v 20.344261 53.505679 0.000000
vt 0.678571 0.250000
vn 0.000007 -0.923879 -0.382684
f 4909/4909/4909 4910/4910/4910 4911/4911/4911
v 16.275474 52.701218 1.942060
vt 0.642857 0.125000
vn 0.000007 -0.923879 -0.382684
v 20.344261 53.505679 0.000000
vt 0.678571 0.250000
vn 0.000007 -0.923879 -0.382684
v 20.344288 52.701249 1.942060
vt 0.678571 0.125000
vn 0.000007 -0.923879 -0.382684
f 4912/4912/4912 4913/4913/4913 4914/4914/4914
v 16.275471 53.505648 0.000000
vt 0.642857 0.250000
vn 0.000007 -0.923879 0.382684
v 16.275474 52.701218 -1.942060
vt 0.642857 0.375000
vn 0.000007 -0.923879 0.382684
v 20.344288 52.701249 -1.942060
vt 0.678571 0.375000
vn 0.000007 -0.923879 0.382684
f 4915/4915/4915 4916/4916/4916 4917/4917/4917
v 16.275471 53.505648 0.000000
vt 0.642857 0.250000
vn 0.000007 -0.923879 0.382684
v 20.344288 52.701249 -1.942060
vt 0.678571 0.375000
vn 0.000007 -0.923879 0.382684
v 20.344261 53.505679 0.000000
vt 0.678571 0.250000
vn 0.000007 -0.923879 0.382684
f 4918/4918/4918 4919/4919/4919 4920/4920/4920
v 16.275474 52.701218 -1.942060
vt 0.642857 0.375000
vn 0.000003 -0.382683 0.923880
v 16.275481 50.759159 -2.746488
vt 0.642857 0.500000
vn 0.000003 -0.382683 0.923880
v 20.344352 50.759190 -2.746488
vt 0.678571 0.500000
vn 0.000003 -0.382683 0.923880
f 4921/4921/4921 4922/4922/4922 4923/4923/4923
v 16.275474 52.701218 -1.942060
vt 0.642857 0.375000
vn 0.000003 -0.382683 0.923880
v 20.344352 50.759190 -2.746488
vt 0.678571 0.500000
vn 0.000003 -0.382683 0.923880
v 20.344288 52.701249 -1.942060
vt 0.678571 0.375000
vn 0.000003 -0.382683 0.923880
f 4924/4924/4924 4925/4925/4925 4926/4926/4926
v 16.275481 50.759159 -2.746488
vt 0.642857 0.500000
vn -0.000003 0.382684 0.923879
v 16.275489 48.817101 -1.942060
vt 0.642857 0.625000
vn -0.000003 0.382684 0.923879
v 20.344416 48.817132 -1.942060
vt 0.678571 0.625000
vn -0.000003 0.382684 0.923879
f 4927/4927/4927 4928/4928/4928 4929/4929/4929
v 16.275481 50.759159 -2.746488
vt 0.642857 0.500000
vn -0.000003 0.382684 0.923879
v 20.344416 48.817132 -1.942060
vt 0.678571 0.625000
vn -0.000003 0.382684 0.923879
v 20.344352 50.759190 -2.746488
vt 0.678571 0.500000
vn -0.000003 0.382684 0.923879
f 4930/4930/4930 4931/4931/4931 4932/4932/4932
v 16.275489 48.817101 -1.942060
vt 0.642857 0.625000
vn -0.000006 0.923879 0.382684
v 16.275491 48.012671 -0.000000
vt 0.642857 0.750000
vn -0.000006 0.923879 0.382684
v 20.344443 48.012702 -0.000000
vt 0.678571 0.750000
vn -0.000006 0.923879 0.382684
f 4933/4933/4933 4934/4934/4934 4935/4935/4935
v 16.275489 48.817101 -1.942060
vt 0.642857 0.625000
vn -0.000006 0.923879 0.382684
v 20.344443 48.012702 -0.000000
vt 0.678571 0.750000
vn -0.000006 0.923879 0.382684
v 20.344416 48.817132 -1.942060
vt 0.678571 0.625000
vn -0.000006 0.923879 0.382684
f 4936/4936/4936 4937/4937/4937 4938/4938/4938
v 16.275491 48.012671 -0.000000
vt 0.642857 0.750000
vn -0.000006 0.923879 -0.382684
v 16.275489 48.817101 1.942060
vt 0.642857 0.875000
vn -0.000006 0.923879 -0.382684
v 20.344416 48.817132 1.942060
vt 0.678571 0.875000
vn -0.000006 0.923879 -0.382684
f 4939/4939/4939 4940/4940/4940 4941/4941/4941
v 16.275491 48.012671 -0.000000
vt 0.642857 0.750000
vn -0.000006 0.923879 -0.382684
v 20.344416 48.817132 1.942060
vt 0.678571 0.875000
vn -0.000006 0.923879 -0.382684
v 20.344443 48.012702 -0.000000
vt 0.678571 0.750000
vn -0.000006 0.923879 -0.382684
f 4942/4942/4942 4943/4943/4943 4944/4944/4944
v 16.275489 48.817101 1.942060
vt 0.642857 0.875000
vn -0.000003 0.382684 -0.923879
v 16.275481 50.759159 2.746488
vt 0.642857 1.000000
vn -0.000003 0.382684 -0.923879
v 20.344352 50.759190 2.746488
vt 0.678571 1.000000
vn -0.000003 0.382684 -0.923879
f 4945/4945/4945 4946/4946/4946 4947/4947/4947
v 16.275489 48.817101 1.942060
vt 0.642857 0.875000
vn -0.000003 0.382684 -0.923879
v 20.344352 50.759190 2.746488
vt 0.678571 1.000000
vn -0.000003 0.382684 -0.923879
v 20.344416 48.817132 1.942060
vt 0.678571 0.875000
vn -0.000003 0.382684 -0.923879
f 4948/4948/4948 4949/4949/4949 4950/4950/4950
v 20.344352 50.759190 2.746488
vt 0.678571 0.000000
vn 0.000023 -0.382684 -0.923879
v 20.344288 52.701249 1.942060
vt 0.678571 0.125000
vn 0.000023 -0.382684 -0.923879
v 24.412815 52.701490 1.942060
vt 0.714286 0.125000
vn 0.000023 -0.382684 -0.923879
f 4951/4951/4951 4952/4952/4952 4953/4953/4953
v 20.344352 50.759190 2.746488
vt 0.678571 0.000000
vn 0.000023 -0.382684 -0.923879
v 24.412815 52.701490 1.942060
vt 0.714286 0.125000
vn 0.000023 -0.382684 -0.923879
v 24.413222 50.759431 2.746488
vt 0.714286 0.000000
vn 0.000023 -0.382684 -0.923879
f 4954/4954/4954 4955/4955/4955 4956/4956/4956
v 20.344288 52.701249 1.942060
vt 0.678571 0.125000
vn 0.000054 -0.923879 -0.382684
v 20.344261 53.505679 0.000000
vt 0.678571 0.250000
vn 0.000054 -0.923879 -0.382684
v 24.412646 53.505919 0.000000
vt 0.714286 0.250000
vn 0.000054 -0.923879 -0.382684
f 4957/4957/4957 4958/4958/4958 4959/4959/4959
v 20.344288 52.701249 1.942060
vt 0.678571 0.125000
vn 0.000054 -0.923879 -0.382684
v 24.412646 53.505919 0.000000
vt 0.714286 0.250000
vn 0.000054 -0.923879 -0.382684
v 24.412815 52.701490 1.942060
vt 0.714286 0.125000
vn 0.000054 -0.923879 -0.382684
f 4960/4960/4960 4961/4961/4961 4962/4962/4962
v 20.344261 53.505679 0.000000
vt 0.678571 0.250000
vn 0.000054 -0.923879 0.382684
v 20.344288 52.701249 -1.942060
vt 0.678571 0.375000
vn 0.000054 -0.923879 0.382684
v 24.412815 52.701490 -1.942060
vt 0.714286 0.375000
vn 0.000054 -0.923879 0.382684
f 4963/4963/4963 4964/4964/4964 4965/4965/4965
v 20.344261 53.505679 0.000000
vt 0.678571 0.250000
vn 0.000054 -0.923879 0.382684
v 24.412815 52.701490 -1.942060
vt 0.714286 0.375000
vn 0.000054 -0.923879 0.382684
v 24.412646 53.505919 0.000000
vt 0.714286 0.250000
vn 0.000054 -0.923879 0.382684
f 4966/4966/4966 4967/4967/4967 4968/4968/4968
v 20.344288 52.701249 -1.942060
vt 0.678571 0.375000
vn 0.000023 -0.382684 0.923879
v 20.344352 50.759190 -2.746488
vt 0.678571 0.500000
vn 0.000023 -0.382684 0.923879
v 24.413222 50.759431 -2.746488
vt 0.714286 0.500000
vn 0.000023 -0.382684 0.923879
f 4969/4969/4969 4970/4970/4970 4971/4971/4971
v 20.344288 52.701249 -1.942060
vt 0.678571 0.375000
vn 0.000023 -0.382684 0.923879
v 24.413222 50.759431 -2.746488
vt 0.714286 0.500000
vn 0.000023 -0.382684 0.923879
v 24.412815 52.701490 -1.942060
vt 0.714286 0.375000
vn 0.000023 -0.382684 0.923879
f 4972/4972/4972 4973/4973/4973 4974/4974/4974
v 20.344352 50.759190 -2.746488
vt 0.678571 0.500000
vn -0.000023 0.382684 0.923880
v 20.344416 48.817132 -1.942060
vt 0.678571 0.625000
vn -0.000023 0.382684 0.923880
v 24.413630 48.817372 -1.942060
vt 0.714286 0.625000
vn -0.000023 0.382684 0.923880
f 4975/4975/4975 4976/4976/4976 4977/4977/4977
v 20.344352 50.759190 -2.746488
vt 0.678571 0.500000
vn -0.000023 0.382684 0.923880
v 24.413630 48.817372 -1.942060
vt 0.714286 0.625000
vn -0.000023 0.382684 0.923880
v 24.413222 50.759431 -2.746488
vt 0.714286 0.500000
vn -0.000023 0.382684 0.923880
f 4978/4978/4978 4979/4979/4979 4980/4980/4980
v 20.344416 48.817132 -1.942060
vt 0.678571 0.625000
vn -0.000055 0.923879 0.382684
v 20.344443 48.012702 -0.000000
vt 0.678571 0.750000
vn -0.000055 0.923879 0.382684
v 24.413798 48.012943 -0.000000
vt 0.714286 0.750000
vn -0.000055 0.923879 0.382684
f 4981/4981/4981 4982/4982/4982 4983/4983/4983
v 20.344416 48.817132 -1.942060
vt 0.678571 0.625000
vn -0.000055 0.923879 0.382684
v 24.413798 48.012943 -0.000000
vt 0.714286 0.750000
vn -0.000055 0.923879 0.382684
v 24.413630 48.817372 -1.942060
vt 0.714286 0.625000
vn -0.000055 0.923879 0.382684
f 4984/4984/4984 4985/4985/4985 4986/4986/4986
v 20.344443 48.012702 -0.000000
vt 0.678571 0.750000
vn -0.000055 0.923879 -0.382684
v 20.344416 48.817132 1.942060
vt 0.678571 0.875000
vn -0.000055 0.923879 -0.382684
v 24.413630 48.817372 1.942060
vt 0.714286 0.875000
vn -0.000055 0.923879 -0.382684
f 4987/4987/4987 4988/4988/4988 4989/4989/4989
v 20.344443 48.012702 -0.000000
vt 0.678571 0.750000
vn -0.000055 0.923879 -0.382684
v 24.413630 48.817372 1.942060
vt 0.714286 0.875000
vn -0.000055 0.923879 -0.382684
v 24.413798 48.012943 -0.000000
vt 0.714286 0.750000
vn -0.000055 0.923879 -0.382684
f 4990/4990/4990 4991/4991/4991 4992/4992/4992
v 20.344416 48.817132 1.942060
vt 0.678571 0.875000
vn -0.000023 0.382684 -0.923880
v 20.344352 50.759190 2.746488
vt 0.678571 1.000000
vn -0.000023 0.382684 -0.923880
v 24.413222 50.759431 2.746488
vt 0.714286 1.000000
vn -0.000023 0.382684 -0.923880
f 4993/4993/4993 4994/4994/4994 4995/4995/4995
v 20.344416 48.817132 1.942060
vt 0.678571 0.875000
vn -0.000023 0.382684 -0.923880
v 24.413222 50.759431 2.746488
vt 0.714286 1.000000
vn -0.000023 0.382684 -0.923880
v 24.413630 48.817372 1.942060
vt 0.714286 0.875000
vn -0.000023 0.382684 -0.923880
f 4996/4996/4996 4997/4997/4997 4998/4998/4998
v 24.413222 50.759431 2.746488
vt 0.714286 0.000000
vn 0.000138 -0.382684 -0.923879
v 24.412815 52.701490 1.942060
vt 0.714286 0.125000
vn 0.000138 -0.382684 -0.923879
v 28.480098 52.702957 1.942060
vt 0.750000 0.125000
vn 0.000138 -0.382684 -0.923879
f 4999/4999/4999 5000/5000/5000 5001/5001/5001
v 24.413222 50.759431 2.746488
vt 0.714286 0.000000
vn 0.000138 -0.382684 -0.923879
v 28.480098 52.702957 1.942060
vt 0.750000 0.125000
vn 0.000138 -0.382684 -0.923879
v 28.482093 50.760898 2.746488
vt 0.750000 0.000000
vn 0.000138 -0.382684 -0.923879
f 5002/5002/5002 5003/5003/5003 5004/5004/5004
v 24.412815 52.701490 1.942060
vt 0.714286 0.125000
vn 0.000332 -0.923879 -0.382684
v 24.412646 53.505919 0.000000
vt 0.714286 0.250000
vn 0.000332 -0.923879 -0.382684
v 28.479272 53.507382 0.000000
vt 0.750000 0.250000
vn 0.000332 -0.923879 -0.382684
f 5005/5005/5005 5006/5006/5006 5007/5007/5007
v 24.412815 52.701490 1.942060
vt 0.714286 0.125000
vn 0.000332 -0.923879 -0.382684
v 28.479272 53.507382 0.000000
vt 0.750000 0.250000
vn 0.000332 -0.923879 -0.382684
v 28.480098 52.702957 1.942060
vt 0.750000 0.125000
vn 0.000332 -0.923879 -0.382684
f 5008/5008/5008 5009/5009/5009 5010/5010/5010
v 24.412646 53.505919 0.000000
vt 0.714286 0.250000
vn 0.000332 -0.923879 0.382684
v 24.412815 52.701490 -1.942060
vt 0.714286 0.375000
vn 0.000332 -0.923879 0.382684
v 28.480098 52.702957 -1.942060
vt 0.750000 0.375000
vn 0.000332 -0.923879 0.382684
f 5011/5011/5011 5012/5012/5012 5013/5013/5013
v 24.412646 53.505919 0.000000
vt 0.714286 0.250000
vn 0.000332 -0.923879 0.382684
v 28.480098 52.702957 -1.942060
vt 0.750000 0.375000
vn 0.000332 -0.923879 0.382684
v 28.479272 53.507382 0.000000
vt 0.750000 0.250000
vn 0.000332 -0.923879 0.382684
f 5014/5014/5014 5015/5015/5015 5016/5016/5016
v 24.412815 52.701490 -1.942060
vt 0.714286 0.375000
vn 0.000138 -0.382684 0.923879
v 24.413222 50.759431 -2.746488
vt 0.714286 0.500000
vn 0.000138 -0.382684 0.923879
v 28.482093 50.760898 -2.746488
vt 0.750000 0.500000
vn 0.000138 -0.382684 0.923879
f 5017/5017/5017 5018/5018/5018 5019/5019/5019
v 24.412815 52.701490 -1.942060
vt 0.714286 0.375000
vn 0.000138 -0.382684 0.923879
v 28.482093 50.760898 -2.746488
vt 0.750000 0.500000
vn 0.000138 -0.382684 0.923879
v 28.480098 52.702957 -1.942060
vt 0.750000 0.375000
vn 0.000138 -0.382684 0.923879
f 5020/5020/5020 5021/5021/5021 5022/5022/5022
v 24.413222 50.759431 -2.746488
vt 0.714286 0.500000
vn -0.000138 0.382684 0.923880
v 24.413630 48.817372 -1.942060
vt 0.714286 0.625000
vn -0.000138 0.382684 0.923880
v 28.484087 48.818839 -1.942060
vt 0.750000 0.625000
vn -0.000138 0.382684 0.923880
f 5023/5023/5023 5024/5024/5024 5025/5025/5025
v 24.413222 50.759431 -2.746488
vt 0.714286 0.500000
vn -0.000138 0.382684 0.923880
v 28.484087 48.818839 -1.942060
vt 0.750000 0.625000
vn -0.000138 0.382684 0.923880
v 28.482093 50.760898 -2.746488
vt 0.750000 0.500000
vn -0.000138 0.382684 0.923880
f 5026/5026/5026 5027/5027/5027 5028/5028/5028
v 24.413630 48.817372 -1.942060
vt 0.714286 0.625000
vn -0.000333 0.923880 0.382683
v 24.413798 48.012943 -0.000000
vt 0.714286 0.750000
vn -0.000333 0.923880 0.382683
v 28.484914 48.014413 -0.000000
vt 0.750000 0.750000
vn -0.000333 0.923880 0.382683
f 5029/5029/5029 5030/5030/5030 5031/5031/5031
v 24.413630 48.817372 -1.942060
vt 0.714286 0.625000
vn -0.000333 0.923880 0.382683
v 28.484914 48.014413 -0.000000
vt 0.750000 0.750000
vn -0.000333 0.923880 0.382683
v 28.484087 48.818839 -1.942060
vt 0.750000 0.625000
vn -0.000333 0.923880 0.382683
f 5032/5032/5032 5033/5033/5033 5034/5034/5034
v 24.413798 48.012943 -0.000000
vt 0.714286 0.750000
vn -0.000333 0.923880 -0.382683
v 24.413630 48.817372 1.942060
vt 0.714286 0.875000
vn -0.000333 0.923880 -0.382683
v 28.484087 48.818839 1.942060
vt 0.750000 0.875000
vn -0.000333 0.923880 -0.382683
f 5035/5035/5035 5036/5036/5036 5037/5037/5037
v 24.413798 48.012943 -0.000000
vt 0.714286 0.750000
vn -0.000333 0.923880 -0.382683
v 28.484087 48.818839 1.942060
vt 0.750000 0.875000
vn -0.000333 0.923880 -0.382683
v 28.484914 48.014413 -0.000000
vt 0.750000 0.750000
vn -0.000333 0.923880 -0.382683
f 5038/5038/5038 5039/5039/5039 5040/5040/5040
v 24.413630 48.817372 1.942060
vt 0.714286 0.875000
vn -0.000138 0.382684 -0.923880
v 24.413222 50.759431 2.746488
vt 0.714286 1.000000
vn -0.000138 0.382684 -0.923880
v 28.482093 50.760898 2.746488
vt 0.750000 1.000000
vn -0.000138 0.382684 -0.923880
f 5041/5041/5041 5042/5042/5042 5043/5043/5043
v 24.413630 48.817372 1.942060
vt 0.714286 0.875000
vn -0.000138 0.382684 -0.923880
v 28.482093 50.760898 2.746488
vt 0.750000 1.000000
vn -0.000138 0.382684 -0.923880
v 28.484087 48.818839 1.942060
vt 0.750000 0.875000
vn -0.000138 0.382684 -0.923880
f 5044/5044/5044 5045/5045/5045 5046/5046/5046
v 28.482093 50.760898 2.746488
vt 0.750000 0.000000
vn 0.000647 -0.382683 -0.923879
v 28.480098 52.702957 1.942060
vt 0.750000 0.125000
vn 0.000647 -0.382683 -0.923879
v 32.542913 52.709833 1.942060
vt 0.785714 0.125000
vn 0.000647 -0.382683 -0.923879
f 5047/5047/5047 5048/5048/5048 5049/5049/5049
v 28.482093 50.760898 2.746488
vt 0.750000 0.000000
vn 0.000647 -0.382683 -0.923879
v 32.542913 52.709833 1.942060
vt 0.785714 0.125000
vn 0.000647 -0.382683 -0.923879
v 32.550963 50.767789 2.746488
vt 0.785714 0.000000
vn 0.000647 -0.382683 -0.923879
f 5050/5050/5050 5051/5051/5051 5052/5052/5052
v 28.480098 52.702957 1.942060
vt 0.750000 0.125000
vn 0.001563 -0.923878 -0.382683
v 28.479272 53.507382 0.000000
vt 0.750000 0.250000
vn 0.001563 -0.923878 -0.382683
v 32.539578 53.514254 0.000000
vt 0.785714 0.250000
vn 0.001563 -0.923878 -0.382683
f 5053/5053/5053 5054/5054/5054 5055/5055/5055
v 28.480098 52.702957 1.942060
vt 0.750000 0.125000
vn 0.001563 -0.923878 -0.382683
v 32.539578 53.514254 0.000000
vt 0.785714 0.250000
vn 0.001563 -0.923878 -0.382683
v 32.542913 52.709833 1.942060
vt 0.785714 0.125000
vn 0.001563 -0.923878 -0.382683
f 5056/5056/5056 5057/5057/5057 5058/5058/5058
v 28.479272 53.507382 0.000000
vt 0.750000 0.250000
vn 0.001563 -0.923878 0.382683
v 28.480098 52.702957 -1.942060
vt 0.750000 0.375000
vn 0.001563 -0.923878 0.382683
v 32.542913 52.709833 -1.942060
vt 0.785714 0.375000
vn 0.001563 -0.923878 0.382683
f 5059/5059/5059 5060/5060/5060 5061/5061/5061
v 28.479272 53.507382 0.000000
vt 0.750000 0.250000
vn 0.001563 -0.923878 0.382683
v 32.542913 52.709833 -1.942060
vt 0.785714 0.375000
vn 0.001563 -0.923878 0.382683
v 32.539578 53.514254 0.000000
vt 0.785714 0.250000
vn 0.001563 -0.923878 0.382683
f 5062/5062/5062 5063/5063/5063 5064/5064/5064
v 28.480098 52.702957 -1.942060
vt 0.750000 0.375000
vn 0.000647 -0.382683 0.923879
v 28.482093 50.760898 -2.746488
vt 0.750000 0.500000
vn 0.000647 -0.382683 0.923879
v 32.550963 50.767789 -2.746488
vt 0.785714 0.500000
vn 0.000647 -0.382683 0.923879
f 5065/5065/5065 5066/5066/5066 5067/5067/5067
v 28.480098 52.702957 -1.942060
vt 0.750000 0.375000
vn 0.000647 -0.382683 0.923879
v 32.550963 50.767789 -2.746488
vt 0.785714 0.500000
vn 0.000647 -0.382683 0.923879
v 32.542913 52.709833 -1.942060
vt 0.785714 0.375000
vn 0.000647 -0.382683 0.923879
f 5068/5068/5068 5069/5069/5069 5070/5070/5070
v 28.482093 50.760898 -2.746488
vt 0.750000 0.500000
vn -0.000648 0.382683 0.923879
v 28.484087 48.818839 -1.942060
vt 0.750000 0.625000
vn -0.000648 0.382683 0.923879
v 32.559015 48.825746 -1.942060
vt 0.785714 0.625000
vn -0.000648 0.382683 0.923879
f 5071/5071/5071 5072/5072/5072 5073/5073/5073
v 28.482093 50.760898 -2.746488
vt 0.750000 0.500000
vn -0.000648 0.382683 0.923879
v 32.559015 48.825746 -1.942060
vt 0.785714 0.625000
vn -0.000648 0.382683 0.923879
v 32.550963 50.767789 -2.746488
vt 0.785714 0.500000
vn -0.000648 0.382683 0.923879
f 5074/5074/5074 5075/5075/5075 5076/5076/5076
v 28.484087 48.818839 -1.942060
vt 0.750000 0.625000
vn -0.001567 0.923879 0.382683
v 28.484914 48.014413 -0.000000
vt 0.750000 0.750000
vn -0.001567 0.923879 0.382683
v 32.562348 48.021324 -0.000000
vt 0.785714 0.750000
vn -0.001567 0.923879 0.382683
f 5077/5077/5077 5078/5078/5078 5079/5079/5079
v 28.484087 48.818839 -1.942060
vt 0.750000 0.625000
vn -0.001567 0.923879 0.382683
v 32.562348 48.021324 -0.000000
vt 0.785714 0.750000
vn -0.001567 0.923879 0.382683
v 32.559015 48.825746 -1.942060
vt 0.785714 0.625000
vn -0.001567 0.923879 0.382683
f 5080/5080/5080 5081/5081/5081 5082/5082/5082
v 28.484914 48.014413 -0.000000
vt 0.750000 0.750000
vn -0.001567 0.923879 -0.382683
v 28.484087 48.818839 1.942060
vt 0.750000 0.875000
vn -0.001567 0.923879 -0.382683
v 32.559015 48.825746 1.942060
vt 0.785714 0.875000
vn -0.001567 0.923879 -0.382683
f 5083/5083/5083 5084/5084/5084 5085/5085/5085
v 28.484914 48.014413 -0.000000
vt 0.750000 0.750000
vn -0.001567 0.923879 -0.382683
v 32.559015 48.825746 1.942060
vt 0.785714 0.875000
vn -0.001567 0.923879 -0.382683
v 32.562348 48.021324 -0.000000
vt 0.785714 0.750000
vn -0.001567 0.923879 -0.382683
f 5086/5086/5086 5087/5087/5087 5088/5088/5088
v 28.484087 48.818839 1.942060
vt 0.750000 0.875000
vn -0.000648 0.382683 -0.923879
v 28.482093 50.760898 2.746488
vt 0.750000 1.000000
vn -0.000648 0.382683 -0.923879
v 32.550963 50.767789 2.746488
vt 0.785714 1.000000
vn -0.000648 0.382683 -0.923879
f 5089/5089/5089 5090/5090/5090 5091/5091/5091
v 28.484087 48.818839 1.942060
vt 0.750000 0.875000
vn -0.000648 0.382683 -0.923879
v 32.550963 50.767789 2.746488
vt 0.785714 1.000000
vn -0.000648 0.382683 -0.923879
v 32.559015 48.825746 1.942060
vt 0.785714 0.875000
vn -0.000648 0.382683 -0.923879
f 5092/5092/5092 5093/5093/5093 5094/5094/5094
v 32.550963 50.767789 2.746488
vt 0.785714 0.000000
vn 0.002522 -0.382680 -0.923877
v 32.542913 52.709833 1.942060
vt 0.785714 0.125000
vn 0.002522 -0.382680 -0.923877
v 36.591922 52.736491 1.942060
vt 0.821429 0.125000
vn 0.002522 -0.382680 -0.923877
f 5095/5095/5095 5096/5096/5096 5097/5097/5097
v 32.550963 50.767789 2.746488
vt 0.785714 0.000000
vn 0.002522 -0.382680 -0.923877
v 36.591922 52.736491 1.942060
vt 0.821429 0.125000
vn 0.002522 -0.382680 -0.923877
v 36.619833 50.794630 2.746488
vt 0.821429 0.000000
vn 0.002522 -0.382680 -0.923877
f 5098/5098/5098 5099/5099/5099 5100/5100/5100
v 32.542913 52.709833 1.942060
vt 0.785714 0.125000
vn 0.006080 -0.923862 -0.382678
v 32.539578 53.514254 0.000000
vt 0.785714 0.250000
vn 0.006080 -0.923862 -0.382678
v 36.580362 53.540835 0.000000
vt 0.821429 0.250000
vn 0.006080 -0.923862 -0.382678
f 5101/5101/5101 5102/5102/5102 5103/5103/5103
v 32.542913 52.709833 1.942060
vt 0.785714 0.125000
vn 0.006080 -0.923862 -0.382678
v 36.580362 53.540835 0.000000
vt 0.821429 0.250000
vn 0.006080 -0.923862 -0.382678
v 36.591922 52.736491 1.942060
vt 0.821429 0.125000
vn 0.006080 -0.923862 -0.382678
f 5104/5104/5104 5105/5105/5105 5106/5106/5106
v 32.539578 53.514254 0.000000
vt 0.785714 0.250000
vn 0.006080 -0.923862 0.382678
v 32.542913 52.709833 -1.942060
vt 0.785714 0.375000
vn 0.006080 -0.923862 0.382678
v 36.591922 52.736491 -1.942060
vt 0.821429 0.375000
vn 0.006080 -0.923862 0.382678
f 5107/5107/5107 5108/5108/5108 5109/5109/5109
v 32.539578 53.514254 0.000000
vt 0.785714 0.250000
vn 0.006080 -0.923862 0.382678
v 36.591922 52.736491 -1.942060
vt 0.821429 0.375000
vn 0.006080 -0.923862 0.382678
v 36.580362 53.540835 0.000000
vt 0.821429 0.250000
vn 0.006080 -0.923862 0.382678
f 5110/5110/5110 5111/5111/5111 5112/5112/5112
v 32.542913 52.709833 -1.942060
vt 0.785714 0.375000
vn 0.002522 -0.382680 0.923877
v 32.550963 50.767789 -2.746488
vt 0.785714 0.500000
vn 0.002522 -0.382680 0.923877
v 36.619833 50.794630 -2.746488
vt 0.821429 0.500000
vn 0.002522 -0.382680 0.923877
f 5113/5113/5113 5114/5114/5114 5115/5115/5115
v 32.542913 52.709833 -1.942060
vt 0.785714 0.375000
vn 0.002522 -0.382680 0.923877
v 36.619833 50.794630 -2.746488
vt 0.821429 0.500000
vn 0.002522 -0.382680 0.923877
v 36.591922 52.736491 -1.942060
vt 0.821429 0.375000
vn 0.002522 -0.382680 0.923877
f 5116/5116/5116 5117/5117/5117 5118/5118/5118
v 32.550963 50.767789 -2.746488
vt 0.785714 0.500000
vn -0.002527 0.382681 0.923877
v 32.559015 48.825746 -1.942060
vt 0.785714 0.625000
vn -0.002527 0.382681 0.923877
v 36.647745 48.852769 -1.942060
vt 0.821429 0.625000
vn -0.002527 0.382681 0.923877
f 5119/5119/5119 5120/5120/5120 5121/5121/5121
v 32.550963 50.767789 -2.746488
vt 0.785714 0.500000
vn -0.002527 0.382681 0.923877
v 36.647745 48.852769 -1.942060
vt 0.821429 0.625000
vn -0.002527 0.382681 0.923877
v 36.619833 50.794630 -2.746488
vt 0.821429 0.500000
vn -0.002527 0.382681 0.923877
f 5122/5122/5122 5123/5123/5123 5124/5124/5124
v 32.559015 48.825746 -1.942060
vt 0.785714 0.625000
vn -0.006108 0.923862 0.382678
v 32.562348 48.021324 -0.000000
vt 0.785714 0.750000
vn -0.006108 0.923862 0.382678
v 36.659305 48.048425 -0.000000
vt 0.821429 0.750000
vn -0.006108 0.923862 0.382678
f 5125/5125/5125 5126/5126/5126 5127/5127/5127
v 32.559015 48.825746 -1.942060
vt 0.785714 0.625000
vn -0.006108 0.923862 0.382678
v 36.659305 48.048425 -0.000000
vt 0.821429 0.750000
vn -0.006108 0.923862 0.382678
v 36.647745 48.852769 -1.942060
vt 0.821429 0.625000
vn -0.006108 0.923862 0.382678
f 5128/5128/5128 5129/5129/5129 5130/5130/5130
v 32.562348 48.021324 -0.000000
vt 0.785714 0.750000
vn -0.006108 0.923862 -0.382678
v 32.559015 48.825746 1.942060
vt 0.785714 0.875000
vn -0.006108 0.923862 -0.382678
v 36.647745 48.852769 1.942060
vt 0.821429 0.875000
vn -0.006108 0.923862 -0.382678
f 5131/5131/5131 5132/5132/5132 5133/5133/5133
v 32.562348 48.021324 -0.000000
vt 0.785714 0.750000
vn -0.006108 0.923862 -0.382678
v 36.647745 48.852769 1.942060
vt 0.821429 0.875000
vn -0.006108 0.923862 -0.382678
v 36.659305 48.048425 -0.000000
vt 0.821429 0.750000
vn -0.006108 0.923862 -0.382678
f 5134/5134/5134 5135/5135/5135 5136/5136/5136
v 32.559015 48.825746 1.942060
vt 0.785714 0.875000
vn -0.002527 0.382681 -0.923877
v 32.550963 50.767789 2.746488
vt 0.785714 1.000000
vn -0.002527 0.382681 -0.923877
v 36.619833 50.794630 2.746488
vt 0.821429 1.000000
vn -0.002527 0.382681 -0.923877
f 5137/5137/5137 5138/5138/5138 5139/5139/5139
v 32.559015 48.825746 1.942060
vt 0.785714 0.875000
vn -0.002527 0.382681 -0.923877
v 36.619833 50.794630 2.746488
vt 0.821429 1.000000
vn -0.002527 0.382681 -0.923877
v 36.647745 48.852769 1.942060
vt 0.821429 0.875000
vn -0.002527 0.382681 -0.923877
f 5140/5140/5140 5141/5141/5141 5142/5142/5142
v 36.619833 50.794630 2.746488
vt 0.821429 0.000000
vn 0.008456 -0.382634 -0.923861
v 36.591922 52.736491 1.942060
vt 0.821429 0.125000
vn 0.008456 -0.382634 -0.923861
v 40.603184 52.824933 1.942060
vt 0.857143 0.125000
vn 0.008456 -0.382634 -0.923861
f 5143/5143/5143 5144/5144/5144 5145/5145/5145
v 36.619833 50.794630 2.746488
vt 0.821429 0.000000
vn 0.008456 -0.382634 -0.923861
v 40.603184 52.824933 1.942060
vt 0.857143 0.125000
vn 0.008456 -0.382634 -0.923861
v 40.688704 50.884756 2.746488
vt 0.857143 0.000000
vn 0.008456 -0.382634 -0.923861
f 5146/5146/5146 5147/5147/5147 5148/5148/5148
v 36.591922 52.736491 1.942060
vt 0.821429 0.125000
vn 0.020345 -0.923674 -0.382638
v 36.580362 53.540835 0.000000
vt 0.821429 0.250000
vn 0.020345 -0.923674 -0.382638
v 40.567760 53.628578 0.000000
vt 0.857143 0.250000
vn 0.020345 -0.923674 -0.382638
f 5149/5149/5149 5150/5150/5150 5151/5151/5151
v 36.591922 52.736491 1.942060
vt 0.821429 0.125000
vn 0.020345 -0.923674 -0.382638
v 40.567760 53.628578 0.000000
vt 0.857143 0.250000
vn 0.020345 -0.923674 -0.382638
v 40.603184 52.824933 1.942060
vt 0.857143 0.125000
vn 0.020345 -0.923674 -0.382638
f 5152/5152/5152 5153/5153/5153 5154/5154/5154
v 36.580362 53.540835 0.000000
vt 0.821429 0.250000
vn 0.020345 -0.923674 0.382638
v 36.591922 52.736491 -1.942060
vt 0.821429 0.375000
vn 0.020345 -0.923674 0.382638
v 40.603184 52.824933 -1.942060
vt 0.857143 0.375000
vn 0.020345 -0.923674 0.382638
f 5155/5155/5155 5156/5156/5156 5157/5157/5157
v 36.580362 53.540835 0.000000
vt 0.821429 0.250000
vn 0.020345 -0.923674 0.382638
v 40.603184 52.824933 -1.942060
vt 0.857143 0.375000
vn 0.020345 -0.923674 0.382638
v 40.567760 53.628578 0.000000
vt 0.857143 0.250000
vn 0.020345 -0.923674 0.382638
f 5158/5158/5158 5159/5159/5159 5160/5160/5160
v 36.591922 52.736491 -1.942060
vt 0.821429 0.375000
vn 0.008456 -0.382634 0.923861
v 36.619833 50.794630 -2.746488
vt 0.821429 0.500000
vn 0.008456 -0.382634 0.923861
v 40.688704 50.884756 -2.746488
vt 0.857143 0.500000
vn 0.008456 -0.382634 0.923861
f 5161/5161/5161 5162/5162/5162 5163/5163/5163
v 36.591922 52.736491 -1.942060
vt 0.821429 0.375000
vn 0.008456 -0.382634 0.923861
v 40.688704 50.884756 -2.746488
vt 0.857143 0.500000
vn 0.008456 -0.382634 0.923861
v 40.603184 52.824933 -1.942060
vt 0.857143 0.375000
vn 0.008456 -0.382634 0.923861
f 5164/5164/5164 5165/5165/5165 5166/5166/5166
v 36.619833 50.794630 -2.746488
vt 0.821429 0.500000
vn -0.008494 0.382633 0.923862
v 36.647745 48.852769 -1.942060
vt 0.821429 0.625000
vn -0.008494 0.382633 0.923862
v 40.774223 48.944579 -1.942060
vt 0.857143 0.625000
vn -0.008494 0.382633 0.923862
f 5167/5167/5167 5168/5168/5168 5169/5169/5169
v 36.619833 50.794630 -2.746488
vt 0.821429 0.500000
vn -0.008494 0.382633 0.923862
v 40.774223 48.944579 -1.942060
vt 0.857143 0.625000
vn -0.008494 0.382633 0.923862
v 40.688704 50.884756 -2.746488
vt 0.857143 0.500000
vn -0.008494 0.382633 0.923862
f 5170/5170/5170 5171/5171/5171 5172/5172/5172
v 36.647745 48.852769 -1.942060
vt 0.821429 0.625000
vn -0.020570 0.923669 0.382640
v 36.659305 48.048425 -0.000000
vt 0.821429 0.750000
vn -0.020570 0.923669 0.382640
v 40.809647 48.140933 -0.000000
vt 0.857143 0.750000
vn -0.020570 0.923669 0.382640
f 5173/5173/5173 5174/5174/5174 5175/5175/5175
v 36.647745 48.852769 -1.942060
vt 0.821429 0.625000
vn -0.020570 0.923669 0.382640
v 40.809647 48.140933 -0.000000
vt 0.857143 0.750000
vn -0.020570 0.923669 0.382640
v 40.774223 48.944579 -1.942060
vt 0.857143 0.625000
vn -0.020570 0.923669 0.382640
f 5176/5176/5176 5177/5177/5177 5178/5178/5178
v 36.659305 48.048425 -0.000000
vt 0.821429 0.750000
vn -0.020570 0.923669 -0.382640
v 36.647745 48.852769 1.942060
vt 0.821429 0.875000
vn -0.020570 0.923669 -0.382640
v 40.774223 48.944579 1.942060
vt 0.857143 0.875000
vn -0.020570 0.923669 -0.382640
f 5179/5179/5179 5180/5180/5180 5181/5181/5181
v 36.659305 48.048425 -0.000000
vt 0.821429 0.750000
vn -0.020570 0.923669 -0.382640
v 40.774223 48.944579 1.942060
vt 0.857143 0.875000
vn -0.020570 0.923669 -0.382640
v 40.809647 48.140933 -0.000000
vt 0.857143 0.750000
vn -0.020570 0.923669 -0.382640
f 5182/5182/5182 5183/5183/5183 5184/5184/5184
v 36.647745 48.852769 1.942060
vt 0.821429 0.875000
vn -0.008494 0.382633 -0.923862
v 36.619833 50.794630 2.746488
vt 0.821429 1.000000
vn -0.008494 0.382633 -0.923862
v 40.688704 50.884756 2.746488
vt 0.857143 1.000000
vn -0.008494 0.382633 -0.923862
f 5185/5185/5185 5186/5186/5186 5187/5187/5187
v 36.647745 48.852769 1.942060
vt 0.821429 0.875000
vn -0.008494 0.382633 -0.923862
v 40.688704 50.884756 2.746488
vt 0.857143 1.000000
vn -0.008494 0.382633 -0.923862
v 40.774223 48.944579 1.942060
vt 0.857143 0.875000
vn -0.008494 0.382633 -0.923862
f 5188/5188/5188 5189/5189/5189 5190/5190/5190
v 40.688704 50.884756 2.746488
vt 0.857143 0.000000
vn 0.025103 -0.382154 -0.923758
v 40.603184 52.824933 1.942060
vt 0.857143 0.125000
vn 0.025103 -0.382154 -0.923758
v 44.522055 53.081057 1.942060
vt 0.892857 0.125000
vn 0.025103 -0.382154 -0.923758
f 5191/5191/5191 5192/5192/5192 5193/5193/5193
v 40.688704 50.884756 2.746488
vt 0.857143 0.000000
vn 0.025103 -0.382154 -0.923758
v 44.522055 53.081057 1.942060
vt 0.892857 0.125000
vn 0.025103 -0.382154 -0.923758
v 44.757574 51.153332 2.746488
vt 0.892857 0.000000
vn 0.025103 -0.382154 -0.923758
f 5194/5194/5194 5195/5195/5195 5196/5196/5196
v 40.603184 52.824933 1.942060
vt 0.857143 0.125000
vn 0.060133 -0.922043 -0.382387
v 40.567760 53.628578 0.000000
vt 0.857143 0.250000
vn 0.060133 -0.922043 -0.382387
v 44.424498 53.879549 0.000000
vt 0.892857 0.250000
vn 0.060133 -0.922043 -0.382387
f 5197/5197/5197 5198/5198/5198 5199/5199/5199
v 40.603184 52.824933 1.942060
vt 0.857143 0.125000
vn 0.060133 -0.922043 -0.382387
v 44.424498 53.879549 0.000000
vt 0.892857 0.250000
vn 0.060133 -0.922043 -0.382387
v 44.522055 53.081057 1.942060
vt 0.892857 0.125000
vn 0.060133 -0.922043 -0.382387
f 5200/5200/5200 5201/5201/5201 5202/5202/5202
v 40.567760 53.628578 0.000000
vt 0.857143 0.250000
vn 0.060133 -0.922043 0.382387
v 40.603184 52.824933 -1.942060
vt 0.857143 0.375000
vn 0.060133 -0.922043 0.382387
v 44.522055 53.081057 -1.942060
vt 0.892857 0.375000
vn 0.060133 -0.922043 0.382387
f 5203/5203/5203 5204/5204/5204 5205/5205/5205
v 40.567760 53.628578 0.000000
vt 0.857143 0.250000
vn 0.060133 -0.922043 0.382387
v 44.522055 53.081057 -1.942060
vt 0.892857 0.375000
vn 0.060133 -0.922043 0.382387
v 44.424498 53.879549 0.000000
vt 0.892857 0.250000
vn 0.060133 -0.922043 0.382387
f 5206/5206/5206 5207/5207/5207 5208/5208/5208
v 40.603184 52.824933 -1.942060
vt 0.857143 0.375000
vn 0.025103 -0.382154 0.923758
v 40.688704 50.884756 -2.746488
vt 0.857143 0.500000
vn 0.025103 -0.382154 0.923758
v 44.757574 51.153332 -2.746488
vt 0.892857 0.500000
vn 0.025103 -0.382154 0.923758
f 5209/5209/5209 5210/5210/5210 5211/5211/5211
v 40.603184 52.824933 -1.942060
vt 0.857143 0.375000
vn 0.025103 -0.382154 0.923758
v 44.757574 51.153332 -2.746488
vt 0.892857 0.500000
vn 0.025103 -0.382154 0.923758
v 44.522055 53.081057 -1.942060
vt 0.892857 0.375000
vn 0.025103 -0.382154 0.923758
f 5212/5212/5212 5213/5213/5213 5214/5214/5214
v 40.688704 50.884756 -2.746488
vt 0.857143 0.500000
vn -0.025341 0.382135 0.923759
v 40.774223 48.944579 -1.942060
vt 0.857143 0.625000
vn -0.025341 0.382135 0.923759
v 44.993094 49.225607 -1.942060
vt 0.892857 0.625000
vn -0.025341 0.382135 0.923759
f 5215/5215/5215 5216/5216/5216 5217/5217/5217
v 40.688704 50.884756 -2.746488
vt 0.857143 0.500000
vn -0.025341 0.382135 0.923759
v 44.993094 49.225607 -1.942060
vt 0.892857 0.625000
vn -0.025341 0.382135 0.923759
v 44.757574 51.153332 -2.746488
vt 0.892857 0.500000
vn -0.025341 0.382135 0.923759
f 5218/5218/5218 5219/5219/5219 5220/5220/5220
v 40.774223 48.944579 -1.942060
vt 0.857143 0.625000
vn -0.061522 0.921948 0.382395
v 40.809647 48.140933 -0.000000
vt 0.857143 0.750000
vn -0.061522 0.921948 0.382395
v 45.090650 48.427115 -0.000000
vt 0.892857 0.750000
vn -0.061522 0.921948 0.382395
f 5221/5221/5221 5222/5222/5222 5223/5223/5223
v 40.774223 48.944579 -1.942060
vt 0.857143 0.625000
vn -0.061522 0.921948 0.382395
v 45.090650 48.427115 -0.000000
vt 0.892857 0.750000
vn -0.061522 0.921948 0.382395
v 44.993094 49.225607 -1.942060
vt 0.892857 0.625000
vn -0.061522 0.921948 0.382395
f 5224/5224/5224 5225/5225/5225 5226/5226/5226
v 40.809647 48.140933 -0.000000
vt 0.857143 0.750000
vn -0.061522 0.921948 -0.382395
v 40.774223 48.944579 1.942060
vt 0.857143 0.875000
vn -0.061522 0.921948 -0.382395
v 44.993094 49.225607 1.942060
vt 0.892857 0.875000
vn -0.061522 0.921948 -0.382395
f 5227/5227/5227 5228/5228/5228 5229/5229/5229
v 40.809647 48.140933 -0.000000
vt 0.857143 0.750000
vn -0.061522 0.921948 -0.382395
v 44.993094 49.225607 1.942060
vt 0.892857 0.875000
vn -0.061522 0.921948 -0.382395
v 45.090650 48.427115 -0.000000
vt 0.892857 0.750000
vn -0.061522 0.921948 -0.382395
f 5230/5230/5230 5231/5231/5231 5232/5232/5232
v 40.774223 48.944579 1.942060
vt 0.857143 0.875000
vn -0.025341 0.382135 -0.923759
v 40.688704 50.884756 2.746488
vt 0.857143 1.000000
vn -0.025341 0.382135 -0.923759
v 44.757574 51.153332 2.746488
vt 0.892857 1.000000
vn -0.025341 0.382135 -0.923759
f 5233/5233/5233 5234/5234/5234 5235/5235/5235
v 40.774223 48.944579 1.942060
vt 0.857143 0.875000
vn -0.025341 0.382135 -0.923759
v 44.757574 51.153332 2.746488
vt 0.892857 1.000000
vn -0.025341 0.382135 -0.923759
v 44.993094 49.225607 1.942060
vt 0.892857 0.875000
vn -0.025341 0.382135 -0.923759
f 5236/5236/5236 5237/5237/5237 5238/5238/5238
v 44.757574 51.153332 2.746488
vt 0.892857 0.000000
vn 0.066874 -0.378367 -0.923237
v 44.522055 53.081057 1.942060
vt 0.892857 0.125000
vn 0.066874 -0.378367 -0.923237
v 48.249475 53.733356 1.942060
vt 0.928571 0.125000
vn 0.066874 -0.378367 -0.923237
f 5239/5239/5239 5240/5240/5240 5241/5241/5241
v 44.757574 51.153332 2.746488
vt 0.892857 0.000000
vn 0.066874 -0.378367 -0.923237
v 48.249475 53.733356 1.942060
vt 0.928571 0.125000
vn 0.066874 -0.378367 -0.923237
v 48.826444 51.878982 2.746488
vt 0.928571 0.000000
vn 0.066874 -0.378367 -0.923237
f 5242/5242/5242 5243/5243/5243 5244/5244/5244
v 44.522055 53.081057 1.942060
vt 0.892857 0.125000
vn 0.158689 -0.910809 -0.381111
v 44.424498 53.879549 0.000000
vt 0.892857 0.250000
vn 0.158689 -0.910809 -0.381111
v 48.010487 54.501465 0.000000
vt 0.928571 0.250000
vn 0.158689 -0.910809 -0.381111
f 5245/5245/5245 5246/5246/5246 5247/5247/5247
v 44.522055 53.081057 1.942060
vt 0.892857 0.125000
vn 0.158689 -0.910809 -0.381111
v 48.010487 54.501465 0.000000
vt 0.928571 0.250000
vn 0.158689 -0.910809 -0.381111
v 48.249475 53.733356 1.942060
vt 0.928571 0.125000
vn 0.158689 -0.910809 -0.381111
f 5248/5248/5248 5249/5249/5249 5250/5250/5250
v 44.424498 53.879549 0.000000
vt 0.892857 0.250000
vn 0.158689 -0.910809 0.381111
v 44.522055 53.081057 -1.942060
vt 0.892857 0.375000
vn 0.158689 -0.910809 0.381111
v 48.249475 53.733356 -1.942060
vt 0.928571 0.375000
vn 0.158689 -0.910809 0.381111
f 5251/5251/5251 5252/5252/5252 5253/5253/5253
v 44.424498 53.879549 0.000000
vt 0.892857 0.250000
vn 0.158689 -0.910809 0.381111
v 48.249475 53.733356 -1.942060
vt 0.928571 0.375000
vn 0.158689 -0.910809 0.381111
v 48.010487 54.501465 0.000000
vt 0.928571 0.250000
vn 0.158689 -0.910809 0.381111
f 5254/5254/5254 5255/5255/5255 5256/5256/5256
v 44.522055 53.081057 -1.942060
vt 0.892857 0.375000
vn 0.066874 -0.378367 0.923237
v 44.757574 51.153332 -2.746488
vt 0.892857 0.500000
vn 0.066874 -0.378367 0.923237
v 48.826444 51.878982 -2.746488
vt 0.928571 0.500000
vn 0.066874 -0.378367 0.923237
f 5257/5257/5257 5258/5258/5258 5259/5259/5259
v 44.522055 53.081057 -1.942060
vt 0.892857 0.375000
vn 0.066874 -0.378367 0.923237
v 48.826444 51.878982 -2.746488
vt 0.928571 0.500000
vn 0.066874 -0.378367 0.923237
v 48.249475 53.733356 -1.942060
vt 0.928571 0.375000
vn 0.066874 -0.378367 0.923237
f 5260/5260/5260 5261/5261/5261 5262/5262/5262
v 44.757574 51.153332 -2.746488
vt 0.892857 0.500000
vn -0.067993 0.378133 0.923251
v 44.993094 49.225607 -1.942060
vt 0.892857 0.625000
vn -0.067993 0.378133 0.923251
v 49.403414 50.024608 -1.942060
vt 0.928571 0.625000
vn -0.067993 0.378133 0.923251
f 5263/5263/5263 5264/5264/5264 5265/5265/5265
v 44.757574 51.153332 -2.746488
vt 0.892857 0.500000
vn -0.067993 0.378133 0.923251
v 49.403414 50.024608 -1.942060
vt 0.928571 0.625000
vn -0.067993 0.378133 0.923251
v 48.826444 51.878982 -2.746488
vt 0.928571 0.500000
vn -0.067993 0.378133 0.923251
f 5266/5266/5266 5267/5267/5267 5268/5268/5268
v 44.993094 49.225607 -1.942060
vt 0.892857 0.625000
vn -0.165273 0.909602 0.381195
v 45.090650 48.427115 -0.000000
vt 0.892857 0.750000
vn -0.165273 0.909602 0.381195
v 49.642402 49.256499 -0.000000
vt 0.928571 0.750000
vn -0.165273 0.909602 0.381195
f 5269/5269/5269 5270/5270/5270 5271/5271/5271
v 44.993094 49.225607 -1.942060
vt 0.892857 0.625000
vn -0.165273 0.909602 0.381195
v 49.642402 49.256499 -0.000000
vt 0.928571 0.750000
vn -0.165273 0.909602 0.381195
v 49.403414 50.024608 -1.942060
vt 0.928571 0.625000
vn -0.165273 0.909602 0.381195
f 5272/5272/5272 5273/5273/5273 5274/5274/5274
v 45.090650 48.427115 -0.000000
vt 0.892857 0.750000
vn -0.165273 0.909602 -0.381195
v 44.993094 49.225607 1.942060
vt 0.892857 0.875000
vn -0.165273 0.909602 -0.381195
v 49.403414 50.024608 1.942060
vt 0.928571 0.875000
vn -0.165273 0.909602 -0.381195
f 5275/5275/5275 5276/5276/5276 5277/5277/5277
v 45.090650 48.427115 -0.000000
vt 0.892857 0.750000
vn -0.165273 0.909602 -0.381195
v 49.403414 50.024608 1.942060
vt 0.928571 0.875000
vn -0.165273 0.909602 -0.381195
v 49.642402 49.256499 -0.000000
vt 0.928571 0.750000
vn -0.165273 0.909602 -0.381195
f 5278/5278/5278 5279/5279/5279 5280/5280/5280
v 44.993094 49.225607 1.942060
vt 0.892857 0.875000
vn -0.067993 0.378133 -0.923251
v 44.757574 51.153332 2.746488
vt 0.892857 1.000000
vn -0.067993 0.378133 -0.923251
v 48.826444 51.878982 2.746488
vt 0.928571 1.000000
vn -0.067993 0.378133 -0.923251
f 5281/5281/5281 5282/5282/5282 5283/5283/5283
v 44.993094 49.225607 1.942060
vt 0.892857 0.875000
vn -0.067993 0.378133 -0.923251
v 48.826444 51.878982 2.746488
vt 0.928571 1.000000
vn -0.067993 0.378133 -0.923251
v 49.403414 50.024608 1.942060
vt 0.928571 0.875000
vn -0.067993 0.378133 -0.923251
f 5284/5284/5284 5285/5285/5285 5286/5286/5286
v 48.826444 51.878982 2.746488
vt 0.928571 0.000000
vn 0.155930 -0.355029 -0.921759
v 48.249475 53.733356 1.942060
vt 0.928571 0.125000
vn 0.155930 -0.355029 -0.921759
v 51.742730 55.248360 1.942060
vt 0.964286 0.125000
vn 0.155930 -0.355029 -0.921759
f 5287/5287/5287 5288/5288/5288 5289/5289/5289
v 48.826444 51.878982 2.746488
vt 0.928571 0.000000
vn 0.155930 -0.355029 -0.921759
v 51.742730 55.248360 1.942060
vt 0.964286 0.125000
vn 0.155930 -0.355029 -0.921759
v 52.895315 53.685301 2.746488
vt 0.964286 0.000000
vn 0.155930 -0.355029 -0.921759
f 5290/5290/5290 5291/5291/5291 5292/5292/5292
v 48.249475 53.733356 1.942060
vt 0.928571 0.125000
vn 0.366611 -0.850338 -0.377520
v 48.010487 54.501465 0.000000
vt 0.928571 0.250000
vn 0.366611 -0.850338 -0.377520
v 51.265316 55.895797 0.000000
vt 0.964286 0.250000
vn 0.366611 -0.850338 -0.377520
f 5293/5293/5293 5294/5294/5294 5295/5295/5295
v 48.249475 53.733356 1.942060
vt 0.928571 0.125000
vn 0.366611 -0.850338 -0.377520
v 51.265316 55.895797 0.000000
vt 0.964286 0.250000
vn 0.366611 -0.850338 -0.377520
v 51.742730 55.248360 1.942060
vt 0.964286 0.125000
vn 0.366611 -0.850338 -0.377520
f 5296/5296/5296 5297/5297/5297 5298/5298/5298
v 48.010487 54.501465 0.000000
vt 0.928571 0.250000
vn 0.366611 -0.850338 0.377520
v 48.249475 53.733356 -1.942060
vt 0.928571 0.375000
vn 0.366611 -0.850338 0.377520
v 51.742730 55.248360 -1.942060
vt 0.964286 0.375000
vn 0.366611 -0.850338 0.377520
f 5299/5299/5299 5300/5300/5300 5301/5301/5301
v 48.010487 54.501465 0.000000
vt 0.928571 0.250000
vn 0.366611 -0.850338 0.377520
v 51.742730 55.248360 -1.942060
vt 0.964286 0.375000
vn 0.366611 -0.850338 0.377520
v 51.265316 55.895797 0.000000
vt 0.964286 0.250000
vn 0.366611 -0.850338 0.377520
f 5302/5302/5302 5303/5303/5303 5304/5304/5304
v 48.249475 53.733356 -1.942060
vt 0.928571 0.375000
vn 0.155930 -0.355029 0.921759
v 48.826444 51.878982 -2.746488
vt 0.928571 0.500000
vn 0.155930 -0.355029 0.921759
v 52.895315 53.685301 -2.746488
vt 0.964286 0.500000
vn 0.155930 -0.355029 0.921759
f 5305/5305/5305 5306/5306/5306 5307/5307/5307
v 48.249475 53.733356 -1.942060
vt 0.928571 0.375000
vn 0.155930 -0.355029 0.921759
v 52.895315 53.685301 -2.746488
vt 0.964286 0.500000
vn 0.155930 -0.355029 0.921759
v 51.742730 55.248360 -1.942060
vt 0.964286 0.375000
vn 0.155930 -0.355029 0.921759
f 5308/5308/5308 5309/5309/5309 5310/5310/5310
v 48.826444 51.878982 -2.746488
vt 0.928571 0.500000
vn -0.158497 0.353754 0.921812
v 49.403414 50.024608 -1.942060
vt 0.928571 0.625000
vn -0.158497 0.353754 0.921812
v 54.047899 52.122243 -1.942060
vt 0.964286 0.625000
vn -0.158497 0.353754 0.921812
f 5311/5311/5311 5312/5312/5312 5313/5313/5313
v 48.826444 51.878982 -2.746488
vt 0.928571 0.500000
vn -0.158497 0.353754 0.921812
v 54.047899 52.122243 -1.942060
vt 0.964286 0.625000
vn -0.158497 0.353754 0.921812
v 52.895315 53.685301 -2.746488
vt 0.964286 0.500000
vn -0.158497 0.353754 0.921812
f 5314/5314/5314 5315/5315/5315 5316/5316/5316
v 49.403414 50.024608 -1.942060
vt 0.928571 0.625000
vn -0.382051 0.843375 0.377831
v 49.642402 49.256499 -0.000000
vt 0.928571 0.750000
vn -0.382051 0.843375 0.377831
v 54.525314 51.474806 -0.000000
vt 0.964286 0.750000
vn -0.382051 0.843375 0.377831
f 5317/5317/5317 5318/5318/5318 5319/5319/5319
v 49.403414 50.024608 -1.942060
vt 0.928571 0.625000
vn -0.382051 0.843375 0.377831
v 54.525314 51.474806 -0.000000
vt 0.964286 0.750000
vn -0.382051 0.843375 0.377831
v 54.047899 52.122243 -1.942060
vt 0.964286 0.625000
vn -0.382051 0.843375 0.377831
f 5320/5320/5320 5321/5321/5321 5322/5322/5322
v 49.642402 49.256499 -0.000000
vt 0.928571 0.750000
vn -0.382051 0.843375 -0.377831
v 49.403414 50.024608 1.942060
vt 0.928571 0.875000
vn -0.382051 0.843375 -0.377831
v 54.047899 52.122243 1.942060
vt 0.964286 0.875000
vn -0.382051 0.843375 -0.377831
f 5323/5323/5323 5324/5324/5324 5325/5325/5325
v 49.642402 49.256499 -0.000000
vt 0.928571 0.750000
vn -0.382051 0.843375 -0.377831
v 54.047899 52.122243 1.942060
vt 0.964286 0.875000
vn -0.382051 0.843375 -0.377831
v 54.525314 51.474806 -0.000000
vt 0.964286 0.750000
vn -0.382051 0.843375 -0.377831
f 5326/5326/5326 5327/5327/5327 5328/5328/5328
v 49.403414 50.024608 1.942060
vt 0.928571 0.875000
vn -0.158497 0.353755 -0.921812
v 48.826444 51.878982 2.746488
vt 0.928571 1.000000
vn -0.158497 0.353755 -0.921812
v 52.895315 53.685301 2.746488
vt 0.964286 1.000000
vn -0.158497 0.353755 -0.921812
f 5329/5329/5329 5330/5330/5330 5331/5331/5331
v 49.403414 50.024608 1.942060
vt 0.928571 0.875000
vn -0.158497 0.353755 -0.921812
v 52.895315 53.685301 2.746488
vt 0.964286 1.000000
vn -0.158497 0.353755 -0.921812
v 54.047899 52.122243 1.942060
vt 0.964286 0.875000
vn -0.158497 0.353755 -0.921812
f 5332/5332/5332 5333/5333/5333 5334/5334/5334
v 52.895315 53.685301 2.746488
vt 0.964286 0.000000
vn 0.276950 -0.267415 -0.922923
v 51.742730 55.248360 1.942060
vt 0.964286 0.125000
vn 0.276950 -0.267415 -0.922923
v 55.570245 59.231913 1.942060
vt 1.000000 0.125000
vn 0.276950 -0.267415 -0.922923
f 5335/5335/5335 5336/5336/5336 5337/5337/5337
v 52.895315 53.685301 2.746488
vt 0.964286 0.000000
vn 0.276950 -0.267415 -0.922923
v 55.570245 59.231913 1.942060
vt 1.000000 0.125000
vn 0.276950 -0.267415 -0.922923
v 56.964185 57.879683 2.746488
vt 1.000000 0.000000
vn 0.276950 -0.267415 -0.922923
f 5338/5338/5338 5339/5339/5339 5340/5340/5340
v 51.742730 55.248360 1.942060
vt 0.964286 0.125000
vn 0.667590 -0.640078 -0.380294
v 51.265316 55.895797 0.000000
vt 0.964286 0.250000
vn 0.667590 -0.640078 -0.380294
v 54.992853 59.792026 0.000000
vt 1.000000 0.250000
vn 0.667590 -0.640078 -0.380294
f 5341/5341/5341 5342/5342/5342 5343/5343/5343
v 51.742730 55.248360 1.942060
vt 0.964286 0.125000
vn 0.667590 -0.640078 -0.380294
v 54.992853 59.792026 0.000000
vt 1.000000 0.250000
vn 0.667590 -0.640078 -0.380294
v 55.570245 59.231913 1.942060
vt 1.000000 0.125000
vn 0.667590 -0.640078 -0.380294
f 5344/5344/5344 5345/5345/5345 5346/5346/5346
v 51.265316 55.895797 0.000000
vt 0.964286 0.250000
vn 0.667590 -0.640078 0.380294
v 51.742730 55.248360 -1.942060
vt 0.964286 0.375000
vn 0.667590 -0.640078 0.380294
v 55.570245 59.231913 -1.942060
vt 1.000000 0.375000
vn 0.667590 -0.640078 0.380294
f 5347/5347/5347 5348/5348/5348 5349/5349/5349
v 51.265316 55.895797 0.000000
vt 0.964286 0.250000
vn 0.667590 -0.640078 0.380294
v 55.570245 59.231913 -1.942060
vt 1.000000 0.375000
vn 0.667590 -0.640078 0.380294
v 54.992853 59.792026 0.000000
vt 1.000000 0.250000
vn 0.667590 -0.640078 0.380294
f 5350/5350/5350 5351/5351/5351 5352/5352/5352
v 51.742730 55.248360 -1.942060
vt 0.964286 0.375000
vn 0.276950 -0.267415 0.922923
v 52.895315 53.685301 -2.746488
vt 0.964286 0.500000
vn 0.276950 -0.267415 0.922923
v 56.964185 57.879683 -2.746488
vt 1.000000 0.500000
vn 0.276950 -0.267415 0.922923
f 5353/5353/5353 5354/5354/5354 5355/5355/5355
v 51.742730 55.248360 -1.942060
vt 0.964286 0.375000
vn 0.276950 -0.267415 0.922923
v 56.964185 57.879683 -2.746488
vt 1.000000 0.500000
vn 0.276950 -0.267415 0.922923
v 55.570245 59.231913 -1.942060
vt 1.000000 0.375000
vn 0.276950 -0.267415 0.922923
f 5356/5356/5356 5357/5357/5357 5358/5358/5358
v 52.895315 53.685301 -2.746488
vt 0.964286 0.500000
vn -0.275648 0.268580 0.922975
v 54.047899 52.122243 -1.942060
vt 0.964286 0.625000
vn -0.275648 0.268580 0.922975
v 58.358125 56.527453 -1.942060
vt 1.000000 0.625000
vn -0.275648 0.268580 0.922975
f 5359/5359/5359 5360/5360/5360 5361/5361/5361
v 52.895315 53.685301 -2.746488
vt 0.964286 0.500000
vn -0.275648 0.268580 0.922975
v 58.358125 56.527453 -1.942060
vt 1.000000 0.625000
vn -0.275648 0.268580 0.922975
v 56.964185 57.879683 -2.746488
vt 1.000000 0.500000
vn -0.275648 0.268580 0.922975
f 5362/5362/5362 5363/5363/5363 5364/5364/5364
v 54.047899 52.122243 -1.942060
vt 0.964286 0.625000
vn -0.660440 0.647279 0.380590
v 54.525314 51.474806 -0.000000
vt 0.964286 0.750000
vn -0.660440 0.647279 0.380590
v 58.935518 55.967340 -0.000000
vt 1.000000 0.750000
vn -0.660440 0.647279 0.380590
f 5365/5365/5365 5366/5366/5366 5367/5367/5367
v 54.047899 52.122243 -1.942060
vt 0.964286 0.625000
vn -0.660440 0.647279 0.380590
v 58.935518 55.967340 -0.000000
vt 1.000000 0.750000
vn -0.660440 0.647279 0.380590
v 58.358125 56.527453 -1.942060
vt 1.000000 0.625000
vn -0.660440 0.647279 0.380590
f 5368/5368/5368 5369/5369/5369 5370/5370/5370
v 54.525314 51.474806 -0.000000
vt 0.964286 0.750000
vn -0.660440 0.647279 -0.380590
v 54.047899 52.122243 1.942060
vt 0.964286 0.875000
vn -0.660440 0.647279 -0.380590
v 58.358125 56.527453 1.942060
vt 1.000000 0.875000
vn -0.660440 0.647279 -0.380590
f 5371/5371/5371 5372/5372/5372 5373/5373/5373
v 54.525314 51.474806 -0.000000
vt 0.964286 0.750000
vn -0.660440 0.647279 -0.380590
v 58.358125 56.527453 1.942060
vt 1.000000 0.875000
vn -0.660440 0.647279 -0.380590
v 58.935518 55.967340 -0.000000
vt 1.000000 0.750000
vn -0.660440 0.647279 -0.380590
f 5374/5374/5374 5375/5375/5375 5376/5376/5376
v 54.047899 52.122243 1.942060
vt 0.964286 0.875000
vn -0.275648 0.268581 -0.922975
v 52.895315 53.685301 2.746488
vt 0.964286 1.000000
vn -0.275648 0.268581 -0.922975
v 56.964185 57.879683 2.746488
vt 1.000000 1.000000
vn -0.275648 0.268581 -0.922975
f 5377/5377/5377 5378/5378/5378 5379/5379/5379
v 54.047899 52.122243 1.942060
vt 0.964286 0.875000
vn -0.275648 0.268581 -0.922975
v 56.964185 57.879683 2.746488
vt 1.000000 1.000000
vn -0.275648 0.268581 -0.922975
v 58.358125 56.527453 1.942060
vt 1.000000 0.875000
vn -0.275648 0.268581 -0.922975
f 5380/5380/5380 5381/5381/5381 5382/5382/5382
v -56.964185 57.879683 2.746488
vt 0.839411 0.160589
vn 0.696287 -0.717763 -0.000000
v -58.358125 56.527453 1.942060
vt 0.980000 0.500000
vn 0.696287 -0.717763 -0.000000
v -58.935518 55.967340 -0.000000
vt 0.839411 0.839411
vn 0.696287 -0.717763 -0.000000
f 5383/5383/5383 5384/5384/5384 5385/5385/5385
v -58.935518 55.967340 -0.000000
vt 0.839411 0.839411
vn 0.696287 -0.717763 -0.000000
v -58.358125 56.527453 -1.942060
vt 0.500000 0.980000
vn 0.696287 -0.717763 -0.000000
v -56.964185 57.879683 -2.746488
vt 0.160589 0.839411
vn 0.696287 -0.717763 -0.000000
f 5386/5386/5386 5387/5387/5387 5388/5388/5388
v -56.964185 57.879683 -2.746488
vt 0.160589 0.839411
vn 0.696287 -0.717763 -0.000000
v -55.570245 59.231913 -1.942060
vt 0.020000 0.500000
vn 0.696287 -0.717763 -0.000000
v -54.992853 59.792026 0.000000
vt 0.160589 0.160589
vn 0.696287 -0.717763 -0.000000
f 5389/5389/5389 5390/5390/5390 5391/5391/5391
v -54.992853 59.792026 0.000000
vt 0.160589 0.160589
vn 0.696287 -0.717763 -0.000000
v -55.570245 59.231913 1.942060
vt 0.500000 0.020000
vn 0.696287 -0.717763 -0.000000
v -56.964185 57.879683 2.746488
vt 0.839411 0.160589
vn 0.696287 -0.717763 -0.000000
f 5392/5392/5392 5393/5393/5393 5394/5394/5394
v -56.964185 57.879683 2.746488
vt 0.839411 0.160589
vn 0.696287 -0.717763 -0.000000
v -58.935518 55.967340 -0.000000
vt 0.839411 0.839411
vn 0.696287 -0.717763 -0.000000
v -56.964185 57.879683 -2.746488
vt 0.160589 0.839411
vn 0.696287 -0.717763 -0.000000
f 5395/5395/5395 5396/5396/5396 5397/5397/5397
v -56.964185 57.879683 -2.746488
vt 0.160589 0.839411
vn 0.696287 -0.717763 -0.000000
v -54.992853 59.792026 0.000000
vt 0.160589 0.160589
vn 0.696287 -0.717763 -0.000000
v -56.964185 57.879683 2.746488
vt 0.839411 0.160589
vn 0.696287 -0.717763 -0.000000
f 5398/5398/5398 5399/5399/5399 5400/5400/5400
v 58.358125 56.527453 1.942060
vt 0.839411 0.160589
vn -0.696287 -0.717763 -0.000000
v 56.964185 57.879683 2.746488
vt 0.980000 0.500000
vn -0.696287 -0.717763 -0.000000
v 55.570245 59.231913 1.942060
vt 0.839411 0.839411
vn -0.696287 -0.717763 -0.000000
f 5401/5401/5401 5402/5402/5402 5403/5403/5403
v 55.570245 59.231913 1.942060
vt 0.839411 0.839411
vn -0.696287 -0.717763 -0.000000
v 54.992853 59.792026 0.000000
vt 0.500000 0.980000
vn -0.696287 -0.717763 -0.000000
v 55.570245 59.231913 -1.942060
vt 0.160589 0.839411
vn -0.696287 -0.717763 -0.000000
f 5404/5404/5404 5405/5405/5405 5406/5406/5406
v 55.570245 59.231913 -1.942060
vt 0.160589 0.839411
vn -0.696287 -0.717763 -0.000000
v 56.964185 57.879683 -2.746488
vt 0.020000 0.500000
vn -0.696287 -0.717763 -0.000000
v 58.358125 56.527453 -1.942060
vt 0.160589 0.160589
vn -0.696287 -0.717763 -0.000000
f 5407/5407/5407 5408/5408/5408 5409/5409/5409
v 58.358125 56.527453 -1.942060
vt 0.160589 0.160589
vn -0.696287 -0.717763 -0.000000
v 58.935518 55.967340 -0.000000
vt 0.500000 0.020000
vn -0.696287 -0.717763 -0.000000
v 58.358125 56.527453 1.942060
vt 0.839411 0.160589
vn -0.696287 -0.717763 -0.000000
f 5410/5410/5410 5411/5411/5411 5412/5412/5412
v 58.358125 56.527453 1.942060
vt 0.839411 0.160589
vn -0.696287 -0.717763 -0.000000
v 55.570245 59.231913 1.942060
vt 0.839411 0.839411
vn -0.696287 -0.717763 -0.000000
v 55.570245 59.231913 -1.942060
vt 0.160589 0.839411
vn -0.696287 -0.717763 -0.000000
f 5413/5413/5413 5414/5414/5414 5415/5415/5415
v 55.570245 59.231913 -1.942060
vt 0.160589 0.839411
vn -0.696287 -0.717763 -0.000000
v 58.358125 56.527453 -1.942060
vt 0.160589 0.160589
vn -0.696287 -0.717763 -0.000000
v 58.358125 56.527453 1.942060
vt 0.839411 0.160589
vn -0.696287 -0.717763 -0.000000
f 5416/5416/5416 5417/5417/5417 5418/5418/5418
o Painted_fascia_/_right
usemtl Painted fascia
v 105.790630 12.715220 68.153579
vt 0.000000 1.000000
vn -1.000000 0.000000 -0.000000
v 105.790630 8.634389 62.474115
vt 0.041667 1.000000
vn -1.000000 0.000000 -0.000000
v 105.790630 1.513866 62.474115
vt 0.041667 0.000000
vn -1.000000 0.000000 -0.000000
f 5419/5419/5419 5420/5420/5420 5421/5421/5421
v 105.790630 12.715220 68.153579
vt 0.000000 1.000000
vn -1.000000 0.000000 -0.000000
v 105.790630 1.513866 62.474115
vt 0.041667 0.000000
vn -1.000000 0.000000 -0.000000
v 105.790630 5.594697 68.153579
vt 0.000000 0.000000
vn -1.000000 0.000000 -0.000000
f 5422/5422/5422 5423/5423/5423 5424/5424/5424
v 105.790630 8.634389 62.474115
vt 0.041667 1.000000
vn -1.000000 0.000000 -0.000000
v 105.790630 6.470057 56.794648
vt 0.083333 1.000000
vn -1.000000 0.000000 -0.000000
v 105.790630 -0.650466 56.794648
vt 0.083333 0.000000
vn -1.000000 0.000000 -0.000000
f 5425/5425/5425 5426/5426/5426 5427/5427/5427
v 105.790630 8.634389 62.474115
vt 0.041667 1.000000
vn -1.000000 0.000000 -0.000000
v 105.790630 -0.650466 56.794648
vt 0.083333 0.000000
vn -1.000000 0.000000 -0.000000
v 105.790630 1.513866 62.474115
vt 0.041667 0.000000
vn -1.000000 0.000000 -0.000000
f 5428/5428/5428 5429/5429/5429 5430/5430/5430
v 105.790630 6.470057 56.794648
vt 0.083333 1.000000
vn -1.000000 0.000000 0.000000
v 105.790630 5.392172 51.115184
vt 0.125000 1.000000
vn -1.000000 0.000000 0.000000
v 105.790630 -1.728351 51.115184
vt 0.125000 0.000000
vn -1.000000 0.000000 0.000000
f 5431/5431/5431 5432/5432/5432 5433/5433/5433
v 105.790630 6.470057 56.794648
vt 0.083333 1.000000
vn -1.000000 0.000000 0.000000
v 105.790630 -1.728351 51.115184
vt 0.125000 0.000000
vn -1.000000 0.000000 0.000000
v 105.790630 -0.650466 56.794648
vt 0.083333 0.000000
vn -1.000000 0.000000 0.000000
f 5434/5434/5434 5435/5435/5435 5436/5436/5436
v 105.790630 5.392172 51.115184
vt 0.125000 1.000000
vn -1.000000 0.000000 0.000001
v 105.790630 4.895001 45.435720
vt 0.166667 1.000000
vn -1.000000 0.000000 0.000001
v 105.790630 -2.225522 45.435720
vt 0.166667 0.000000
vn -1.000000 0.000000 0.000001
f 5437/5437/5437 5438/5438/5438 5439/5439/5439
v 105.790630 5.392172 51.115184
vt 0.125000 1.000000
vn -1.000000 0.000000 0.000001
v 105.790630 -2.225522 45.435720
vt 0.166667 0.000000
vn -1.000000 0.000000 0.000001
v 105.790630 -1.728351 51.115184
vt 0.125000 0.000000
vn -1.000000 0.000000 0.000001
f 5440/5440/5440 5441/5441/5441 5442/5442/5442
v 105.790630 4.895001 45.435720
vt 0.166667 1.000000
vn -1.000000 0.000000 -0.000000
v 105.790630 4.686583 39.756253
vt 0.208333 1.000000
vn -1.000000 0.000000 -0.000000
v 105.790630 -2.433940 39.756253
vt 0.208333 0.000000
vn -1.000000 0.000000 -0.000000
f 5443/5443/5443 5444/5444/5444 5445/5445/5445
v 105.790630 4.895001 45.435720
vt 0.166667 1.000000
vn -1.000000 0.000000 -0.000000
v 105.790630 -2.433940 39.756253
vt 0.208333 0.000000
vn -1.000000 0.000000 -0.000000
v 105.790630 -2.225522 45.435720
vt 0.166667 0.000000
vn -1.000000 0.000000 -0.000000
f 5446/5446/5446 5447/5447/5447 5448/5448/5448
v 105.790630 4.686583 39.756253
vt 0.208333 1.000000
vn -1.000000 0.000000 -0.000000
v 105.790630 4.609267 34.076789
vt 0.250000 1.000000
vn -1.000000 0.000000 -0.000000
v 105.790630 -2.511256 34.076789
vt 0.250000 0.000000
vn -1.000000 0.000000 -0.000000
f 5449/5449/5449 5450/5450/5450 5451/5451/5451
v 105.790630 4.686583 39.756253
vt 0.208333 1.000000
vn -1.000000 0.000000 -0.000000
v 105.790630 -2.511256 34.076789
vt 0.250000 0.000000
vn -1.000000 0.000000 -0.000000
v 105.790630 -2.433940 39.756253
vt 0.208333 0.000000
vn -1.000000 0.000000 -0.000000
f 5452/5452/5452 5453/5453/5453 5454/5454/5454
v 105.790630 4.609267 34.076789
vt 0.250000 1.000000
vn -1.000000 0.000000 -0.000000
v 105.790630 4.584872 28.397324
vt 0.291667 1.000000
vn -1.000000 0.000000 -0.000000
v 105.790630 -2.535651 28.397324
vt 0.291667 0.000000
vn -1.000000 0.000000 -0.000000
f 5455/5455/5455 5456/5456/5456 5457/5457/5457
v 105.790630 4.609267 34.076789
vt 0.250000 1.000000
vn -1.000000 0.000000 -0.000000
v 105.790630 -2.535651 28.397324
vt 0.291667 0.000000
vn -1.000000 0.000000 -0.000000
v 105.790630 -2.511256 34.076789
vt 0.250000 0.000000
vn -1.000000 0.000000 -0.000000
f 5458/5458/5458 5459/5459/5459 5460/5460/5460
v 105.790630 4.584872 28.397324
vt 0.291667 1.000000
vn -1.000000 0.000000 -0.000001
v 105.790630 4.578719 22.717860
vt 0.333333 1.000000
vn -1.000000 0.000000 -0.000001
v 105.790630 -2.541804 22.717860
vt 0.333333 0.000000
vn -1.000000 0.000000 -0.000001
f 5461/5461/5461 5462/5462/5462 5463/5463/5463
v 105.790630 4.584872 28.397324
vt 0.291667 1.000000
vn -1.000000 0.000000 -0.000001
v 105.790630 -2.541804 22.717860
vt 0.333333 0.000000
vn -1.000000 0.000000 -0.000001
v 105.790630 -2.535651 28.397324
vt 0.291667 0.000000
vn -1.000000 0.000000 -0.000001
f 5464/5464/5464 5465/5465/5465 5466/5466/5466
v 105.790630 4.578719 22.717860
vt 0.333333 1.000000
vn -1.000000 0.000000 -0.000001
v 105.790630 4.577603 17.038395
vt 0.375000 1.000000
vn -1.000000 0.000000 -0.000001
v 105.790630 -2.542920 17.038395
vt 0.375000 0.000000
vn -1.000000 0.000000 -0.000001
f 5467/5467/5467 5468/5468/5468 5469/5469/5469
v 105.790630 4.578719 22.717860
vt 0.333333 1.000000
vn -1.000000 0.000000 -0.000001
v 105.790630 -2.542920 17.038395
vt 0.375000 0.000000
vn -1.000000 0.000000 -0.000001
v 105.790630 -2.541804 22.717860
vt 0.333333 0.000000
vn -1.000000 0.000000 -0.000001
f 5470/5470/5470 5471/5471/5471 5472/5472/5472
v 105.790630 4.577603 17.038395
vt 0.375000 1.000000
vn -1.000000 0.000000 -0.000000
v 105.790630 4.577484 11.358930
vt 0.416667 1.000000
vn -1.000000 0.000000 -0.000000
v 105.790630 -2.543039 11.358930
vt 0.416667 0.000000
vn -1.000000 0.000000 -0.000000
f 5473/5473/5473 5474/5474/5474 5475/5475/5475
v 105.790630 4.577603 17.038395
vt 0.375000 1.000000
vn -1.000000 0.000000 -0.000000
v 105.790630 -2.543039 11.358930
vt 0.416667 0.000000
vn -1.000000 0.000000 -0.000000
v 105.790630 -2.542920 17.038395
vt 0.375000 0.000000
vn -1.000000 0.000000 -0.000000
f 5476/5476/5476 5477/5477/5477 5478/5478/5478
v 105.790630 4.577484 11.358930
vt 0.416667 1.000000
vn -1.000000 0.000000 0.000000
v 105.790630 4.577479 5.679465
vt 0.458333 1.000000
vn -1.000000 0.000000 0.000000
v 105.790630 -2.543044 5.679465
vt 0.458333 0.000000
vn -1.000000 0.000000 0.000000
f 5479/5479/5479 5480/5480/5480 5481/5481/5481
v 105.790630 4.577484 11.358930
vt 0.416667 1.000000
vn -1.000000 0.000000 0.000000
v 105.790630 -2.543044 5.679465
vt 0.458333 0.000000
vn -1.000000 0.000000 0.000000
v 105.790630 -2.543039 11.358930
vt 0.416667 0.000000
vn -1.000000 0.000000 0.000000
f 5482/5482/5482 5483/5483/5483 5484/5484/5484
v 105.790630 4.577479 5.679465
vt 0.458333 1.000000
vn -1.000000 0.000000 -0.000000
v 105.790630 4.577479 -0.000000
vt 0.500000 1.000000
vn -1.000000 0.000000 -0.000000
v 105.790630 -2.543044 -0.000000
vt 0.500000 0.000000
vn -1.000000 0.000000 -0.000000
f 5485/5485/5485 5486/5486/5486 5487/5487/5487
v 105.790630 4.577479 5.679465
vt 0.458333 1.000000
vn -1.000000 0.000000 -0.000000
v 105.790630 -2.543044 -0.000000
vt 0.500000 0.000000
vn -1.000000 0.000000 -0.000000
v 105.790630 -2.543044 5.679465
vt 0.458333 0.000000
vn -1.000000 0.000000 -0.000000
f 5488/5488/5488 5489/5489/5489 5490/5490/5490
v 105.790630 4.577479 -0.000000
vt 0.500000 1.000000
vn -1.000000 0.000000 -0.000000
v 105.790630 4.577479 -5.679465
vt 0.541667 1.000000
vn -1.000000 0.000000 -0.000000
v 105.790630 -2.543044 -5.679465
vt 0.541667 0.000000
vn -1.000000 0.000000 -0.000000
f 5491/5491/5491 5492/5492/5492 5493/5493/5493
v 105.790630 4.577479 -0.000000
vt 0.500000 1.000000
vn -1.000000 0.000000 -0.000000
v 105.790630 -2.543044 -5.679465
vt 0.541667 0.000000
vn -1.000000 0.000000 -0.000000
v 105.790630 -2.543044 -0.000000
vt 0.500000 0.000000
vn -1.000000 0.000000 -0.000000
f 5494/5494/5494 5495/5495/5495 5496/5496/5496
v 105.790630 4.577479 -5.679465
vt 0.541667 1.000000
vn -1.000000 0.000000 -0.000000
v 105.790630 4.577484 -11.358930
vt 0.583333 1.000000
vn -1.000000 0.000000 -0.000000
v 105.790630 -2.543039 -11.358930
vt 0.583333 0.000000
vn -1.000000 0.000000 -0.000000
f 5497/5497/5497 5498/5498/5498 5499/5499/5499
v 105.790630 4.577479 -5.679465
vt 0.541667 1.000000
vn -1.000000 0.000000 -0.000000
v 105.790630 -2.543039 -11.358930
vt 0.583333 0.000000
vn -1.000000 0.000000 -0.000000
v 105.790630 -2.543044 -5.679465
vt 0.541667 0.000000
vn -1.000000 0.000000 -0.000000
f 5500/5500/5500 5501/5501/5501 5502/5502/5502
v 105.790630 4.577484 -11.358930
vt 0.583333 1.000000
vn -1.000000 0.000000 0.000000
v 105.790630 4.577603 -17.038395
vt 0.625000 1.000000
vn -1.000000 0.000000 0.000000
v 105.790630 -2.542920 -17.038395
vt 0.625000 0.000000
vn -1.000000 0.000000 0.000000
f 5503/5503/5503 5504/5504/5504 5505/5505/5505
v 105.790630 4.577484 -11.358930
vt 0.583333 1.000000
vn -1.000000 0.000000 0.000000
v 105.790630 -2.542920 -17.038395
vt 0.625000 0.000000
vn -1.000000 0.000000 0.000000
v 105.790630 -2.543039 -11.358930
vt 0.583333 0.000000
vn -1.000000 0.000000 0.000000
f 5506/5506/5506 5507/5507/5507 5508/5508/5508
v 105.790630 4.577603 -17.038395
vt 0.625000 1.000000
vn -1.000000 0.000000 0.000001
v 105.790630 4.578719 -22.717860
vt 0.666667 1.000000
vn -1.000000 0.000000 0.000001
v 105.790630 -2.541804 -22.717860
vt 0.666667 0.000000
vn -1.000000 0.000000 0.000001
f 5509/5509/5509 5510/5510/5510 5511/5511/5511
v 105.790630 4.577603 -17.038395
vt 0.625000 1.000000
vn -1.000000 0.000000 0.000001
v 105.790630 -2.541804 -22.717860
vt 0.666667 0.000000
vn -1.000000 0.000000 0.000001
v 105.790630 -2.542920 -17.038395
vt 0.625000 0.000000
vn -1.000000 0.000000 0.000001
f 5512/5512/5512 5513/5513/5513 5514/5514/5514
v 105.790630 4.578719 -22.717860
vt 0.666667 1.000000
vn -1.000000 0.000000 0.000001
v 105.790630 4.584872 -28.397324
vt 0.708333 1.000000
vn -1.000000 0.000000 0.000001
v 105.790630 -2.535651 -28.397324
vt 0.708333 0.000000
vn -1.000000 0.000000 0.000001
f 5515/5515/5515 5516/5516/5516 5517/5517/5517
v 105.790630 4.578719 -22.717860
vt 0.666667 1.000000
vn -1.000000 0.000000 0.000001
v 105.790630 -2.535651 -28.397324
vt 0.708333 0.000000
vn -1.000000 0.000000 0.000001
v 105.790630 -2.541804 -22.717860
vt 0.666667 0.000000
vn -1.000000 0.000000 0.000001
f 5518/5518/5518 5519/5519/5519 5520/5520/5520
v 105.790630 4.584872 -28.397324
vt 0.708333 1.000000
vn -1.000000 0.000000 0.000000
v 105.790630 4.609267 -34.076789
vt 0.750000 1.000000
vn -1.000000 0.000000 0.000000
v 105.790630 -2.511256 -34.076789
vt 0.750000 0.000000
vn -1.000000 0.000000 0.000000
f 5521/5521/5521 5522/5522/5522 5523/5523/5523
v 105.790630 4.584872 -28.397324
vt 0.708333 1.000000
vn -1.000000 0.000000 0.000000
v 105.790630 -2.511256 -34.076789
vt 0.750000 0.000000
vn -1.000000 0.000000 0.000000
v 105.790630 -2.535651 -28.397324
vt 0.708333 0.000000
vn -1.000000 0.000000 0.000000
f 5524/5524/5524 5525/5525/5525 5526/5526/5526
v 105.790630 4.609267 -34.076789
vt 0.750000 1.000000
vn -1.000000 0.000000 0.000000
v 105.790630 4.686583 -39.756253
vt 0.791667 1.000000
vn -1.000000 0.000000 0.000000
v 105.790630 -2.433940 -39.756253
vt 0.791667 0.000000
vn -1.000000 0.000000 0.000000
f 5527/5527/5527 5528/5528/5528 5529/5529/5529
v 105.790630 4.609267 -34.076789
vt 0.750000 1.000000
vn -1.000000 0.000000 0.000000
v 105.790630 -2.433940 -39.756253
vt 0.791667 0.000000
vn -1.000000 0.000000 0.000000
v 105.790630 -2.511256 -34.076789
vt 0.750000 0.000000
vn -1.000000 0.000000 0.000000
f 5530/5530/5530 5531/5531/5531 5532/5532/5532
v 105.790630 4.686583 -39.756253
vt 0.791667 1.000000
vn -1.000000 0.000000 0.000000
v 105.790630 4.895001 -45.435720
vt 0.833333 1.000000
vn -1.000000 0.000000 0.000000
v 105.790630 -2.225522 -45.435720
vt 0.833333 0.000000
vn -1.000000 0.000000 0.000000
f 5533/5533/5533 5534/5534/5534 5535/5535/5535
v 105.790630 4.686583 -39.756253
vt 0.791667 1.000000
vn -1.000000 0.000000 0.000000
v 105.790630 -2.225522 -45.435720
vt 0.833333 0.000000
vn -1.000000 0.000000 0.000000
v 105.790630 -2.433940 -39.756253
vt 0.791667 0.000000
vn -1.000000 0.000000 0.000000
f 5536/5536/5536 5537/5537/5537 5538/5538/5538
v 105.790630 4.895001 -45.435720
vt 0.833333 1.000000
vn -1.000000 0.000000 -0.000001
v 105.790630 5.392172 -51.115184
vt 0.875000 1.000000
vn -1.000000 0.000000 -0.000001
v 105.790630 -1.728351 -51.115184
vt 0.875000 0.000000
vn -1.000000 0.000000 -0.000001
f 5539/5539/5539 5540/5540/5540 5541/5541/5541
v 105.790630 4.895001 -45.435720
vt 0.833333 1.000000
vn -1.000000 0.000000 -0.000001
v 105.790630 -1.728351 -51.115184
vt 0.875000 0.000000
vn -1.000000 0.000000 -0.000001
v 105.790630 -2.225522 -45.435720
vt 0.833333 0.000000
vn -1.000000 0.000000 -0.000001
f 5542/5542/5542 5543/5543/5543 5544/5544/5544
v 105.790630 5.392172 -51.115184
vt 0.875000 1.000000
vn -1.000000 0.000000 -0.000000
v 105.790630 6.470057 -56.794648
vt 0.916667 1.000000
vn -1.000000 0.000000 -0.000000
v 105.790630 -0.650466 -56.794648
vt 0.916667 0.000000
vn -1.000000 0.000000 -0.000000
f 5545/5545/5545 5546/5546/5546 5547/5547/5547
v 105.790630 5.392172 -51.115184
vt 0.875000 1.000000
vn -1.000000 0.000000 -0.000000
v 105.790630 -0.650466 -56.794648
vt 0.916667 0.000000
vn -1.000000 0.000000 -0.000000
v 105.790630 -1.728351 -51.115184
vt 0.875000 0.000000
vn -1.000000 0.000000 -0.000000
f 5548/5548/5548 5549/5549/5549 5550/5550/5550
v 105.790630 6.470057 -56.794648
vt 0.916667 1.000000
vn -1.000000 0.000000 -0.000000
v 105.790630 8.634389 -62.474115
vt 0.958333 1.000000
vn -1.000000 0.000000 -0.000000
v 105.790630 1.513866 -62.474115
vt 0.958333 0.000000
vn -1.000000 0.000000 -0.000000
f 5551/5551/5551 5552/5552/5552 5553/5553/5553
v 105.790630 6.470057 -56.794648
vt 0.916667 1.000000
vn -1.000000 0.000000 -0.000000
v 105.790630 1.513866 -62.474115
vt 0.958333 0.000000
vn -1.000000 0.000000 -0.000000
v 105.790630 -0.650466 -56.794648
vt 0.916667 0.000000
vn -1.000000 0.000000 -0.000000
f 5554/5554/5554 5555/5555/5555 5556/5556/5556
v 105.790630 8.634389 -62.474115
vt 0.958333 1.000000
vn -1.000000 0.000000 -0.000001
v 105.790630 12.715220 -68.153579
vt 1.000000 1.000000
vn -1.000000 0.000000 -0.000001
v 105.790630 5.594697 -68.153579
vt 1.000000 0.000000
vn -1.000000 0.000000 -0.000001
f 5557/5557/5557 5558/5558/5558 5559/5559/5559
v 105.790630 8.634389 -62.474115
vt 0.958333 1.000000
vn -1.000000 0.000000 -0.000001
v 105.790630 5.594697 -68.153579
vt 1.000000 0.000000
vn -1.000000 0.000000 -0.000001
v 105.790630 1.513866 -62.474115
vt 0.958333 0.000000
vn -1.000000 0.000000 -0.000001
f 5560/5560/5560 5561/5561/5561 5562/5562/5562
o Painted_fascia_/_left
usemtl Painted fascia
v -105.790630 12.715220 68.153579
vt 0.000000 1.000000
vn -1.000000 0.000000 -0.000000
v -105.790630 8.634389 62.474115
vt 0.041667 1.000000
vn -1.000000 0.000000 -0.000000
v -105.790630 1.513866 62.474115
vt 0.041667 0.000000
vn -1.000000 0.000000 -0.000000
f 5563/5563/5563 5564/5564/5564 5565/5565/5565
v -105.790630 12.715220 68.153579
vt 0.000000 1.000000
vn -1.000000 0.000000 -0.000000
v -105.790630 1.513866 62.474115
vt 0.041667 0.000000
vn -1.000000 0.000000 -0.000000
v -105.790630 5.594697 68.153579
vt 0.000000 0.000000
vn -1.000000 0.000000 -0.000000
f 5566/5566/5566 5567/5567/5567 5568/5568/5568
v -105.790630 8.634389 62.474115
vt 0.041667 1.000000
vn -1.000000 0.000000 -0.000000
v -105.790630 6.470057 56.794648
vt 0.083333 1.000000
vn -1.000000 0.000000 -0.000000
v -105.790630 -0.650466 56.794648
vt 0.083333 0.000000
vn -1.000000 0.000000 -0.000000
f 5569/5569/5569 5570/5570/5570 5571/5571/5571
v -105.790630 8.634389 62.474115
vt 0.041667 1.000000
vn -1.000000 0.000000 -0.000000
v -105.790630 -0.650466 56.794648
vt 0.083333 0.000000
vn -1.000000 0.000000 -0.000000
v -105.790630 1.513866 62.474115
vt 0.041667 0.000000
vn -1.000000 0.000000 -0.000000
f 5572/5572/5572 5573/5573/5573 5574/5574/5574
v -105.790630 6.470057 56.794648
vt 0.083333 1.000000
vn -1.000000 0.000000 -0.000000
v -105.790630 5.392172 51.115184
vt 0.125000 1.000000
vn -1.000000 0.000000 -0.000000
v -105.790630 -1.728351 51.115184
vt 0.125000 0.000000
vn -1.000000 0.000000 -0.000000
f 5575/5575/5575 5576/5576/5576 5577/5577/5577
v -105.790630 6.470057 56.794648
vt 0.083333 1.000000
vn -1.000000 0.000000 -0.000000
v -105.790630 -1.728351 51.115184
vt 0.125000 0.000000
vn -1.000000 0.000000 -0.000000
v -105.790630 -0.650466 56.794648
vt 0.083333 0.000000
vn -1.000000 0.000000 -0.000000
f 5578/5578/5578 5579/5579/5579 5580/5580/5580
v -105.790630 5.392172 51.115184
vt 0.125000 1.000000
vn -1.000000 0.000000 -0.000001
v -105.790630 4.895001 45.435720
vt 0.166667 1.000000
vn -1.000000 0.000000 -0.000001
v -105.790630 -2.225522 45.435720
vt 0.166667 0.000000
vn -1.000000 0.000000 -0.000001
f 5581/5581/5581 5582/5582/5582 5583/5583/5583
v -105.790630 5.392172 51.115184
vt 0.125000 1.000000
vn -1.000000 0.000000 -0.000001
v -105.790630 -2.225522 45.435720
vt 0.166667 0.000000
vn -1.000000 0.000000 -0.000001
v -105.790630 -1.728351 51.115184
vt 0.125000 0.000000
vn -1.000000 0.000000 -0.000001
f 5584/5584/5584 5585/5585/5585 5586/5586/5586
v -105.790630 4.895001 45.435720
vt 0.166667 1.000000
vn -1.000000 0.000000 0.000000
v -105.790630 4.686583 39.756253
vt 0.208333 1.000000
vn -1.000000 0.000000 0.000000
v -105.790630 -2.433940 39.756253
vt 0.208333 0.000000
vn -1.000000 0.000000 0.000000
f 5587/5587/5587 5588/5588/5588 5589/5589/5589
v -105.790630 4.895001 45.435720
vt 0.166667 1.000000
vn -1.000000 0.000000 0.000000
v -105.790630 -2.433940 39.756253
vt 0.208333 0.000000
vn -1.000000 0.000000 0.000000
v -105.790630 -2.225522 45.435720
vt 0.166667 0.000000
vn -1.000000 0.000000 0.000000
f 5590/5590/5590 5591/5591/5591 5592/5592/5592
v -105.790630 4.686583 39.756253
vt 0.208333 1.000000
vn -1.000000 0.000000 0.000000
v -105.790630 4.609267 34.076789
vt 0.250000 1.000000
vn -1.000000 0.000000 0.000000
v -105.790630 -2.511256 34.076789
vt 0.250000 0.000000
vn -1.000000 0.000000 0.000000
f 5593/5593/5593 5594/5594/5594 5595/5595/5595
v -105.790630 4.686583 39.756253
vt 0.208333 1.000000
vn -1.000000 0.000000 0.000000
v -105.790630 -2.511256 34.076789
vt 0.250000 0.000000
vn -1.000000 0.000000 0.000000
v -105.790630 -2.433940 39.756253
vt 0.208333 0.000000
vn -1.000000 0.000000 0.000000
f 5596/5596/5596 5597/5597/5597 5598/5598/5598
v -105.790630 4.609267 34.076789
vt 0.250000 1.000000
vn -1.000000 0.000000 0.000000
v -105.790630 4.584872 28.397324
vt 0.291667 1.000000
vn -1.000000 0.000000 0.000000
v -105.790630 -2.535651 28.397324
vt 0.291667 0.000000
vn -1.000000 0.000000 0.000000
f 5599/5599/5599 5600/5600/5600 5601/5601/5601
v -105.790630 4.609267 34.076789
vt 0.250000 1.000000
vn -1.000000 0.000000 0.000000
v -105.790630 -2.535651 28.397324
vt 0.291667 0.000000
vn -1.000000 0.000000 0.000000
v -105.790630 -2.511256 34.076789
vt 0.250000 0.000000
vn -1.000000 0.000000 0.000000
f 5602/5602/5602 5603/5603/5603 5604/5604/5604
v -105.790630 4.584872 28.397324
vt 0.291667 1.000000
vn -1.000000 0.000000 0.000001
v -105.790630 4.578719 22.717860
vt 0.333333 1.000000
vn -1.000000 0.000000 0.000001
v -105.790630 -2.541804 22.717860
vt 0.333333 0.000000
vn -1.000000 0.000000 0.000001
f 5605/5605/5605 5606/5606/5606 5607/5607/5607
v -105.790630 4.584872 28.397324
vt 0.291667 1.000000
vn -1.000000 0.000000 0.000001
v -105.790630 -2.541804 22.717860
vt 0.333333 0.000000
vn -1.000000 0.000000 0.000001
v -105.790630 -2.535651 28.397324
vt 0.291667 0.000000
vn -1.000000 0.000000 0.000001
f 5608/5608/5608 5609/5609/5609 5610/5610/5610
v -105.790630 4.578719 22.717860
vt 0.333333 1.000000
vn -1.000000 0.000000 0.000001
v -105.790630 4.577603 17.038395
vt 0.375000 1.000000
vn -1.000000 0.000000 0.000001
v -105.790630 -2.542920 17.038395
vt 0.375000 0.000000
vn -1.000000 0.000000 0.000001
f 5611/5611/5611 5612/5612/5612 5613/5613/5613
v -105.790630 4.578719 22.717860
vt 0.333333 1.000000
vn -1.000000 0.000000 0.000001
v -105.790630 -2.542920 17.038395
vt 0.375000 0.000000
vn -1.000000 0.000000 0.000001
v -105.790630 -2.541804 22.717860
vt 0.333333 0.000000
vn -1.000000 0.000000 0.000001
f 5614/5614/5614 5615/5615/5615 5616/5616/5616
v -105.790630 4.577603 17.038395
vt 0.375000 1.000000
vn -1.000000 0.000000 0.000000
v -105.790630 4.577484 11.358930
vt 0.416667 1.000000
vn -1.000000 0.000000 0.000000
v -105.790630 -2.543039 11.358930
vt 0.416667 0.000000
vn -1.000000 0.000000 0.000000
f 5617/5617/5617 5618/5618/5618 5619/5619/5619
v -105.790630 4.577603 17.038395
vt 0.375000 1.000000
vn -1.000000 0.000000 0.000000
v -105.790630 -2.543039 11.358930
vt 0.416667 0.000000
vn -1.000000 0.000000 0.000000
v -105.790630 -2.542920 17.038395
vt 0.375000 0.000000
vn -1.000000 0.000000 0.000000
f 5620/5620/5620 5621/5621/5621 5622/5622/5622
v -105.790630 4.577484 11.358930
vt 0.416667 1.000000
vn -1.000000 0.000000 -0.000000
v -105.790630 4.577479 5.679465
vt 0.458333 1.000000
vn -1.000000 0.000000 -0.000000
v -105.790630 -2.543044 5.679465
vt 0.458333 0.000000
vn -1.000000 0.000000 -0.000000
f 5623/5623/5623 5624/5624/5624 5625/5625/5625
v -105.790630 4.577484 11.358930
vt 0.416667 1.000000
vn -1.000000 0.000000 -0.000000
v -105.790630 -2.543044 5.679465
vt 0.458333 0.000000
vn -1.000000 0.000000 -0.000000
v -105.790630 -2.543039 11.358930
vt 0.416667 0.000000
vn -1.000000 0.000000 -0.000000
f 5626/5626/5626 5627/5627/5627 5628/5628/5628
v -105.790630 4.577479 5.679465
vt 0.458333 1.000000
vn -1.000000 0.000000 -0.000000
v -105.790630 4.577479 -0.000000
vt 0.500000 1.000000
vn -1.000000 0.000000 -0.000000
v -105.790630 -2.543044 -0.000000
vt 0.500000 0.000000
vn -1.000000 0.000000 -0.000000
f 5629/5629/5629 5630/5630/5630 5631/5631/5631
v -105.790630 4.577479 5.679465
vt 0.458333 1.000000
vn -1.000000 0.000000 -0.000000
v -105.790630 -2.543044 -0.000000
vt 0.500000 0.000000
vn -1.000000 0.000000 -0.000000
v -105.790630 -2.543044 5.679465
vt 0.458333 0.000000
vn -1.000000 0.000000 -0.000000
f 5632/5632/5632 5633/5633/5633 5634/5634/5634
v -105.790630 4.577479 -0.000000
vt 0.500000 1.000000
vn -1.000000 0.000000 -0.000000
v -105.790630 4.577479 -5.679465
vt 0.541667 1.000000
vn -1.000000 0.000000 -0.000000
v -105.790630 -2.543044 -5.679465
vt 0.541667 0.000000
vn -1.000000 0.000000 -0.000000
f 5635/5635/5635 5636/5636/5636 5637/5637/5637
v -105.790630 4.577479 -0.000000
vt 0.500000 1.000000
vn -1.000000 0.000000 -0.000000
v -105.790630 -2.543044 -5.679465
vt 0.541667 0.000000
vn -1.000000 0.000000 -0.000000
v -105.790630 -2.543044 -0.000000
vt 0.500000 0.000000
vn -1.000000 0.000000 -0.000000
f 5638/5638/5638 5639/5639/5639 5640/5640/5640
v -105.790630 4.577479 -5.679465
vt 0.541667 1.000000
vn -1.000000 0.000000 0.000000
v -105.790630 4.577484 -11.358930
vt 0.583333 1.000000
vn -1.000000 0.000000 0.000000
v -105.790630 -2.543039 -11.358930
vt 0.583333 0.000000
vn -1.000000 0.000000 0.000000
f 5641/5641/5641 5642/5642/5642 5643/5643/5643
v -105.790630 4.577479 -5.679465
vt 0.541667 1.000000
vn -1.000000 0.000000 0.000000
v -105.790630 -2.543039 -11.358930
vt 0.583333 0.000000
vn -1.000000 0.000000 0.000000
v -105.790630 -2.543044 -5.679465
vt 0.541667 0.000000
vn -1.000000 0.000000 0.000000
f 5644/5644/5644 5645/5645/5645 5646/5646/5646
v -105.790630 4.577484 -11.358930
vt 0.583333 1.000000
vn -1.000000 0.000000 -0.000000
v -105.790630 4.577603 -17.038395
vt 0.625000 1.000000
vn -1.000000 0.000000 -0.000000
v -105.790630 -2.542920 -17.038395
vt 0.625000 0.000000
vn -1.000000 0.000000 -0.000000
f 5647/5647/5647 5648/5648/5648 5649/5649/5649
v -105.790630 4.577484 -11.358930
vt 0.583333 1.000000
vn -1.000000 0.000000 -0.000000
v -105.790630 -2.542920 -17.038395
vt 0.625000 0.000000
vn -1.000000 0.000000 -0.000000
v -105.790630 -2.543039 -11.358930
vt 0.583333 0.000000
vn -1.000000 0.000000 -0.000000
f 5650/5650/5650 5651/5651/5651 5652/5652/5652
v -105.790630 4.577603 -17.038395
vt 0.625000 1.000000
vn -1.000000 0.000000 -0.000001
v -105.790630 4.578719 -22.717860
vt 0.666667 1.000000
vn -1.000000 0.000000 -0.000001
v -105.790630 -2.541804 -22.717860
vt 0.666667 0.000000
vn -1.000000 0.000000 -0.000001
f 5653/5653/5653 5654/5654/5654 5655/5655/5655
v -105.790630 4.577603 -17.038395
vt 0.625000 1.000000
vn -1.000000 0.000000 -0.000001
v -105.790630 -2.541804 -22.717860
vt 0.666667 0.000000
vn -1.000000 0.000000 -0.000001
v -105.790630 -2.542920 -17.038395
vt 0.625000 0.000000
vn -1.000000 0.000000 -0.000001
f 5656/5656/5656 5657/5657/5657 5658/5658/5658
v -105.790630 4.578719 -22.717860
vt 0.666667 1.000000
vn -1.000000 0.000000 -0.000001
v -105.790630 4.584872 -28.397324
vt 0.708333 1.000000
vn -1.000000 0.000000 -0.000001
v -105.790630 -2.535651 -28.397324
vt 0.708333 0.000000
vn -1.000000 0.000000 -0.000001
f 5659/5659/5659 5660/5660/5660 5661/5661/5661
v -105.790630 4.578719 -22.717860
vt 0.666667 1.000000
vn -1.000000 0.000000 -0.000001
v -105.790630 -2.535651 -28.397324
vt 0.708333 0.000000
vn -1.000000 0.000000 -0.000001
v -105.790630 -2.541804 -22.717860
vt 0.666667 0.000000
vn -1.000000 0.000000 -0.000001
f 5662/5662/5662 5663/5663/5663 5664/5664/5664
v -105.790630 4.584872 -28.397324
vt 0.708333 1.000000
vn -1.000000 0.000000 -0.000000
v -105.790630 4.609267 -34.076789
vt 0.750000 1.000000
vn -1.000000 0.000000 -0.000000
v -105.790630 -2.511256 -34.076789
vt 0.750000 0.000000
vn -1.000000 0.000000 -0.000000
f 5665/5665/5665 5666/5666/5666 5667/5667/5667
v -105.790630 4.584872 -28.397324
vt 0.708333 1.000000
vn -1.000000 0.000000 -0.000000
v -105.790630 -2.511256 -34.076789
vt 0.750000 0.000000
vn -1.000000 0.000000 -0.000000
v -105.790630 -2.535651 -28.397324
vt 0.708333 0.000000
vn -1.000000 0.000000 -0.000000
f 5668/5668/5668 5669/5669/5669 5670/5670/5670
v -105.790630 4.609267 -34.076789
vt 0.750000 1.000000
vn -1.000000 0.000000 -0.000000
v -105.790630 4.686583 -39.756253
vt 0.791667 1.000000
vn -1.000000 0.000000 -0.000000
v -105.790630 -2.433940 -39.756253
vt 0.791667 0.000000
vn -1.000000 0.000000 -0.000000
f 5671/5671/5671 5672/5672/5672 5673/5673/5673
v -105.790630 4.609267 -34.076789
vt 0.750000 1.000000
vn -1.000000 0.000000 -0.000000
v -105.790630 -2.433940 -39.756253
vt 0.791667 0.000000
vn -1.000000 0.000000 -0.000000
v -105.790630 -2.511256 -34.076789
vt 0.750000 0.000000
vn -1.000000 0.000000 -0.000000
f 5674/5674/5674 5675/5675/5675 5676/5676/5676
v -105.790630 4.686583 -39.756253
vt 0.791667 1.000000
vn -1.000000 0.000000 -0.000000
v -105.790630 4.895001 -45.435720
vt 0.833333 1.000000
vn -1.000000 0.000000 -0.000000
v -105.790630 -2.225522 -45.435720
vt 0.833333 0.000000
vn -1.000000 0.000000 -0.000000
f 5677/5677/5677 5678/5678/5678 5679/5679/5679
v -105.790630 4.686583 -39.756253
vt 0.791667 1.000000
vn -1.000000 0.000000 -0.000000
v -105.790630 -2.225522 -45.435720
vt 0.833333 0.000000
vn -1.000000 0.000000 -0.000000
v -105.790630 -2.433940 -39.756253
vt 0.791667 0.000000
vn -1.000000 0.000000 -0.000000
f 5680/5680/5680 5681/5681/5681 5682/5682/5682
v -105.790630 4.895001 -45.435720
vt 0.833333 1.000000
vn -1.000000 0.000000 0.000001
v -105.790630 5.392172 -51.115184
vt 0.875000 1.000000
vn -1.000000 0.000000 0.000001
v -105.790630 -1.728351 -51.115184
vt 0.875000 0.000000
vn -1.000000 0.000000 0.000001
f 5683/5683/5683 5684/5684/5684 5685/5685/5685
v -105.790630 4.895001 -45.435720
vt 0.833333 1.000000
vn -1.000000 0.000000 0.000001
v -105.790630 -1.728351 -51.115184
vt 0.875000 0.000000
vn -1.000000 0.000000 0.000001
v -105.790630 -2.225522 -45.435720
vt 0.833333 0.000000
vn -1.000000 0.000000 0.000001
f 5686/5686/5686 5687/5687/5687 5688/5688/5688
v -105.790630 5.392172 -51.115184
vt 0.875000 1.000000
vn -1.000000 0.000000 0.000000
v -105.790630 6.470057 -56.794648
vt 0.916667 1.000000
vn -1.000000 0.000000 0.000000
v -105.790630 -0.650466 -56.794648
vt 0.916667 0.000000
vn -1.000000 0.000000 0.000000
f 5689/5689/5689 5690/5690/5690 5691/5691/5691
v -105.790630 5.392172 -51.115184
vt 0.875000 1.000000
vn -1.000000 0.000000 0.000000
v -105.790630 -0.650466 -56.794648
vt 0.916667 0.000000
vn -1.000000 0.000000 0.000000
v -105.790630 -1.728351 -51.115184
vt 0.875000 0.000000
vn -1.000000 0.000000 0.000000
f 5692/5692/5692 5693/5693/5693 5694/5694/5694
v -105.790630 6.470057 -56.794648
vt 0.916667 1.000000
vn -1.000000 0.000000 -0.000000
v -105.790630 8.634389 -62.474115
vt 0.958333 1.000000
vn -1.000000 0.000000 -0.000000
v -105.790630 1.513866 -62.474115
vt 0.958333 0.000000
vn -1.000000 0.000000 -0.000000
f 5695/5695/5695 5696/5696/5696 5697/5697/5697
v -105.790630 6.470057 -56.794648
vt 0.916667 1.000000
vn -1.000000 0.000000 -0.000000
v -105.790630 1.513866 -62.474115
vt 0.958333 0.000000
vn -1.000000 0.000000 -0.000000
v -105.790630 -0.650466 -56.794648
vt 0.916667 0.000000
vn -1.000000 0.000000 -0.000000
f 5698/5698/5698 5699/5699/5699 5700/5700/5700
v -105.790630 8.634389 -62.474115
vt 0.958333 1.000000
vn -1.000000 0.000000 0.000001
v -105.790630 12.715220 -68.153579
vt 1.000000 1.000000
vn -1.000000 0.000000 0.000001
v -105.790630 5.594697 -68.153579
vt 1.000000 0.000000
vn -1.000000 0.000000 0.000001
f 5701/5701/5701 5702/5702/5702 5703/5703/5703
v -105.790630 8.634389 -62.474115
vt 0.958333 1.000000
vn -1.000000 0.000000 0.000001
v -105.790630 5.594697 -68.153579
vt 1.000000 0.000000
vn -1.000000 0.000000 0.000001
v -105.790630 1.513866 -62.474115
vt 0.958333 0.000000
vn -1.000000 0.000000 0.000001
f 5704/5704/5704 5705/5705/5705 5706/5706/5706
o Painted_fascia_/_front
usemtl Painted fascia
v -105.790630 12.715220 68.153579
vt 0.000000 1.000000
vn 0.000000 0.000000 -1.000000
v -96.974746 8.634389 68.153579
vt 0.041667 1.000000
vn 0.000000 0.000000 -1.000000
v -96.974746 1.513866 68.153579
vt 0.041667 0.000000
vn 0.000000 0.000000 -1.000000
f 5707/5707/5707 5708/5708/5708 5709/5709/5709
v -105.790630 12.715220 68.153579
vt 0.000000 1.000000
vn 0.000000 0.000000 -1.000000
v -96.974746 1.513866 68.153579
vt 0.041667 0.000000
vn 0.000000 0.000000 -1.000000
v -105.790630 5.594697 68.153579
vt 0.000000 0.000000
vn 0.000000 0.000000 -1.000000
f 5710/5710/5710 5711/5711/5711 5712/5712/5712
v -96.974746 8.634389 68.153579
vt 0.041667 1.000000
vn 0.000000 0.000000 -1.000000
v -88.158855 6.470057 68.153579
vt 0.083333 1.000000
vn 0.000000 0.000000 -1.000000
v -88.158855 -0.650466 68.153579
vt 0.083333 0.000000
vn 0.000000 0.000000 -1.000000
f 5713/5713/5713 5714/5714/5714 5715/5715/5715
v -96.974746 8.634389 68.153579
vt 0.041667 1.000000
vn 0.000000 0.000000 -1.000000
v -88.158855 -0.650466 68.153579
vt 0.083333 0.000000
vn 0.000000 0.000000 -1.000000
v -96.974746 1.513866 68.153579
vt 0.041667 0.000000
vn 0.000000 0.000000 -1.000000
f 5716/5716/5716 5717/5717/5717 5718/5718/5718
v -88.158855 6.470057 68.153579
vt 0.083333 1.000000
vn 0.000000 0.000000 -1.000000
v -79.342972 5.392172 68.153579
vt 0.125000 1.000000
vn 0.000000 0.000000 -1.000000
v -79.342972 -1.728351 68.153579
vt 0.125000 0.000000
vn 0.000000 0.000000 -1.000000
f 5719/5719/5719 5720/5720/5720 5721/5721/5721
v -88.158855 6.470057 68.153579
vt 0.083333 1.000000
vn 0.000000 0.000000 -1.000000
v -79.342972 -1.728351 68.153579
vt 0.125000 0.000000
vn 0.000000 0.000000 -1.000000
v -88.158855 -0.650466 68.153579
vt 0.083333 0.000000
vn 0.000000 0.000000 -1.000000
f 5722/5722/5722 5723/5723/5723 5724/5724/5724
v -79.342972 5.392172 68.153579
vt 0.125000 1.000000
vn 0.000000 0.000000 -1.000000
v -70.527089 4.895001 68.153579
vt 0.166667 1.000000
vn 0.000000 0.000000 -1.000000
v -70.527089 -2.225522 68.153579
vt 0.166667 0.000000
vn 0.000000 0.000000 -1.000000
f 5725/5725/5725 5726/5726/5726 5727/5727/5727
v -79.342972 5.392172 68.153579
vt 0.125000 1.000000
vn 0.000000 0.000000 -1.000000
v -70.527089 -2.225522 68.153579
vt 0.166667 0.000000
vn 0.000000 0.000000 -1.000000
v -79.342972 -1.728351 68.153579
vt 0.125000 0.000000
vn 0.000000 0.000000 -1.000000
f 5728/5728/5728 5729/5729/5729 5730/5730/5730
v -70.527089 4.895001 68.153579
vt 0.166667 1.000000
vn 0.000000 0.000000 -1.000000
v -61.711202 4.686583 68.153579
vt 0.208333 1.000000
vn 0.000000 0.000000 -1.000000
v -61.711202 -2.433940 68.153579
vt 0.208333 0.000000
vn 0.000000 0.000000 -1.000000
f 5731/5731/5731 5732/5732/5732 5733/5733/5733
v -70.527089 4.895001 68.153579
vt 0.166667 1.000000
vn 0.000000 0.000000 -1.000000
v -61.711202 -2.433940 68.153579
vt 0.208333 0.000000
vn 0.000000 0.000000 -1.000000
v -70.527089 -2.225522 68.153579
vt 0.166667 0.000000
vn 0.000000 0.000000 -1.000000
f 5734/5734/5734 5735/5735/5735 5736/5736/5736
v -61.711202 4.686583 68.153579
vt 0.208333 1.000000
vn 0.000000 0.000000 -1.000000
v -52.895315 4.609267 68.153579
vt 0.250000 1.000000
vn 0.000000 0.000000 -1.000000
v -52.895315 -2.511256 68.153579
vt 0.250000 0.000000
vn 0.000000 0.000000 -1.000000
f 5737/5737/5737 5738/5738/5738 5739/5739/5739
v -61.711202 4.686583 68.153579
vt 0.208333 1.000000
vn 0.000000 0.000000 -1.000000
v -52.895315 -2.511256 68.153579
vt 0.250000 0.000000
vn 0.000000 0.000000 -1.000000
v -61.711202 -2.433940 68.153579
vt 0.208333 0.000000
vn 0.000000 0.000000 -1.000000
f 5740/5740/5740 5741/5741/5741 5742/5742/5742
v -52.895315 4.609267 68.153579
vt 0.250000 1.000000
vn 0.000000 0.000000 -1.000000
v -44.079428 4.584872 68.153579
vt 0.291667 1.000000
vn 0.000000 0.000000 -1.000000
v -44.079428 -2.535651 68.153579
vt 0.291667 0.000000
vn 0.000000 0.000000 -1.000000
f 5743/5743/5743 5744/5744/5744 5745/5745/5745
v -52.895315 4.609267 68.153579
vt 0.250000 1.000000
vn 0.000000 0.000000 -1.000000
v -44.079428 -2.535651 68.153579
vt 0.291667 0.000000
vn 0.000000 0.000000 -1.000000
v -52.895315 -2.511256 68.153579
vt 0.250000 0.000000
vn 0.000000 0.000000 -1.000000
f 5746/5746/5746 5747/5747/5747 5748/5748/5748
v -44.079428 4.584872 68.153579
vt 0.291667 1.000000
vn 0.000000 0.000000 -1.000000
v -35.263545 4.578719 68.153579
vt 0.333333 1.000000
vn 0.000000 0.000000 -1.000000
v -35.263545 -2.541804 68.153579
vt 0.333333 0.000000
vn 0.000000 0.000000 -1.000000
f 5749/5749/5749 5750/5750/5750 5751/5751/5751
v -44.079428 4.584872 68.153579
vt 0.291667 1.000000
vn 0.000000 0.000000 -1.000000
v -35.263545 -2.541804 68.153579
vt 0.333333 0.000000
vn 0.000000 0.000000 -1.000000
v -44.079428 -2.535651 68.153579
vt 0.291667 0.000000
vn 0.000000 0.000000 -1.000000
f 5752/5752/5752 5753/5753/5753 5754/5754/5754
v -35.263545 4.578719 68.153579
vt 0.333333 1.000000
vn 0.000000 0.000000 -1.000000
v -26.447657 4.577603 68.153579
vt 0.375000 1.000000
vn 0.000000 0.000000 -1.000000
v -26.447657 -2.542920 68.153579
vt 0.375000 0.000000
vn 0.000000 0.000000 -1.000000
f 5755/5755/5755 5756/5756/5756 5757/5757/5757
v -35.263545 4.578719 68.153579
vt 0.333333 1.000000
vn 0.000000 0.000000 -1.000000
v -26.447657 -2.542920 68.153579
vt 0.375000 0.000000
vn 0.000000 0.000000 -1.000000
v -35.263545 -2.541804 68.153579
vt 0.333333 0.000000
vn 0.000000 0.000000 -1.000000
f 5758/5758/5758 5759/5759/5759 5760/5760/5760
v -26.447657 4.577603 68.153579
vt 0.375000 1.000000
vn 0.000000 0.000000 -1.000000
v -17.631772 4.577484 68.153579
vt 0.416667 1.000000
vn 0.000000 0.000000 -1.000000
v -17.631772 -2.543039 68.153579
vt 0.416667 0.000000
vn 0.000000 0.000000 -1.000000
f 5761/5761/5761 5762/5762/5762 5763/5763/5763
v -26.447657 4.577603 68.153579
vt 0.375000 1.000000
vn 0.000000 0.000000 -1.000000
v -17.631772 -2.543039 68.153579
vt 0.416667 0.000000
vn 0.000000 0.000000 -1.000000
v -26.447657 -2.542920 68.153579
vt 0.375000 0.000000
vn 0.000000 0.000000 -1.000000
f 5764/5764/5764 5765/5765/5765 5766/5766/5766
v -17.631772 4.577484 68.153579
vt 0.416667 1.000000
vn 0.000000 0.000000 -1.000000
v -8.815886 4.577479 68.153579
vt 0.458333 1.000000
vn 0.000000 0.000000 -1.000000
v -8.815886 -2.543044 68.153579
vt 0.458333 0.000000
vn 0.000000 0.000000 -1.000000
f 5767/5767/5767 5768/5768/5768 5769/5769/5769
v -17.631772 4.577484 68.153579
vt 0.416667 1.000000
vn 0.000000 0.000000 -1.000000
v -8.815886 -2.543044 68.153579
vt 0.458333 0.000000
vn 0.000000 0.000000 -1.000000
v -17.631772 -2.543039 68.153579
vt 0.416667 0.000000
vn 0.000000 0.000000 -1.000000
f 5770/5770/5770 5771/5771/5771 5772/5772/5772
v -8.815886 4.577479 68.153579
vt 0.458333 1.000000
vn 0.000000 0.000000 -1.000000
v 0.000000 4.577479 68.153579
vt 0.500000 1.000000
vn 0.000000 0.000000 -1.000000
v 0.000000 -2.543044 68.153579
vt 0.500000 0.000000
vn 0.000000 0.000000 -1.000000
f 5773/5773/5773 5774/5774/5774 5775/5775/5775
v -8.815886 4.577479 68.153579
vt 0.458333 1.000000
vn 0.000000 0.000000 -1.000000
v 0.000000 -2.543044 68.153579
vt 0.500000 0.000000
vn 0.000000 0.000000 -1.000000
v -8.815886 -2.543044 68.153579
vt 0.458333 0.000000
vn 0.000000 0.000000 -1.000000
f 5776/5776/5776 5777/5777/5777 5778/5778/5778
v 0.000000 4.577479 68.153579
vt 0.500000 1.000000
vn 0.000000 0.000000 -1.000000
v 8.815886 4.577479 68.153579
vt 0.541667 1.000000
vn 0.000000 0.000000 -1.000000
v 8.815886 -2.543044 68.153579
vt 0.541667 0.000000
vn 0.000000 0.000000 -1.000000
f 5779/5779/5779 5780/5780/5780 5781/5781/5781
v 0.000000 4.577479 68.153579
vt 0.500000 1.000000
vn 0.000000 0.000000 -1.000000
v 8.815886 -2.543044 68.153579
vt 0.541667 0.000000
vn 0.000000 0.000000 -1.000000
v 0.000000 -2.543044 68.153579
vt 0.500000 0.000000
vn 0.000000 0.000000 -1.000000
f 5782/5782/5782 5783/5783/5783 5784/5784/5784
v 8.815886 4.577479 68.153579
vt 0.541667 1.000000
vn 0.000000 0.000000 -1.000000
v 17.631772 4.577484 68.153579
vt 0.583333 1.000000
vn 0.000000 0.000000 -1.000000
v 17.631772 -2.543039 68.153579
vt 0.583333 0.000000
vn 0.000000 0.000000 -1.000000
f 5785/5785/5785 5786/5786/5786 5787/5787/5787
v 8.815886 4.577479 68.153579
vt 0.541667 1.000000
vn 0.000000 0.000000 -1.000000
v 17.631772 -2.543039 68.153579
vt 0.583333 0.000000
vn 0.000000 0.000000 -1.000000
v 8.815886 -2.543044 68.153579
vt 0.541667 0.000000
vn 0.000000 0.000000 -1.000000
f 5788/5788/5788 5789/5789/5789 5790/5790/5790
v 17.631772 4.577484 68.153579
vt 0.583333 1.000000
vn 0.000000 0.000000 -1.000000
v 26.447657 4.577603 68.153579
vt 0.625000 1.000000
vn 0.000000 0.000000 -1.000000
v 26.447657 -2.542920 68.153579
vt 0.625000 0.000000
vn 0.000000 0.000000 -1.000000
f 5791/5791/5791 5792/5792/5792 5793/5793/5793
v 17.631772 4.577484 68.153579
vt 0.583333 1.000000
vn 0.000000 0.000000 -1.000000
v 26.447657 -2.542920 68.153579
vt 0.625000 0.000000
vn 0.000000 0.000000 -1.000000
v 17.631772 -2.543039 68.153579
vt 0.583333 0.000000
vn 0.000000 0.000000 -1.000000
f 5794/5794/5794 5795/5795/5795 5796/5796/5796
v 26.447657 4.577603 68.153579
vt 0.625000 1.000000
vn 0.000000 0.000000 -1.000000
v 35.263545 4.578719 68.153579
vt 0.666667 1.000000
vn 0.000000 0.000000 -1.000000
v 35.263545 -2.541804 68.153579
vt 0.666667 0.000000
vn 0.000000 0.000000 -1.000000
f 5797/5797/5797 5798/5798/5798 5799/5799/5799
v 26.447657 4.577603 68.153579
vt 0.625000 1.000000
vn 0.000000 0.000000 -1.000000
v 35.263545 -2.541804 68.153579
vt 0.666667 0.000000
vn 0.000000 0.000000 -1.000000
v 26.447657 -2.542920 68.153579
vt 0.625000 0.000000
vn 0.000000 0.000000 -1.000000
f 5800/5800/5800 5801/5801/5801 5802/5802/5802
v 35.263545 4.578719 68.153579
vt 0.666667 1.000000
vn 0.000000 0.000000 -1.000000
v 44.079428 4.584872 68.153579
vt 0.708333 1.000000
vn 0.000000 0.000000 -1.000000
v 44.079428 -2.535651 68.153579
vt 0.708333 0.000000
vn 0.000000 0.000000 -1.000000
f 5803/5803/5803 5804/5804/5804 5805/5805/5805
v 35.263545 4.578719 68.153579
vt 0.666667 1.000000
vn 0.000000 0.000000 -1.000000
v 44.079428 -2.535651 68.153579
vt 0.708333 0.000000
vn 0.000000 0.000000 -1.000000
v 35.263545 -2.541804 68.153579
vt 0.666667 0.000000
vn 0.000000 0.000000 -1.000000
f 5806/5806/5806 5807/5807/5807 5808/5808/5808
v 44.079428 4.584872 68.153579
vt 0.708333 1.000000
vn 0.000000 0.000000 -1.000000
v 52.895315 4.609267 68.153579
vt 0.750000 1.000000
vn 0.000000 0.000000 -1.000000
v 52.895315 -2.511256 68.153579
vt 0.750000 0.000000
vn 0.000000 0.000000 -1.000000
f 5809/5809/5809 5810/5810/5810 5811/5811/5811
v 44.079428 4.584872 68.153579
vt 0.708333 1.000000
vn 0.000000 0.000000 -1.000000
v 52.895315 -2.511256 68.153579
vt 0.750000 0.000000
vn 0.000000 0.000000 -1.000000
v 44.079428 -2.535651 68.153579
vt 0.708333 0.000000
vn 0.000000 0.000000 -1.000000
f 5812/5812/5812 5813/5813/5813 5814/5814/5814
v 52.895315 4.609267 68.153579
vt 0.750000 1.000000
vn 0.000000 0.000000 -1.000000
v 61.711202 4.686583 68.153579
vt 0.791667 1.000000
vn 0.000000 0.000000 -1.000000
v 61.711202 -2.433940 68.153579
vt 0.791667 0.000000
vn 0.000000 0.000000 -1.000000
f 5815/5815/5815 5816/5816/5816 5817/5817/5817
v 52.895315 4.609267 68.153579
vt 0.750000 1.000000
vn 0.000000 0.000000 -1.000000
v 61.711202 -2.433940 68.153579
vt 0.791667 0.000000
vn 0.000000 0.000000 -1.000000
v 52.895315 -2.511256 68.153579
vt 0.750000 0.000000
vn 0.000000 0.000000 -1.000000
f 5818/5818/5818 5819/5819/5819 5820/5820/5820
v 61.711202 4.686583 68.153579
vt 0.791667 1.000000
vn 0.000000 0.000000 -1.000000
v 70.527089 4.895001 68.153579
vt 0.833333 1.000000
vn 0.000000 0.000000 -1.000000
v 70.527089 -2.225522 68.153579
vt 0.833333 0.000000
vn 0.000000 0.000000 -1.000000
f 5821/5821/5821 5822/5822/5822 5823/5823/5823
v 61.711202 4.686583 68.153579
vt 0.791667 1.000000
vn 0.000000 0.000000 -1.000000
v 70.527089 -2.225522 68.153579
vt 0.833333 0.000000
vn 0.000000 0.000000 -1.000000
v 61.711202 -2.433940 68.153579
vt 0.791667 0.000000
vn 0.000000 0.000000 -1.000000
f 5824/5824/5824 5825/5825/5825 5826/5826/5826
v 70.527089 4.895001 68.153579
vt 0.833333 1.000000
vn 0.000000 0.000000 -1.000000
v 79.342972 5.392172 68.153579
vt 0.875000 1.000000
vn 0.000000 0.000000 -1.000000
v 79.342972 -1.728351 68.153579
vt 0.875000 0.000000
vn 0.000000 0.000000 -1.000000
f 5827/5827/5827 5828/5828/5828 5829/5829/5829
v 70.527089 4.895001 68.153579
vt 0.833333 1.000000
vn 0.000000 0.000000 -1.000000
v 79.342972 -1.728351 68.153579
vt 0.875000 0.000000
vn 0.000000 0.000000 -1.000000
v 70.527089 -2.225522 68.153579
vt 0.833333 0.000000
vn 0.000000 0.000000 -1.000000
f 5830/5830/5830 5831/5831/5831 5832/5832/5832
v 79.342972 5.392172 68.153579
vt 0.875000 1.000000
vn 0.000000 0.000000 -1.000000
v 88.158855 6.470057 68.153579
vt 0.916667 1.000000
vn 0.000000 0.000000 -1.000000
v 88.158855 -0.650466 68.153579
vt 0.916667 0.000000
vn 0.000000 0.000000 -1.000000
f 5833/5833/5833 5834/5834/5834 5835/5835/5835
v 79.342972 5.392172 68.153579
vt 0.875000 1.000000
vn 0.000000 0.000000 -1.000000
v 88.158855 -0.650466 68.153579
vt 0.916667 0.000000
vn 0.000000 0.000000 -1.000000
v 79.342972 -1.728351 68.153579
vt 0.875000 0.000000
vn 0.000000 0.000000 -1.000000
f 5836/5836/5836 5837/5837/5837 5838/5838/5838
v 88.158855 6.470057 68.153579
vt 0.916667 1.000000
vn 0.000000 0.000000 -1.000000
v 96.974746 8.634389 68.153579
vt 0.958333 1.000000
vn 0.000000 0.000000 -1.000000
v 96.974746 1.513866 68.153579
vt 0.958333 0.000000
vn 0.000000 0.000000 -1.000000
f 5839/5839/5839 5840/5840/5840 5841/5841/5841
v 88.158855 6.470057 68.153579
vt 0.916667 1.000000
vn 0.000000 0.000000 -1.000000
v 96.974746 1.513866 68.153579
vt 0.958333 0.000000
vn 0.000000 0.000000 -1.000000
v 88.158855 -0.650466 68.153579
vt 0.916667 0.000000
vn 0.000000 0.000000 -1.000000
f 5842/5842/5842 5843/5843/5843 5844/5844/5844
v 96.974746 8.634389 68.153579
vt 0.958333 1.000000
vn 0.000000 0.000000 -1.000000
v 105.790630 12.715220 68.153579
vt 1.000000 1.000000
vn 0.000000 0.000000 -1.000000
v 105.790630 5.594697 68.153579
vt 1.000000 0.000000
vn 0.000000 0.000000 -1.000000
f 5845/5845/5845 5846/5846/5846 5847/5847/5847
v 96.974746 8.634389 68.153579
vt 0.958333 1.000000
vn 0.000000 0.000000 -1.000000
v 105.790630 5.594697 68.153579
vt 1.000000 0.000000
vn 0.000000 0.000000 -1.000000
v 96.974746 1.513866 68.153579
vt 0.958333 0.000000
vn 0.000000 0.000000 -1.000000
f 5848/5848/5848 5849/5849/5849 5850/5850/5850
o Painted_fascia_/_back
usemtl Painted fascia
v -105.790630 12.715220 -68.153579
vt 0.000000 1.000000
vn 0.000000 0.000000 -1.000000
v -96.974746 8.634389 -68.153579
vt 0.041667 1.000000
vn 0.000000 0.000000 -1.000000
v -96.974746 1.513866 -68.153579
vt 0.041667 0.000000
vn 0.000000 0.000000 -1.000000
f 5851/5851/5851 5852/5852/5852 5853/5853/5853
v -105.790630 12.715220 -68.153579
vt 0.000000 1.000000
vn 0.000000 0.000000 -1.000000
v -96.974746 1.513866 -68.153579
vt 0.041667 0.000000
vn 0.000000 0.000000 -1.000000
v -105.790630 5.594697 -68.153579
vt 0.000000 0.000000
vn 0.000000 0.000000 -1.000000
f 5854/5854/5854 5855/5855/5855 5856/5856/5856
v -96.974746 8.634389 -68.153579
vt 0.041667 1.000000
vn 0.000000 0.000000 -1.000000
v -88.158855 6.470057 -68.153579
vt 0.083333 1.000000
vn 0.000000 0.000000 -1.000000
v -88.158855 -0.650466 -68.153579
vt 0.083333 0.000000
vn 0.000000 0.000000 -1.000000
f 5857/5857/5857 5858/5858/5858 5859/5859/5859
v -96.974746 8.634389 -68.153579
vt 0.041667 1.000000
vn 0.000000 0.000000 -1.000000
v -88.158855 -0.650466 -68.153579
vt 0.083333 0.000000
vn 0.000000 0.000000 -1.000000
v -96.974746 1.513866 -68.153579
vt 0.041667 0.000000
vn 0.000000 0.000000 -1.000000
f 5860/5860/5860 5861/5861/5861 5862/5862/5862
v -88.158855 6.470057 -68.153579
vt 0.083333 1.000000
vn 0.000000 0.000000 -1.000000
v -79.342972 5.392172 -68.153579
vt 0.125000 1.000000
vn 0.000000 0.000000 -1.000000
v -79.342972 -1.728351 -68.153579
vt 0.125000 0.000000
vn 0.000000 0.000000 -1.000000
f 5863/5863/5863 5864/5864/5864 5865/5865/5865
v -88.158855 6.470057 -68.153579
vt 0.083333 1.000000
vn 0.000000 0.000000 -1.000000
v -79.342972 -1.728351 -68.153579
vt 0.125000 0.000000
vn 0.000000 0.000000 -1.000000
v -88.158855 -0.650466 -68.153579
vt 0.083333 0.000000
vn 0.000000 0.000000 -1.000000
f 5866/5866/5866 5867/5867/5867 5868/5868/5868
v -79.342972 5.392172 -68.153579
vt 0.125000 1.000000
vn 0.000000 0.000000 -1.000000
v -70.527089 4.895001 -68.153579
vt 0.166667 1.000000
vn 0.000000 0.000000 -1.000000
v -70.527089 -2.225522 -68.153579
vt 0.166667 0.000000
vn 0.000000 0.000000 -1.000000
f 5869/5869/5869 5870/5870/5870 5871/5871/5871
v -79.342972 5.392172 -68.153579
vt 0.125000 1.000000
vn 0.000000 0.000000 -1.000000
v -70.527089 -2.225522 -68.153579
vt 0.166667 0.000000
vn 0.000000 0.000000 -1.000000
v -79.342972 -1.728351 -68.153579
vt 0.125000 0.000000
vn 0.000000 0.000000 -1.000000
f 5872/5872/5872 5873/5873/5873 5874/5874/5874
v -70.527089 4.895001 -68.153579
vt 0.166667 1.000000
vn 0.000000 0.000000 -1.000000
v -61.711202 4.686583 -68.153579
vt 0.208333 1.000000
vn 0.000000 0.000000 -1.000000
v -61.711202 -2.433940 -68.153579
vt 0.208333 0.000000
vn 0.000000 0.000000 -1.000000
f 5875/5875/5875 5876/5876/5876 5877/5877/5877
v -70.527089 4.895001 -68.153579
vt 0.166667 1.000000
vn 0.000000 0.000000 -1.000000
v -61.711202 -2.433940 -68.153579
vt 0.208333 0.000000
vn 0.000000 0.000000 -1.000000
v -70.527089 -2.225522 -68.153579
vt 0.166667 0.000000
vn 0.000000 0.000000 -1.000000
f 5878/5878/5878 5879/5879/5879 5880/5880/5880
v -61.711202 4.686583 -68.153579
vt 0.208333 1.000000
vn 0.000000 0.000000 -1.000000
v -52.895315 4.609267 -68.153579
vt 0.250000 1.000000
vn 0.000000 0.000000 -1.000000
v -52.895315 -2.511256 -68.153579
vt 0.250000 0.000000
vn 0.000000 0.000000 -1.000000
f 5881/5881/5881 5882/5882/5882 5883/5883/5883
v -61.711202 4.686583 -68.153579
vt 0.208333 1.000000
vn 0.000000 0.000000 -1.000000
v -52.895315 -2.511256 -68.153579
vt 0.250000 0.000000
vn 0.000000 0.000000 -1.000000
v -61.711202 -2.433940 -68.153579
vt 0.208333 0.000000
vn 0.000000 0.000000 -1.000000
f 5884/5884/5884 5885/5885/5885 5886/5886/5886
v -52.895315 4.609267 -68.153579
vt 0.250000 1.000000
vn 0.000000 0.000000 -1.000000
v -44.079428 4.584872 -68.153579
vt 0.291667 1.000000
vn 0.000000 0.000000 -1.000000
v -44.079428 -2.535651 -68.153579
vt 0.291667 0.000000
vn 0.000000 0.000000 -1.000000
f 5887/5887/5887 5888/5888/5888 5889/5889/5889
v -52.895315 4.609267 -68.153579
vt 0.250000 1.000000
vn 0.000000 0.000000 -1.000000
v -44.079428 -2.535651 -68.153579
vt 0.291667 0.000000
vn 0.000000 0.000000 -1.000000
v -52.895315 -2.511256 -68.153579
vt 0.250000 0.000000
vn 0.000000 0.000000 -1.000000
f 5890/5890/5890 5891/5891/5891 5892/5892/5892
v -44.079428 4.584872 -68.153579
vt 0.291667 1.000000
vn 0.000000 0.000000 -1.000000
v -35.263545 4.578719 -68.153579
vt 0.333333 1.000000
vn 0.000000 0.000000 -1.000000
v -35.263545 -2.541804 -68.153579
vt 0.333333 0.000000
vn 0.000000 0.000000 -1.000000
f 5893/5893/5893 5894/5894/5894 5895/5895/5895
v -44.079428 4.584872 -68.153579
vt 0.291667 1.000000
vn 0.000000 0.000000 -1.000000
v -35.263545 -2.541804 -68.153579
vt 0.333333 0.000000
vn 0.000000 0.000000 -1.000000
v -44.079428 -2.535651 -68.153579
vt 0.291667 0.000000
vn 0.000000 0.000000 -1.000000
f 5896/5896/5896 5897/5897/5897 5898/5898/5898
v -35.263545 4.578719 -68.153579
vt 0.333333 1.000000
vn 0.000000 0.000000 -1.000000
v -26.447657 4.577603 -68.153579
vt 0.375000 1.000000
vn 0.000000 0.000000 -1.000000
v -26.447657 -2.542920 -68.153579
vt 0.375000 0.000000
vn 0.000000 0.000000 -1.000000
f 5899/5899/5899 5900/5900/5900 5901/5901/5901
v -35.263545 4.578719 -68.153579
vt 0.333333 1.000000
vn 0.000000 0.000000 -1.000000
v -26.447657 -2.542920 -68.153579
vt 0.375000 0.000000
vn 0.000000 0.000000 -1.000000
v -35.263545 -2.541804 -68.153579
vt 0.333333 0.000000
vn 0.000000 0.000000 -1.000000
f 5902/5902/5902 5903/5903/5903 5904/5904/5904
v -26.447657 4.577603 -68.153579
vt 0.375000 1.000000
vn 0.000000 0.000000 -1.000000
v -17.631772 4.577484 -68.153579
vt 0.416667 1.000000
vn 0.000000 0.000000 -1.000000
v -17.631772 -2.543039 -68.153579
vt 0.416667 0.000000
vn 0.000000 0.000000 -1.000000
f 5905/5905/5905 5906/5906/5906 5907/5907/5907
v -26.447657 4.577603 -68.153579
vt 0.375000 1.000000
vn 0.000000 0.000000 -1.000000
v -17.631772 -2.543039 -68.153579
vt 0.416667 0.000000
vn 0.000000 0.000000 -1.000000
v -26.447657 -2.542920 -68.153579
vt 0.375000 0.000000
vn 0.000000 0.000000 -1.000000
f 5908/5908/5908 5909/5909/5909 5910/5910/5910
v -17.631772 4.577484 -68.153579
vt 0.416667 1.000000
vn 0.000000 0.000000 -1.000000
v -8.815886 4.577479 -68.153579
vt 0.458333 1.000000
vn 0.000000 0.000000 -1.000000
v -8.815886 -2.543044 -68.153579
vt 0.458333 0.000000
vn 0.000000 0.000000 -1.000000
f 5911/5911/5911 5912/5912/5912 5913/5913/5913
v -17.631772 4.577484 -68.153579
vt 0.416667 1.000000
vn 0.000000 0.000000 -1.000000
v -8.815886 -2.543044 -68.153579
vt 0.458333 0.000000
vn 0.000000 0.000000 -1.000000
v -17.631772 -2.543039 -68.153579
vt 0.416667 0.000000
vn 0.000000 0.000000 -1.000000
f 5914/5914/5914 5915/5915/5915 5916/5916/5916
v -8.815886 4.577479 -68.153579
vt 0.458333 1.000000
vn 0.000000 0.000000 -1.000000
v 0.000000 4.577479 -68.153579
vt 0.500000 1.000000
vn 0.000000 0.000000 -1.000000
v 0.000000 -2.543044 -68.153579
vt 0.500000 0.000000
vn 0.000000 0.000000 -1.000000
f 5917/5917/5917 5918/5918/5918 5919/5919/5919
v -8.815886 4.577479 -68.153579
vt 0.458333 1.000000
vn 0.000000 0.000000 -1.000000
v 0.000000 -2.543044 -68.153579
vt 0.500000 0.000000
vn 0.000000 0.000000 -1.000000
v -8.815886 -2.543044 -68.153579
vt 0.458333 0.000000
vn 0.000000 0.000000 -1.000000
f 5920/5920/5920 5921/5921/5921 5922/5922/5922
v 0.000000 4.577479 -68.153579
vt 0.500000 1.000000
vn 0.000000 0.000000 -1.000000
v 8.815886 4.577479 -68.153579
vt 0.541667 1.000000
vn 0.000000 0.000000 -1.000000
v 8.815886 -2.543044 -68.153579
vt 0.541667 0.000000
vn 0.000000 0.000000 -1.000000
f 5923/5923/5923 5924/5924/5924 5925/5925/5925
v 0.000000 4.577479 -68.153579
vt 0.500000 1.000000
vn 0.000000 0.000000 -1.000000
v 8.815886 -2.543044 -68.153579
vt 0.541667 0.000000
vn 0.000000 0.000000 -1.000000
v 0.000000 -2.543044 -68.153579
vt 0.500000 0.000000
vn 0.000000 0.000000 -1.000000
f 5926/5926/5926 5927/5927/5927 5928/5928/5928
v 8.815886 4.577479 -68.153579
vt 0.541667 1.000000
vn 0.000000 0.000000 -1.000000
v 17.631772 4.577484 -68.153579
vt 0.583333 1.000000
vn 0.000000 0.000000 -1.000000
v 17.631772 -2.543039 -68.153579
vt 0.583333 0.000000
vn 0.000000 0.000000 -1.000000
f 5929/5929/5929 5930/5930/5930 5931/5931/5931
v 8.815886 4.577479 -68.153579
vt 0.541667 1.000000
vn 0.000000 0.000000 -1.000000
v 17.631772 -2.543039 -68.153579
vt 0.583333 0.000000
vn 0.000000 0.000000 -1.000000
v 8.815886 -2.543044 -68.153579
vt 0.541667 0.000000
vn 0.000000 0.000000 -1.000000
f 5932/5932/5932 5933/5933/5933 5934/5934/5934
v 17.631772 4.577484 -68.153579
vt 0.583333 1.000000
vn 0.000000 0.000000 -1.000000
v 26.447657 4.577603 -68.153579
vt 0.625000 1.000000
vn 0.000000 0.000000 -1.000000
v 26.447657 -2.542920 -68.153579
vt 0.625000 0.000000
vn 0.000000 0.000000 -1.000000
f 5935/5935/5935 5936/5936/5936 5937/5937/5937
v 17.631772 4.577484 -68.153579
vt 0.583333 1.000000
vn 0.000000 0.000000 -1.000000
v 26.447657 -2.542920 -68.153579
vt 0.625000 0.000000
vn 0.000000 0.000000 -1.000000
v 17.631772 -2.543039 -68.153579
vt 0.583333 0.000000
vn 0.000000 0.000000 -1.000000
f 5938/5938/5938 5939/5939/5939 5940/5940/5940
v 26.447657 4.577603 -68.153579
vt 0.625000 1.000000
vn 0.000000 0.000000 -1.000000
v 35.263545 4.578719 -68.153579
vt 0.666667 1.000000
vn 0.000000 0.000000 -1.000000
v 35.263545 -2.541804 -68.153579
vt 0.666667 0.000000
vn 0.000000 0.000000 -1.000000
f 5941/5941/5941 5942/5942/5942 5943/5943/5943
v 26.447657 4.577603 -68.153579
vt 0.625000 1.000000
vn 0.000000 0.000000 -1.000000
v 35.263545 -2.541804 -68.153579
vt 0.666667 0.000000
vn 0.000000 0.000000 -1.000000
v 26.447657 -2.542920 -68.153579
vt 0.625000 0.000000
vn 0.000000 0.000000 -1.000000
f 5944/5944/5944 5945/5945/5945 5946/5946/5946
v 35.263545 4.578719 -68.153579
vt 0.666667 1.000000
vn 0.000000 0.000000 -1.000000
v 44.079428 4.584872 -68.153579
vt 0.708333 1.000000
vn 0.000000 0.000000 -1.000000
v 44.079428 -2.535651 -68.153579
vt 0.708333 0.000000
vn 0.000000 0.000000 -1.000000
f 5947/5947/5947 5948/5948/5948 5949/5949/5949
v 35.263545 4.578719 -68.153579
vt 0.666667 1.000000
vn 0.000000 0.000000 -1.000000
v 44.079428 -2.535651 -68.153579
vt 0.708333 0.000000
vn 0.000000 0.000000 -1.000000
v 35.263545 -2.541804 -68.153579
vt 0.666667 0.000000
vn 0.000000 0.000000 -1.000000
f 5950/5950/5950 5951/5951/5951 5952/5952/5952
v 44.079428 4.584872 -68.153579
vt 0.708333 1.000000
vn 0.000000 0.000000 -1.000000
v 52.895315 4.609267 -68.153579
vt 0.750000 1.000000
vn 0.000000 0.000000 -1.000000
v 52.895315 -2.511256 -68.153579
vt 0.750000 0.000000
vn 0.000000 0.000000 -1.000000
f 5953/5953/5953 5954/5954/5954 5955/5955/5955
v 44.079428 4.584872 -68.153579
vt 0.708333 1.000000
vn 0.000000 0.000000 -1.000000
v 52.895315 -2.511256 -68.153579
vt 0.750000 0.000000
vn 0.000000 0.000000 -1.000000
v 44.079428 -2.535651 -68.153579
vt 0.708333 0.000000
vn 0.000000 0.000000 -1.000000
f 5956/5956/5956 5957/5957/5957 5958/5958/5958
v 52.895315 4.609267 -68.153579
vt 0.750000 1.000000
vn 0.000000 0.000000 -1.000000
v 61.711202 4.686583 -68.153579
vt 0.791667 1.000000
vn 0.000000 0.000000 -1.000000
v 61.711202 -2.433940 -68.153579
vt 0.791667 0.000000
vn 0.000000 0.000000 -1.000000
f 5959/5959/5959 5960/5960/5960 5961/5961/5961
v 52.895315 4.609267 -68.153579
vt 0.750000 1.000000
vn 0.000000 0.000000 -1.000000
v 61.711202 -2.433940 -68.153579
vt 0.791667 0.000000
vn 0.000000 0.000000 -1.000000
v 52.895315 -2.511256 -68.153579
vt 0.750000 0.000000
vn 0.000000 0.000000 -1.000000
f 5962/5962/5962 5963/5963/5963 5964/5964/5964
v 61.711202 4.686583 -68.153579
vt 0.791667 1.000000
vn 0.000000 0.000000 -1.000000
v 70.527089 4.895001 -68.153579
vt 0.833333 1.000000
vn 0.000000 0.000000 -1.000000
v 70.527089 -2.225522 -68.153579
vt 0.833333 0.000000
vn 0.000000 0.000000 -1.000000
f 5965/5965/5965 5966/5966/5966 5967/5967/5967
v 61.711202 4.686583 -68.153579
vt 0.791667 1.000000
vn 0.000000 0.000000 -1.000000
v 70.527089 -2.225522 -68.153579
vt 0.833333 0.000000
vn 0.000000 0.000000 -1.000000
v 61.711202 -2.433940 -68.153579
vt 0.791667 0.000000
vn 0.000000 0.000000 -1.000000
f 5968/5968/5968 5969/5969/5969 5970/5970/5970
v 70.527089 4.895001 -68.153579
vt 0.833333 1.000000
vn 0.000000 0.000000 -1.000000
v 79.342972 5.392172 -68.153579
vt 0.875000 1.000000
vn 0.000000 0.000000 -1.000000
v 79.342972 -1.728351 -68.153579
vt 0.875000 0.000000
vn 0.000000 0.000000 -1.000000
f 5971/5971/5971 5972/5972/5972 5973/5973/5973
v 70.527089 4.895001 -68.153579
vt 0.833333 1.000000
vn 0.000000 0.000000 -1.000000
v 79.342972 -1.728351 -68.153579
vt 0.875000 0.000000
vn 0.000000 0.000000 -1.000000
v 70.527089 -2.225522 -68.153579
vt 0.833333 0.000000
vn 0.000000 0.000000 -1.000000
f 5974/5974/5974 5975/5975/5975 5976/5976/5976
v 79.342972 5.392172 -68.153579
vt 0.875000 1.000000
vn 0.000000 0.000000 -1.000000
v 88.158855 6.470057 -68.153579
vt 0.916667 1.000000
vn 0.000000 0.000000 -1.000000
v 88.158855 -0.650466 -68.153579
vt 0.916667 0.000000
vn 0.000000 0.000000 -1.000000
f 5977/5977/5977 5978/5978/5978 5979/5979/5979
v 79.342972 5.392172 -68.153579
vt 0.875000 1.000000
vn 0.000000 0.000000 -1.000000
v 88.158855 -0.650466 -68.153579
vt 0.916667 0.000000
vn 0.000000 0.000000 -1.000000
v 79.342972 -1.728351 -68.153579
vt 0.875000 0.000000
vn 0.000000 0.000000 -1.000000
f 5980/5980/5980 5981/5981/5981 5982/5982/5982
v 88.158855 6.470057 -68.153579
vt 0.916667 1.000000
vn 0.000000 0.000000 -1.000000
v 96.974746 8.634389 -68.153579
vt 0.958333 1.000000
vn 0.000000 0.000000 -1.000000
v 96.974746 1.513866 -68.153579
vt 0.958333 0.000000
vn 0.000000 0.000000 -1.000000
f 5983/5983/5983 5984/5984/5984 5985/5985/5985
v 88.158855 6.470057 -68.153579
vt 0.916667 1.000000
vn 0.000000 0.000000 -1.000000
v 96.974746 1.513866 -68.153579
vt 0.958333 0.000000
vn 0.000000 0.000000 -1.000000
v 88.158855 -0.650466 -68.153579
vt 0.916667 0.000000
vn 0.000000 0.000000 -1.000000
f 5986/5986/5986 5987/5987/5987 5988/5988/5988
v 96.974746 8.634389 -68.153579
vt 0.958333 1.000000
vn 0.000000 0.000000 -1.000000
v 105.790630 12.715220 -68.153579
vt 1.000000 1.000000
vn 0.000000 0.000000 -1.000000
v 105.790630 5.594697 -68.153579
vt 1.000000 0.000000
vn 0.000000 0.000000 -1.000000
f 5989/5989/5989 5990/5990/5990 5991/5991/5991
v 96.974746 8.634389 -68.153579
vt 0.958333 1.000000
vn 0.000000 0.000000 -1.000000
v 105.790630 5.594697 -68.153579
vt 1.000000 0.000000
vn 0.000000 0.000000 -1.000000
v 96.974746 1.513866 -68.153579
vt 0.958333 0.000000
vn 0.000000 0.000000 -1.000000
f 5992/5992/5992 5993/5993/5993 5994/5994/5994
o Glazed_hip_ridge_(1,_1)
usemtl Photographed tiles
v 54.341772 50.047106 1.122625
vt 0.000000 0.000000
vn -0.888665 -0.372514 -0.267410
v 54.267133 51.228363 -0.274370
vt 0.000000 0.166667
vn -0.888665 -0.372514 -0.267410
v 60.595489 41.984486 -8.428207
vt 0.111111 0.166667
vn -0.888665 -0.372514 -0.267410
f 5995/5995/5995 5996/5996/5996 5997/5997/5997
v 54.341772 50.047106 1.122625
vt 0.000000 0.000000
vn -0.888665 -0.372514 -0.267410
v 60.595489 41.984486 -8.428207
vt 0.111111 0.166667
vn -0.888665 -0.372514 -0.267410
v 60.689211 40.776074 -7.055804
vt 0.111111 0.000000
vn -0.888665 -0.372514 -0.267410
f 5998/5998/5998 5999/5999/5999 6000/6000/6000
v 54.267133 51.228363 -0.274370
vt 0.000000 0.166667
vn -0.409046 -0.744924 0.527040
v 52.820676 51.228363 -1.396995
vt 0.000000 0.333333
vn -0.409046 -0.744924 0.527040
v 59.149028 41.984486 -9.550832
vt 0.111111 0.333333
vn -0.409046 -0.744924 0.527040
f 6001/6001/6001 6002/6002/6002 6003/6003/6003
v 54.267133 51.228363 -0.274370
vt 0.000000 0.166667
vn -0.409046 -0.744924 0.527040
v 59.149028 41.984486 -9.550832
vt 0.111111 0.333333
vn -0.409046 -0.744924 0.527040
v 60.595489 41.984486 -8.428207
vt 0.111111 0.166667
vn -0.409046 -0.744924 0.527040
f 6004/6004/6004 6005/6005/6005 6006/6006/6006
v 52.820676 51.228363 -1.396995
vt 0.000000 0.333333
vn 0.479577 -0.372515 0.794505
v 51.448858 50.047106 -1.122625
vt 0.000000 0.500000
vn 0.479577 -0.372515 0.794505
v 57.796297 40.776074 -9.301055
vt 0.111111 0.500000
vn 0.479577 -0.372515 0.794505
f 6007/6007/6007 6008/6008/6008 6009/6009/6009
v 52.820676 51.228363 -1.396995
vt 0.000000 0.333333
vn 0.479577 -0.372515 0.794505
v 57.796297 40.776074 -9.301055
vt 0.111111 0.500000
vn 0.479577 -0.372515 0.794505
v 59.149028 41.984486 -9.550832
vt 0.111111 0.333333
vn 0.479577 -0.372515 0.794505
f 6010/6010/6010 6011/6011/6011 6012/6012/6012
v 51.448858 50.047106 -1.122625
vt 0.000000 0.500000
vn 0.888655 0.372528 0.267423
v 51.523497 48.865850 0.274370
vt 0.000000 0.666667
vn 0.888655 0.372528 0.267423
v 57.890020 39.567663 -7.928651
vt 0.111111 0.666667
vn 0.888655 0.372528 0.267423
f 6013/6013/6013 6014/6014/6014 6015/6015/6015
v 51.448858 50.047106 -1.122625
vt 0.000000 0.500000
vn 0.888655 0.372528 0.267423
v 57.890020 39.567663 -7.928651
vt 0.111111 0.666667
vn 0.888655 0.372528 0.267423
v 57.796297 40.776074 -9.301055
vt 0.111111 0.500000
vn 0.888655 0.372528 0.267423
f 6016/6016/6016 6017/6017/6017 6018/6018/6018
v 51.523497 48.865850 0.274370
vt 0.000000 0.666667
vn 0.409010 0.744976 -0.526994
v 52.969954 48.865850 1.396995
vt 0.000000 0.833333
vn 0.409010 0.744976 -0.526994
v 59.336481 39.567663 -6.806026
vt 0.111111 0.833333
vn 0.409010 0.744976 -0.526994
f 6019/6019/6019 6020/6020/6020 6021/6021/6021
v 51.523497 48.865850 0.274370
vt 0.000000 0.666667
vn 0.409010 0.744976 -0.526994
v 59.336481 39.567663 -6.806026
vt 0.111111 0.833333
vn 0.409010 0.744976 -0.526994
v 57.890020 39.567663 -7.928651
vt 0.111111 0.666667
vn 0.409010 0.744976 -0.526994
f 6022/6022/6022 6023/6023/6023 6024/6024/6024
v 52.969954 48.865850 1.396995
vt 0.000000 0.833333
vn -0.479582 0.372528 -0.794496
v 54.341772 50.047106 1.122625
vt 0.000000 1.000000
vn -0.479582 0.372528 -0.794496
v 60.689211 40.776074 -7.055804
vt 0.111111 1.000000
vn -0.479582 0.372528 -0.794496
f 6025/6025/6025 6026/6026/6026 6027/6027/6027
v 52.969954 48.865850 1.396995
vt 0.000000 0.833333
vn -0.479582 0.372528 -0.794496
v 60.689211 40.776074 -7.055804
vt 0.111111 1.000000
vn -0.479582 0.372528 -0.794496
v 59.336481 39.567663 -6.806026
vt 0.111111 0.833333
vn -0.479582 0.372528 -0.794496
f 6028/6028/6028 6029/6029/6029 6030/6030/6030
v 60.689211 40.776074 -7.055804
vt 0.111111 0.000000
vn -0.876705 -0.389193 -0.282696
v 60.595489 41.984486 -8.428207
vt 0.111111 0.166667
vn -0.876705 -0.389193 -0.282696
v 67.423618 32.993206 -17.225992
vt 0.222222 0.166667
vn -0.876705 -0.389193 -0.282696
f 6031/6031/6031 6032/6032/6032 6033/6033/6033
v 60.689211 40.776074 -7.055804
vt 0.111111 0.000000
vn -0.876705 -0.389193 -0.282696
v 67.423618 32.993206 -17.225992
vt 0.222222 0.166667
vn -0.876705 -0.389193 -0.282696
v 67.565601 31.722107 -15.915770
vt 0.222222 0.000000
vn -0.876705 -0.389193 -0.282696
f 6034/6034/6034 6035/6035/6035 6036/6036/6036
v 60.595489 41.984486 -8.428207
vt 0.111111 0.166667
vn -0.385153 -0.778067 0.496255
v 59.149028 41.984486 -9.550832
vt 0.111111 0.333333
vn -0.385153 -0.778067 0.496255
v 65.977161 32.993206 -18.348616
vt 0.222222 0.333333
vn -0.385153 -0.778067 0.496255
f 6037/6037/6037 6038/6038/6038 6039/6039/6039
v 60.595489 41.984486 -8.428207
vt 0.111111 0.166667
vn -0.385153 -0.778067 0.496255
v 65.977161 32.993206 -18.348616
vt 0.222222 0.333333
vn -0.385153 -0.778067 0.496255
v 67.423618 32.993206 -17.225992
vt 0.222222 0.166667
vn -0.385153 -0.778067 0.496255
f 6040/6040/6040 6041/6041/6041 6042/6042/6042
v 59.149028 41.984486 -9.550832
vt 0.111111 0.333333
vn 0.491411 -0.389194 0.779130
v 57.796297 40.776074 -9.301055
vt 0.111111 0.500000
vn 0.491411 -0.389194 0.779130
v 64.672686 31.722107 -18.161019
vt 0.222222 0.500000
vn 0.491411 -0.389194 0.779130
f 6043/6043/6043 6044/6044/6044 6045/6045/6045
v 59.149028 41.984486 -9.550832
vt 0.111111 0.333333
vn 0.491411 -0.389194 0.779130
v 64.672686 31.722107 -18.161019
vt 0.222222 0.500000
vn 0.491411 -0.389194 0.779130
v 65.977161 32.993206 -18.348616
vt 0.222222 0.333333
vn 0.491411 -0.389194 0.779130
f 6046/6046/6046 6047/6047/6047 6048/6048/6048
v 57.796297 40.776074 -9.301055
vt 0.111111 0.500000
vn 0.876694 0.389208 0.282710
v 57.890020 39.567663 -7.928651
vt 0.111111 0.666667
vn 0.876694 0.389208 0.282710
v 64.814669 30.451010 -16.850798
vt 0.222222 0.666667
vn 0.876694 0.389208 0.282710
f 6049/6049/6049 6050/6050/6050 6051/6051/6051
v 57.796297 40.776074 -9.301055
vt 0.111111 0.500000
vn 0.876694 0.389208 0.282710
v 64.814669 30.451010 -16.850798
vt 0.222222 0.666667
vn 0.876694 0.389208 0.282710
v 64.672686 31.722107 -18.161019
vt 0.222222 0.500000
vn 0.876694 0.389208 0.282710
f 6052/6052/6052 6053/6053/6053 6054/6054/6054
v 57.890020 39.567663 -7.928651
vt 0.111111 0.666667
vn 0.385109 0.778124 -0.496199
v 59.336481 39.567663 -6.806026
vt 0.111111 0.833333
vn 0.385109 0.778124 -0.496199
v 66.261127 30.451010 -15.728173
vt 0.222222 0.833333
vn 0.385109 0.778124 -0.496199
f 6055/6055/6055 6056/6056/6056 6057/6057/6057
v 57.890020 39.567663 -7.928651
vt 0.111111 0.666667
vn 0.385109 0.778124 -0.496199
v 66.261127 30.451010 -15.728173
vt 0.222222 0.833333
vn 0.385109 0.778124 -0.496199
v 64.814669 30.451010 -16.850798
vt 0.222222 0.666667
vn 0.385109 0.778124 -0.496199
f 6058/6058/6058 6059/6059/6059 6060/6060/6060
v 59.336481 39.567663 -6.806026
vt 0.111111 0.833333
vn -0.491422 0.389209 -0.779115
v 60.689211 40.776074 -7.055804
vt 0.111111 1.000000
vn -0.491422 0.389209 -0.779115
v 67.565601 31.722107 -15.915770
vt 0.222222 1.000000
vn -0.491422 0.389209 -0.779115
f 6061/6061/6061 6062/6062/6062 6063/6063/6063
v 59.336481 39.567663 -6.806026
vt 0.111111 0.833333
vn -0.491422 0.389209 -0.779115
v 67.565601 31.722107 -15.915770
vt 0.222222 1.000000
vn -0.491422 0.389209 -0.779115
v 66.261127 30.451010 -15.728173
vt 0.222222 0.833333
vn -0.491422 0.389209 -0.779115
f 6064/6064/6064 6065/6065/6065 6066/6066/6066
v 67.565601 31.722107 -15.915770
vt 0.222222 0.000000
vn -0.858657 -0.411330 -0.305803
v 67.423618 32.993206 -17.225992
vt 0.222222 0.166667
vn -0.858657 -0.411330 -0.305803
v 75.289561 24.107202 -27.360959
vt 0.333333 0.166667
vn -0.858657 -0.411330 -0.305803
f 6067/6067/6067 6068/6068/6068 6069/6069/6069
v 67.565601 31.722107 -15.915770
vt 0.222222 0.000000
vn -0.858657 -0.411330 -0.305803
v 75.289561 24.107202 -27.360959
vt 0.333333 0.166667
vn -0.858657 -0.411330 -0.305803
v 75.499901 22.760119 -26.138807
vt 0.333333 0.000000
vn -0.858657 -0.411330 -0.305803
f 6070/6070/6070 6071/6071/6071 6072/6072/6072
v 67.423618 32.993206 -17.225992
vt 0.222222 0.166667
vn -0.349108 -0.822067 0.449810
v 65.977161 32.993206 -18.348616
vt 0.222222 0.333333
vn -0.349108 -0.822067 0.449810
v 73.843104 24.107202 -28.483583
vt 0.333333 0.333333
vn -0.349108 -0.822067 0.449810
f 6073/6073/6073 6074/6074/6074 6075/6075/6075
v 67.423618 32.993206 -17.225992
vt 0.222222 0.166667
vn -0.349108 -0.822067 0.449810
v 73.843104 24.107202 -28.483583
vt 0.333333 0.333333
vn -0.349108 -0.822067 0.449810
v 75.289561 24.107202 -27.360959
vt 0.333333 0.166667
vn -0.349108 -0.822067 0.449810
f 6076/6076/6076 6077/6077/6077 6078/6078/6078
v 65.977161 32.993206 -18.348616
vt 0.222222 0.333333
vn 0.509322 -0.411330 0.755910
v 64.672686 31.722107 -18.161019
vt 0.222222 0.500000
vn 0.509322 -0.411330 0.755910
v 72.606987 22.760119 -28.384055
vt 0.333333 0.500000
vn 0.509322 -0.411330 0.755910
f 6079/6079/6079 6080/6080/6080 6081/6081/6081
v 65.977161 32.993206 -18.348616
vt 0.222222 0.333333
vn 0.509322 -0.411330 0.755910
v 72.606987 22.760119 -28.384055
vt 0.333333 0.500000
vn 0.509322 -0.411330 0.755910
v 73.843104 24.107202 -28.483583
vt 0.333333 0.333333
vn 0.509322 -0.411330 0.755910
f 6082/6082/6082 6083/6083/6083 6084/6084/6084
v 64.672686 31.722107 -18.161019
vt 0.222222 0.500000
vn 0.858641 0.411348 0.305824
v 64.814669 30.451010 -16.850798
vt 0.222222 0.666667
vn 0.858641 0.411348 0.305824
v 72.817326 21.413037 -27.161903
vt 0.333333 0.666667
vn 0.858641 0.411348 0.305824
f 6085/6085/6085 6086/6086/6086 6087/6087/6087
v 64.672686 31.722107 -18.161019
vt 0.222222 0.500000
vn 0.858641 0.411348 0.305824
v 72.817326 21.413037 -27.161903
vt 0.333333 0.666667
vn 0.858641 0.411348 0.305824
v 72.606987 22.760119 -28.384055
vt 0.333333 0.500000
vn 0.858641 0.411348 0.305824
f 6088/6088/6088 6089/6089/6089 6090/6090/6090
v 64.814669 30.451010 -16.850798
vt 0.222222 0.666667
vn 0.349044 0.822139 -0.449728
v 66.261127 30.451010 -15.728173
vt 0.222222 0.833333
vn 0.349044 0.822139 -0.449728
v 74.263784 21.413037 -26.039279
vt 0.333333 0.833333
vn 0.349044 0.822139 -0.449728
f 6091/6091/6091 6092/6092/6092 6093/6093/6093
v 64.814669 30.451010 -16.850798
vt 0.222222 0.666667
vn 0.349044 0.822139 -0.449728
v 74.263784 21.413037 -26.039279
vt 0.333333 0.833333
vn 0.349044 0.822139 -0.449728
v 72.817326 21.413037 -27.161903
vt 0.333333 0.666667
vn 0.349044 0.822139 -0.449728
f 6094/6094/6094 6095/6095/6095 6096/6096/6096
v 66.261127 30.451010 -15.728173
vt 0.222222 0.833333
vn -0.509336 0.411348 -0.755890
v 67.565601 31.722107 -15.915770
vt 0.222222 1.000000
vn -0.509336 0.411348 -0.755890
v 75.499901 22.760119 -26.138807
vt 0.333333 1.000000
vn -0.509336 0.411348 -0.755890
f 6097/6097/6097 6098/6098/6098 6099/6099/6099
v 66.261127 30.451010 -15.728173
vt 0.222222 0.833333
vn -0.509336 0.411348 -0.755890
v 75.499901 22.760119 -26.138807
vt 0.333333 1.000000
vn -0.509336 0.411348 -0.755890
v 74.263784 21.413037 -26.039279
vt 0.333333 0.833333
vn -0.509336 0.411348 -0.755890
f 6100/6100/6100 6101/6101/6101 6102/6102/6102
v 75.499901 22.760119 -26.138807
vt 0.333333 0.000000
vn -0.831681 -0.438711 -0.340351
v 75.289561 24.107202 -27.360959
vt 0.333333 0.166667
vn -0.831681 -0.438711 -0.340351
v 83.129778 17.081013 -37.462783
vt 0.444444 0.166667
vn -0.831681 -0.438711 -0.340351
f 6103/6103/6103 6104/6104/6104 6105/6105/6105
v 75.499901 22.760119 -26.138807
vt 0.333333 0.000000
vn -0.831681 -0.438711 -0.340351
v 83.129778 17.081013 -37.462783
vt 0.444444 0.166667
vn -0.831681 -0.438711 -0.340351
v 83.434194 15.650001 -36.361843
vt 0.444444 0.000000
vn -0.831681 -0.438711 -0.340351
f 6106/6106/6106 6107/6107/6107 6108/6108/6108
v 75.289561 24.107202 -27.360959
vt 0.333333 0.166667
vn -0.295255 -0.876414 0.380425
v 73.843104 24.107202 -28.483583
vt 0.333333 0.333333
vn -0.295255 -0.876414 0.380425
v 81.683321 17.081013 -38.585407
vt 0.444444 0.333333
vn -0.295255 -0.876414 0.380425
f 6109/6109/6109 6110/6110/6110 6111/6111/6111
v 75.289561 24.107202 -27.360959
vt 0.333333 0.166667
vn -0.295255 -0.876414 0.380425
v 81.683321 17.081013 -38.585407
vt 0.444444 0.333333
vn -0.295255 -0.876414 0.380425
v 83.129778 17.081013 -37.462783
vt 0.444444 0.166667
vn -0.295255 -0.876414 0.380425
f 6112/6112/6112 6113/6113/6113 6114/6114/6114
v 73.843104 24.107202 -28.483583
vt 0.333333 0.333333
vn 0.536096 -0.438710 0.721203
v 72.606987 22.760119 -28.384055
vt 0.333333 0.500000
vn 0.536096 -0.438710 0.721203
v 80.541279 15.650001 -38.607091
vt 0.444444 0.500000
vn 0.536096 -0.438710 0.721203
f 6115/6115/6115 6116/6116/6116 6117/6117/6117
v 73.843104 24.107202 -28.483583
vt 0.333333 0.333333
vn 0.536096 -0.438710 0.721203
v 80.541279 15.650001 -38.607091
vt 0.444444 0.500000
vn 0.536096 -0.438710 0.721203
v 81.683321 17.081013 -38.585407
vt 0.444444 0.333333
vn 0.536096 -0.438710 0.721203
f 6118/6118/6118 6119/6119/6119 6120/6120/6120
v 72.606987 22.760119 -28.384055
vt 0.333333 0.500000
vn 0.831675 0.438716 0.340359
v 72.817326 21.413037 -27.161903
vt 0.333333 0.666667
vn 0.831675 0.438716 0.340359
v 80.845695 14.218989 -37.506150
vt 0.444444 0.666667
vn 0.831675 0.438716 0.340359
f 6121/6121/6121 6122/6122/6122 6123/6123/6123
v 72.606987 22.760119 -28.384055
vt 0.333333 0.500000
vn 0.831675 0.438716 0.340359
v 80.845695 14.218989 -37.506150
vt 0.444444 0.666667
vn 0.831675 0.438716 0.340359
v 80.541279 15.650001 -38.607091
vt 0.444444 0.500000
vn 0.831675 0.438716 0.340359
f 6124/6124/6124 6125/6125/6125 6126/6126/6126
v 72.817326 21.413037 -27.161903
vt 0.333333 0.666667
vn 0.295232 0.876436 -0.380391
v 74.263784 21.413037 -26.039279
vt 0.333333 0.833333
vn 0.295232 0.876436 -0.380391
v 82.292152 14.218989 -36.383526
vt 0.444444 0.833333
vn 0.295232 0.876436 -0.380391
f 6127/6127/6127 6128/6128/6128 6129/6129/6129
v 72.817326 21.413037 -27.161903
vt 0.333333 0.666667
vn 0.295232 0.876436 -0.380391
v 82.292152 14.218989 -36.383526
vt 0.444444 0.833333
vn 0.295232 0.876436 -0.380391
v 80.845695 14.218989 -37.506150
vt 0.444444 0.666667
vn 0.295232 0.876436 -0.380391
f 6130/6130/6130 6131/6131/6131 6132/6132/6132
v 74.263784 21.413037 -26.039279
vt 0.333333 0.833333
vn -0.536100 0.438714 -0.721198
v 75.499901 22.760119 -26.138807
vt 0.333333 1.000000
vn -0.536100 0.438714 -0.721198
v 83.434194 15.650001 -36.361843
vt 0.444444 1.000000
vn -0.536100 0.438714 -0.721198
f 6133/6133/6133 6134/6134/6134 6135/6135/6135
v 74.263784 21.413037 -26.039279
vt 0.333333 0.833333
vn -0.536100 0.438714 -0.721198
v 83.434194 15.650001 -36.361843
vt 0.444444 1.000000
vn -0.536100 0.438714 -0.721198
v 82.292152 14.218989 -36.383526
vt 0.444444 0.833333
vn -0.536100 0.438714 -0.721198
f 6136/6136/6136 6137/6137/6137 6138/6138/6138
v 83.434194 15.650001 -36.361843
vt 0.444444 0.000000
vn -0.796339 -0.466117 -0.385459
v 83.129778 17.081013 -37.462783
vt 0.444444 0.166667
vn -0.796339 -0.466117 -0.385459
v 89.872399 12.745369 -46.150381
vt 0.555556 0.166667
vn -0.796339 -0.466117 -0.385459
f 6139/6139/6139 6140/6140/6140 6141/6141/6141
v 83.434194 15.650001 -36.361843
vt 0.444444 0.000000
vn -0.796339 -0.466117 -0.385459
v 89.872399 12.745369 -46.150381
vt 0.555556 0.166667
vn -0.796339 -0.466117 -0.385459
v 90.310587 11.229363 -45.221811
vt 0.555556 0.000000
vn -0.796339 -0.466117 -0.385459
f 6142/6142/6142 6143/6143/6143 6144/6144/6144
v 83.129778 17.081013 -37.462783
vt 0.444444 0.166667
vn -0.224879 -0.930309 0.289749
v 81.683321 17.081013 -38.585407
vt 0.444444 0.333333
vn -0.224879 -0.930309 0.289749
v 88.425934 12.745369 -47.273005
vt 0.555556 0.333333
vn -0.224879 -0.930309 0.289749
f 6145/6145/6145 6146/6146/6146 6147/6147/6147
v 83.129778 17.081013 -37.462783
vt 0.444444 0.166667
vn -0.224879 -0.930309 0.289749
v 88.425934 12.745369 -47.273005
vt 0.555556 0.333333
vn -0.224879 -0.930309 0.289749
v 89.872399 12.745369 -46.150381
vt 0.555556 0.166667
vn -0.224879 -0.930309 0.289749
f 6148/6148/6148 6149/6149/6149 6150/6150/6150
v 81.683321 17.081013 -38.585407
vt 0.444444 0.333333
vn 0.571021 -0.466118 0.675773
v 80.541279 15.650001 -38.607091
vt 0.444444 0.500000
vn 0.571021 -0.466118 0.675773
v 87.417672 11.229363 -47.467059
vt 0.555556 0.500000
vn 0.571021 -0.466118 0.675773
f 6151/6151/6151 6152/6152/6152 6153/6153/6153
v 81.683321 17.081013 -38.585407
vt 0.444444 0.333333
vn 0.571021 -0.466118 0.675773
v 87.417672 11.229363 -47.467059
vt 0.555556 0.500000
vn 0.571021 -0.466118 0.675773
v 88.425934 12.745369 -47.273005
vt 0.555556 0.333333
vn 0.571021 -0.466118 0.675773
f 6154/6154/6154 6155/6155/6155 6156/6156/6156
v 80.541279 15.650001 -38.607091
vt 0.444444 0.500000
vn 0.796316 0.466132 0.385489
v 80.845695 14.218989 -37.506150
vt 0.444444 0.666667
vn 0.796316 0.466132 0.385489
v 87.855860 9.713358 -46.538489
vt 0.555556 0.666667
vn 0.796316 0.466132 0.385489
f 6157/6157/6157 6158/6158/6158 6159/6159/6159
v 80.541279 15.650001 -38.607091
vt 0.444444 0.500000
vn 0.796316 0.466132 0.385489
v 87.855860 9.713358 -46.538489
vt 0.555556 0.666667
vn 0.796316 0.466132 0.385489
v 87.417672 11.229363 -47.467059
vt 0.555556 0.500000
vn 0.796316 0.466132 0.385489
f 6160/6160/6160 6161/6161/6161 6162/6162/6162
v 80.845695 14.218989 -37.506150
vt 0.444444 0.666667
vn 0.224790 0.930366 -0.289634
v 82.292152 14.218989 -36.383526
vt 0.444444 0.833333
vn 0.224790 0.930366 -0.289634
v 89.302325 9.713358 -45.415865
vt 0.555556 0.833333
vn 0.224790 0.930366 -0.289634
f 6163/6163/6163 6164/6164/6164 6165/6165/6165
v 80.845695 14.218989 -37.506150
vt 0.444444 0.666667
vn 0.224790 0.930366 -0.289634
v 89.302325 9.713358 -45.415865
vt 0.555556 0.833333
vn 0.224790 0.930366 -0.289634
v 87.855860 9.713358 -46.538489
vt 0.555556 0.666667
vn 0.224790 0.930366 -0.289634
f 6166/6166/6166 6167/6167/6167 6168/6168/6168
v 82.292152 14.218989 -36.383526
vt 0.444444 0.833333
vn -0.571042 0.466131 -0.675746
v 83.434194 15.650001 -36.361843
vt 0.444444 1.000000
vn -0.571042 0.466131 -0.675746
v 90.310587 11.229363 -45.221811
vt 0.555556 1.000000
vn -0.571042 0.466131 -0.675746
f 6169/6169/6169 6170/6170/6170 6171/6171/6171
v 82.292152 14.218989 -36.383526
vt 0.444444 0.833333
vn -0.571042 0.466131 -0.675746
v 90.310587 11.229363 -45.221811
vt 0.555556 1.000000
vn -0.571042 0.466131 -0.675746
v 89.302325 9.713358 -45.415865
vt 0.555556 0.833333
vn -0.571042 0.466131 -0.675746
f 6172/6172/6172 6173/6173/6173 6174/6174/6174
v 90.310587 11.229363 -45.221811
vt 0.555556 0.000000
vn -0.744452 -0.492456 -0.450864
v 89.872399 12.745369 -46.150381
vt 0.555556 0.166667
vn -0.744452 -0.492456 -0.450864
v 95.471030 10.882735 -53.364002
vt 0.666667 0.166667
vn -0.744452 -0.492456 -0.450864
f 6175/6175/6175 6176/6176/6176 6177/6177/6177
v 90.310587 11.229363 -45.221811
vt 0.555556 0.000000
vn -0.744452 -0.492456 -0.450864
v 95.471030 10.882735 -53.364002
vt 0.666667 0.166667
vn -0.744452 -0.492456 -0.450864
v 96.129073 9.300618 -52.718703
vt 0.666667 0.000000
vn -0.744452 -0.492456 -0.450864
f 6178/6178/6178 6179/6179/6179 6180/6180/6180
v 89.872399 12.745369 -46.150381
vt 0.555556 0.166667
vn -0.122543 -0.979823 0.157893
v 88.425934 12.745369 -47.273005
vt 0.555556 0.333333
vn -0.122543 -0.979823 0.157893
v 94.024573 10.882735 -54.486630
vt 0.666667 0.333333
vn -0.122543 -0.979823 0.157893
f 6181/6181/6181 6182/6182/6182 6183/6183/6183
v 89.872399 12.745369 -46.150381
vt 0.555556 0.166667
vn -0.122543 -0.979823 0.157893
v 94.024573 10.882735 -54.486630
vt 0.666667 0.333333
vn -0.122543 -0.979823 0.157893
v 95.471030 10.882735 -53.364002
vt 0.666667 0.166667
vn -0.122543 -0.979823 0.157893
f 6184/6184/6184 6185/6185/6185 6186/6186/6186
v 88.425934 12.745369 -47.273005
vt 0.555556 0.333333
vn 0.621499 -0.492459 0.609281
v 87.417672 11.229363 -47.467059
vt 0.555556 0.500000
vn 0.621499 -0.492459 0.609281
v 93.236158 9.300618 -54.963952
vt 0.666667 0.500000
vn 0.621499 -0.492459 0.609281
f 6187/6187/6187 6188/6188/6188 6189/6189/6189
v 88.425934 12.745369 -47.273005
vt 0.555556 0.333333
vn 0.621499 -0.492459 0.609281
v 93.236158 9.300618 -54.963952
vt 0.666667 0.500000
vn 0.621499 -0.492459 0.609281
v 94.024573 10.882735 -54.486630
vt 0.666667 0.333333
vn 0.621499 -0.492459 0.609281
f 6190/6190/6190 6191/6191/6191 6192/6192/6192
v 87.417672 11.229363 -47.467059
vt 0.555556 0.500000
vn 0.744247 0.492521 0.451131
v 87.855860 9.713358 -46.538489
vt 0.555556 0.666667
vn 0.744247 0.492521 0.451131
v 93.894200 7.718501 -54.318653
vt 0.666667 0.666667
vn 0.744247 0.492521 0.451131
f 6193/6193/6193 6194/6194/6194 6195/6195/6195
v 87.417672 11.229363 -47.467059
vt 0.555556 0.500000
vn 0.744247 0.492521 0.451131
v 93.894200 7.718501 -54.318653
vt 0.666667 0.666667
vn 0.744247 0.492521 0.451131
v 93.236158 9.300618 -54.963952
vt 0.666667 0.500000
vn 0.744247 0.492521 0.451131
f 6196/6196/6196 6197/6197/6197 6198/6198/6198
v 87.855860 9.713358 -46.538489
vt 0.555556 0.666667
vn 0.121719 0.980096 -0.156830
v 89.302325 9.713358 -45.415865
vt 0.555556 0.833333
vn 0.121719 0.980096 -0.156830
v 95.340658 7.718501 -53.196025
vt 0.666667 0.833333
vn 0.121719 0.980096 -0.156830
f 6199/6199/6199 6200/6200/6200 6201/6201/6201
v 87.855860 9.713358 -46.538489
vt 0.555556 0.666667
vn 0.121719 0.980096 -0.156830
v 95.340658 7.718501 -53.196025
vt 0.666667 0.833333
vn 0.121719 0.980096 -0.156830
v 93.894200 7.718501 -54.318653
vt 0.666667 0.666667
vn 0.121719 0.980096 -0.156830
f 6202/6202/6202 6203/6203/6203 6204/6204/6204
v 89.302325 9.713358 -45.415865
vt 0.555556 0.833333
vn -0.621710 0.492520 -0.609016
v 90.310587 11.229363 -45.221811
vt 0.555556 1.000000
vn -0.621710 0.492520 -0.609016
v 96.129073 9.300618 -52.718703
vt 0.666667 1.000000
vn -0.621710 0.492520 -0.609016
f 6205/6205/6205 6206/6206/6206 6207/6207/6207
v 89.302325 9.713358 -45.415865
vt 0.555556 0.833333
vn -0.621710 0.492520 -0.609016
v 96.129073 9.300618 -52.718703
vt 0.666667 1.000000
vn -0.621710 0.492520 -0.609016
v 95.340658 7.718501 -53.196025
vt 0.666667 0.833333
vn -0.621710 0.492520 -0.609016
f 6208/6208/6208 6209/6209/6209 6210/6210/6210
v 96.129073 9.300618 -52.718703
vt 0.666667 0.000000
vn -0.651688 -0.501388 -0.569134
v 95.471030 10.882735 -53.364002
vt 0.666667 0.166667
vn -0.651688 -0.501388 -0.569134
v 99.958601 11.618918 -59.146067
vt 0.777778 0.166667
vn -0.651688 -0.501388 -0.569134
f 6211/6211/6211 6212/6212/6212 6213/6213/6213
v 96.129073 9.300618 -52.718703
vt 0.666667 0.000000
vn -0.651688 -0.501388 -0.569134
v 99.958601 11.618918 -59.146067
vt 0.777778 0.166667
vn -0.651688 -0.501388 -0.569134
v 100.889651 10.069883 -58.852524
vt 0.777778 0.000000
vn -0.651688 -0.501388 -0.569134
f 6214/6214/6214 6215/6215/6215 6216/6216/6216
v 95.471030 10.882735 -53.364002
vt 0.666667 0.166667
vn 0.061360 -0.994980 -0.079060
v 94.024573 10.882735 -54.486630
vt 0.666667 0.333333
vn 0.061360 -0.994980 -0.079060
v 98.512144 11.618918 -60.268691
vt 0.777778 0.333333
vn 0.061360 -0.994980 -0.079060
f 6217/6217/6217 6218/6218/6218 6219/6219/6219
v 95.471030 10.882735 -53.364002
vt 0.666667 0.166667
vn 0.061360 -0.994980 -0.079060
v 98.512144 11.618918 -60.268691
vt 0.777778 0.333333
vn 0.061360 -0.994980 -0.079060
v 99.958601 11.618918 -59.146067
vt 0.777778 0.166667
vn 0.061360 -0.994980 -0.079060
f 6220/6220/6220 6221/6221/6221 6222/6222/6222
v 94.024573 10.882735 -54.486630
vt 0.666667 0.333333
vn 0.713052 -0.501387 0.490069
v 93.236158 9.300618 -54.963952
vt 0.666667 0.500000
vn 0.713052 -0.501387 0.490069
v 97.996737 10.069883 -61.097772
vt 0.777778 0.500000
vn 0.713052 -0.501387 0.490069
f 6223/6223/6223 6224/6224/6224 6225/6225/6225
v 94.024573 10.882735 -54.486630
vt 0.666667 0.333333
vn 0.713052 -0.501387 0.490069
v 97.996737 10.069883 -61.097772
vt 0.777778 0.500000
vn 0.713052 -0.501387 0.490069
v 98.512144 11.618918 -60.268691
vt 0.777778 0.333333
vn 0.713052 -0.501387 0.490069
f 6226/6226/6226 6227/6227/6227 6228/6228/6228
v 93.236158 9.300618 -54.963952
vt 0.666667 0.500000
vn 0.652128 0.501445 0.568579
v 93.894200 7.718501 -54.318653
vt 0.666667 0.666667
vn 0.652128 0.501445 0.568579
v 98.927787 8.520848 -60.804230
vt 0.777778 0.666667
vn 0.652128 0.501445 0.568579
f 6229/6229/6229 6230/6230/6230 6231/6231/6231
v 93.236158 9.300618 -54.963952
vt 0.666667 0.500000
vn 0.652128 0.501445 0.568579
v 98.927787 8.520848 -60.804230
vt 0.777778 0.666667
vn 0.652128 0.501445 0.568579
v 97.996737 10.069883 -61.097772
vt 0.777778 0.500000
vn 0.652128 0.501445 0.568579
f 6232/6232/6232 6233/6233/6233 6234/6234/6234
v 93.894200 7.718501 -54.318653
vt 0.666667 0.666667
vn -0.059637 0.995258 0.076840
v 95.340658 7.718501 -53.196025
vt 0.666667 0.833333
vn -0.059637 0.995258 0.076840
v 100.374244 8.520848 -59.681606
vt 0.777778 0.833333
vn -0.059637 0.995258 0.076840
f 6235/6235/6235 6236/6236/6236 6237/6237/6237
v 93.894200 7.718501 -54.318653
vt 0.666667 0.666667
vn -0.059637 0.995258 0.076840
v 100.374244 8.520848 -59.681606
vt 0.777778 0.833333
vn -0.059637 0.995258 0.076840
v 98.927787 8.520848 -60.804230
vt 0.777778 0.666667
vn -0.059637 0.995258 0.076840
f 6238/6238/6238 6239/6239/6239 6240/6240/6240
v 95.340658 7.718501 -53.196025
vt 0.666667 0.833333
vn -0.712625 0.501444 -0.490633
v 96.129073 9.300618 -52.718703
vt 0.666667 1.000000
vn -0.712625 0.501444 -0.490633
v 100.889651 10.069883 -58.852524
vt 0.777778 1.000000
vn -0.712625 0.501444 -0.490633
f 6241/6241/6241 6242/6242/6242 6243/6243/6243
v 95.340658 7.718501 -53.196025
vt 0.666667 0.833333
vn -0.712625 0.501444 -0.490633
v 100.889651 10.069883 -58.852524
vt 0.777778 1.000000
vn -0.712625 0.501444 -0.490633
v 100.374244 8.520848 -59.681606
vt 0.777778 0.833333
vn -0.712625 0.501444 -0.490633
f 6244/6244/6244 6245/6245/6245 6246/6246/6246
v 100.889651 10.069883 -58.852524
vt 0.777778 0.000000
vn -0.575121 -0.470754 -0.669049
v 99.958601 11.618918 -59.146067
vt 0.777778 0.166667
vn -0.575121 -0.470754 -0.669049
v 103.454332 13.755200 -63.650184
vt 0.888889 0.166667
vn -0.575121 -0.470754 -0.669049
f 6247/6247/6247 6248/6248/6248 6249/6249/6249
v 100.889651 10.069883 -58.852524
vt 0.777778 0.000000
vn -0.575121 -0.470754 -0.669049
v 103.454332 13.755200 -63.650184
vt 0.888889 0.166667
vn -0.575121 -0.470754 -0.669049
v 104.592323 12.321051 -63.623277
vt 0.888889 0.000000
vn -0.575121 -0.470754 -0.669049
f 6250/6250/6250 6251/6251/6251 6252/6252/6252
v 99.958601 11.618918 -59.146067
vt 0.777778 0.166667
vn 0.215125 -0.936425 -0.277182
v 98.512144 11.618918 -60.268691
vt 0.777778 0.333333
vn 0.215125 -0.936425 -0.277182
v 102.007875 13.755200 -64.772808
vt 0.888889 0.333333
vn 0.215125 -0.936425 -0.277182
f 6253/6253/6253 6254/6254/6254 6255/6255/6255
v 99.958601 11.618918 -59.146067
vt 0.777778 0.166667
vn 0.215125 -0.936425 -0.277182
v 102.007875 13.755200 -64.772808
vt 0.888889 0.333333
vn 0.215125 -0.936425 -0.277182
v 103.454332 13.755200 -63.650184
vt 0.888889 0.166667
vn 0.215125 -0.936425 -0.277182
f 6256/6256/6256 6257/6257/6257 6258/6258/6258
v 98.512144 11.618918 -60.268691
vt 0.777778 0.333333
vn 0.790843 -0.470753 0.391100
v 97.996737 10.069883 -61.097772
vt 0.777778 0.500000
vn 0.790843 -0.470753 0.391100
v 101.699408 12.321051 -65.868525
vt 0.888889 0.500000
vn 0.790843 -0.470753 0.391100
f 6259/6259/6259 6260/6260/6260 6261/6261/6261
v 98.512144 11.618918 -60.268691
vt 0.777778 0.333333
vn 0.790843 -0.470753 0.391100
v 101.699408 12.321051 -65.868525
vt 0.888889 0.500000
vn 0.790843 -0.470753 0.391100
v 102.007875 13.755200 -64.772808
vt 0.888889 0.333333
vn 0.790843 -0.470753 0.391100
f 6262/6262/6262 6263/6263/6263 6264/6264/6264
v 97.996737 10.069883 -61.097772
vt 0.777778 0.500000
vn 0.575590 0.471016 0.668461
v 98.927787 8.520848 -60.804230
vt 0.777778 0.666667
vn 0.575590 0.471016 0.668461
v 102.837399 10.886903 -65.841619
vt 0.888889 0.666667
vn 0.575590 0.471016 0.668461
f 6265/6265/6265 6266/6266/6266 6267/6267/6267
v 97.996737 10.069883 -61.097772
vt 0.777778 0.500000
vn 0.575590 0.471016 0.668461
v 102.837399 10.886903 -65.841619
vt 0.888889 0.666667
vn 0.575590 0.471016 0.668461
v 101.699408 12.321051 -65.868525
vt 0.888889 0.500000
vn 0.575590 0.471016 0.668461
f 6268/6268/6268 6269/6269/6269 6270/6270/6270
v 98.927787 8.520848 -60.804230
vt 0.777778 0.666667
vn -0.213293 0.937539 0.274822
v 100.374244 8.520848 -59.681606
vt 0.777778 0.833333
vn -0.213293 0.937539 0.274822
v 104.283856 10.886903 -64.718995
vt 0.888889 0.833333
vn -0.213293 0.937539 0.274822
f 6271/6271/6271 6272/6272/6272 6273/6273/6273
v 98.927787 8.520848 -60.804230
vt 0.777778 0.666667
vn -0.213293 0.937539 0.274822
v 104.283856 10.886903 -64.718995
vt 0.888889 0.833333
vn -0.213293 0.937539 0.274822
v 102.837399 10.886903 -65.841619
vt 0.888889 0.666667
vn -0.213293 0.937539 0.274822
f 6274/6274/6274 6275/6275/6275 6276/6276/6276
v 100.374244 8.520848 -59.681606
vt 0.777778 0.833333
vn -0.790388 0.471016 -0.391703
v 100.889651 10.069883 -58.852524
vt 0.777778 1.000000
vn -0.790388 0.471016 -0.391703
v 104.592323 12.321051 -63.623277
vt 0.888889 1.000000
vn -0.790388 0.471016 -0.391703
f 6277/6277/6277 6278/6278/6278 6279/6279/6279
v 100.374244 8.520848 -59.681606
vt 0.777778 0.833333
vn -0.790388 0.471016 -0.391703
v 104.592323 12.321051 -63.623277
vt 0.888889 1.000000
vn -0.790388 0.471016 -0.391703
v 104.283856 10.886903 -64.718995
vt 0.888889 0.833333
vn -0.790388 0.471016 -0.391703
f 6280/6280/6280 6281/6281/6281 6282/6282/6282
v 104.592323 12.321051 -63.623277
vt 0.888889 0.000000
vn -0.523381 -0.427512 -0.737093
v 103.454332 13.755200 -63.650184
vt 0.888889 0.166667
vn -0.523381 -0.427512 -0.737093
v 106.007457 16.306697 -66.939789
vt 1.000000 0.166667
vn -0.523381 -0.427512 -0.737093
f 6283/6283/6283 6284/6284/6284 6285/6285/6285
v 104.592323 12.321051 -63.623277
vt 0.888889 0.000000
vn -0.523381 -0.427512 -0.737093
v 106.007457 16.306697 -66.939789
vt 1.000000 0.166667
vn -0.523381 -0.427512 -0.737093
v 107.237087 14.953098 -67.030955
vt 1.000000 0.000000
vn -0.523381 -0.427512 -0.737093
f 6286/6286/6286 6287/6287/6287 6288/6288/6288
v 103.454332 13.755200 -63.650184
vt 0.888889 0.166667
vn 0.320330 -0.852665 -0.412735
v 102.007875 13.755200 -64.772808
vt 0.888889 0.333333
vn 0.320330 -0.852665 -0.412735
v 104.561000 16.306697 -68.062413
vt 1.000000 0.333333
vn 0.320330 -0.852665 -0.412735
f 6289/6289/6289 6290/6290/6290 6291/6291/6291
v 103.454332 13.755200 -63.650184
vt 0.888889 0.166667
vn 0.320330 -0.852665 -0.412735
v 104.561000 16.306697 -68.062413
vt 1.000000 0.333333
vn 0.320330 -0.852665 -0.412735
v 106.007457 16.306697 -66.939789
vt 1.000000 0.166667
vn 0.320330 -0.852665 -0.412735
f 6292/6292/6292 6293/6293/6293 6294/6294/6294
v 102.007875 13.755200 -64.772808
vt 0.888889 0.333333
vn 0.843917 -0.427513 0.324095
v 101.699408 12.321051 -65.868525
vt 0.888889 0.500000
vn 0.843917 -0.427513 0.324095
v 104.344172 14.953098 -69.276203
vt 1.000000 0.500000
vn 0.843917 -0.427513 0.324095
f 6295/6295/6295 6296/6296/6296 6297/6297/6297
v 102.007875 13.755200 -64.772808
vt 0.888889 0.333333
vn 0.843917 -0.427513 0.324095
v 104.344172 14.953098 -69.276203
vt 1.000000 0.500000
vn 0.843917 -0.427513 0.324095
v 104.561000 16.306697 -68.062413
vt 1.000000 0.333333
vn 0.843917 -0.427513 0.324095
f 6298/6298/6298 6299/6299/6299 6300/6300/6300
v 101.699408 12.321051 -65.868525
vt 0.888889 0.500000
vn 0.523880 0.427953 0.736482
v 102.837399 10.886903 -65.841619
vt 0.888889 0.666667
vn 0.523880 0.427953 0.736482
v 105.573802 13.599499 -69.367368
vt 1.000000 0.666667
vn 0.523880 0.427953 0.736482
f 6301/6301/6301 6302/6302/6302 6303/6303/6303
v 101.699408 12.321051 -65.868525
vt 0.888889 0.500000
vn 0.523880 0.427953 0.736482
v 105.573802 13.599499 -69.367368
vt 1.000000 0.666667
vn 0.523880 0.427953 0.736482
v 104.344172 14.953098 -69.276203
vt 1.000000 0.500000
vn 0.523880 0.427953 0.736482
f 6304/6304/6304 6305/6305/6305 6306/6306/6306
v 102.837399 10.886903 -65.841619
vt 0.888889 0.666667
vn -0.318446 0.854543 0.410303
v 104.283856 10.886903 -64.718995
vt 0.888889 0.833333
vn -0.318446 0.854543 0.410303
v 107.020259 13.599499 -68.244744
vt 1.000000 0.833333
vn -0.318446 0.854543 0.410303
f 6307/6307/6307 6308/6308/6308 6309/6309/6309
v 102.837399 10.886903 -65.841619
vt 0.888889 0.666667
vn -0.318446 0.854543 0.410303
v 107.020259 13.599499 -68.244744
vt 1.000000 0.833333
vn -0.318446 0.854543 0.410303
v 105.573802 13.599499 -69.367368
vt 1.000000 0.666667
vn -0.318446 0.854543 0.410303
f 6310/6310/6310 6311/6311/6311 6312/6312/6312
v 104.283856 10.886903 -64.718995
vt 0.888889 0.833333
vn -0.843450 0.427952 -0.324728
v 104.592323 12.321051 -63.623277
vt 0.888889 1.000000
vn -0.843450 0.427952 -0.324728
v 107.237087 14.953098 -67.030955
vt 1.000000 1.000000
vn -0.843450 0.427952 -0.324728
f 6313/6313/6313 6314/6314/6314 6315/6315/6315
v 104.283856 10.886903 -64.718995
vt 0.888889 0.833333
vn -0.843450 0.427952 -0.324728
v 107.237087 14.953098 -67.030955
vt 1.000000 1.000000
vn -0.843450 0.427952 -0.324728
v 107.020259 13.599499 -68.244744
vt 1.000000 0.833333
vn -0.843450 0.427952 -0.324728
f 6316/6316/6316 6317/6317/6317 6318/6318/6318
v 54.341772 50.047106 1.122625
vt 0.740000 0.084308
vn 0.456748 -0.667121 -0.588499
v 52.969954 48.865850 1.396995
vt 0.980000 0.500000
vn 0.456748 -0.667121 -0.588499
v 51.523497 48.865850 0.274370
vt 0.740000 0.915692
vn 0.456748 -0.667121 -0.588499
f 6319/6319/6319 6320/6320/6320 6321/6321/6321
v 51.523497 48.865850 0.274370
vt 0.740000 0.915692
vn 0.456748 -0.667121 -0.588499
v 51.448858 50.047106 -1.122625
vt 0.260000 0.915692
vn 0.456748 -0.667121 -0.588499
v 52.820676 51.228363 -1.396995
vt 0.020000 0.500000
vn 0.456748 -0.667121 -0.588499
f 6322/6322/6322 6323/6323/6323 6324/6324/6324
v 52.820676 51.228363 -1.396995
vt 0.020000 0.500000
vn 0.456748 -0.667121 -0.588499
v 54.267133 51.228363 -0.274370
vt 0.260000 0.084308
vn 0.456748 -0.667121 -0.588499
v 54.341772 50.047106 1.122625
vt 0.740000 0.084308
vn 0.456748 -0.667121 -0.588499
f 6325/6325/6325 6326/6326/6326 6327/6327/6327
v 51.523497 48.865850 0.274370
vt 0.740000 0.915692
vn 0.456748 -0.667121 -0.588499
v 52.820676 51.228363 -1.396995
vt 0.020000 0.500000
vn 0.456748 -0.667121 -0.588499
v 54.341772 50.047106 1.122625
vt 0.740000 0.084308
vn 0.456748 -0.667121 -0.588499
f 6328/6328/6328 6329/6329/6329 6330/6330/6330
v 107.020259 13.599499 -68.244744
vt 0.740000 0.084308
vn -0.523384 -0.520872 0.674360
v 107.237087 14.953098 -67.030955
vt 0.980000 0.500000
vn -0.523384 -0.520872 0.674360
v 106.007457 16.306697 -66.939789
vt 0.740000 0.915692
vn -0.523384 -0.520872 0.674360
f 6331/6331/6331 6332/6332/6332 6333/6333/6333
v 106.007457 16.306697 -66.939789
vt 0.740000 0.915692
vn -0.523384 -0.520872 0.674360
v 104.561000 16.306697 -68.062413
vt 0.260000 0.915692
vn -0.523384 -0.520872 0.674360
v 104.344172 14.953098 -69.276203
vt 0.020000 0.500000
vn -0.523384 -0.520872 0.674360
f 6334/6334/6334 6335/6335/6335 6336/6336/6336
v 104.344172 14.953098 -69.276203
vt 0.020000 0.500000
vn -0.523384 -0.520872 0.674360
v 105.573802 13.599499 -69.367368
vt 0.260000 0.084308
vn -0.523384 -0.520872 0.674360
v 107.020259 13.599499 -68.244744
vt 0.740000 0.084308
vn -0.523384 -0.520872 0.674360
f 6337/6337/6337 6338/6338/6338 6339/6339/6339
v 106.007457 16.306697 -66.939789
vt 0.740000 0.915692
vn -0.523384 -0.520872 0.674360
v 104.344172 14.953098 -69.276203
vt 0.020000 0.500000
vn -0.523384 -0.520872 0.674360
v 107.020259 13.599499 -68.244744
vt 0.740000 0.084308
vn -0.523384 -0.520872 0.674360
f 6340/6340/6340 6341/6341/6341 6342/6342/6342
o Glazed_hip_ridge_(1,_-1)
usemtl Photographed tiles
v -51.448858 50.047106 -1.122625
vt 0.000000 0.000000
vn -0.479578 -0.372515 0.794505
v -52.820676 51.228363 -1.396995
vt 0.000000 0.166667
vn -0.479578 -0.372515 0.794505
v -59.149028 41.984486 -9.550832
vt 0.111111 0.166667
vn -0.479578 -0.372515 0.794505
f 6343/6343/6343 6344/6344/6344 6345/6345/6345
v -51.448858 50.047106 -1.122625
vt 0.000000 0.000000
vn -0.479578 -0.372515 0.794505
v -59.149028 41.984486 -9.550832
vt 0.111111 0.166667
vn -0.479578 -0.372515 0.794505
v -57.796297 40.776074 -9.301055
vt 0.111111 0.000000
vn -0.479578 -0.372515 0.794505
f 6346/6346/6346 6347/6347/6347 6348/6348/6348
v -52.820676 51.228363 -1.396995
vt 0.000000 0.166667
vn 0.409046 -0.744924 0.527040
v -54.267133 51.228363 -0.274370
vt 0.000000 0.333333
vn 0.409046 -0.744924 0.527040
v -60.595489 41.984486 -8.428207
vt 0.111111 0.333333
vn 0.409046 -0.744924 0.527040
f 6349/6349/6349 6350/6350/6350 6351/6351/6351
v -52.820676 51.228363 -1.396995
vt 0.000000 0.166667
vn 0.409046 -0.744924 0.527040
v -60.595489 41.984486 -8.428207
vt 0.111111 0.333333
vn 0.409046 -0.744924 0.527040
v -59.149028 41.984486 -9.550832
vt 0.111111 0.166667
vn 0.409046 -0.744924 0.527040
f 6352/6352/6352 6353/6353/6353 6354/6354/6354
v -54.267133 51.228363 -0.274370
vt 0.000000 0.333333
vn 0.888665 -0.372514 -0.267410
v -54.341772 50.047106 1.122625
vt 0.000000 0.500000
vn 0.888665 -0.372514 -0.267410
v -60.689211 40.776074 -7.055804
vt 0.111111 0.500000
vn 0.888665 -0.372514 -0.267410
f 6355/6355/6355 6356/6356/6356 6357/6357/6357
v -54.267133 51.228363 -0.274370
vt 0.000000 0.333333
vn 0.888665 -0.372514 -0.267410
v -60.689211 40.776074 -7.055804
vt 0.111111 0.500000
vn 0.888665 -0.372514 -0.267410
v -60.595489 41.984486 -8.428207
vt 0.111111 0.333333
vn 0.888665 -0.372514 -0.267410
f 6358/6358/6358 6359/6359/6359 6360/6360/6360
v -54.341772 50.047106 1.122625
vt 0.000000 0.500000
vn 0.479582 0.372528 -0.794496
v -52.969954 48.865850 1.396995
vt 0.000000 0.666667
vn 0.479582 0.372528 -0.794496
v -59.336481 39.567663 -6.806026
vt 0.111111 0.666667
vn 0.479582 0.372528 -0.794496
f 6361/6361/6361 6362/6362/6362 6363/6363/6363
v -54.341772 50.047106 1.122625
vt 0.000000 0.500000
vn 0.479582 0.372528 -0.794496
v -59.336481 39.567663 -6.806026
vt 0.111111 0.666667
vn 0.479582 0.372528 -0.794496
v -60.689211 40.776074 -7.055804
vt 0.111111 0.500000
vn 0.479582 0.372528 -0.794496
f 6364/6364/6364 6365/6365/6365 6366/6366/6366
v -52.969954 48.865850 1.396995
vt 0.000000 0.666667
vn -0.409010 0.744976 -0.526994
v -51.523497 48.865850 0.274370
vt 0.000000 0.833333
vn -0.409010 0.744976 -0.526994
v -57.890020 39.567663 -7.928651
vt 0.111111 0.833333
vn -0.409010 0.744976 -0.526994
f 6367/6367/6367 6368/6368/6368 6369/6369/6369
v -52.969954 48.865850 1.396995
vt 0.000000 0.666667
vn -0.409010 0.744976 -0.526994
v -57.890020 39.567663 -7.928651
vt 0.111111 0.833333
vn -0.409010 0.744976 -0.526994
v -59.336481 39.567663 -6.806026
vt 0.111111 0.666667
vn -0.409010 0.744976 -0.526994
f 6370/6370/6370 6371/6371/6371 6372/6372/6372
v -51.523497 48.865850 0.274370
vt 0.000000 0.833333
vn -0.888655 0.372528 0.267424
v -51.448858 50.047106 -1.122625
vt 0.000000 1.000000
vn -0.888655 0.372528 0.267424
v -57.796297 40.776074 -9.301055
vt 0.111111 1.000000
vn -0.888655 0.372528 0.267424
f 6373/6373/6373 6374/6374/6374 6375/6375/6375
v -51.523497 48.865850 0.274370
vt 0.000000 0.833333
vn -0.888655 0.372528 0.267424
v -57.796297 40.776074 -9.301055
vt 0.111111 1.000000
vn -0.888655 0.372528 0.267424
v -57.890020 39.567663 -7.928651
vt 0.111111 0.833333
vn -0.888655 0.372528 0.267424
f 6376/6376/6376 6377/6377/6377 6378/6378/6378
v -57.796297 40.776074 -9.301055
vt 0.111111 0.000000
vn -0.491411 -0.389194 0.779130
v -59.149028 41.984486 -9.550832
vt 0.111111 0.166667
vn -0.491411 -0.389194 0.779130
v -65.977161 32.993206 -18.348616
vt 0.222222 0.166667
vn -0.491411 -0.389194 0.779130
f 6379/6379/6379 6380/6380/6380 6381/6381/6381
v -57.796297 40.776074 -9.301055
vt 0.111111 0.000000
vn -0.491411 -0.389194 0.779130
v -65.977161 32.993206 -18.348616
vt 0.222222 0.166667
vn -0.491411 -0.389194 0.779130
v -64.672686 31.722107 -18.161019
vt 0.222222 0.000000
vn -0.491411 -0.389194 0.779130
f 6382/6382/6382 6383/6383/6383 6384/6384/6384
v -59.149028 41.984486 -9.550832
vt 0.111111 0.166667
vn 0.385153 -0.778067 0.496255
v -60.595489 41.984486 -8.428207
vt 0.111111 0.333333
vn 0.385153 -0.778067 0.496255
v -67.423618 32.993206 -17.225992
vt 0.222222 0.333333
vn 0.385153 -0.778067 0.496255
f 6385/6385/6385 6386/6386/6386 6387/6387/6387
v -59.149028 41.984486 -9.550832
vt 0.111111 0.166667
vn 0.385153 -0.778067 0.496255
v -67.423618 32.993206 -17.225992
vt 0.222222 0.333333
vn 0.385153 -0.778067 0.496255
v -65.977161 32.993206 -18.348616
vt 0.222222 0.166667
vn 0.385153 -0.778067 0.496255
f 6388/6388/6388 6389/6389/6389 6390/6390/6390
v -60.595489 41.984486 -8.428207
vt 0.111111 0.333333
vn 0.876705 -0.389193 -0.282696
v -60.689211 40.776074 -7.055804
vt 0.111111 0.500000
vn 0.876705 -0.389193 -0.282696
v -67.565601 31.722107 -15.915770
vt 0.222222 0.500000
vn 0.876705 -0.389193 -0.282696
f 6391/6391/6391 6392/6392/6392 6393/6393/6393
v -60.595489 41.984486 -8.428207
vt 0.111111 0.333333
vn 0.876705 -0.389193 -0.282696
v -67.565601 31.722107 -15.915770
vt 0.222222 0.500000
vn 0.876705 -0.389193 -0.282696
v -67.423618 32.993206 -17.225992
vt 0.222222 0.333333
vn 0.876705 -0.389193 -0.282696
f 6394/6394/6394 6395/6395/6395 6396/6396/6396
v -60.689211 40.776074 -7.055804
vt 0.111111 0.500000
vn 0.491422 0.389209 -0.779115
v -59.336481 39.567663 -6.806026
vt 0.111111 0.666667
vn 0.491422 0.389209 -0.779115
v -66.261127 30.451010 -15.728173
vt 0.222222 0.666667
vn 0.491422 0.389209 -0.779115
f 6397/6397/6397 6398/6398/6398 6399/6399/6399
v -60.689211 40.776074 -7.055804
vt 0.111111 0.500000
vn 0.491422 0.389209 -0.779115
v -66.261127 30.451010 -15.728173
vt 0.222222 0.666667
vn 0.491422 0.389209 -0.779115
v -67.565601 31.722107 -15.915770
vt 0.222222 0.500000
vn 0.491422 0.389209 -0.779115
f 6400/6400/6400 6401/6401/6401 6402/6402/6402
v -59.336481 39.567663 -6.806026
vt 0.111111 0.666667
vn -0.385109 0.778124 -0.496199
v -57.890020 39.567663 -7.928651
vt 0.111111 0.833333
vn -0.385109 0.778124 -0.496199
v -64.814669 30.451010 -16.850798
vt 0.222222 0.833333
vn -0.385109 0.778124 -0.496199
f 6403/6403/6403 6404/6404/6404 6405/6405/6405
v -59.336481 39.567663 -6.806026
vt 0.111111 0.666667
vn -0.385109 0.778124 -0.496199
v -64.814669 30.451010 -16.850798
vt 0.222222 0.833333
vn -0.385109 0.778124 -0.496199
v -66.261127 30.451010 -15.728173
vt 0.222222 0.666667
vn -0.385109 0.778124 -0.496199
f 6406/6406/6406 6407/6407/6407 6408/6408/6408
v -57.890020 39.567663 -7.928651
vt 0.111111 0.833333
vn -0.876694 0.389207 0.282711
v -57.796297 40.776074 -9.301055
vt 0.111111 1.000000
vn -0.876694 0.389207 0.282711
v -64.672686 31.722107 -18.161019
vt 0.222222 1.000000
vn -0.876694 0.389207 0.282711
f 6409/6409/6409 6410/6410/6410 6411/6411/6411
v -57.890020 39.567663 -7.928651
vt 0.111111 0.833333
vn -0.876694 0.389207 0.282711
v -64.672686 31.722107 -18.161019
vt 0.222222 1.000000
vn -0.876694 0.389207 0.282711
v -64.814669 30.451010 -16.850798
vt 0.222222 0.833333
vn -0.876694 0.389207 0.282711
f 6412/6412/6412 6413/6413/6413 6414/6414/6414
v -64.672686 31.722107 -18.161019
vt 0.222222 0.000000
vn -0.509322 -0.411330 0.755910
v -65.977161 32.993206 -18.348616
vt 0.222222 0.166667
vn -0.509322 -0.411330 0.755910
v -73.843104 24.107202 -28.483583
vt 0.333333 0.166667
vn -0.509322 -0.411330 0.755910
f 6415/6415/6415 6416/6416/6416 6417/6417/6417
v -64.672686 31.722107 -18.161019
vt 0.222222 0.000000
vn -0.509322 -0.411330 0.755910
v -73.843104 24.107202 -28.483583
vt 0.333333 0.166667
vn -0.509322 -0.411330 0.755910
v -72.606987 22.760119 -28.384055
vt 0.333333 0.000000
vn -0.509322 -0.411330 0.755910
f 6418/6418/6418 6419/6419/6419 6420/6420/6420
v -65.977161 32.993206 -18.348616
vt 0.222222 0.166667
vn 0.349108 -0.822067 0.449811
v -67.423618 32.993206 -17.225992
vt 0.222222 0.333333
vn 0.349108 -0.822067 0.449811
v -75.289561 24.107202 -27.360959
vt 0.333333 0.333333
vn 0.349108 -0.822067 0.449811
f 6421/6421/6421 6422/6422/6422 6423/6423/6423
v -65.977161 32.993206 -18.348616
vt 0.222222 0.166667
vn 0.349108 -0.822067 0.449811
v -75.289561 24.107202 -27.360959
vt 0.333333 0.333333
vn 0.349108 -0.822067 0.449811
v -73.843104 24.107202 -28.483583
vt 0.333333 0.166667
vn 0.349108 -0.822067 0.449811
f 6424/6424/6424 6425/6425/6425 6426/6426/6426
v -67.423618 32.993206 -17.225992
vt 0.222222 0.333333
vn 0.858657 -0.411330 -0.305803
v -67.565601 31.722107 -15.915770
vt 0.222222 0.500000
vn 0.858657 -0.411330 -0.305803
v -75.499901 22.760119 -26.138807
vt 0.333333 0.500000
vn 0.858657 -0.411330 -0.305803
f 6427/6427/6427 6428/6428/6428 6429/6429/6429
v -67.423618 32.993206 -17.225992
vt 0.222222 0.333333
vn 0.858657 -0.411330 -0.305803
v -75.499901 22.760119 -26.138807
vt 0.333333 0.500000
vn 0.858657 -0.411330 -0.305803
v -75.289561 24.107202 -27.360959
vt 0.333333 0.333333
vn 0.858657 -0.411330 -0.305803
f 6430/6430/6430 6431/6431/6431 6432/6432/6432
v -67.565601 31.722107 -15.915770
vt 0.222222 0.500000
vn 0.509336 0.411348 -0.755890
v -66.261127 30.451010 -15.728173
vt 0.222222 0.666667
vn 0.509336 0.411348 -0.755890
v -74.263784 21.413037 -26.039279
vt 0.333333 0.666667
vn 0.509336 0.411348 -0.755890
f 6433/6433/6433 6434/6434/6434 6435/6435/6435
v -67.565601 31.722107 -15.915770
vt 0.222222 0.500000
vn 0.509336 0.411348 -0.755890
v -74.263784 21.413037 -26.039279
vt 0.333333 0.666667
vn 0.509336 0.411348 -0.755890
v -75.499901 22.760119 -26.138807
vt 0.333333 0.500000
vn 0.509336 0.411348 -0.755890
f 6436/6436/6436 6437/6437/6437 6438/6438/6438
v -66.261127 30.451010 -15.728173
vt 0.222222 0.666667
vn -0.349043 0.822140 -0.449728
v -64.814669 30.451010 -16.850798
vt 0.222222 0.833333
vn -0.349043 0.822140 -0.449728
v -72.817326 21.413037 -27.161903
vt 0.333333 0.833333
vn -0.349043 0.822140 -0.449728
f 6439/6439/6439 6440/6440/6440 6441/6441/6441
v -66.261127 30.451010 -15.728173
vt 0.222222 0.666667
vn -0.349043 0.822140 -0.449728
v -72.817326 21.413037 -27.161903
vt 0.333333 0.833333
vn -0.349043 0.822140 -0.449728
v -74.263784 21.413037 -26.039279
vt 0.333333 0.666667
vn -0.349043 0.822140 -0.449728
f 6442/6442/6442 6443/6443/6443 6444/6444/6444
v -64.814669 30.451010 -16.850798
vt 0.222222 0.833333
vn -0.858641 0.411349 0.305824
v -64.672686 31.722107 -18.161019
vt 0.222222 1.000000
vn -0.858641 0.411349 0.305824
v -72.606987 22.760119 -28.384055
vt 0.333333 1.000000
vn -0.858641 0.411349 0.305824
f 6445/6445/6445 6446/6446/6446 6447/6447/6447
v -64.814669 30.451010 -16.850798
vt 0.222222 0.833333
vn -0.858641 0.411349 0.305824
v -72.606987 22.760119 -28.384055
vt 0.333333 1.000000
vn -0.858641 0.411349 0.305824
v -72.817326 21.413037 -27.161903
vt 0.333333 0.833333
vn -0.858641 0.411349 0.305824
f 6448/6448/6448 6449/6449/6449 6450/6450/6450
v -72.606987 22.760119 -28.384055
vt 0.333333 0.000000
vn -0.536096 -0.438710 0.721204
v -73.843104 24.107202 -28.483583
vt 0.333333 0.166667
vn -0.536096 -0.438710 0.721204
v -81.683321 17.081013 -38.585407
vt 0.444444 0.166667
vn -0.536096 -0.438710 0.721204
f 6451/6451/6451 6452/6452/6452 6453/6453/6453
v -72.606987 22.760119 -28.384055
vt 0.333333 0.000000
vn -0.536096 -0.438710 0.721204
v -81.683321 17.081013 -38.585407
vt 0.444444 0.166667
vn -0.536096 -0.438710 0.721204
v -80.541279 15.650001 -38.607091
vt 0.444444 0.000000
vn -0.536096 -0.438710 0.721204
f 6454/6454/6454 6455/6455/6455 6456/6456/6456
v -73.843104 24.107202 -28.483583
vt 0.333333 0.166667
vn 0.295255 -0.876414 0.380425
v -75.289561 24.107202 -27.360959
vt 0.333333 0.333333
vn 0.295255 -0.876414 0.380425
v -83.129778 17.081013 -37.462783
vt 0.444444 0.333333
vn 0.295255 -0.876414 0.380425
f 6457/6457/6457 6458/6458/6458 6459/6459/6459
v -73.843104 24.107202 -28.483583
vt 0.333333 0.166667
vn 0.295255 -0.876414 0.380425
v -83.129778 17.081013 -37.462783
vt 0.444444 0.333333
vn 0.295255 -0.876414 0.380425
v -81.683321 17.081013 -38.585407
vt 0.444444 0.166667
vn 0.295255 -0.876414 0.380425
f 6460/6460/6460 6461/6461/6461 6462/6462/6462
v -75.289561 24.107202 -27.360959
vt 0.333333 0.333333
vn 0.831681 -0.438711 -0.340351
v -75.499901 22.760119 -26.138807
vt 0.333333 0.500000
vn 0.831681 -0.438711 -0.340351
v -83.434194 15.650001 -36.361843
vt 0.444444 0.500000
vn 0.831681 -0.438711 -0.340351
f 6463/6463/6463 6464/6464/6464 6465/6465/6465
v -75.289561 24.107202 -27.360959
vt 0.333333 0.333333
vn 0.831681 -0.438711 -0.340351
v -83.434194 15.650001 -36.361843
vt 0.444444 0.500000
vn 0.831681 -0.438711 -0.340351
v -83.129778 17.081013 -37.462783
vt 0.444444 0.333333
vn 0.831681 -0.438711 -0.340351
f 6466/6466/6466 6467/6467/6467 6468/6468/6468
v -75.499901 22.760119 -26.138807
vt 0.333333 0.500000
vn 0.536100 0.438714 -0.721198
v -74.263784 21.413037 -26.039279
vt 0.333333 0.666667
vn 0.536100 0.438714 -0.721198
v -82.292152 14.218989 -36.383526
vt 0.444444 0.666667
vn 0.536100 0.438714 -0.721198
f 6469/6469/6469 6470/6470/6470 6471/6471/6471
v -75.499901 22.760119 -26.138807
vt 0.333333 0.500000
vn 0.536100 0.438714 -0.721198
v -82.292152 14.218989 -36.383526
vt 0.444444 0.666667
vn 0.536100 0.438714 -0.721198
v -83.434194 15.650001 -36.361843
vt 0.444444 0.500000
vn 0.536100 0.438714 -0.721198
f 6472/6472/6472 6473/6473/6473 6474/6474/6474
v -74.263784 21.413037 -26.039279
vt 0.333333 0.666667
vn -0.295232 0.876436 -0.380391
v -72.817326 21.413037 -27.161903
vt 0.333333 0.833333
vn -0.295232 0.876436 -0.380391
v -80.845695 14.218989 -37.506150
vt 0.444444 0.833333
vn -0.295232 0.876436 -0.380391
f 6475/6475/6475 6476/6476/6476 6477/6477/6477
v -74.263784 21.413037 -26.039279
vt 0.333333 0.666667
vn -0.295232 0.876436 -0.380391
v -80.845695 14.218989 -37.506150
vt 0.444444 0.833333
vn -0.295232 0.876436 -0.380391
v -82.292152 14.218989 -36.383526
vt 0.444444 0.666667
vn -0.295232 0.876436 -0.380391
f 6478/6478/6478 6479/6479/6479 6480/6480/6480
v -72.817326 21.413037 -27.161903
vt 0.333333 0.833333
vn -0.831675 0.438716 0.340360
v -72.606987 22.760119 -28.384055
vt 0.333333 1.000000
vn -0.831675 0.438716 0.340360
v -80.541279 15.650001 -38.607091
vt 0.444444 1.000000
vn -0.831675 0.438716 0.340360
f 6481/6481/6481 6482/6482/6482 6483/6483/6483
v -72.817326 21.413037 -27.161903
vt 0.333333 0.833333
vn -0.831675 0.438716 0.340360
v -80.541279 15.650001 -38.607091
vt 0.444444 1.000000
vn -0.831675 0.438716 0.340360
v -80.845695 14.218989 -37.506150
vt 0.444444 0.833333
vn -0.831675 0.438716 0.340360
f 6484/6484/6484 6485/6485/6485 6486/6486/6486
v -80.541279 15.650001 -38.607091
vt 0.444444 0.000000
vn -0.571021 -0.466119 0.675772
v -81.683321 17.081013 -38.585407
vt 0.444444 0.166667
vn -0.571021 -0.466119 0.675772
v -88.425934 12.745369 -47.273005
vt 0.555556 0.166667
vn -0.571021 -0.466119 0.675772
f 6487/6487/6487 6488/6488/6488 6489/6489/6489
v -80.541279 15.650001 -38.607091
vt 0.444444 0.000000
vn -0.571021 -0.466119 0.675772
v -88.425934 12.745369 -47.273005
vt 0.555556 0.166667
vn -0.571021 -0.466119 0.675772
v -87.417672 11.229363 -47.467059
vt 0.555556 0.000000
vn -0.571021 -0.466119 0.675772
f 6490/6490/6490 6491/6491/6491 6492/6492/6492
v -81.683321 17.081013 -38.585407
vt 0.444444 0.166667
vn 0.224879 -0.930309 0.289749
v -83.129778 17.081013 -37.462783
vt 0.444444 0.333333
vn 0.224879 -0.930309 0.289749
v -89.872399 12.745369 -46.150381
vt 0.555556 0.333333
vn 0.224879 -0.930309 0.289749
f 6493/6493/6493 6494/6494/6494 6495/6495/6495
v -81.683321 17.081013 -38.585407
vt 0.444444 0.166667
vn 0.224879 -0.930309 0.289749
v -89.872399 12.745369 -46.150381
vt 0.555556 0.333333
vn 0.224879 -0.930309 0.289749
v -88.425934 12.745369 -47.273005
vt 0.555556 0.166667
vn 0.224879 -0.930309 0.289749
f 6496/6496/6496 6497/6497/6497 6498/6498/6498
v -83.129778 17.081013 -37.462783
vt 0.444444 0.333333
vn 0.796339 -0.466117 -0.385459
v -83.434194 15.650001 -36.361843
vt 0.444444 0.500000
vn 0.796339 -0.466117 -0.385459
v -90.310587 11.229363 -45.221811
vt 0.555556 0.500000
vn 0.796339 -0.466117 -0.385459
f 6499/6499/6499 6500/6500/6500 6501/6501/6501
v -83.129778 17.081013 -37.462783
vt 0.444444 0.333333
vn 0.796339 -0.466117 -0.385459
v -90.310587 11.229363 -45.221811
vt 0.555556 0.500000
vn 0.796339 -0.466117 -0.385459
v -89.872399 12.745369 -46.150381
vt 0.555556 0.333333
vn 0.796339 -0.466117 -0.385459
f 6502/6502/6502 6503/6503/6503 6504/6504/6504
v -83.434194 15.650001 -36.361843
vt 0.444444 0.500000
vn 0.571042 0.466131 -0.675746
v -82.292152 14.218989 -36.383526
vt 0.444444 0.666667
vn 0.571042 0.466131 -0.675746
v -89.302325 9.713358 -45.415865
vt 0.555556 0.666667
vn 0.571042 0.466131 -0.675746
f 6505/6505/6505 6506/6506/6506 6507/6507/6507
v -83.434194 15.650001 -36.361843
vt 0.444444 0.500000
vn 0.571042 0.466131 -0.675746
v -89.302325 9.713358 -45.415865
vt 0.555556 0.666667
vn 0.571042 0.466131 -0.675746
v -90.310587 11.229363 -45.221811
vt 0.555556 0.500000
vn 0.571042 0.466131 -0.675746
f 6508/6508/6508 6509/6509/6509 6510/6510/6510
v -82.292152 14.218989 -36.383526
vt 0.444444 0.666667
vn -0.224790 0.930366 -0.289634
v -80.845695 14.218989 -37.506150
vt 0.444444 0.833333
vn -0.224790 0.930366 -0.289634
v -87.855860 9.713358 -46.538489
vt 0.555556 0.833333
vn -0.224790 0.930366 -0.289634
f 6511/6511/6511 6512/6512/6512 6513/6513/6513
v -82.292152 14.218989 -36.383526
vt 0.444444 0.666667
vn -0.224790 0.930366 -0.289634
v -87.855860 9.713358 -46.538489
vt 0.555556 0.833333
vn -0.224790 0.930366 -0.289634
v -89.302325 9.713358 -45.415865
vt 0.555556 0.666667
vn -0.224790 0.930366 -0.289634
f 6514/6514/6514 6515/6515/6515 6516/6516/6516
v -80.845695 14.218989 -37.506150
vt 0.444444 0.833333
vn -0.796316 0.466132 0.385489
v -80.541279 15.650001 -38.607091
vt 0.444444 1.000000
vn -0.796316 0.466132 0.385489
v -87.417672 11.229363 -47.467059
vt 0.555556 1.000000
vn -0.796316 0.466132 0.385489
f 6517/6517/6517 6518/6518/6518 6519/6519/6519
v -80.845695 14.218989 -37.506150
vt 0.444444 0.833333
vn -0.796316 0.466132 0.385489
v -87.417672 11.229363 -47.467059
vt 0.555556 1.000000
vn -0.796316 0.466132 0.385489
v -87.855860 9.713358 -46.538489
vt 0.555556 0.833333
vn -0.796316 0.466132 0.385489
f 6520/6520/6520 6521/6521/6521 6522/6522/6522
v -87.417672 11.229363 -47.467059
vt 0.555556 0.000000
vn -0.621500 -0.492459 0.609280
v -88.425934 12.745369 -47.273005
vt 0.555556 0.166667
vn -0.621500 -0.492459 0.609280
v -94.024573 10.882735 -54.486630
vt 0.666667 0.166667
vn -0.621500 -0.492459 0.609280
f 6523/6523/6523 6524/6524/6524 6525/6525/6525
v -87.417672 11.229363 -47.467059
vt 0.555556 0.000000
vn -0.621500 -0.492459 0.609280
v -94.024573 10.882735 -54.486630
vt 0.666667 0.166667
vn -0.621500 -0.492459 0.609280
v -93.236158 9.300618 -54.963952
vt 0.666667 0.000000
vn -0.621500 -0.492459 0.609280
f 6526/6526/6526 6527/6527/6527 6528/6528/6528
v -88.425934 12.745369 -47.273005
vt 0.555556 0.166667
vn 0.122543 -0.979823 0.157893
v -89.872399 12.745369 -46.150381
vt 0.555556 0.333333
vn 0.122543 -0.979823 0.157893
v -95.471030 10.882735 -53.364002
vt 0.666667 0.333333
vn 0.122543 -0.979823 0.157893
f 6529/6529/6529 6530/6530/6530 6531/6531/6531
v -88.425934 12.745369 -47.273005
vt 0.555556 0.166667
vn 0.122543 -0.979823 0.157893
v -95.471030 10.882735 -53.364002
vt 0.666667 0.333333
vn 0.122543 -0.979823 0.157893
v -94.024573 10.882735 -54.486630
vt 0.666667 0.166667
vn 0.122543 -0.979823 0.157893
f 6532/6532/6532 6533/6533/6533 6534/6534/6534
v -89.872399 12.745369 -46.150381
vt 0.555556 0.333333
vn 0.744452 -0.492457 -0.450863
v -90.310587 11.229363 -45.221811
vt 0.555556 0.500000
vn 0.744452 -0.492457 -0.450863
v -96.129073 9.300618 -52.718703
vt 0.666667 0.500000
vn 0.744452 -0.492457 -0.450863
f 6535/6535/6535 6536/6536/6536 6537/6537/6537
v -89.872399 12.745369 -46.150381
vt 0.555556 0.333333
vn 0.744452 -0.492457 -0.450863
v -96.129073 9.300618 -52.718703
vt 0.666667 0.500000
vn 0.744452 -0.492457 -0.450863
v -95.471030 10.882735 -53.364002
vt 0.666667 0.333333
vn 0.744452 -0.492457 -0.450863
f 6538/6538/6538 6539/6539/6539 6540/6540/6540
v -90.310587 11.229363 -45.221811
vt 0.555556 0.500000
vn 0.621710 0.492520 -0.609016
v -89.302325 9.713358 -45.415865
vt 0.555556 0.666667
vn 0.621710 0.492520 -0.609016
v -95.340658 7.718501 -53.196025
vt 0.666667 0.666667
vn 0.621710 0.492520 -0.609016
f 6541/6541/6541 6542/6542/6542 6543/6543/6543
v -90.310587 11.229363 -45.221811
vt 0.555556 0.500000
vn 0.621710 0.492520 -0.609016
v -95.340658 7.718501 -53.196025
vt 0.666667 0.666667
vn 0.621710 0.492520 -0.609016
v -96.129073 9.300618 -52.718703
vt 0.666667 0.500000
vn 0.621710 0.492520 -0.609016
f 6544/6544/6544 6545/6545/6545 6546/6546/6546
v -89.302325 9.713358 -45.415865
vt 0.555556 0.666667
vn -0.121719 0.980096 -0.156830
v -87.855860 9.713358 -46.538489
vt 0.555556 0.833333
vn -0.121719 0.980096 -0.156830
v -93.894200 7.718501 -54.318653
vt 0.666667 0.833333
vn -0.121719 0.980096 -0.156830
f 6547/6547/6547 6548/6548/6548 6549/6549/6549
v -89.302325 9.713358 -45.415865
vt 0.555556 0.666667
vn -0.121719 0.980096 -0.156830
v -93.894200 7.718501 -54.318653
vt 0.666667 0.833333
vn -0.121719 0.980096 -0.156830
v -95.340658 7.718501 -53.196025
vt 0.666667 0.666667
vn -0.121719 0.980096 -0.156830
f 6550/6550/6550 6551/6551/6551 6552/6552/6552
v -87.855860 9.713358 -46.538489
vt 0.555556 0.833333
vn -0.744248 0.492521 0.451130
v -87.417672 11.229363 -47.467059
vt 0.555556 1.000000
vn -0.744248 0.492521 0.451130
v -93.236158 9.300618 -54.963952
vt 0.666667 1.000000
vn -0.744248 0.492521 0.451130
f 6553/6553/6553 6554/6554/6554 6555/6555/6555
v -87.855860 9.713358 -46.538489
vt 0.555556 0.833333
vn -0.744248 0.492521 0.451130
v -93.236158 9.300618 -54.963952
vt 0.666667 1.000000
vn -0.744248 0.492521 0.451130
v -93.894200 7.718501 -54.318653
vt 0.666667 0.833333
vn -0.744248 0.492521 0.451130
f 6556/6556/6556 6557/6557/6557 6558/6558/6558
v -93.236158 9.300618 -54.963952
vt 0.666667 0.000000
vn -0.713052 -0.501388 0.490069
v -94.024573 10.882735 -54.486630
vt 0.666667 0.166667
vn -0.713052 -0.501388 0.490069
v -98.512144 11.618918 -60.268691
vt 0.777778 0.166667
vn -0.713052 -0.501388 0.490069
f 6559/6559/6559 6560/6560/6560 6561/6561/6561
v -93.236158 9.300618 -54.963952
vt 0.666667 0.000000
vn -0.713052 -0.501388 0.490069
v -98.512144 11.618918 -60.268691
vt 0.777778 0.166667
vn -0.713052 -0.501388 0.490069
v -97.996737 10.069883 -61.097772
vt 0.777778 0.000000
vn -0.713052 -0.501388 0.490069
f 6562/6562/6562 6563/6563/6563 6564/6564/6564
v -94.024573 10.882735 -54.486630
vt 0.666667 0.166667
vn -0.061360 -0.994980 -0.079060
v -95.471030 10.882735 -53.364002
vt 0.666667 0.333333
vn -0.061360 -0.994980 -0.079060
v -99.958601 11.618918 -59.146067
vt 0.777778 0.333333
vn -0.061360 -0.994980 -0.079060
f 6565/6565/6565 6566/6566/6566 6567/6567/6567
v -94.024573 10.882735 -54.486630
vt 0.666667 0.166667
vn -0.061360 -0.994980 -0.079060
v -99.958601 11.618918 -59.146067
vt 0.777778 0.333333
vn -0.061360 -0.994980 -0.079060
v -98.512144 11.618918 -60.268691
vt 0.777778 0.166667
vn -0.061360 -0.994980 -0.079060
f 6568/6568/6568 6569/6569/6569 6570/6570/6570
v -95.471030 10.882735 -53.364002
vt 0.666667 0.333333
vn 0.651688 -0.501387 -0.569134
v -96.129073 9.300618 -52.718703
vt 0.666667 0.500000
vn 0.651688 -0.501387 -0.569134
v -100.889651 10.069883 -58.852524
vt 0.777778 0.500000
vn 0.651688 -0.501387 -0.569134
f 6571/6571/6571 6572/6572/6572 6573/6573/6573
v -95.471030 10.882735 -53.364002
vt 0.666667 0.333333
vn 0.651688 -0.501387 -0.569134
v -100.889651 10.069883 -58.852524
vt 0.777778 0.500000
vn 0.651688 -0.501387 -0.569134
v -99.958601 11.618918 -59.146067
vt 0.777778 0.333333
vn 0.651688 -0.501387 -0.569134
f 6574/6574/6574 6575/6575/6575 6576/6576/6576
v -96.129073 9.300618 -52.718703
vt 0.666667 0.500000
vn 0.712625 0.501444 -0.490632
v -95.340658 7.718501 -53.196025
vt 0.666667 0.666667
vn 0.712625 0.501444 -0.490632
v -100.374244 8.520848 -59.681606
vt 0.777778 0.666667
vn 0.712625 0.501444 -0.490632
f 6577/6577/6577 6578/6578/6578 6579/6579/6579
v -96.129073 9.300618 -52.718703
vt 0.666667 0.500000
vn 0.712625 0.501444 -0.490632
v -100.374244 8.520848 -59.681606
vt 0.777778 0.666667
vn 0.712625 0.501444 -0.490632
v -100.889651 10.069883 -58.852524
vt 0.777778 0.500000
vn 0.712625 0.501444 -0.490632
f 6580/6580/6580 6581/6581/6581 6582/6582/6582
v -95.340658 7.718501 -53.196025
vt 0.666667 0.666667
vn 0.059637 0.995258 0.076839
v -93.894200 7.718501 -54.318653
vt 0.666667 0.833333
vn 0.059637 0.995258 0.076839
v -98.927787 8.520848 -60.804230
vt 0.777778 0.833333
vn 0.059637 0.995258 0.076839
f 6583/6583/6583 6584/6584/6584 6585/6585/6585
v -95.340658 7.718501 -53.196025
vt 0.666667 0.666667
vn 0.059637 0.995258 0.076839
v -98.927787 8.520848 -60.804230
vt 0.777778 0.833333
vn 0.059637 0.995258 0.076839
v -100.374244 8.520848 -59.681606
vt 0.777778 0.666667
vn 0.059637 0.995258 0.076839
f 6586/6586/6586 6587/6587/6587 6588/6588/6588
v -93.894200 7.718501 -54.318653
vt 0.666667 0.833333
vn -0.652128 0.501446 0.568579
v -93.236158 9.300618 -54.963952
vt 0.666667 1.000000
vn -0.652128 0.501446 0.568579
v -97.996737 10.069883 -61.097772
vt 0.777778 1.000000
vn -0.652128 0.501446 0.568579
f 6589/6589/6589 6590/6590/6590 6591/6591/6591
v -93.894200 7.718501 -54.318653
vt 0.666667 0.833333
vn -0.652128 0.501446 0.568579
v -97.996737 10.069883 -61.097772
vt 0.777778 1.000000
vn -0.652128 0.501446 0.568579
v -98.927787 8.520848 -60.804230
vt 0.777778 0.833333
vn -0.652128 0.501446 0.568579
f 6592/6592/6592 6593/6593/6593 6594/6594/6594
v -97.996737 10.069883 -61.097772
vt 0.777778 0.000000
vn -0.790842 -0.470753 0.391101
v -98.512144 11.618918 -60.268691
vt 0.777778 0.166667
vn -0.790842 -0.470753 0.391101
v -102.007875 13.755200 -64.772808
vt 0.888889 0.166667
vn -0.790842 -0.470753 0.391101
f 6595/6595/6595 6596/6596/6596 6597/6597/6597
v -97.996737 10.069883 -61.097772
vt 0.777778 0.000000
vn -0.790842 -0.470753 0.391101
v -102.007875 13.755200 -64.772808
vt 0.888889 0.166667
vn -0.790842 -0.470753 0.391101
v -101.699408 12.321051 -65.868525
vt 0.888889 0.000000
vn -0.790842 -0.470753 0.391101
f 6598/6598/6598 6599/6599/6599 6600/6600/6600
v -98.512144 11.618918 -60.268691
vt 0.777778 0.166667
vn -0.215125 -0.936425 -0.277182
v -99.958601 11.618918 -59.146067
vt 0.777778 0.333333
vn -0.215125 -0.936425 -0.277182
v -103.454332 13.755200 -63.650184
vt 0.888889 0.333333
vn -0.215125 -0.936425 -0.277182
f 6601/6601/6601 6602/6602/6602 6603/6603/6603
v -98.512144 11.618918 -60.268691
vt 0.777778 0.166667
vn -0.215125 -0.936425 -0.277182
v -103.454332 13.755200 -63.650184
vt 0.888889 0.333333
vn -0.215125 -0.936425 -0.277182
v -102.007875 13.755200 -64.772808
vt 0.888889 0.166667
vn -0.215125 -0.936425 -0.277182
f 6604/6604/6604 6605/6605/6605 6606/6606/6606
v -99.958601 11.618918 -59.146067
vt 0.777778 0.333333
vn 0.575121 -0.470753 -0.669050
v -100.889651 10.069883 -58.852524
vt 0.777778 0.500000
vn 0.575121 -0.470753 -0.669050
v -104.592323 12.321051 -63.623277
vt 0.888889 0.500000
vn 0.575121 -0.470753 -0.669050
f 6607/6607/6607 6608/6608/6608 6609/6609/6609
v -99.958601 11.618918 -59.146067
vt 0.777778 0.333333
vn 0.575121 -0.470753 -0.669050
v -104.592323 12.321051 -63.623277
vt 0.888889 0.500000
vn 0.575121 -0.470753 -0.669050
v -103.454332 13.755200 -63.650184
vt 0.888889 0.333333
vn 0.575121 -0.470753 -0.669050
f 6610/6610/6610 6611/6611/6611 6612/6612/6612
v -100.889651 10.069883 -58.852524
vt 0.777778 0.500000
vn 0.790388 0.471016 -0.391702
v -100.374244 8.520848 -59.681606
vt 0.777778 0.666667
vn 0.790388 0.471016 -0.391702
v -104.283856 10.886903 -64.718995
vt 0.888889 0.666667
vn 0.790388 0.471016 -0.391702
f 6613/6613/6613 6614/6614/6614 6615/6615/6615
v -100.889651 10.069883 -58.852524
vt 0.777778 0.500000
vn 0.790388 0.471016 -0.391702
v -104.283856 10.886903 -64.718995
vt 0.888889 0.666667
vn 0.790388 0.471016 -0.391702
v -104.592323 12.321051 -63.623277
vt 0.888889 0.500000
vn 0.790388 0.471016 -0.391702
f 6616/6616/6616 6617/6617/6617 6618/6618/6618
v -100.374244 8.520848 -59.681606
vt 0.777778 0.666667
vn 0.213293 0.937539 0.274822
v -98.927787 8.520848 -60.804230
vt 0.777778 0.833333
vn 0.213293 0.937539 0.274822
v -102.837399 10.886903 -65.841619
vt 0.888889 0.833333
vn 0.213293 0.937539 0.274822
f 6619/6619/6619 6620/6620/6620 6621/6621/6621
v -100.374244 8.520848 -59.681606
vt 0.777778 0.666667
vn 0.213293 0.937539 0.274822
v -102.837399 10.886903 -65.841619
vt 0.888889 0.833333
vn 0.213293 0.937539 0.274822
v -104.283856 10.886903 -64.718995
vt 0.888889 0.666667
vn 0.213293 0.937539 0.274822
f 6622/6622/6622 6623/6623/6623 6624/6624/6624
v -98.927787 8.520848 -60.804230
vt 0.777778 0.833333
vn -0.575591 0.471017 0.668460
v -97.996737 10.069883 -61.097772
vt 0.777778 1.000000
vn -0.575591 0.471017 0.668460
v -101.699408 12.321051 -65.868525
vt 0.888889 1.000000
vn -0.575591 0.471017 0.668460
f 6625/6625/6625 6626/6626/6626 6627/6627/6627
v -98.927787 8.520848 -60.804230
vt 0.777778 0.833333
vn -0.575591 0.471017 0.668460
v -101.699408 12.321051 -65.868525
vt 0.888889 1.000000
vn -0.575591 0.471017 0.668460
v -102.837399 10.886903 -65.841619
vt 0.888889 0.833333
vn -0.575591 0.471017 0.668460
f 6628/6628/6628 6629/6629/6629 6630/6630/6630
v -101.699408 12.321051 -65.868525
vt 0.888889 0.000000
vn -0.843917 -0.427513 0.324095
v -102.007875 13.755200 -64.772808
vt 0.888889 0.166667
vn -0.843917 -0.427513 0.324095
v -104.561000 16.306697 -68.062413
vt 1.000000 0.166667
vn -0.843917 -0.427513 0.324095
f 6631/6631/6631 6632/6632/6632 6633/6633/6633
v -101.699408 12.321051 -65.868525
vt 0.888889 0.000000
vn -0.843917 -0.427513 0.324095
v -104.561000 16.306697 -68.062413
vt 1.000000 0.166667
vn -0.843917 -0.427513 0.324095
v -104.344172 14.953098 -69.276203
vt 1.000000 0.000000
vn -0.843917 -0.427513 0.324095
f 6634/6634/6634 6635/6635/6635 6636/6636/6636
v -102.007875 13.755200 -64.772808
vt 0.888889 0.166667
vn -0.320330 -0.852665 -0.412735
v -103.454332 13.755200 -63.650184
vt 0.888889 0.333333
vn -0.320330 -0.852665 -0.412735
v -106.007457 16.306697 -66.939789
vt 1.000000 0.333333
vn -0.320330 -0.852665 -0.412735
f 6637/6637/6637 6638/6638/6638 6639/6639/6639
v -102.007875 13.755200 -64.772808
vt 0.888889 0.166667
vn -0.320330 -0.852665 -0.412735
v -106.007457 16.306697 -66.939789
vt 1.000000 0.333333
vn -0.320330 -0.852665 -0.412735
v -104.561000 16.306697 -68.062413
vt 1.000000 0.166667
vn -0.320330 -0.852665 -0.412735
f 6640/6640/6640 6641/6641/6641 6642/6642/6642
v -103.454332 13.755200 -63.650184
vt 0.888889 0.333333
vn 0.523381 -0.427513 -0.737093
v -104.592323 12.321051 -63.623277
vt 0.888889 0.500000
vn 0.523381 -0.427513 -0.737093
v -107.237087 14.953098 -67.030955
vt 1.000000 0.500000
vn 0.523381 -0.427513 -0.737093
f 6643/6643/6643 6644/6644/6644 6645/6645/6645
v -103.454332 13.755200 -63.650184
vt 0.888889 0.333333
vn 0.523381 -0.427513 -0.737093
v -107.237087 14.953098 -67.030955
vt 1.000000 0.500000
vn 0.523381 -0.427513 -0.737093
v -106.007457 16.306697 -66.939789
vt 1.000000 0.333333
vn 0.523381 -0.427513 -0.737093
f 6646/6646/6646 6647/6647/6647 6648/6648/6648
v -104.592323 12.321051 -63.623277
vt 0.888889 0.500000
vn 0.843450 0.427952 -0.324728
v -104.283856 10.886903 -64.718995
vt 0.888889 0.666667
vn 0.843450 0.427952 -0.324728
v -107.020259 13.599499 -68.244744
vt 1.000000 0.666667
vn 0.843450 0.427952 -0.324728
f 6649/6649/6649 6650/6650/6650 6651/6651/6651
v -104.592323 12.321051 -63.623277
vt 0.888889 0.500000
vn 0.843450 0.427952 -0.324728
v -107.020259 13.599499 -68.244744
vt 1.000000 0.666667
vn 0.843450 0.427952 -0.324728
v -107.237087 14.953098 -67.030955
vt 1.000000 0.500000
vn 0.843450 0.427952 -0.324728
f 6652/6652/6652 6653/6653/6653 6654/6654/6654
v -104.283856 10.886903 -64.718995
vt 0.888889 0.666667
vn 0.318446 0.854543 0.410303
v -102.837399 10.886903 -65.841619
vt 0.888889 0.833333
vn 0.318446 0.854543 0.410303
v -105.573802 13.599499 -69.367368
vt 1.000000 0.833333
vn 0.318446 0.854543 0.410303
f 6655/6655/6655 6656/6656/6656 6657/6657/6657
v -104.283856 10.886903 -64.718995
vt 0.888889 0.666667
vn 0.318446 0.854543 0.410303
v -105.573802 13.599499 -69.367368
vt 1.000000 0.833333
vn 0.318446 0.854543 0.410303
v -107.020259 13.599499 -68.244744
vt 1.000000 0.666667
vn 0.318446 0.854543 0.410303
f 6658/6658/6658 6659/6659/6659 6660/6660/6660
v -102.837399 10.886903 -65.841619
vt 0.888889 0.833333
vn -0.523880 0.427953 0.736482
v -101.699408 12.321051 -65.868525
vt 0.888889 1.000000
vn -0.523880 0.427953 0.736482
v -104.344172 14.953098 -69.276203
vt 1.000000 1.000000
vn -0.523880 0.427953 0.736482
f 6661/6661/6661 6662/6662/6662 6663/6663/6663
v -102.837399 10.886903 -65.841619
vt 0.888889 0.833333
vn -0.523880 0.427953 0.736482
v -104.344172 14.953098 -69.276203
vt 1.000000 1.000000
vn -0.523880 0.427953 0.736482
v -105.573802 13.599499 -69.367368
vt 1.000000 0.833333
vn -0.523880 0.427953 0.736482
f 6664/6664/6664 6665/6665/6665 6666/6666/6666
v -51.448858 50.047106 -1.122625
vt 0.740000 0.084308
vn -0.456748 -0.667121 -0.588499
v -51.523497 48.865850 0.274370
vt 0.980000 0.500000
vn -0.456748 -0.667121 -0.588499
v -52.969954 48.865850 1.396995
vt 0.740000 0.915692
vn -0.456748 -0.667121 -0.588499
f 6667/6667/6667 6668/6668/6668 6669/6669/6669
v -52.969954 48.865850 1.396995
vt 0.740000 0.915692
vn -0.456748 -0.667121 -0.588499
v -54.341772 50.047106 1.122625
vt 0.260000 0.915692
vn -0.456748 -0.667121 -0.588499
v -54.267133 51.228363 -0.274370
vt 0.020000 0.500000
vn -0.456748 -0.667121 -0.588499
f 6670/6670/6670 6671/6671/6671 6672/6672/6672
v -54.267133 51.228363 -0.274370
vt 0.020000 0.500000
vn -0.456748 -0.667121 -0.588499
v -52.820676 51.228363 -1.396995
vt 0.260000 0.084308
vn -0.456748 -0.667121 -0.588499
v -51.448858 50.047106 -1.122625
vt 0.740000 0.084308
vn -0.456748 -0.667121 -0.588499
f 6673/6673/6673 6674/6674/6674 6675/6675/6675
v -52.969954 48.865850 1.396995
vt 0.740000 0.915692
vn -0.456748 -0.667121 -0.588499
v -54.267133 51.228363 -0.274370
vt 0.020000 0.500000
vn -0.456748 -0.667121 -0.588499
v -51.448858 50.047106 -1.122625
vt 0.740000 0.084308
vn -0.456748 -0.667121 -0.588499
f 6676/6676/6676 6677/6677/6677 6678/6678/6678
v -105.573802 13.599499 -69.367368
vt 0.740000 0.084308
vn 0.523384 -0.520870 0.674361
v -104.344172 14.953098 -69.276203
vt 0.980000 0.500000
vn 0.523384 -0.520870 0.674361
v -104.561000 16.306697 -68.062413
vt 0.740000 0.915692
vn 0.523384 -0.520870 0.674361
f 6679/6679/6679 6680/6680/6680 6681/6681/6681
v -104.561000 16.306697 -68.062413
vt 0.740000 0.915692
vn 0.523384 -0.520870 0.674361
v -106.007457 16.306697 -66.939789
vt 0.260000 0.915692
vn 0.523384 -0.520870 0.674361
v -107.237087 14.953098 -67.030955
vt 0.020000 0.500000
vn 0.523384 -0.520870 0.674361
f 6682/6682/6682 6683/6683/6683 6684/6684/6684
v -107.237087 14.953098 -67.030955
vt 0.020000 0.500000
vn 0.523384 -0.520870 0.674361
v -107.020259 13.599499 -68.244744
vt 0.260000 0.084308
vn 0.523384 -0.520870 0.674361
v -105.573802 13.599499 -69.367368
vt 0.740000 0.084308
vn 0.523384 -0.520870 0.674361
f 6685/6685/6685 6686/6686/6686 6687/6687/6687
v -104.561000 16.306697 -68.062413
vt 0.740000 0.915692
vn 0.523384 -0.520870 0.674361
v -107.237087 14.953098 -67.030955
vt 0.020000 0.500000
vn 0.523384 -0.520870 0.674361
v -105.573802 13.599499 -69.367368
vt 0.740000 0.084308
vn 0.523384 -0.520870 0.674361
f 6688/6688/6688 6689/6689/6689 6690/6690/6690
o Glazed_hip_ridge_(-1,_1)
usemtl Photographed tiles
v 51.448858 50.047106 1.122625
vt 0.000000 0.000000
vn 0.479578 -0.372515 -0.794505
v 52.820676 51.228363 1.396995
vt 0.000000 0.166667
vn 0.479578 -0.372515 -0.794505
v 59.149028 41.984486 9.550832
vt 0.111111 0.166667
vn 0.479578 -0.372515 -0.794505
f 6691/6691/6691 6692/6692/6692 6693/6693/6693
v 51.448858 50.047106 1.122625
vt 0.000000 0.000000
vn 0.479578 -0.372515 -0.794505
v 59.149028 41.984486 9.550832
vt 0.111111 0.166667
vn 0.479578 -0.372515 -0.794505
v 57.796297 40.776074 9.301055
vt 0.111111 0.000000
vn 0.479578 -0.372515 -0.794505
f 6694/6694/6694 6695/6695/6695 6696/6696/6696
v 52.820676 51.228363 1.396995
vt 0.000000 0.166667
vn -0.409046 -0.744924 -0.527040
v 54.267133 51.228363 0.274370
vt 0.000000 0.333333
vn -0.409046 -0.744924 -0.527040
v 60.595489 41.984486 8.428207
vt 0.111111 0.333333
vn -0.409046 -0.744924 -0.527040
f 6697/6697/6697 6698/6698/6698 6699/6699/6699
v 52.820676 51.228363 1.396995
vt 0.000000 0.166667
vn -0.409046 -0.744924 -0.527040
v 60.595489 41.984486 8.428207
vt 0.111111 0.333333
vn -0.409046 -0.744924 -0.527040
v 59.149028 41.984486 9.550832
vt 0.111111 0.166667
vn -0.409046 -0.744924 -0.527040
f 6700/6700/6700 6701/6701/6701 6702/6702/6702
v 54.267133 51.228363 0.274370
vt 0.000000 0.333333
vn -0.888665 -0.372514 0.267410
v 54.341772 50.047106 -1.122625
vt 0.000000 0.500000
vn -0.888665 -0.372514 0.267410
v 60.689211 40.776074 7.055804
vt 0.111111 0.500000
vn -0.888665 -0.372514 0.267410
f 6703/6703/6703 6704/6704/6704 6705/6705/6705
v 54.267133 51.228363 0.274370
vt 0.000000 0.333333
vn -0.888665 -0.372514 0.267410
v 60.689211 40.776074 7.055804
vt 0.111111 0.500000
vn -0.888665 -0.372514 0.267410
v 60.595489 41.984486 8.428207
vt 0.111111 0.333333
vn -0.888665 -0.372514 0.267410
f 6706/6706/6706 6707/6707/6707 6708/6708/6708
v 54.341772 50.047106 -1.122625
vt 0.000000 0.500000
vn -0.479582 0.372528 0.794496
v 52.969954 48.865850 -1.396995
vt 0.000000 0.666667
vn -0.479582 0.372528 0.794496
v 59.336481 39.567663 6.806026
vt 0.111111 0.666667
vn -0.479582 0.372528 0.794496
f 6709/6709/6709 6710/6710/6710 6711/6711/6711
v 54.341772 50.047106 -1.122625
vt 0.000000 0.500000
vn -0.479582 0.372528 0.794496
v 59.336481 39.567663 6.806026
vt 0.111111 0.666667
vn -0.479582 0.372528 0.794496
v 60.689211 40.776074 7.055804
vt 0.111111 0.500000
vn -0.479582 0.372528 0.794496
f 6712/6712/6712 6713/6713/6713 6714/6714/6714
v 52.969954 48.865850 -1.396995
vt 0.000000 0.666667
vn 0.409010 0.744976 0.526994
v 51.523497 48.865850 -0.274370
vt 0.000000 0.833333
vn 0.409010 0.744976 0.526994
v 57.890020 39.567663 7.928651
vt 0.111111 0.833333
vn 0.409010 0.744976 0.526994
f 6715/6715/6715 6716/6716/6716 6717/6717/6717
v 52.969954 48.865850 -1.396995
vt 0.000000 0.666667
vn 0.409010 0.744976 0.526994
v 57.890020 39.567663 7.928651
vt 0.111111 0.833333
vn 0.409010 0.744976 0.526994
v 59.336481 39.567663 6.806026
vt 0.111111 0.666667
vn 0.409010 0.744976 0.526994
f 6718/6718/6718 6719/6719/6719 6720/6720/6720
v 51.523497 48.865850 -0.274370
vt 0.000000 0.833333
vn 0.888655 0.372528 -0.267424
v 51.448858 50.047106 1.122625
vt 0.000000 1.000000
vn 0.888655 0.372528 -0.267424
v 57.796297 40.776074 9.301055
vt 0.111111 1.000000
vn 0.888655 0.372528 -0.267424
f 6721/6721/6721 6722/6722/6722 6723/6723/6723
v 51.523497 48.865850 -0.274370
vt 0.000000 0.833333
vn 0.888655 0.372528 -0.267424
v 57.796297 40.776074 9.301055
vt 0.111111 1.000000
vn 0.888655 0.372528 -0.267424
v 57.890020 39.567663 7.928651
vt 0.111111 0.833333
vn 0.888655 0.372528 -0.267424
f 6724/6724/6724 6725/6725/6725 6726/6726/6726
v 57.796297 40.776074 9.301055
vt 0.111111 0.000000
vn 0.491411 -0.389194 -0.779130
v 59.149028 41.984486 9.550832
vt 0.111111 0.166667
vn 0.491411 -0.389194 -0.779130
v 65.977161 32.993206 18.348616
vt 0.222222 0.166667
vn 0.491411 -0.389194 -0.779130
f 6727/6727/6727 6728/6728/6728 6729/6729/6729
v 57.796297 40.776074 9.301055
vt 0.111111 0.000000
vn 0.491411 -0.389194 -0.779130
v 65.977161 32.993206 18.348616
vt 0.222222 0.166667
vn 0.491411 -0.389194 -0.779130
v 64.672686 31.722107 18.161019
vt 0.222222 0.000000
vn 0.491411 -0.389194 -0.779130
f 6730/6730/6730 6731/6731/6731 6732/6732/6732
v 59.149028 41.984486 9.550832
vt 0.111111 0.166667
vn -0.385153 -0.778067 -0.496255
v 60.595489 41.984486 8.428207
vt 0.111111 0.333333
vn -0.385153 -0.778067 -0.496255
v 67.423618 32.993206 17.225992
vt 0.222222 0.333333
vn -0.385153 -0.778067 -0.496255
f 6733/6733/6733 6734/6734/6734 6735/6735/6735
v 59.149028 41.984486 9.550832
vt 0.111111 0.166667
vn -0.385153 -0.778067 -0.496255
v 67.423618 32.993206 17.225992
vt 0.222222 0.333333
vn -0.385153 -0.778067 -0.496255
v 65.977161 32.993206 18.348616
vt 0.222222 0.166667
vn -0.385153 -0.778067 -0.496255
f 6736/6736/6736 6737/6737/6737 6738/6738/6738
v 60.595489 41.984486 8.428207
vt 0.111111 0.333333
vn -0.876705 -0.389193 0.282696
v 60.689211 40.776074 7.055804
vt 0.111111 0.500000
vn -0.876705 -0.389193 0.282696
v 67.565601 31.722107 15.915770
vt 0.222222 0.500000
vn -0.876705 -0.389193 0.282696
f 6739/6739/6739 6740/6740/6740 6741/6741/6741
v 60.595489 41.984486 8.428207
vt 0.111111 0.333333
vn -0.876705 -0.389193 0.282696
v 67.565601 31.722107 15.915770
vt 0.222222 0.500000
vn -0.876705 -0.389193 0.282696
v 67.423618 32.993206 17.225992
vt 0.222222 0.333333
vn -0.876705 -0.389193 0.282696
f 6742/6742/6742 6743/6743/6743 6744/6744/6744
v 60.689211 40.776074 7.055804
vt 0.111111 0.500000
vn -0.491422 0.389209 0.779115
v 59.336481 39.567663 6.806026
vt 0.111111 0.666667
vn -0.491422 0.389209 0.779115
v 66.261127 30.451010 15.728173
vt 0.222222 0.666667
vn -0.491422 0.389209 0.779115
f 6745/6745/6745 6746/6746/6746 6747/6747/6747
v 60.689211 40.776074 7.055804
vt 0.111111 0.500000
vn -0.491422 0.389209 0.779115
v 66.261127 30.451010 15.728173
vt 0.222222 0.666667
vn -0.491422 0.389209 0.779115
v 67.565601 31.722107 15.915770
vt 0.222222 0.500000
vn -0.491422 0.389209 0.779115
f 6748/6748/6748 6749/6749/6749 6750/6750/6750
v 59.336481 39.567663 6.806026
vt 0.111111 0.666667
vn 0.385109 0.778124 0.496199
v 57.890020 39.567663 7.928651
vt 0.111111 0.833333
vn 0.385109 0.778124 0.496199
v 64.814669 30.451010 16.850798
vt 0.222222 0.833333
vn 0.385109 0.778124 0.496199
f 6751/6751/6751 6752/6752/6752 6753/6753/6753
v 59.336481 39.567663 6.806026
vt 0.111111 0.666667
vn 0.385109 0.778124 0.496199
v 64.814669 30.451010 16.850798
vt 0.222222 0.833333
vn 0.385109 0.778124 0.496199
v 66.261127 30.451010 15.728173
vt 0.222222 0.666667
vn 0.385109 0.778124 0.496199
f 6754/6754/6754 6755/6755/6755 6756/6756/6756
v 57.890020 39.567663 7.928651
vt 0.111111 0.833333
vn 0.876694 0.389207 -0.282711
v 57.796297 40.776074 9.301055
vt 0.111111 1.000000
vn 0.876694 0.389207 -0.282711
v 64.672686 31.722107 18.161019
vt 0.222222 1.000000
vn 0.876694 0.389207 -0.282711
f 6757/6757/6757 6758/6758/6758 6759/6759/6759
v 57.890020 39.567663 7.928651
vt 0.111111 0.833333
vn 0.876694 0.389207 -0.282711
v 64.672686 31.722107 18.161019
vt 0.222222 1.000000
vn 0.876694 0.389207 -0.282711
v 64.814669 30.451010 16.850798
vt 0.222222 0.833333
vn 0.876694 0.389207 -0.282711
f 6760/6760/6760 6761/6761/6761 6762/6762/6762
v 64.672686 31.722107 18.161019
vt 0.222222 0.000000
vn 0.509322 -0.411330 -0.755910
v 65.977161 32.993206 18.348616
vt 0.222222 0.166667
vn 0.509322 -0.411330 -0.755910
v 73.843104 24.107202 28.483583
vt 0.333333 0.166667
vn 0.509322 -0.411330 -0.755910
f 6763/6763/6763 6764/6764/6764 6765/6765/6765
v 64.672686 31.722107 18.161019
vt 0.222222 0.000000
vn 0.509322 -0.411330 -0.755910
v 73.843104 24.107202 28.483583
vt 0.333333 0.166667
vn 0.509322 -0.411330 -0.755910
v 72.606987 22.760119 28.384055
vt 0.333333 0.000000
vn 0.509322 -0.411330 -0.755910
f 6766/6766/6766 6767/6767/6767 6768/6768/6768
v 65.977161 32.993206 18.348616
vt 0.222222 0.166667
vn -0.349108 -0.822067 -0.449811
v 67.423618 32.993206 17.225992
vt 0.222222 0.333333
vn -0.349108 -0.822067 -0.449811
v 75.289561 24.107202 27.360959
vt 0.333333 0.333333
vn -0.349108 -0.822067 -0.449811
f 6769/6769/6769 6770/6770/6770 6771/6771/6771
v 65.977161 32.993206 18.348616
vt 0.222222 0.166667
vn -0.349108 -0.822067 -0.449811
v 75.289561 24.107202 27.360959
vt 0.333333 0.333333
vn -0.349108 -0.822067 -0.449811
v 73.843104 24.107202 28.483583
vt 0.333333 0.166667
vn -0.349108 -0.822067 -0.449811
f 6772/6772/6772 6773/6773/6773 6774/6774/6774
v 67.423618 32.993206 17.225992
vt 0.222222 0.333333
vn -0.858657 -0.411330 0.305803
v 67.565601 31.722107 15.915770
vt 0.222222 0.500000
vn -0.858657 -0.411330 0.305803
v 75.499901 22.760119 26.138807
vt 0.333333 0.500000
vn -0.858657 -0.411330 0.305803
f 6775/6775/6775 6776/6776/6776 6777/6777/6777
v 67.423618 32.993206 17.225992
vt 0.222222 0.333333
vn -0.858657 -0.411330 0.305803
v 75.499901 22.760119 26.138807
vt 0.333333 0.500000
vn -0.858657 -0.411330 0.305803
v 75.289561 24.107202 27.360959
vt 0.333333 0.333333
vn -0.858657 -0.411330 0.305803
f 6778/6778/6778 6779/6779/6779 6780/6780/6780
v 67.565601 31.722107 15.915770
vt 0.222222 0.500000
vn -0.509336 0.411348 0.755890
v 66.261127 30.451010 15.728173
vt 0.222222 0.666667
vn -0.509336 0.411348 0.755890
v 74.263784 21.413037 26.039279
vt 0.333333 0.666667
vn -0.509336 0.411348 0.755890
f 6781/6781/6781 6782/6782/6782 6783/6783/6783
v 67.565601 31.722107 15.915770
vt 0.222222 0.500000
vn -0.509336 0.411348 0.755890
v 74.263784 21.413037 26.039279
vt 0.333333 0.666667
vn -0.509336 0.411348 0.755890
v 75.499901 22.760119 26.138807
vt 0.333333 0.500000
vn -0.509336 0.411348 0.755890
f 6784/6784/6784 6785/6785/6785 6786/6786/6786
v 66.261127 30.451010 15.728173
vt 0.222222 0.666667
vn 0.349043 0.822140 0.449728
v 64.814669 30.451010 16.850798
vt 0.222222 0.833333
vn 0.349043 0.822140 0.449728
v 72.817326 21.413037 27.161903
vt 0.333333 0.833333
vn 0.349043 0.822140 0.449728
f 6787/6787/6787 6788/6788/6788 6789/6789/6789
v 66.261127 30.451010 15.728173
vt 0.222222 0.666667
vn 0.349043 0.822140 0.449728
v 72.817326 21.413037 27.161903
vt 0.333333 0.833333
vn 0.349043 0.822140 0.449728
v 74.263784 21.413037 26.039279
vt 0.333333 0.666667
vn 0.349043 0.822140 0.449728
f 6790/6790/6790 6791/6791/6791 6792/6792/6792
v 64.814669 30.451010 16.850798
vt 0.222222 0.833333
vn 0.858641 0.411349 -0.305824
v 64.672686 31.722107 18.161019
vt 0.222222 1.000000
vn 0.858641 0.411349 -0.305824
v 72.606987 22.760119 28.384055
vt 0.333333 1.000000
vn 0.858641 0.411349 -0.305824
f 6793/6793/6793 6794/6794/6794 6795/6795/6795
v 64.814669 30.451010 16.850798
vt 0.222222 0.833333
vn 0.858641 0.411349 -0.305824
v 72.606987 22.760119 28.384055
vt 0.333333 1.000000
vn 0.858641 0.411349 -0.305824
v 72.817326 21.413037 27.161903
vt 0.333333 0.833333
vn 0.858641 0.411349 -0.305824
f 6796/6796/6796 6797/6797/6797 6798/6798/6798
v 72.606987 22.760119 28.384055
vt 0.333333 0.000000
vn 0.536096 -0.438710 -0.721204
v 73.843104 24.107202 28.483583
vt 0.333333 0.166667
vn 0.536096 -0.438710 -0.721204
v 81.683321 17.081013 38.585407
vt 0.444444 0.166667
vn 0.536096 -0.438710 -0.721204
f 6799/6799/6799 6800/6800/6800 6801/6801/6801
v 72.606987 22.760119 28.384055
vt 0.333333 0.000000
vn 0.536096 -0.438710 -0.721204
v 81.683321 17.081013 38.585407
vt 0.444444 0.166667
vn 0.536096 -0.438710 -0.721204
v 80.541279 15.650001 38.607091
vt 0.444444 0.000000
vn 0.536096 -0.438710 -0.721204
f 6802/6802/6802 6803/6803/6803 6804/6804/6804
v 73.843104 24.107202 28.483583
vt 0.333333 0.166667
vn -0.295255 -0.876414 -0.380425
v 75.289561 24.107202 27.360959
vt 0.333333 0.333333
vn -0.295255 -0.876414 -0.380425
v 83.129778 17.081013 37.462783
vt 0.444444 0.333333
vn -0.295255 -0.876414 -0.380425
f 6805/6805/6805 6806/6806/6806 6807/6807/6807
v 73.843104 24.107202 28.483583
vt 0.333333 0.166667
vn -0.295255 -0.876414 -0.380425
v 83.129778 17.081013 37.462783
vt 0.444444 0.333333
vn -0.295255 -0.876414 -0.380425
v 81.683321 17.081013 38.585407
vt 0.444444 0.166667
vn -0.295255 -0.876414 -0.380425
f 6808/6808/6808 6809/6809/6809 6810/6810/6810
v 75.289561 24.107202 27.360959
vt 0.333333 0.333333
vn -0.831681 -0.438711 0.340351
v 75.499901 22.760119 26.138807
vt 0.333333 0.500000
vn -0.831681 -0.438711 0.340351
v 83.434194 15.650001 36.361843
vt 0.444444 0.500000
vn -0.831681 -0.438711 0.340351
f 6811/6811/6811 6812/6812/6812 6813/6813/6813
v 75.289561 24.107202 27.360959
vt 0.333333 0.333333
vn -0.831681 -0.438711 0.340351
v 83.434194 15.650001 36.361843
vt 0.444444 0.500000
vn -0.831681 -0.438711 0.340351
v 83.129778 17.081013 37.462783
vt 0.444444 0.333333
vn -0.831681 -0.438711 0.340351
f 6814/6814/6814 6815/6815/6815 6816/6816/6816
v 75.499901 22.760119 26.138807
vt 0.333333 0.500000
vn -0.536100 0.438714 0.721198
v 74.263784 21.413037 26.039279
vt 0.333333 0.666667
vn -0.536100 0.438714 0.721198
v 82.292152 14.218989 36.383526
vt 0.444444 0.666667
vn -0.536100 0.438714 0.721198
f 6817/6817/6817 6818/6818/6818 6819/6819/6819
v 75.499901 22.760119 26.138807
vt 0.333333 0.500000
vn -0.536100 0.438714 0.721198
v 82.292152 14.218989 36.383526
vt 0.444444 0.666667
vn -0.536100 0.438714 0.721198
v 83.434194 15.650001 36.361843
vt 0.444444 0.500000
vn -0.536100 0.438714 0.721198
f 6820/6820/6820 6821/6821/6821 6822/6822/6822
v 74.263784 21.413037 26.039279
vt 0.333333 0.666667
vn 0.295232 0.876436 0.380391
v 72.817326 21.413037 27.161903
vt 0.333333 0.833333
vn 0.295232 0.876436 0.380391
v 80.845695 14.218989 37.506150
vt 0.444444 0.833333
vn 0.295232 0.876436 0.380391
f 6823/6823/6823 6824/6824/6824 6825/6825/6825
v 74.263784 21.413037 26.039279
vt 0.333333 0.666667
vn 0.295232 0.876436 0.380391
v 80.845695 14.218989 37.506150
vt 0.444444 0.833333
vn 0.295232 0.876436 0.380391
v 82.292152 14.218989 36.383526
vt 0.444444 0.666667
vn 0.295232 0.876436 0.380391
f 6826/6826/6826 6827/6827/6827 6828/6828/6828
v 72.817326 21.413037 27.161903
vt 0.333333 0.833333
vn 0.831675 0.438716 -0.340360
v 72.606987 22.760119 28.384055
vt 0.333333 1.000000
vn 0.831675 0.438716 -0.340360
v 80.541279 15.650001 38.607091
vt 0.444444 1.000000
vn 0.831675 0.438716 -0.340360
f 6829/6829/6829 6830/6830/6830 6831/6831/6831
v 72.817326 21.413037 27.161903
vt 0.333333 0.833333
vn 0.831675 0.438716 -0.340360
v 80.541279 15.650001 38.607091
vt 0.444444 1.000000
vn 0.831675 0.438716 -0.340360
v 80.845695 14.218989 37.506150
vt 0.444444 0.833333
vn 0.831675 0.438716 -0.340360
f 6832/6832/6832 6833/6833/6833 6834/6834/6834
v 80.541279 15.650001 38.607091
vt 0.444444 0.000000
vn 0.571021 -0.466119 -0.675772
v 81.683321 17.081013 38.585407
vt 0.444444 0.166667
vn 0.571021 -0.466119 -0.675772
v 88.425934 12.745369 47.273005
vt 0.555556 0.166667
vn 0.571021 -0.466119 -0.675772
f 6835/6835/6835 6836/6836/6836 6837/6837/6837
v 80.541279 15.650001 38.607091
vt 0.444444 0.000000
vn 0.571021 -0.466119 -0.675772
v 88.425934 12.745369 47.273005
vt 0.555556 0.166667
vn 0.571021 -0.466119 -0.675772
v 87.417672 11.229363 47.467059
vt 0.555556 0.000000
vn 0.571021 -0.466119 -0.675772
f 6838/6838/6838 6839/6839/6839 6840/6840/6840
v 81.683321 17.081013 38.585407
vt 0.444444 0.166667
vn -0.224879 -0.930309 -0.289749
v 83.129778 17.081013 37.462783
vt 0.444444 0.333333
vn -0.224879 -0.930309 -0.289749
v 89.872399 12.745369 46.150381
vt 0.555556 0.333333
vn -0.224879 -0.930309 -0.289749
f 6841/6841/6841 6842/6842/6842 6843/6843/6843
v 81.683321 17.081013 38.585407
vt 0.444444 0.166667
vn -0.224879 -0.930309 -0.289749
v 89.872399 12.745369 46.150381
vt 0.555556 0.333333
vn -0.224879 -0.930309 -0.289749
v 88.425934 12.745369 47.273005
vt 0.555556 0.166667
vn -0.224879 -0.930309 -0.289749
f 6844/6844/6844 6845/6845/6845 6846/6846/6846
v 83.129778 17.081013 37.462783
vt 0.444444 0.333333
vn -0.796339 -0.466117 0.385459
v 83.434194 15.650001 36.361843
vt 0.444444 0.500000
vn -0.796339 -0.466117 0.385459
v 90.310587 11.229363 45.221811
vt 0.555556 0.500000
vn -0.796339 -0.466117 0.385459
f 6847/6847/6847 6848/6848/6848 6849/6849/6849
v 83.129778 17.081013 37.462783
vt 0.444444 0.333333
vn -0.796339 -0.466117 0.385459
v 90.310587 11.229363 45.221811
vt 0.555556 0.500000
vn -0.796339 -0.466117 0.385459
v 89.872399 12.745369 46.150381
vt 0.555556 0.333333
vn -0.796339 -0.466117 0.385459
f 6850/6850/6850 6851/6851/6851 6852/6852/6852
v 83.434194 15.650001 36.361843
vt 0.444444 0.500000
vn -0.571042 0.466131 0.675746
v 82.292152 14.218989 36.383526
vt 0.444444 0.666667
vn -0.571042 0.466131 0.675746
v 89.302325 9.713358 45.415865
vt 0.555556 0.666667
vn -0.571042 0.466131 0.675746
f 6853/6853/6853 6854/6854/6854 6855/6855/6855
v 83.434194 15.650001 36.361843
vt 0.444444 0.500000
vn -0.571042 0.466131 0.675746
v 89.302325 9.713358 45.415865
vt 0.555556 0.666667
vn -0.571042 0.466131 0.675746
v 90.310587 11.229363 45.221811
vt 0.555556 0.500000
vn -0.571042 0.466131 0.675746
f 6856/6856/6856 6857/6857/6857 6858/6858/6858
v 82.292152 14.218989 36.383526
vt 0.444444 0.666667
vn 0.224790 0.930366 0.289634
v 80.845695 14.218989 37.506150
vt 0.444444 0.833333
vn 0.224790 0.930366 0.289634
v 87.855860 9.713358 46.538489
vt 0.555556 0.833333
vn 0.224790 0.930366 0.289634
f 6859/6859/6859 6860/6860/6860 6861/6861/6861
v 82.292152 14.218989 36.383526
vt 0.444444 0.666667
vn 0.224790 0.930366 0.289634
v 87.855860 9.713358 46.538489
vt 0.555556 0.833333
vn 0.224790 0.930366 0.289634
v 89.302325 9.713358 45.415865
vt 0.555556 0.666667
vn 0.224790 0.930366 0.289634
f 6862/6862/6862 6863/6863/6863 6864/6864/6864
v 80.845695 14.218989 37.506150
vt 0.444444 0.833333
vn 0.796316 0.466132 -0.385489
v 80.541279 15.650001 38.607091
vt 0.444444 1.000000
vn 0.796316 0.466132 -0.385489
v 87.417672 11.229363 47.467059
vt 0.555556 1.000000
vn 0.796316 0.466132 -0.385489
f 6865/6865/6865 6866/6866/6866 6867/6867/6867
v 80.845695 14.218989 37.506150
vt 0.444444 0.833333
vn 0.796316 0.466132 -0.385489
v 87.417672 11.229363 47.467059
vt 0.555556 1.000000
vn 0.796316 0.466132 -0.385489
v 87.855860 9.713358 46.538489
vt 0.555556 0.833333
vn 0.796316 0.466132 -0.385489
f 6868/6868/6868 6869/6869/6869 6870/6870/6870
v 87.417672 11.229363 47.467059
vt 0.555556 0.000000
vn 0.621500 -0.492459 -0.609280
v 88.425934 12.745369 47.273005
vt 0.555556 0.166667
vn 0.621500 -0.492459 -0.609280
v 94.024573 10.882735 54.486630
vt 0.666667 0.166667
vn 0.621500 -0.492459 -0.609280
f 6871/6871/6871 6872/6872/6872 6873/6873/6873
v 87.417672 11.229363 47.467059
vt 0.555556 0.000000
vn 0.621500 -0.492459 -0.609280
v 94.024573 10.882735 54.486630
vt 0.666667 0.166667
vn 0.621500 -0.492459 -0.609280
v 93.236158 9.300618 54.963952
vt 0.666667 0.000000
vn 0.621500 -0.492459 -0.609280
f 6874/6874/6874 6875/6875/6875 6876/6876/6876
v 88.425934 12.745369 47.273005
vt 0.555556 0.166667
vn -0.122543 -0.979823 -0.157893
v 89.872399 12.745369 46.150381
vt 0.555556 0.333333
vn -0.122543 -0.979823 -0.157893
v 95.471030 10.882735 53.364002
vt 0.666667 0.333333
vn -0.122543 -0.979823 -0.157893
f 6877/6877/6877 6878/6878/6878 6879/6879/6879
v 88.425934 12.745369 47.273005
vt 0.555556 0.166667
vn -0.122543 -0.979823 -0.157893
v 95.471030 10.882735 53.364002
vt 0.666667 0.333333
vn -0.122543 -0.979823 -0.157893
v 94.024573 10.882735 54.486630
vt 0.666667 0.166667
vn -0.122543 -0.979823 -0.157893
f 6880/6880/6880 6881/6881/6881 6882/6882/6882
v 89.872399 12.745369 46.150381
vt 0.555556 0.333333
vn -0.744452 -0.492457 0.450863
v 90.310587 11.229363 45.221811
vt 0.555556 0.500000
vn -0.744452 -0.492457 0.450863
v 96.129073 9.300618 52.718703
vt 0.666667 0.500000
vn -0.744452 -0.492457 0.450863
f 6883/6883/6883 6884/6884/6884 6885/6885/6885
v 89.872399 12.745369 46.150381
vt 0.555556 0.333333
vn -0.744452 -0.492457 0.450863
v 96.129073 9.300618 52.718703
vt 0.666667 0.500000
vn -0.744452 -0.492457 0.450863
v 95.471030 10.882735 53.364002
vt 0.666667 0.333333
vn -0.744452 -0.492457 0.450863
f 6886/6886/6886 6887/6887/6887 6888/6888/6888
v 90.310587 11.229363 45.221811
vt 0.555556 0.500000
vn -0.621710 0.492520 0.609016
v 89.302325 9.713358 45.415865
vt 0.555556 0.666667
vn -0.621710 0.492520 0.609016
v 95.340658 7.718501 53.196025
vt 0.666667 0.666667
vn -0.621710 0.492520 0.609016
f 6889/6889/6889 6890/6890/6890 6891/6891/6891
v 90.310587 11.229363 45.221811
vt 0.555556 0.500000
vn -0.621710 0.492520 0.609016
v 95.340658 7.718501 53.196025
vt 0.666667 0.666667
vn -0.621710 0.492520 0.609016
v 96.129073 9.300618 52.718703
vt 0.666667 0.500000
vn -0.621710 0.492520 0.609016
f 6892/6892/6892 6893/6893/6893 6894/6894/6894
v 89.302325 9.713358 45.415865
vt 0.555556 0.666667
vn 0.121719 0.980096 0.156830
v 87.855860 9.713358 46.538489
vt 0.555556 0.833333
vn 0.121719 0.980096 0.156830
v 93.894200 7.718501 54.318653
vt 0.666667 0.833333
vn 0.121719 0.980096 0.156830
f 6895/6895/6895 6896/6896/6896 6897/6897/6897
v 89.302325 9.713358 45.415865
vt 0.555556 0.666667
vn 0.121719 0.980096 0.156830
v 93.894200 7.718501 54.318653
vt 0.666667 0.833333
vn 0.121719 0.980096 0.156830
v 95.340658 7.718501 53.196025
vt 0.666667 0.666667
vn 0.121719 0.980096 0.156830
f 6898/6898/6898 6899/6899/6899 6900/6900/6900
v 87.855860 9.713358 46.538489
vt 0.555556 0.833333
vn 0.744248 0.492521 -0.451130
v 87.417672 11.229363 47.467059
vt 0.555556 1.000000
vn 0.744248 0.492521 -0.451130
v 93.236158 9.300618 54.963952
vt 0.666667 1.000000
vn 0.744248 0.492521 -0.451130
f 6901/6901/6901 6902/6902/6902 6903/6903/6903
v 87.855860 9.713358 46.538489
vt 0.555556 0.833333
vn 0.744248 0.492521 -0.451130
v 93.236158 9.300618 54.963952
vt 0.666667 1.000000
vn 0.744248 0.492521 -0.451130
v 93.894200 7.718501 54.318653
vt 0.666667 0.833333
vn 0.744248 0.492521 -0.451130
f 6904/6904/6904 6905/6905/6905 6906/6906/6906
v 93.236158 9.300618 54.963952
vt 0.666667 0.000000
vn 0.713052 -0.501388 -0.490069
v 94.024573 10.882735 54.486630
vt 0.666667 0.166667
vn 0.713052 -0.501388 -0.490069
v 98.512144 11.618918 60.268691
vt 0.777778 0.166667
vn 0.713052 -0.501388 -0.490069
f 6907/6907/6907 6908/6908/6908 6909/6909/6909
v 93.236158 9.300618 54.963952
vt 0.666667 0.000000
vn 0.713052 -0.501388 -0.490069
v 98.512144 11.618918 60.268691
vt 0.777778 0.166667
vn 0.713052 -0.501388 -0.490069
v 97.996737 10.069883 61.097772
vt 0.777778 0.000000
vn 0.713052 -0.501388 -0.490069
f 6910/6910/6910 6911/6911/6911 6912/6912/6912
v 94.024573 10.882735 54.486630
vt 0.666667 0.166667
vn 0.061360 -0.994980 0.079060
v 95.471030 10.882735 53.364002
vt 0.666667 0.333333
vn 0.061360 -0.994980 0.079060
v 99.958601 11.618918 59.146067
vt 0.777778 0.333333
vn 0.061360 -0.994980 0.079060
f 6913/6913/6913 6914/6914/6914 6915/6915/6915
v 94.024573 10.882735 54.486630
vt 0.666667 0.166667
vn 0.061360 -0.994980 0.079060
v 99.958601 11.618918 59.146067
vt 0.777778 0.333333
vn 0.061360 -0.994980 0.079060
v 98.512144 11.618918 60.268691
vt 0.777778 0.166667
vn 0.061360 -0.994980 0.079060
f 6916/6916/6916 6917/6917/6917 6918/6918/6918
v 95.471030 10.882735 53.364002
vt 0.666667 0.333333
vn -0.651688 -0.501387 0.569134
v 96.129073 9.300618 52.718703
vt 0.666667 0.500000
vn -0.651688 -0.501387 0.569134
v 100.889651 10.069883 58.852524
vt 0.777778 0.500000
vn -0.651688 -0.501387 0.569134
f 6919/6919/6919 6920/6920/6920 6921/6921/6921
v 95.471030 10.882735 53.364002
vt 0.666667 0.333333
vn -0.651688 -0.501387 0.569134
v 100.889651 10.069883 58.852524
vt 0.777778 0.500000
vn -0.651688 -0.501387 0.569134
v 99.958601 11.618918 59.146067
vt 0.777778 0.333333
vn -0.651688 -0.501387 0.569134
f 6922/6922/6922 6923/6923/6923 6924/6924/6924
v 96.129073 9.300618 52.718703
vt 0.666667 0.500000
vn -0.712625 0.501444 0.490632
v 95.340658 7.718501 53.196025
vt 0.666667 0.666667
vn -0.712625 0.501444 0.490632
v 100.374244 8.520848 59.681606
vt 0.777778 0.666667
vn -0.712625 0.501444 0.490632
f 6925/6925/6925 6926/6926/6926 6927/6927/6927
v 96.129073 9.300618 52.718703
vt 0.666667 0.500000
vn -0.712625 0.501444 0.490632
v 100.374244 8.520848 59.681606
vt 0.777778 0.666667
vn -0.712625 0.501444 0.490632
v 100.889651 10.069883 58.852524
vt 0.777778 0.500000
vn -0.712625 0.501444 0.490632
f 6928/6928/6928 6929/6929/6929 6930/6930/6930
v 95.340658 7.718501 53.196025
vt 0.666667 0.666667
vn -0.059637 0.995258 -0.076839
v 93.894200 7.718501 54.318653
vt 0.666667 0.833333
vn -0.059637 0.995258 -0.076839
v 98.927787 8.520848 60.804230
vt 0.777778 0.833333
vn -0.059637 0.995258 -0.076839
f 6931/6931/6931 6932/6932/6932 6933/6933/6933
v 95.340658 7.718501 53.196025
vt 0.666667 0.666667
vn -0.059637 0.995258 -0.076839
v 98.927787 8.520848 60.804230
vt 0.777778 0.833333
vn -0.059637 0.995258 -0.076839
v 100.374244 8.520848 59.681606
vt 0.777778 0.666667
vn -0.059637 0.995258 -0.076839
f 6934/6934/6934 6935/6935/6935 6936/6936/6936
v 93.894200 7.718501 54.318653
vt 0.666667 0.833333
vn 0.652128 0.501446 -0.568579
v 93.236158 9.300618 54.963952
vt 0.666667 1.000000
vn 0.652128 0.501446 -0.568579
v 97.996737 10.069883 61.097772
vt 0.777778 1.000000
vn 0.652128 0.501446 -0.568579
f 6937/6937/6937 6938/6938/6938 6939/6939/6939
v 93.894200 7.718501 54.318653
vt 0.666667 0.833333
vn 0.652128 0.501446 -0.568579
v 97.996737 10.069883 61.097772
vt 0.777778 1.000000
vn 0.652128 0.501446 -0.568579
v 98.927787 8.520848 60.804230
vt 0.777778 0.833333
vn 0.652128 0.501446 -0.568579
f 6940/6940/6940 6941/6941/6941 6942/6942/6942
v 97.996737 10.069883 61.097772
vt 0.777778 0.000000
vn 0.790842 -0.470753 -0.391101
v 98.512144 11.618918 60.268691
vt 0.777778 0.166667
vn 0.790842 -0.470753 -0.391101
v 102.007875 13.755200 64.772808
vt 0.888889 0.166667
vn 0.790842 -0.470753 -0.391101
f 6943/6943/6943 6944/6944/6944 6945/6945/6945
v 97.996737 10.069883 61.097772
vt 0.777778 0.000000
vn 0.790842 -0.470753 -0.391101
v 102.007875 13.755200 64.772808
vt 0.888889 0.166667
vn 0.790842 -0.470753 -0.391101
v 101.699408 12.321051 65.868525
vt 0.888889 0.000000
vn 0.790842 -0.470753 -0.391101
f 6946/6946/6946 6947/6947/6947 6948/6948/6948
v 98.512144 11.618918 60.268691
vt 0.777778 0.166667
vn 0.215125 -0.936425 0.277182
v 99.958601 11.618918 59.146067
vt 0.777778 0.333333
vn 0.215125 -0.936425 0.277182
v 103.454332 13.755200 63.650184
vt 0.888889 0.333333
vn 0.215125 -0.936425 0.277182
f 6949/6949/6949 6950/6950/6950 6951/6951/6951
v 98.512144 11.618918 60.268691
vt 0.777778 0.166667
vn 0.215125 -0.936425 0.277182
v 103.454332 13.755200 63.650184
vt 0.888889 0.333333
vn 0.215125 -0.936425 0.277182
v 102.007875 13.755200 64.772808
vt 0.888889 0.166667
vn 0.215125 -0.936425 0.277182
f 6952/6952/6952 6953/6953/6953 6954/6954/6954
v 99.958601 11.618918 59.146067
vt 0.777778 0.333333
vn -0.575121 -0.470753 0.669050
v 100.889651 10.069883 58.852524
vt 0.777778 0.500000
vn -0.575121 -0.470753 0.669050
v 104.592323 12.321051 63.623277
vt 0.888889 0.500000
vn -0.575121 -0.470753 0.669050
f 6955/6955/6955 6956/6956/6956 6957/6957/6957
v 99.958601 11.618918 59.146067
vt 0.777778 0.333333
vn -0.575121 -0.470753 0.669050
v 104.592323 12.321051 63.623277
vt 0.888889 0.500000
vn -0.575121 -0.470753 0.669050
v 103.454332 13.755200 63.650184
vt 0.888889 0.333333
vn -0.575121 -0.470753 0.669050
f 6958/6958/6958 6959/6959/6959 6960/6960/6960
v 100.889651 10.069883 58.852524
vt 0.777778 0.500000
vn -0.790388 0.471016 0.391702
v 100.374244 8.520848 59.681606
vt 0.777778 0.666667
vn -0.790388 0.471016 0.391702
v 104.283856 10.886903 64.718995
vt 0.888889 0.666667
vn -0.790388 0.471016 0.391702
f 6961/6961/6961 6962/6962/6962 6963/6963/6963
v 100.889651 10.069883 58.852524
vt 0.777778 0.500000
vn -0.790388 0.471016 0.391702
v 104.283856 10.886903 64.718995
vt 0.888889 0.666667
vn -0.790388 0.471016 0.391702
v 104.592323 12.321051 63.623277
vt 0.888889 0.500000
vn -0.790388 0.471016 0.391702
f 6964/6964/6964 6965/6965/6965 6966/6966/6966
v 100.374244 8.520848 59.681606
vt 0.777778 0.666667
vn -0.213293 0.937539 -0.274822
v 98.927787 8.520848 60.804230
vt 0.777778 0.833333
vn -0.213293 0.937539 -0.274822
v 102.837399 10.886903 65.841619
vt 0.888889 0.833333
vn -0.213293 0.937539 -0.274822
f 6967/6967/6967 6968/6968/6968 6969/6969/6969
v 100.374244 8.520848 59.681606
vt 0.777778 0.666667
vn -0.213293 0.937539 -0.274822
v 102.837399 10.886903 65.841619
vt 0.888889 0.833333
vn -0.213293 0.937539 -0.274822
v 104.283856 10.886903 64.718995
vt 0.888889 0.666667
vn -0.213293 0.937539 -0.274822
f 6970/6970/6970 6971/6971/6971 6972/6972/6972
v 98.927787 8.520848 60.804230
vt 0.777778 0.833333
vn 0.575591 0.471017 -0.668460
v 97.996737 10.069883 61.097772
vt 0.777778 1.000000
vn 0.575591 0.471017 -0.668460
v 101.699408 12.321051 65.868525
vt 0.888889 1.000000
vn 0.575591 0.471017 -0.668460
f 6973/6973/6973 6974/6974/6974 6975/6975/6975
v 98.927787 8.520848 60.804230
vt 0.777778 0.833333
vn 0.575591 0.471017 -0.668460
v 101.699408 12.321051 65.868525
vt 0.888889 1.000000
vn 0.575591 0.471017 -0.668460
v 102.837399 10.886903 65.841619
vt 0.888889 0.833333
vn 0.575591 0.471017 -0.668460
f 6976/6976/6976 6977/6977/6977 6978/6978/6978
v 101.699408 12.321051 65.868525
vt 0.888889 0.000000
vn 0.843917 -0.427513 -0.324095
v 102.007875 13.755200 64.772808
vt 0.888889 0.166667
vn 0.843917 -0.427513 -0.324095
v 104.561000 16.306697 68.062413
vt 1.000000 0.166667
vn 0.843917 -0.427513 -0.324095
f 6979/6979/6979 6980/6980/6980 6981/6981/6981
v 101.699408 12.321051 65.868525
vt 0.888889 0.000000
vn 0.843917 -0.427513 -0.324095
v 104.561000 16.306697 68.062413
vt 1.000000 0.166667
vn 0.843917 -0.427513 -0.324095
v 104.344172 14.953098 69.276203
vt 1.000000 0.000000
vn 0.843917 -0.427513 -0.324095
f 6982/6982/6982 6983/6983/6983 6984/6984/6984
v 102.007875 13.755200 64.772808
vt 0.888889 0.166667
vn 0.320330 -0.852665 0.412735
v 103.454332 13.755200 63.650184
vt 0.888889 0.333333
vn 0.320330 -0.852665 0.412735
v 106.007457 16.306697 66.939789
vt 1.000000 0.333333
vn 0.320330 -0.852665 0.412735
f 6985/6985/6985 6986/6986/6986 6987/6987/6987
v 102.007875 13.755200 64.772808
vt 0.888889 0.166667
vn 0.320330 -0.852665 0.412735
v 106.007457 16.306697 66.939789
vt 1.000000 0.333333
vn 0.320330 -0.852665 0.412735
v 104.561000 16.306697 68.062413
vt 1.000000 0.166667
vn 0.320330 -0.852665 0.412735
f 6988/6988/6988 6989/6989/6989 6990/6990/6990
v 103.454332 13.755200 63.650184
vt 0.888889 0.333333
vn -0.523381 -0.427513 0.737093
v 104.592323 12.321051 63.623277
vt 0.888889 0.500000
vn -0.523381 -0.427513 0.737093
v 107.237087 14.953098 67.030955
vt 1.000000 0.500000
vn -0.523381 -0.427513 0.737093
f 6991/6991/6991 6992/6992/6992 6993/6993/6993
v 103.454332 13.755200 63.650184
vt 0.888889 0.333333
vn -0.523381 -0.427513 0.737093
v 107.237087 14.953098 67.030955
vt 1.000000 0.500000
vn -0.523381 -0.427513 0.737093
v 106.007457 16.306697 66.939789
vt 1.000000 0.333333
vn -0.523381 -0.427513 0.737093
f 6994/6994/6994 6995/6995/6995 6996/6996/6996
v 104.592323 12.321051 63.623277
vt 0.888889 0.500000
vn -0.843450 0.427952 0.324728
v 104.283856 10.886903 64.718995
vt 0.888889 0.666667
vn -0.843450 0.427952 0.324728
v 107.020259 13.599499 68.244744
vt 1.000000 0.666667
vn -0.843450 0.427952 0.324728
f 6997/6997/6997 6998/6998/6998 6999/6999/6999
v 104.592323 12.321051 63.623277
vt 0.888889 0.500000
vn -0.843450 0.427952 0.324728
v 107.020259 13.599499 68.244744
vt 1.000000 0.666667
vn -0.843450 0.427952 0.324728
v 107.237087 14.953098 67.030955
vt 1.000000 0.500000
vn -0.843450 0.427952 0.324728
f 7000/7000/7000 7001/7001/7001 7002/7002/7002
v 104.283856 10.886903 64.718995
vt 0.888889 0.666667
vn -0.318446 0.854543 -0.410303
v 102.837399 10.886903 65.841619
vt 0.888889 0.833333
vn -0.318446 0.854543 -0.410303
v 105.573802 13.599499 69.367368
vt 1.000000 0.833333
vn -0.318446 0.854543 -0.410303
f 7003/7003/7003 7004/7004/7004 7005/7005/7005
v 104.283856 10.886903 64.718995
vt 0.888889 0.666667
vn -0.318446 0.854543 -0.410303
v 105.573802 13.599499 69.367368
vt 1.000000 0.833333
vn -0.318446 0.854543 -0.410303
v 107.020259 13.599499 68.244744
vt 1.000000 0.666667
vn -0.318446 0.854543 -0.410303
f 7006/7006/7006 7007/7007/7007 7008/7008/7008
v 102.837399 10.886903 65.841619
vt 0.888889 0.833333
vn 0.523880 0.427953 -0.736482
v 101.699408 12.321051 65.868525
vt 0.888889 1.000000
vn 0.523880 0.427953 -0.736482
v 104.344172 14.953098 69.276203
vt 1.000000 1.000000
vn 0.523880 0.427953 -0.736482
f 7009/7009/7009 7010/7010/7010 7011/7011/7011
v 102.837399 10.886903 65.841619
vt 0.888889 0.833333
vn 0.523880 0.427953 -0.736482
v 104.344172 14.953098 69.276203
vt 1.000000 1.000000
vn 0.523880 0.427953 -0.736482
v 105.573802 13.599499 69.367368
vt 1.000000 0.833333
vn 0.523880 0.427953 -0.736482
f 7012/7012/7012 7013/7013/7013 7014/7014/7014
v 51.448858 50.047106 1.122625
vt 0.740000 0.084308
vn 0.456748 -0.667121 0.588499
v 51.523497 48.865850 -0.274370
vt 0.980000 0.500000
vn 0.456748 -0.667121 0.588499
v 52.969954 48.865850 -1.396995
vt 0.740000 0.915692
vn 0.456748 -0.667121 0.588499
f 7015/7015/7015 7016/7016/7016 7017/7017/7017
v 52.969954 48.865850 -1.396995
vt 0.740000 0.915692
vn 0.456748 -0.667121 0.588499
v 54.341772 50.047106 -1.122625
vt 0.260000 0.915692
vn 0.456748 -0.667121 0.588499
v 54.267133 51.228363 0.274370
vt 0.020000 0.500000
vn 0.456748 -0.667121 0.588499
f 7018/7018/7018 7019/7019/7019 7020/7020/7020
v 54.267133 51.228363 0.274370
vt 0.020000 0.500000
vn 0.456748 -0.667121 0.588499
v 52.820676 51.228363 1.396995
vt 0.260000 0.084308
vn 0.456748 -0.667121 0.588499
v 51.448858 50.047106 1.122625
vt 0.740000 0.084308
vn 0.456748 -0.667121 0.588499
f 7021/7021/7021 7022/7022/7022 7023/7023/7023
v 52.969954 48.865850 -1.396995
vt 0.740000 0.915692
vn 0.456748 -0.667121 0.588499
v 54.267133 51.228363 0.274370
vt 0.020000 0.500000
vn 0.456748 -0.667121 0.588499
v 51.448858 50.047106 1.122625
vt 0.740000 0.084308
vn 0.456748 -0.667121 0.588499
f 7024/7024/7024 7025/7025/7025 7026/7026/7026
v 105.573802 13.599499 69.367368
vt 0.740000 0.084308
vn -0.523384 -0.520870 -0.674361
v 104.344172 14.953098 69.276203
vt 0.980000 0.500000
vn -0.523384 -0.520870 -0.674361
v 104.561000 16.306697 68.062413
vt 0.740000 0.915692
vn -0.523384 -0.520870 -0.674361
f 7027/7027/7027 7028/7028/7028 7029/7029/7029
v 104.561000 16.306697 68.062413
vt 0.740000 0.915692
vn -0.523384 -0.520870 -0.674361
v 106.007457 16.306697 66.939789
vt 0.260000 0.915692
vn -0.523384 -0.520870 -0.674361
v 107.237087 14.953098 67.030955
vt 0.020000 0.500000
vn -0.523384 -0.520870 -0.674361
f 7030/7030/7030 7031/7031/7031 7032/7032/7032
v 107.237087 14.953098 67.030955
vt 0.020000 0.500000
vn -0.523384 -0.520870 -0.674361
v 107.020259 13.599499 68.244744
vt 0.260000 0.084308
vn -0.523384 -0.520870 -0.674361
v 105.573802 13.599499 69.367368
vt 0.740000 0.084308
vn -0.523384 -0.520870 -0.674361
f 7033/7033/7033 7034/7034/7034 7035/7035/7035
v 104.561000 16.306697 68.062413
vt 0.740000 0.915692
vn -0.523384 -0.520870 -0.674361
v 107.237087 14.953098 67.030955
vt 0.020000 0.500000
vn -0.523384 -0.520870 -0.674361
v 105.573802 13.599499 69.367368
vt 0.740000 0.084308
vn -0.523384 -0.520870 -0.674361
f 7036/7036/7036 7037/7037/7037 7038/7038/7038
o Glazed_hip_ridge_(-1,_-1)
usemtl Photographed tiles
v -54.341772 50.047106 -1.122625
vt 0.000000 0.000000
vn 0.888665 -0.372514 0.267410
v -54.267133 51.228363 0.274370
vt 0.000000 0.166667
vn 0.888665 -0.372514 0.267410
v -60.595489 41.984486 8.428207
vt 0.111111 0.166667
vn 0.888665 -0.372514 0.267410
f 7039/7039/7039 7040/7040/7040 7041/7041/7041
v -54.341772 50.047106 -1.122625
vt 0.000000 0.000000
vn 0.888665 -0.372514 0.267410
v -60.595489 41.984486 8.428207
vt 0.111111 0.166667
vn 0.888665 -0.372514 0.267410
v -60.689211 40.776074 7.055804
vt 0.111111 0.000000
vn 0.888665 -0.372514 0.267410
f 7042/7042/7042 7043/7043/7043 7044/7044/7044
v -54.267133 51.228363 0.274370
vt 0.000000 0.166667
vn 0.409046 -0.744924 -0.527040
v -52.820676 51.228363 1.396995
vt 0.000000 0.333333
vn 0.409046 -0.744924 -0.527040
v -59.149028 41.984486 9.550832
vt 0.111111 0.333333
vn 0.409046 -0.744924 -0.527040
f 7045/7045/7045 7046/7046/7046 7047/7047/7047
v -54.267133 51.228363 0.274370
vt 0.000000 0.166667
vn 0.409046 -0.744924 -0.527040
v -59.149028 41.984486 9.550832
vt 0.111111 0.333333
vn 0.409046 -0.744924 -0.527040
v -60.595489 41.984486 8.428207
vt 0.111111 0.166667
vn 0.409046 -0.744924 -0.527040
f 7048/7048/7048 7049/7049/7049 7050/7050/7050
v -52.820676 51.228363 1.396995
vt 0.000000 0.333333
vn -0.479577 -0.372515 -0.794505
v -51.448858 50.047106 1.122625
vt 0.000000 0.500000
vn -0.479577 -0.372515 -0.794505
v -57.796297 40.776074 9.301055
vt 0.111111 0.500000
vn -0.479577 -0.372515 -0.794505
f 7051/7051/7051 7052/7052/7052 7053/7053/7053
v -52.820676 51.228363 1.396995
vt 0.000000 0.333333
vn -0.479577 -0.372515 -0.794505
v -57.796297 40.776074 9.301055
vt 0.111111 0.500000
vn -0.479577 -0.372515 -0.794505
v -59.149028 41.984486 9.550832
vt 0.111111 0.333333
vn -0.479577 -0.372515 -0.794505
f 7054/7054/7054 7055/7055/7055 7056/7056/7056
v -51.448858 50.047106 1.122625
vt 0.000000 0.500000
vn -0.888655 0.372528 -0.267423
v -51.523497 48.865850 -0.274370
vt 0.000000 0.666667
vn -0.888655 0.372528 -0.267423
v -57.890020 39.567663 7.928651
vt 0.111111 0.666667
vn -0.888655 0.372528 -0.267423
f 7057/7057/7057 7058/7058/7058 7059/7059/7059
v -51.448858 50.047106 1.122625
vt 0.000000 0.500000
vn -0.888655 0.372528 -0.267423
v -57.890020 39.567663 7.928651
vt 0.111111 0.666667
vn -0.888655 0.372528 -0.267423
v -57.796297 40.776074 9.301055
vt 0.111111 0.500000
vn -0.888655 0.372528 -0.267423
f 7060/7060/7060 7061/7061/7061 7062/7062/7062
v -51.523497 48.865850 -0.274370
vt 0.000000 0.666667
vn -0.409010 0.744976 0.526994
v -52.969954 48.865850 -1.396995
vt 0.000000 0.833333
vn -0.409010 0.744976 0.526994
v -59.336481 39.567663 6.806026
vt 0.111111 0.833333
vn -0.409010 0.744976 0.526994
f 7063/7063/7063 7064/7064/7064 7065/7065/7065
v -51.523497 48.865850 -0.274370
vt 0.000000 0.666667
vn -0.409010 0.744976 0.526994
v -59.336481 39.567663 6.806026
vt 0.111111 0.833333
vn -0.409010 0.744976 0.526994
v -57.890020 39.567663 7.928651
vt 0.111111 0.666667
vn -0.409010 0.744976 0.526994
f 7066/7066/7066 7067/7067/7067 7068/7068/7068
v -52.969954 48.865850 -1.396995
vt 0.000000 0.833333
vn 0.479582 0.372528 0.794496
v -54.341772 50.047106 -1.122625
vt 0.000000 1.000000
vn 0.479582 0.372528 0.794496
v -60.689211 40.776074 7.055804
vt 0.111111 1.000000
vn 0.479582 0.372528 0.794496
f 7069/7069/7069 7070/7070/7070 7071/7071/7071
v -52.969954 48.865850 -1.396995
vt 0.000000 0.833333
vn 0.479582 0.372528 0.794496
v -60.689211 40.776074 7.055804
vt 0.111111 1.000000
vn 0.479582 0.372528 0.794496
v -59.336481 39.567663 6.806026
vt 0.111111 0.833333
vn 0.479582 0.372528 0.794496
f 7072/7072/7072 7073/7073/7073 7074/7074/7074
v -60.689211 40.776074 7.055804
vt 0.111111 0.000000
vn 0.876705 -0.389193 0.282696
v -60.595489 41.984486 8.428207
vt 0.111111 0.166667
vn 0.876705 -0.389193 0.282696
v -67.423618 32.993206 17.225992
vt 0.222222 0.166667
vn 0.876705 -0.389193 0.282696
f 7075/7075/7075 7076/7076/7076 7077/7077/7077
v -60.689211 40.776074 7.055804
vt 0.111111 0.000000
vn 0.876705 -0.389193 0.282696
v -67.423618 32.993206 17.225992
vt 0.222222 0.166667
vn 0.876705 -0.389193 0.282696
v -67.565601 31.722107 15.915770
vt 0.222222 0.000000
vn 0.876705 -0.389193 0.282696
f 7078/7078/7078 7079/7079/7079 7080/7080/7080
v -60.595489 41.984486 8.428207
vt 0.111111 0.166667
vn 0.385153 -0.778067 -0.496255
v -59.149028 41.984486 9.550832
vt 0.111111 0.333333
vn 0.385153 -0.778067 -0.496255
v -65.977161 32.993206 18.348616
vt 0.222222 0.333333
vn 0.385153 -0.778067 -0.496255
f 7081/7081/7081 7082/7082/7082 7083/7083/7083
v -60.595489 41.984486 8.428207
vt 0.111111 0.166667
vn 0.385153 -0.778067 -0.496255
v -65.977161 32.993206 18.348616
vt 0.222222 0.333333
vn 0.385153 -0.778067 -0.496255
v -67.423618 32.993206 17.225992
vt 0.222222 0.166667
vn 0.385153 -0.778067 -0.496255
f 7084/7084/7084 7085/7085/7085 7086/7086/7086
v -59.149028 41.984486 9.550832
vt 0.111111 0.333333
vn -0.491411 -0.389194 -0.779130
v -57.796297 40.776074 9.301055
vt 0.111111 0.500000
vn -0.491411 -0.389194 -0.779130
v -64.672686 31.722107 18.161019
vt 0.222222 0.500000
vn -0.491411 -0.389194 -0.779130
f 7087/7087/7087 7088/7088/7088 7089/7089/7089
v -59.149028 41.984486 9.550832
vt 0.111111 0.333333
vn -0.491411 -0.389194 -0.779130
v -64.672686 31.722107 18.161019
vt 0.222222 0.500000
vn -0.491411 -0.389194 -0.779130
v -65.977161 32.993206 18.348616
vt 0.222222 0.333333
vn -0.491411 -0.389194 -0.779130
f 7090/7090/7090 7091/7091/7091 7092/7092/7092
v -57.796297 40.776074 9.301055
vt 0.111111 0.500000
vn -0.876694 0.389208 -0.282710
v -57.890020 39.567663 7.928651
vt 0.111111 0.666667
vn -0.876694 0.389208 -0.282710
v -64.814669 30.451010 16.850798
vt 0.222222 0.666667
vn -0.876694 0.389208 -0.282710
f 7093/7093/7093 7094/7094/7094 7095/7095/7095
v -57.796297 40.776074 9.301055
vt 0.111111 0.500000
vn -0.876694 0.389208 -0.282710
v -64.814669 30.451010 16.850798
vt 0.222222 0.666667
vn -0.876694 0.389208 -0.282710
v -64.672686 31.722107 18.161019
vt 0.222222 0.500000
vn -0.876694 0.389208 -0.282710
f 7096/7096/7096 7097/7097/7097 7098/7098/7098
v -57.890020 39.567663 7.928651
vt 0.111111 0.666667
vn -0.385109 0.778124 0.496199
v -59.336481 39.567663 6.806026
vt 0.111111 0.833333
vn -0.385109 0.778124 0.496199
v -66.261127 30.451010 15.728173
vt 0.222222 0.833333
vn -0.385109 0.778124 0.496199
f 7099/7099/7099 7100/7100/7100 7101/7101/7101
v -57.890020 39.567663 7.928651
vt 0.111111 0.666667
vn -0.385109 0.778124 0.496199
v -66.261127 30.451010 15.728173
vt 0.222222 0.833333
vn -0.385109 0.778124 0.496199
v -64.814669 30.451010 16.850798
vt 0.222222 0.666667
vn -0.385109 0.778124 0.496199
f 7102/7102/7102 7103/7103/7103 7104/7104/7104
v -59.336481 39.567663 6.806026
vt 0.111111 0.833333
vn 0.491422 0.389209 0.779115
v -60.689211 40.776074 7.055804
vt 0.111111 1.000000
vn 0.491422 0.389209 0.779115
v -67.565601 31.722107 15.915770
vt 0.222222 1.000000
vn 0.491422 0.389209 0.779115
f 7105/7105/7105 7106/7106/7106 7107/7107/7107
v -59.336481 39.567663 6.806026
vt 0.111111 0.833333
vn 0.491422 0.389209 0.779115
v -67.565601 31.722107 15.915770
vt 0.222222 1.000000
vn 0.491422 0.389209 0.779115
v -66.261127 30.451010 15.728173
vt 0.222222 0.833333
vn 0.491422 0.389209 0.779115
f 7108/7108/7108 7109/7109/7109 7110/7110/7110
v -67.565601 31.722107 15.915770
vt 0.222222 0.000000
vn 0.858657 -0.411330 0.305803
v -67.423618 32.993206 17.225992
vt 0.222222 0.166667
vn 0.858657 -0.411330 0.305803
v -75.289561 24.107202 27.360959
vt 0.333333 0.166667
vn 0.858657 -0.411330 0.305803
f 7111/7111/7111 7112/7112/7112 7113/7113/7113
v -67.565601 31.722107 15.915770
vt 0.222222 0.000000
vn 0.858657 -0.411330 0.305803
v -75.289561 24.107202 27.360959
vt 0.333333 0.166667
vn 0.858657 -0.411330 0.305803
v -75.499901 22.760119 26.138807
vt 0.333333 0.000000
vn 0.858657 -0.411330 0.305803
f 7114/7114/7114 7115/7115/7115 7116/7116/7116
v -67.423618 32.993206 17.225992
vt 0.222222 0.166667
vn 0.349108 -0.822067 -0.449810
v -65.977161 32.993206 18.348616
vt 0.222222 0.333333
vn 0.349108 -0.822067 -0.449810
v -73.843104 24.107202 28.483583
vt 0.333333 0.333333
vn 0.349108 -0.822067 -0.449810
f 7117/7117/7117 7118/7118/7118 7119/7119/7119
v -67.423618 32.993206 17.225992
vt 0.222222 0.166667
vn 0.349108 -0.822067 -0.449810
v -73.843104 24.107202 28.483583
vt 0.333333 0.333333
vn 0.349108 -0.822067 -0.449810
v -75.289561 24.107202 27.360959
vt 0.333333 0.166667
vn 0.349108 -0.822067 -0.449810
f 7120/7120/7120 7121/7121/7121 7122/7122/7122
v -65.977161 32.993206 18.348616
vt 0.222222 0.333333
vn -0.509322 -0.411330 -0.755910
v -64.672686 31.722107 18.161019
vt 0.222222 0.500000
vn -0.509322 -0.411330 -0.755910
v -72.606987 22.760119 28.384055
vt 0.333333 0.500000
vn -0.509322 -0.411330 -0.755910
f 7123/7123/7123 7124/7124/7124 7125/7125/7125
v -65.977161 32.993206 18.348616
vt 0.222222 0.333333
vn -0.509322 -0.411330 -0.755910
v -72.606987 22.760119 28.384055
vt 0.333333 0.500000
vn -0.509322 -0.411330 -0.755910
v -73.843104 24.107202 28.483583
vt 0.333333 0.333333
vn -0.509322 -0.411330 -0.755910
f 7126/7126/7126 7127/7127/7127 7128/7128/7128
v -64.672686 31.722107 18.161019
vt 0.222222 0.500000
vn -0.858641 0.411348 -0.305824
v -64.814669 30.451010 16.850798
vt 0.222222 0.666667
vn -0.858641 0.411348 -0.305824
v -72.817326 21.413037 27.161903
vt 0.333333 0.666667
vn -0.858641 0.411348 -0.305824
f 7129/7129/7129 7130/7130/7130 7131/7131/7131
v -64.672686 31.722107 18.161019
vt 0.222222 0.500000
vn -0.858641 0.411348 -0.305824
v -72.817326 21.413037 27.161903
vt 0.333333 0.666667
vn -0.858641 0.411348 -0.305824
v -72.606987 22.760119 28.384055
vt 0.333333 0.500000
vn -0.858641 0.411348 -0.305824
f 7132/7132/7132 7133/7133/7133 7134/7134/7134
v -64.814669 30.451010 16.850798
vt 0.222222 0.666667
vn -0.349044 0.822139 0.449728
v -66.261127 30.451010 15.728173
vt 0.222222 0.833333
vn -0.349044 0.822139 0.449728
v -74.263784 21.413037 26.039279
vt 0.333333 0.833333
vn -0.349044 0.822139 0.449728
f 7135/7135/7135 7136/7136/7136 7137/7137/7137
v -64.814669 30.451010 16.850798
vt 0.222222 0.666667
vn -0.349044 0.822139 0.449728
v -74.263784 21.413037 26.039279
vt 0.333333 0.833333
vn -0.349044 0.822139 0.449728
v -72.817326 21.413037 27.161903
vt 0.333333 0.666667
vn -0.349044 0.822139 0.449728
f 7138/7138/7138 7139/7139/7139 7140/7140/7140
v -66.261127 30.451010 15.728173
vt 0.222222 0.833333
vn 0.509336 0.411348 0.755890
v -67.565601 31.722107 15.915770
vt 0.222222 1.000000
vn 0.509336 0.411348 0.755890
v -75.499901 22.760119 26.138807
vt 0.333333 1.000000
vn 0.509336 0.411348 0.755890
f 7141/7141/7141 7142/7142/7142 7143/7143/7143
v -66.261127 30.451010 15.728173
vt 0.222222 0.833333
vn 0.509336 0.411348 0.755890
v -75.499901 22.760119 26.138807
vt 0.333333 1.000000
vn 0.509336 0.411348 0.755890
v -74.263784 21.413037 26.039279
vt 0.333333 0.833333
vn 0.509336 0.411348 0.755890
f 7144/7144/7144 7145/7145/7145 7146/7146/7146
v -75.499901 22.760119 26.138807
vt 0.333333 0.000000
vn 0.831681 -0.438711 0.340351
v -75.289561 24.107202 27.360959
vt 0.333333 0.166667
vn 0.831681 -0.438711 0.340351
v -83.129778 17.081013 37.462783
vt 0.444444 0.166667
vn 0.831681 -0.438711 0.340351
f 7147/7147/7147 7148/7148/7148 7149/7149/7149
v -75.499901 22.760119 26.138807
vt 0.333333 0.000000
vn 0.831681 -0.438711 0.340351
v -83.129778 17.081013 37.462783
vt 0.444444 0.166667
vn 0.831681 -0.438711 0.340351
v -83.434194 15.650001 36.361843
vt 0.444444 0.000000
vn 0.831681 -0.438711 0.340351
f 7150/7150/7150 7151/7151/7151 7152/7152/7152
v -75.289561 24.107202 27.360959
vt 0.333333 0.166667
vn 0.295255 -0.876414 -0.380425
v -73.843104 24.107202 28.483583
vt 0.333333 0.333333
vn 0.295255 -0.876414 -0.380425
v -81.683321 17.081013 38.585407
vt 0.444444 0.333333
vn 0.295255 -0.876414 -0.380425
f 7153/7153/7153 7154/7154/7154 7155/7155/7155
v -75.289561 24.107202 27.360959
vt 0.333333 0.166667
vn 0.295255 -0.876414 -0.380425
v -81.683321 17.081013 38.585407
vt 0.444444 0.333333
vn 0.295255 -0.876414 -0.380425
v -83.129778 17.081013 37.462783
vt 0.444444 0.166667
vn 0.295255 -0.876414 -0.380425
f 7156/7156/7156 7157/7157/7157 7158/7158/7158
v -73.843104 24.107202 28.483583
vt 0.333333 0.333333
vn -0.536096 -0.438710 -0.721203
v -72.606987 22.760119 28.384055
vt 0.333333 0.500000
vn -0.536096 -0.438710 -0.721203
v -80.541279 15.650001 38.607091
vt 0.444444 0.500000
vn -0.536096 -0.438710 -0.721203
f 7159/7159/7159 7160/7160/7160 7161/7161/7161
v -73.843104 24.107202 28.483583
vt 0.333333 0.333333
vn -0.536096 -0.438710 -0.721203
v -80.541279 15.650001 38.607091
vt 0.444444 0.500000
vn -0.536096 -0.438710 -0.721203
v -81.683321 17.081013 38.585407
vt 0.444444 0.333333
vn -0.536096 -0.438710 -0.721203
f 7162/7162/7162 7163/7163/7163 7164/7164/7164
v -72.606987 22.760119 28.384055
vt 0.333333 0.500000
vn -0.831675 0.438716 -0.340359
v -72.817326 21.413037 27.161903
vt 0.333333 0.666667
vn -0.831675 0.438716 -0.340359
v -80.845695 14.218989 37.506150
vt 0.444444 0.666667
vn -0.831675 0.438716 -0.340359
f 7165/7165/7165 7166/7166/7166 7167/7167/7167
v -72.606987 22.760119 28.384055
vt 0.333333 0.500000
vn -0.831675 0.438716 -0.340359
v -80.845695 14.218989 37.506150
vt 0.444444 0.666667
vn -0.831675 0.438716 -0.340359
v -80.541279 15.650001 38.607091
vt 0.444444 0.500000
vn -0.831675 0.438716 -0.340359
f 7168/7168/7168 7169/7169/7169 7170/7170/7170
v -72.817326 21.413037 27.161903
vt 0.333333 0.666667
vn -0.295232 0.876436 0.380391
v -74.263784 21.413037 26.039279
vt 0.333333 0.833333
vn -0.295232 0.876436 0.380391
v -82.292152 14.218989 36.383526
vt 0.444444 0.833333
vn -0.295232 0.876436 0.380391
f 7171/7171/7171 7172/7172/7172 7173/7173/7173
v -72.817326 21.413037 27.161903
vt 0.333333 0.666667
vn -0.295232 0.876436 0.380391
v -82.292152 14.218989 36.383526
vt 0.444444 0.833333
vn -0.295232 0.876436 0.380391
v -80.845695 14.218989 37.506150
vt 0.444444 0.666667
vn -0.295232 0.876436 0.380391
f 7174/7174/7174 7175/7175/7175 7176/7176/7176
v -74.263784 21.413037 26.039279
vt 0.333333 0.833333
vn 0.536100 0.438714 0.721198
v -75.499901 22.760119 26.138807
vt 0.333333 1.000000
vn 0.536100 0.438714 0.721198
v -83.434194 15.650001 36.361843
vt 0.444444 1.000000
vn 0.536100 0.438714 0.721198
f 7177/7177/7177 7178/7178/7178 7179/7179/7179
v -74.263784 21.413037 26.039279
vt 0.333333 0.833333
vn 0.536100 0.438714 0.721198
v -83.434194 15.650001 36.361843
vt 0.444444 1.000000
vn 0.536100 0.438714 0.721198
v -82.292152 14.218989 36.383526
vt 0.444444 0.833333
vn 0.536100 0.438714 0.721198
f 7180/7180/7180 7181/7181/7181 7182/7182/7182
v -83.434194 15.650001 36.361843
vt 0.444444 0.000000
vn 0.796339 -0.466117 0.385459
v -83.129778 17.081013 37.462783
vt 0.444444 0.166667
vn 0.796339 -0.466117 0.385459
v -89.872399 12.745369 46.150381
vt 0.555556 0.166667
vn 0.796339 -0.466117 0.385459
f 7183/7183/7183 7184/7184/7184 7185/7185/7185
v -83.434194 15.650001 36.361843
vt 0.444444 0.000000
vn 0.796339 -0.466117 0.385459
v -89.872399 12.745369 46.150381
vt 0.555556 0.166667
vn 0.796339 -0.466117 0.385459
v -90.310587 11.229363 45.221811
vt 0.555556 0.000000
vn 0.796339 -0.466117 0.385459
f 7186/7186/7186 7187/7187/7187 7188/7188/7188
v -83.129778 17.081013 37.462783
vt 0.444444 0.166667
vn 0.224879 -0.930309 -0.289749
v -81.683321 17.081013 38.585407
vt 0.444444 0.333333
vn 0.224879 -0.930309 -0.289749
v -88.425934 12.745369 47.273005
vt 0.555556 0.333333
vn 0.224879 -0.930309 -0.289749
f 7189/7189/7189 7190/7190/7190 7191/7191/7191
v -83.129778 17.081013 37.462783
vt 0.444444 0.166667
vn 0.224879 -0.930309 -0.289749
v -88.425934 12.745369 47.273005
vt 0.555556 0.333333
vn 0.224879 -0.930309 -0.289749
v -89.872399 12.745369 46.150381
vt 0.555556 0.166667
vn 0.224879 -0.930309 -0.289749
f 7192/7192/7192 7193/7193/7193 7194/7194/7194
v -81.683321 17.081013 38.585407
vt 0.444444 0.333333
vn -0.571021 -0.466118 -0.675773
v -80.541279 15.650001 38.607091
vt 0.444444 0.500000
vn -0.571021 -0.466118 -0.675773
v -87.417672 11.229363 47.467059
vt 0.555556 0.500000
vn -0.571021 -0.466118 -0.675773
f 7195/7195/7195 7196/7196/7196 7197/7197/7197
v -81.683321 17.081013 38.585407
vt 0.444444 0.333333
vn -0.571021 -0.466118 -0.675773
v -87.417672 11.229363 47.467059
vt 0.555556 0.500000
vn -0.571021 -0.466118 -0.675773
v -88.425934 12.745369 47.273005
vt 0.555556 0.333333
vn -0.571021 -0.466118 -0.675773
f 7198/7198/7198 7199/7199/7199 7200/7200/7200
v -80.541279 15.650001 38.607091
vt 0.444444 0.500000
vn -0.796316 0.466132 -0.385489
v -80.845695 14.218989 37.506150
vt 0.444444 0.666667
vn -0.796316 0.466132 -0.385489
v -87.855860 9.713358 46.538489
vt 0.555556 0.666667
vn -0.796316 0.466132 -0.385489
f 7201/7201/7201 7202/7202/7202 7203/7203/7203
v -80.541279 15.650001 38.607091
vt 0.444444 0.500000
vn -0.796316 0.466132 -0.385489
v -87.855860 9.713358 46.538489
vt 0.555556 0.666667
vn -0.796316 0.466132 -0.385489
v -87.417672 11.229363 47.467059
vt 0.555556 0.500000
vn -0.796316 0.466132 -0.385489
f 7204/7204/7204 7205/7205/7205 7206/7206/7206
v -80.845695 14.218989 37.506150
vt 0.444444 0.666667
vn -0.224790 0.930366 0.289634
v -82.292152 14.218989 36.383526
vt 0.444444 0.833333
vn -0.224790 0.930366 0.289634
v -89.302325 9.713358 45.415865
vt 0.555556 0.833333
vn -0.224790 0.930366 0.289634
f 7207/7207/7207 7208/7208/7208 7209/7209/7209
v -80.845695 14.218989 37.506150
vt 0.444444 0.666667
vn -0.224790 0.930366 0.289634
v -89.302325 9.713358 45.415865
vt 0.555556 0.833333
vn -0.224790 0.930366 0.289634
v -87.855860 9.713358 46.538489
vt 0.555556 0.666667
vn -0.224790 0.930366 0.289634
f 7210/7210/7210 7211/7211/7211 7212/7212/7212
v -82.292152 14.218989 36.383526
vt 0.444444 0.833333
vn 0.571042 0.466131 0.675746
v -83.434194 15.650001 36.361843
vt 0.444444 1.000000
vn 0.571042 0.466131 0.675746
v -90.310587 11.229363 45.221811
vt 0.555556 1.000000
vn 0.571042 0.466131 0.675746
f 7213/7213/7213 7214/7214/7214 7215/7215/7215
v -82.292152 14.218989 36.383526
vt 0.444444 0.833333
vn 0.571042 0.466131 0.675746
v -90.310587 11.229363 45.221811
vt 0.555556 1.000000
vn 0.571042 0.466131 0.675746
v -89.302325 9.713358 45.415865
vt 0.555556 0.833333
vn 0.571042 0.466131 0.675746
f 7216/7216/7216 7217/7217/7217 7218/7218/7218
v -90.310587 11.229363 45.221811
vt 0.555556 0.000000
vn 0.744452 -0.492456 0.450864
v -89.872399 12.745369 46.150381
vt 0.555556 0.166667
vn 0.744452 -0.492456 0.450864
v -95.471030 10.882735 53.364002
vt 0.666667 0.166667
vn 0.744452 -0.492456 0.450864
f 7219/7219/7219 7220/7220/7220 7221/7221/7221
v -90.310587 11.229363 45.221811
vt 0.555556 0.000000
vn 0.744452 -0.492456 0.450864
v -95.471030 10.882735 53.364002
vt 0.666667 0.166667
vn 0.744452 -0.492456 0.450864
v -96.129073 9.300618 52.718703
vt 0.666667 0.000000
vn 0.744452 -0.492456 0.450864
f 7222/7222/7222 7223/7223/7223 7224/7224/7224
v -89.872399 12.745369 46.150381
vt 0.555556 0.166667
vn 0.122543 -0.979823 -0.157893
v -88.425934 12.745369 47.273005
vt 0.555556 0.333333
vn 0.122543 -0.979823 -0.157893
v -94.024573 10.882735 54.486630
vt 0.666667 0.333333
vn 0.122543 -0.979823 -0.157893
f 7225/7225/7225 7226/7226/7226 7227/7227/7227
v -89.872399 12.745369 46.150381
vt 0.555556 0.166667
vn 0.122543 -0.979823 -0.157893
v -94.024573 10.882735 54.486630
vt 0.666667 0.333333
vn 0.122543 -0.979823 -0.157893
v -95.471030 10.882735 53.364002
vt 0.666667 0.166667
vn 0.122543 -0.979823 -0.157893
f 7228/7228/7228 7229/7229/7229 7230/7230/7230
v -88.425934 12.745369 47.273005
vt 0.555556 0.333333
vn -0.621499 -0.492459 -0.609281
v -87.417672 11.229363 47.467059
vt 0.555556 0.500000
vn -0.621499 -0.492459 -0.609281
v -93.236158 9.300618 54.963952
vt 0.666667 0.500000
vn -0.621499 -0.492459 -0.609281
f 7231/7231/7231 7232/7232/7232 7233/7233/7233
v -88.425934 12.745369 47.273005
vt 0.555556 0.333333
vn -0.621499 -0.492459 -0.609281
v -93.236158 9.300618 54.963952
vt 0.666667 0.500000
vn -0.621499 -0.492459 -0.609281
v -94.024573 10.882735 54.486630
vt 0.666667 0.333333
vn -0.621499 -0.492459 -0.609281
f 7234/7234/7234 7235/7235/7235 7236/7236/7236
v -87.417672 11.229363 47.467059
vt 0.555556 0.500000
vn -0.744247 0.492521 -0.451131
v -87.855860 9.713358 46.538489
vt 0.555556 0.666667
vn -0.744247 0.492521 -0.451131
v -93.894200 7.718501 54.318653
vt 0.666667 0.666667
vn -0.744247 0.492521 -0.451131
f 7237/7237/7237 7238/7238/7238 7239/7239/7239
v -87.417672 11.229363 47.467059
vt 0.555556 0.500000
vn -0.744247 0.492521 -0.451131
v -93.894200 7.718501 54.318653
vt 0.666667 0.666667
vn -0.744247 0.492521 -0.451131
v -93.236158 9.300618 54.963952
vt 0.666667 0.500000
vn -0.744247 0.492521 -0.451131
f 7240/7240/7240 7241/7241/7241 7242/7242/7242
v -87.855860 9.713358 46.538489
vt 0.555556 0.666667
vn -0.121719 0.980096 0.156830
v -89.302325 9.713358 45.415865
vt 0.555556 0.833333
vn -0.121719 0.980096 0.156830
v -95.340658 7.718501 53.196025
vt 0.666667 0.833333
vn -0.121719 0.980096 0.156830
f 7243/7243/7243 7244/7244/7244 7245/7245/7245
v -87.855860 9.713358 46.538489
vt 0.555556 0.666667
vn -0.121719 0.980096 0.156830
v -95.340658 7.718501 53.196025
vt 0.666667 0.833333
vn -0.121719 0.980096 0.156830
v -93.894200 7.718501 54.318653
vt 0.666667 0.666667
vn -0.121719 0.980096 0.156830
f 7246/7246/7246 7247/7247/7247 7248/7248/7248
v -89.302325 9.713358 45.415865
vt 0.555556 0.833333
vn 0.621710 0.492520 0.609016
v -90.310587 11.229363 45.221811
vt 0.555556 1.000000
vn 0.621710 0.492520 0.609016
v -96.129073 9.300618 52.718703
vt 0.666667 1.000000
vn 0.621710 0.492520 0.609016
f 7249/7249/7249 7250/7250/7250 7251/7251/7251
v -89.302325 9.713358 45.415865
vt 0.555556 0.833333
vn 0.621710 0.492520 0.609016
v -96.129073 9.300618 52.718703
vt 0.666667 1.000000
vn 0.621710 0.492520 0.609016
v -95.340658 7.718501 53.196025
vt 0.666667 0.833333
vn 0.621710 0.492520 0.609016
f 7252/7252/7252 7253/7253/7253 7254/7254/7254
v -96.129073 9.300618 52.718703
vt 0.666667 0.000000
vn 0.651688 -0.501388 0.569134
v -95.471030 10.882735 53.364002
vt 0.666667 0.166667
vn 0.651688 -0.501388 0.569134
v -99.958601 11.618918 59.146067
vt 0.777778 0.166667
vn 0.651688 -0.501388 0.569134
f 7255/7255/7255 7256/7256/7256 7257/7257/7257
v -96.129073 9.300618 52.718703
vt 0.666667 0.000000
vn 0.651688 -0.501388 0.569134
v -99.958601 11.618918 59.146067
vt 0.777778 0.166667
vn 0.651688 -0.501388 0.569134
v -100.889651 10.069883 58.852524
vt 0.777778 0.000000
vn 0.651688 -0.501388 0.569134
f 7258/7258/7258 7259/7259/7259 7260/7260/7260
v -95.471030 10.882735 53.364002
vt 0.666667 0.166667
vn -0.061360 -0.994980 0.079060
v -94.024573 10.882735 54.486630
vt 0.666667 0.333333
vn -0.061360 -0.994980 0.079060
v -98.512144 11.618918 60.268691
vt 0.777778 0.333333
vn -0.061360 -0.994980 0.079060
f 7261/7261/7261 7262/7262/7262 7263/7263/7263
v -95.471030 10.882735 53.364002
vt 0.666667 0.166667
vn -0.061360 -0.994980 0.079060
v -98.512144 11.618918 60.268691
vt 0.777778 0.333333
vn -0.061360 -0.994980 0.079060
v -99.958601 11.618918 59.146067
vt 0.777778 0.166667
vn -0.061360 -0.994980 0.079060
f 7264/7264/7264 7265/7265/7265 7266/7266/7266
v -94.024573 10.882735 54.486630
vt 0.666667 0.333333
vn -0.713052 -0.501387 -0.490069
v -93.236158 9.300618 54.963952
vt 0.666667 0.500000
vn -0.713052 -0.501387 -0.490069
v -97.996737 10.069883 61.097772
vt 0.777778 0.500000
vn -0.713052 -0.501387 -0.490069
f 7267/7267/7267 7268/7268/7268 7269/7269/7269
v -94.024573 10.882735 54.486630
vt 0.666667 0.333333
vn -0.713052 -0.501387 -0.490069
v -97.996737 10.069883 61.097772
vt 0.777778 0.500000
vn -0.713052 -0.501387 -0.490069
v -98.512144 11.618918 60.268691
vt 0.777778 0.333333
vn -0.713052 -0.501387 -0.490069
f 7270/7270/7270 7271/7271/7271 7272/7272/7272
v -93.236158 9.300618 54.963952
vt 0.666667 0.500000
vn -0.652128 0.501445 -0.568579
v -93.894200 7.718501 54.318653
vt 0.666667 0.666667
vn -0.652128 0.501445 -0.568579
v -98.927787 8.520848 60.804230
vt 0.777778 0.666667
vn -0.652128 0.501445 -0.568579
f 7273/7273/7273 7274/7274/7274 7275/7275/7275
v -93.236158 9.300618 54.963952
vt 0.666667 0.500000
vn -0.652128 0.501445 -0.568579
v -98.927787 8.520848 60.804230
vt 0.777778 0.666667
vn -0.652128 0.501445 -0.568579
v -97.996737 10.069883 61.097772
vt 0.777778 0.500000
vn -0.652128 0.501445 -0.568579
f 7276/7276/7276 7277/7277/7277 7278/7278/7278
v -93.894200 7.718501 54.318653
vt 0.666667 0.666667
vn 0.059637 0.995258 -0.076840
v -95.340658 7.718501 53.196025
vt 0.666667 0.833333
vn 0.059637 0.995258 -0.076840
v -100.374244 8.520848 59.681606
vt 0.777778 0.833333
vn 0.059637 0.995258 -0.076840
f 7279/7279/7279 7280/7280/7280 7281/7281/7281
v -93.894200 7.718501 54.318653
vt 0.666667 0.666667
vn 0.059637 0.995258 -0.076840
v -100.374244 8.520848 59.681606
vt 0.777778 0.833333
vn 0.059637 0.995258 -0.076840
v -98.927787 8.520848 60.804230
vt 0.777778 0.666667
vn 0.059637 0.995258 -0.076840
f 7282/7282/7282 7283/7283/7283 7284/7284/7284
v -95.340658 7.718501 53.196025
vt 0.666667 0.833333
vn 0.712625 0.501444 0.490633
v -96.129073 9.300618 52.718703
vt 0.666667 1.000000
vn 0.712625 0.501444 0.490633
v -100.889651 10.069883 58.852524
vt 0.777778 1.000000
vn 0.712625 0.501444 0.490633
f 7285/7285/7285 7286/7286/7286 7287/7287/7287
v -95.340658 7.718501 53.196025
vt 0.666667 0.833333
vn 0.712625 0.501444 0.490633
v -100.889651 10.069883 58.852524
vt 0.777778 1.000000
vn 0.712625 0.501444 0.490633
v -100.374244 8.520848 59.681606
vt 0.777778 0.833333
vn 0.712625 0.501444 0.490633
f 7288/7288/7288 7289/7289/7289 7290/7290/7290
v -100.889651 10.069883 58.852524
vt 0.777778 0.000000
vn 0.575121 -0.470754 0.669049
v -99.958601 11.618918 59.146067
vt 0.777778 0.166667
vn 0.575121 -0.470754 0.669049
v -103.454332 13.755200 63.650184
vt 0.888889 0.166667
vn 0.575121 -0.470754 0.669049
f 7291/7291/7291 7292/7292/7292 7293/7293/7293
v -100.889651 10.069883 58.852524
vt 0.777778 0.000000
vn 0.575121 -0.470754 0.669049
v -103.454332 13.755200 63.650184
vt 0.888889 0.166667
vn 0.575121 -0.470754 0.669049
v -104.592323 12.321051 63.623277
vt 0.888889 0.000000
vn 0.575121 -0.470754 0.669049
f 7294/7294/7294 7295/7295/7295 7296/7296/7296
v -99.958601 11.618918 59.146067
vt 0.777778 0.166667
vn -0.215125 -0.936425 0.277182
v -98.512144 11.618918 60.268691
vt 0.777778 0.333333
vn -0.215125 -0.936425 0.277182
v -102.007875 13.755200 64.772808
vt 0.888889 0.333333
vn -0.215125 -0.936425 0.277182
f 7297/7297/7297 7298/7298/7298 7299/7299/7299
v -99.958601 11.618918 59.146067
vt 0.777778 0.166667
vn -0.215125 -0.936425 0.277182
v -102.007875 13.755200 64.772808
vt 0.888889 0.333333
vn -0.215125 -0.936425 0.277182
v -103.454332 13.755200 63.650184
vt 0.888889 0.166667
vn -0.215125 -0.936425 0.277182
f 7300/7300/7300 7301/7301/7301 7302/7302/7302
v -98.512144 11.618918 60.268691
vt 0.777778 0.333333
vn -0.790843 -0.470753 -0.391100
v -97.996737 10.069883 61.097772
vt 0.777778 0.500000
vn -0.790843 -0.470753 -0.391100
v -101.699408 12.321051 65.868525
vt 0.888889 0.500000
vn -0.790843 -0.470753 -0.391100
f 7303/7303/7303 7304/7304/7304 7305/7305/7305
v -98.512144 11.618918 60.268691
vt 0.777778 0.333333
vn -0.790843 -0.470753 -0.391100
v -101.699408 12.321051 65.868525
vt 0.888889 0.500000
vn -0.790843 -0.470753 -0.391100
v -102.007875 13.755200 64.772808
vt 0.888889 0.333333
vn -0.790843 -0.470753 -0.391100
f 7306/7306/7306 7307/7307/7307 7308/7308/7308
v -97.996737 10.069883 61.097772
vt 0.777778 0.500000
vn -0.575590 0.471016 -0.668461
v -98.927787 8.520848 60.804230
vt 0.777778 0.666667
vn -0.575590 0.471016 -0.668461
v -102.837399 10.886903 65.841619
vt 0.888889 0.666667
vn -0.575590 0.471016 -0.668461
f 7309/7309/7309 7310/7310/7310 7311/7311/7311
v -97.996737 10.069883 61.097772
vt 0.777778 0.500000
vn -0.575590 0.471016 -0.668461
v -102.837399 10.886903 65.841619
vt 0.888889 0.666667
vn -0.575590 0.471016 -0.668461
v -101.699408 12.321051 65.868525
vt 0.888889 0.500000
vn -0.575590 0.471016 -0.668461
f 7312/7312/7312 7313/7313/7313 7314/7314/7314
v -98.927787 8.520848 60.804230
vt 0.777778 0.666667
vn 0.213293 0.937539 -0.274822
v -100.374244 8.520848 59.681606
vt 0.777778 0.833333
vn 0.213293 0.937539 -0.274822
v -104.283856 10.886903 64.718995
vt 0.888889 0.833333
vn 0.213293 0.937539 -0.274822
f 7315/7315/7315 7316/7316/7316 7317/7317/7317
v -98.927787 8.520848 60.804230
vt 0.777778 0.666667
vn 0.213293 0.937539 -0.274822
v -104.283856 10.886903 64.718995
vt 0.888889 0.833333
vn 0.213293 0.937539 -0.274822
v -102.837399 10.886903 65.841619
vt 0.888889 0.666667
vn 0.213293 0.937539 -0.274822
f 7318/7318/7318 7319/7319/7319 7320/7320/7320
v -100.374244 8.520848 59.681606
vt 0.777778 0.833333
vn 0.790388 0.471016 0.391703
v -100.889651 10.069883 58.852524
vt 0.777778 1.000000
vn 0.790388 0.471016 0.391703
v -104.592323 12.321051 63.623277
vt 0.888889 1.000000
vn 0.790388 0.471016 0.391703
f 7321/7321/7321 7322/7322/7322 7323/7323/7323
v -100.374244 8.520848 59.681606
vt 0.777778 0.833333
vn 0.790388 0.471016 0.391703
v -104.592323 12.321051 63.623277
vt 0.888889 1.000000
vn 0.790388 0.471016 0.391703
v -104.283856 10.886903 64.718995
vt 0.888889 0.833333
vn 0.790388 0.471016 0.391703
f 7324/7324/7324 7325/7325/7325 7326/7326/7326
v -104.592323 12.321051 63.623277
vt 0.888889 0.000000
vn 0.523381 -0.427512 0.737093
v -103.454332 13.755200 63.650184
vt 0.888889 0.166667
vn 0.523381 -0.427512 0.737093
v -106.007457 16.306697 66.939789
vt 1.000000 0.166667
vn 0.523381 -0.427512 0.737093
f 7327/7327/7327 7328/7328/7328 7329/7329/7329
v -104.592323 12.321051 63.623277
vt 0.888889 0.000000
vn 0.523381 -0.427512 0.737093
v -106.007457 16.306697 66.939789
vt 1.000000 0.166667
vn 0.523381 -0.427512 0.737093
v -107.237087 14.953098 67.030955
vt 1.000000 0.000000
vn 0.523381 -0.427512 0.737093
f 7330/7330/7330 7331/7331/7331 7332/7332/7332
v -103.454332 13.755200 63.650184
vt 0.888889 0.166667
vn -0.320330 -0.852665 0.412735
v -102.007875 13.755200 64.772808
vt 0.888889 0.333333
vn -0.320330 -0.852665 0.412735
v -104.561000 16.306697 68.062413
vt 1.000000 0.333333
vn -0.320330 -0.852665 0.412735
f 7333/7333/7333 7334/7334/7334 7335/7335/7335
v -103.454332 13.755200 63.650184
vt 0.888889 0.166667
vn -0.320330 -0.852665 0.412735
v -104.561000 16.306697 68.062413
vt 1.000000 0.333333
vn -0.320330 -0.852665 0.412735
v -106.007457 16.306697 66.939789
vt 1.000000 0.166667
vn -0.320330 -0.852665 0.412735
f 7336/7336/7336 7337/7337/7337 7338/7338/7338
v -102.007875 13.755200 64.772808
vt 0.888889 0.333333
vn -0.843917 -0.427513 -0.324095
v -101.699408 12.321051 65.868525
vt 0.888889 0.500000
vn -0.843917 -0.427513 -0.324095
v -104.344172 14.953098 69.276203
vt 1.000000 0.500000
vn -0.843917 -0.427513 -0.324095
f 7339/7339/7339 7340/7340/7340 7341/7341/7341
v -102.007875 13.755200 64.772808
vt 0.888889 0.333333
vn -0.843917 -0.427513 -0.324095
v -104.344172 14.953098 69.276203
vt 1.000000 0.500000
vn -0.843917 -0.427513 -0.324095
v -104.561000 16.306697 68.062413
vt 1.000000 0.333333
vn -0.843917 -0.427513 -0.324095
f 7342/7342/7342 7343/7343/7343 7344/7344/7344
v -101.699408 12.321051 65.868525
vt 0.888889 0.500000
vn -0.523880 0.427953 -0.736482
v -102.837399 10.886903 65.841619
vt 0.888889 0.666667
vn -0.523880 0.427953 -0.736482
v -105.573802 13.599499 69.367368
vt 1.000000 0.666667
vn -0.523880 0.427953 -0.736482
f 7345/7345/7345 7346/7346/7346 7347/7347/7347
v -101.699408 12.321051 65.868525
vt 0.888889 0.500000
vn -0.523880 0.427953 -0.736482
v -105.573802 13.599499 69.367368
vt 1.000000 0.666667
vn -0.523880 0.427953 -0.736482
v -104.344172 14.953098 69.276203
vt 1.000000 0.500000
vn -0.523880 0.427953 -0.736482
f 7348/7348/7348 7349/7349/7349 7350/7350/7350
v -102.837399 10.886903 65.841619
vt 0.888889 0.666667
vn 0.318446 0.854543 -0.410303
v -104.283856 10.886903 64.718995
vt 0.888889 0.833333
vn 0.318446 0.854543 -0.410303
v -107.020259 13.599499 68.244744
vt 1.000000 0.833333
vn 0.318446 0.854543 -0.410303
f 7351/7351/7351 7352/7352/7352 7353/7353/7353
v -102.837399 10.886903 65.841619
vt 0.888889 0.666667
vn 0.318446 0.854543 -0.410303
v -107.020259 13.599499 68.244744
vt 1.000000 0.833333
vn 0.318446 0.854543 -0.410303
v -105.573802 13.599499 69.367368
vt 1.000000 0.666667
vn 0.318446 0.854543 -0.410303
f 7354/7354/7354 7355/7355/7355 7356/7356/7356
v -104.283856 10.886903 64.718995
vt 0.888889 0.833333
vn 0.843450 0.427952 0.324728
v -104.592323 12.321051 63.623277
vt 0.888889 1.000000
vn 0.843450 0.427952 0.324728
v -107.237087 14.953098 67.030955
vt 1.000000 1.000000
vn 0.843450 0.427952 0.324728
f 7357/7357/7357 7358/7358/7358 7359/7359/7359
v -104.283856 10.886903 64.718995
vt 0.888889 0.833333
vn 0.843450 0.427952 0.324728
v -107.237087 14.953098 67.030955
vt 1.000000 1.000000
vn 0.843450 0.427952 0.324728
v -107.020259 13.599499 68.244744
vt 1.000000 0.833333
vn 0.843450 0.427952 0.324728
f 7360/7360/7360 7361/7361/7361 7362/7362/7362
v -54.341772 50.047106 -1.122625
vt 0.740000 0.084308
vn -0.456748 -0.667121 0.588499
v -52.969954 48.865850 -1.396995
vt 0.980000 0.500000
vn -0.456748 -0.667121 0.588499
v -51.523497 48.865850 -0.274370
vt 0.740000 0.915692
vn -0.456748 -0.667121 0.588499
f 7363/7363/7363 7364/7364/7364 7365/7365/7365
v -51.523497 48.865850 -0.274370
vt 0.740000 0.915692
vn -0.456748 -0.667121 0.588499
v -51.448858 50.047106 1.122625
vt 0.260000 0.915692
vn -0.456748 -0.667121 0.588499
v -52.820676 51.228363 1.396995
vt 0.020000 0.500000
vn -0.456748 -0.667121 0.588499
f 7366/7366/7366 7367/7367/7367 7368/7368/7368
v -52.820676 51.228363 1.396995
vt 0.020000 0.500000
vn -0.456748 -0.667121 0.588499
v -54.267133 51.228363 0.274370
vt 0.260000 0.084308
vn -0.456748 -0.667121 0.588499
v -54.341772 50.047106 -1.122625
vt 0.740000 0.084308
vn -0.456748 -0.667121 0.588499
f 7369/7369/7369 7370/7370/7370 7371/7371/7371
v -51.523497 48.865850 -0.274370
vt 0.740000 0.915692
vn -0.456748 -0.667121 0.588499
v -52.820676 51.228363 1.396995
vt 0.020000 0.500000
vn -0.456748 -0.667121 0.588499
v -54.341772 50.047106 -1.122625
vt 0.740000 0.084308
vn -0.456748 -0.667121 0.588499
f 7372/7372/7372 7373/7373/7373 7374/7374/7374
v -107.020259 13.599499 68.244744
vt 0.740000 0.084308
vn 0.523384 -0.520872 -0.674360
v -107.237087 14.953098 67.030955
vt 0.980000 0.500000
vn 0.523384 -0.520872 -0.674360
v -106.007457 16.306697 66.939789
vt 0.740000 0.915692
vn 0.523384 -0.520872 -0.674360
f 7375/7375/7375 7376/7376/7376 7377/7377/7377
v -106.007457 16.306697 66.939789
vt 0.740000 0.915692
vn 0.523384 -0.520872 -0.674360
v -104.561000 16.306697 68.062413
vt 0.260000 0.915692
vn 0.523384 -0.520872 -0.674360
v -104.344172 14.953098 69.276203
vt 0.020000 0.500000
vn 0.523384 -0.520872 -0.674360
f 7378/7378/7378 7379/7379/7379 7380/7380/7380
v -104.344172 14.953098 69.276203
vt 0.020000 0.500000
vn 0.523384 -0.520872 -0.674360
v -105.573802 13.599499 69.367368
vt 0.260000 0.084308
vn 0.523384 -0.520872 -0.674360
v -107.020259 13.599499 68.244744
vt 0.740000 0.084308
vn 0.523384 -0.520872 -0.674360
f 7381/7381/7381 7382/7382/7382 7383/7383/7383
v -106.007457 16.306697 66.939789
vt 0.740000 0.915692
vn 0.523384 -0.520872 -0.674360
v -104.344172 14.953098 69.276203
vt 0.020000 0.500000
vn 0.523384 -0.520872 -0.674360
v -107.020259 13.599499 68.244744
vt 0.740000 0.084308
vn 0.523384 -0.520872 -0.674360
f 7384/7384/7384 7385/7385/7385 7386/7386/7386